date,user_id
2025-07-07,U00001
2025-07-09,U00001
2025-07-14,U00001
2025-07-16,U00001
2025-07-16,U00001
2025-07-26,U00001
2025-06-26,U00002
2025-07-01,U00002
2025-07-01,U00002
2025-07-08,U00002
2025-07-17,U00002
2025-06-05,U00003
2025-06-22,U00003
2025-06-27,U00003
2025-06-30,U00003
2025-07-09,U00003
2025-06-27,U00004
2025-06-29,U00004
2025-07-04,U00004
2025-07-08,U00004
2025-07-08,U00004
2025-07-20,U00004
2025-06-30,U00005
2025-07-10,U00005
2025-07-12,U00005
2025-07-12,U00005
2025-07-13,U00005
2025-07-14,U00005
2025-07-19,U00005
2025-07-20,U00005
2025-06-23,U00006
2025-06-29,U00006
2025-07-07,U00006
2025-07-13,U00006
2025-07-15,U00007
2025-07-17,U00007
2025-07-21,U00007
2025-07-25,U00007
2025-07-27,U00007
2025-07-27,U00007
2025-07-28,U00007
2025-05-25,U00008
2025-06-12,U00008
2025-06-13,U00008
2025-06-14,U00008
2025-06-20,U00008
2025-05-17,U00009
2025-07-19,U00010
2025-07-20,U00010
2025-07-20,U00010
2025-07-26,U00010
2025-07-27,U00010
2025-07-29,U00010
2025-07-29,U00010
2025-08-01,U00010
2025-08-20,U00010
2025-05-20,U00011
2025-05-31,U00011
2025-06-17,U00011
2025-06-18,U00011
2025-06-22,U00011
2025-05-17,U00012
2025-07-04,U00013
2025-07-06,U00013
2025-07-06,U00013
2025-07-06,U00013
2025-07-08,U00013
2025-07-14,U00013
2025-07-15,U00013
2025-07-16,U00013
2025-07-22,U00013
2025-07-24,U00013
2025-05-20,U00014
2025-06-05,U00014
2025-06-05,U00014
2025-06-12,U00014
2025-07-24,U00015
2025-07-28,U00015
2025-07-06,U00016
2025-07-08,U00016
2025-07-09,U00016
2025-07-09,U00016
2025-07-16,U00016
2025-07-18,U00016
2025-07-18,U00016
2025-07-19,U00016
2025-07-25,U00016
2025-07-14,U00017
2025-07-17,U00017
2025-07-20,U00017
2025-07-25,U00017
2025-07-11,U00018
2025-07-12,U00018
2025-07-13,U00018
2025-07-15,U00018
2025-07-18,U00018
2025-07-20,U00018
2025-07-23,U00018
2025-07-25,U00018
2025-07-26,U00018
2025-07-27,U00018
2025-05-29,U00019
2025-06-05,U00019
2025-06-10,U00019
2025-06-11,U00019
2025-06-12,U00019
2025-06-12,U00019
2025-06-16,U00019
2025-06-23,U00019
2025-06-30,U00019
2025-07-03,U00019
2025-06-05,U00020
2025-06-09,U00020
2025-06-09,U00020
2025-06-23,U00020
2025-07-04,U00020
2025-07-08,U00020
2025-07-08,U00020
2025-07-09,U00020
2025-07-14,U00021
2025-07-14,U00021
2025-07-15,U00021
2025-07-17,U00021
2025-07-25,U00021
2025-07-26,U00021
2025-07-11,U00022
2025-07-13,U00022
2025-07-26,U00022
2025-07-09,U00023
2025-07-14,U00023
2025-07-22,U00023
2025-07-24,U00023
2025-07-26,U00023
2025-07-16,U00024
2025-07-19,U00024
2025-07-25,U00024
2025-07-30,U00024
2025-07-09,U00025
2025-07-09,U00025
2025-07-21,U00025
2025-05-30,U00026
2025-06-03,U00026
2025-06-04,U00026
2025-06-07,U00026
2025-06-11,U00026
2025-06-17,U00026
2025-06-27,U00026
2025-07-05,U00026
2025-07-07,U00026
2025-05-20,U00027
2025-05-20,U00027
2025-06-03,U00027
2025-06-08,U00027
2025-06-22,U00027
2025-06-22,U00027
2025-06-23,U00027
2025-08-20,U00027
2025-05-20,U00028
2025-06-08,U00028
2025-06-13,U00028
2025-06-04,U00029
2025-06-14,U00029
2025-06-26,U00029
2025-06-12,U00030
2025-06-24,U00030
2025-06-26,U00030
2025-06-29,U00030
2025-05-24,U00031
2025-06-11,U00031
2025-07-17,U00032
2025-07-21,U00032
2025-07-21,U00032
2025-07-22,U00032
2025-07-28,U00032
2025-07-29,U00032
2025-07-30,U00032
2025-06-25,U00033
2025-07-06,U00033
2025-07-09,U00033
2025-07-09,U00033
2025-07-12,U00033
2025-07-20,U00033
2025-07-02,U00034
2025-07-04,U00034
2025-07-14,U00034
2025-07-23,U00034
2025-06-07,U00035
2025-07-04,U00036
2025-07-05,U00036
2025-07-10,U00036
2025-07-11,U00036
2025-07-14,U00036
2025-07-19,U00036
2025-07-20,U00036
2025-07-26,U00037
2025-07-28,U00037
2025-07-10,U00038
2025-07-21,U00038
2025-07-22,U00038
2025-07-22,U00038
2025-07-26,U00038
2025-07-26,U00038
2025-07-27,U00038
2025-05-17,U00039
2025-05-23,U00040
2025-05-23,U00040
2025-06-06,U00040
2025-06-08,U00040
2025-06-11,U00040
2025-06-24,U00041
2025-07-13,U00041
2025-07-16,U00041
2025-07-17,U00041
2025-07-02,U00042
2025-07-04,U00042
2025-07-05,U00042
2025-07-14,U00042
2025-07-17,U00042
2025-07-19,U00042
2025-07-02,U00043
2025-07-06,U00043
2025-07-11,U00043
2025-07-19,U00043
2025-07-21,U00043
2025-07-03,U00044
2025-07-04,U00044
2025-07-05,U00044
2025-07-09,U00044
2025-07-19,U00044
2025-07-21,U00044
2025-06-08,U00045
2025-07-06,U00045
2025-06-17,U00046
2025-06-24,U00046
2025-06-19,U00047
2025-06-28,U00047
2025-06-29,U00047
2025-06-30,U00047
2025-07-06,U00047
2025-07-08,U00047
2025-07-17,U00047
2025-06-30,U00048
2025-07-03,U00048
2025-07-12,U00048
2025-07-15,U00048
2025-07-16,U00048
2025-07-17,U00048
2025-07-22,U00049
2025-07-28,U00049
2025-06-29,U00050
2025-07-01,U00050
2025-07-03,U00050
2025-07-08,U00050
2025-07-13,U00050
2025-07-14,U00050
2025-07-18,U00050
2025-08-16,U00050
2025-07-03,U00051
2025-07-03,U00051
2025-07-04,U00051
2025-07-14,U00051
2025-07-14,U00051
2025-07-20,U00051
2025-07-24,U00051
2025-06-14,U00052
2025-07-02,U00052
2025-07-12,U00052
2025-05-17,U00053
2025-07-01,U00054
2025-07-01,U00054
2025-07-04,U00054
2025-07-06,U00054
2025-07-19,U00054
2025-07-22,U00054
2025-07-23,U00054
2025-06-21,U00055
2025-06-23,U00055
2025-07-02,U00055
2025-07-04,U00055
2025-07-05,U00055
2025-07-10,U00055
2025-07-13,U00055
2025-07-14,U00055
2025-07-15,U00055
2025-07-17,U00055
2025-06-30,U00056
2025-07-11,U00056
2025-07-17,U00056
2025-06-01,U00057
2025-05-20,U00058
2025-06-01,U00058
2025-06-01,U00058
2025-06-30,U00058
2025-05-27,U00059
2025-05-28,U00059
2025-05-28,U00059
2025-06-16,U00059
2025-06-21,U00059
2025-08-19,U00059
2025-06-01,U00060
2025-06-09,U00060
2025-06-29,U00061
2025-07-01,U00061
2025-07-04,U00061
2025-07-05,U00061
2025-07-22,U00061
2025-05-21,U00062
2025-06-03,U00062
2025-06-22,U00062
2025-06-25,U00062
2025-05-24,U00063
2025-05-29,U00063
2025-05-30,U00063
2025-05-31,U00064
2025-06-09,U00064
2025-06-11,U00064
2025-06-14,U00064
2025-06-17,U00064
2025-06-22,U00064
2025-06-23,U00064
2025-06-30,U00064
2025-07-01,U00064
2025-07-05,U00064
2025-06-13,U00065
2025-06-15,U00065
2025-06-16,U00065
2025-06-17,U00065
2025-06-17,U00065
2025-06-23,U00065
2025-06-25,U00065
2025-07-07,U00065
2025-07-10,U00065
2025-07-13,U00065
2025-06-30,U00066
2025-07-15,U00066
2025-07-18,U00066
2025-07-20,U00066
2025-06-12,U00067
2025-06-19,U00067
2025-06-26,U00067
2025-07-13,U00067
2025-07-01,U00068
2025-07-23,U00068
2025-05-20,U00069
2025-05-26,U00069
2025-06-02,U00069
2025-06-06,U00069
2025-06-21,U00069
2025-06-23,U00069
2025-07-03,U00070
2025-07-08,U00070
2025-07-08,U00070
2025-07-09,U00070
2025-07-13,U00070
2025-07-13,U00070
2025-07-19,U00070
2025-07-24,U00070
2025-06-21,U00071
2025-07-11,U00071
2025-07-17,U00071
2025-07-18,U00072
2025-07-31,U00072
2025-07-17,U00073
2025-07-21,U00073
2025-07-23,U00073
2025-07-25,U00073
2025-07-26,U00073
2025-07-26,U00073
2025-07-30,U00073
2025-07-05,U00074
2025-07-06,U00074
2025-07-13,U00074
2025-07-20,U00074
2025-07-11,U00075
2025-07-17,U00075
2025-07-27,U00075
2025-05-27,U00076
2025-06-01,U00076
2025-06-12,U00076
2025-06-14,U00076
2025-07-10,U00077
2025-07-22,U00077
2025-07-26,U00077
2025-06-27,U00078
2025-06-28,U00078
2025-06-30,U00078
2025-07-03,U00078
2025-07-03,U00078
2025-07-07,U00078
2025-07-10,U00078
2025-07-14,U00078
2025-07-20,U00078
2025-05-21,U00079
2025-06-21,U00080
2025-07-03,U00080
2025-07-09,U00080
2025-07-11,U00080
2025-07-13,U00080
2025-07-14,U00080
2025-07-17,U00080
2025-07-22,U00081
2025-07-22,U00081
2025-07-27,U00081
2025-07-29,U00081
2025-05-19,U00082
2025-06-09,U00082
2025-08-18,U00082
2025-07-17,U00083
2025-07-21,U00083
2025-07-23,U00083
2025-07-28,U00083
2025-07-31,U00083
2025-06-11,U00084
2025-06-12,U00084
2025-06-18,U00084
2025-06-24,U00084
2025-06-27,U00084
2025-06-29,U00084
2025-07-03,U00084
2025-07-03,U00084
2025-07-05,U00084
2025-06-03,U00085
2025-06-13,U00085
2025-06-17,U00085
2025-06-17,U00085
2025-06-25,U00085
2025-06-28,U00085
2025-06-30,U00085
2025-07-04,U00085
2025-07-09,U00085
2025-07-05,U00086
2025-07-07,U00086
2025-07-13,U00086
2025-07-14,U00086
2025-07-25,U00086
2025-07-17,U00087
2025-07-17,U00087
2025-07-19,U00087
2025-07-20,U00087
2025-07-20,U00087
2025-07-31,U00087
2025-07-22,U00088
2025-07-23,U00088
2025-07-25,U00088
2025-07-25,U00088
2025-07-26,U00088
2025-07-26,U00088
2025-07-31,U00088
2025-07-31,U00088
2025-08-01,U00088
2025-08-21,U00088
2025-05-18,U00089
2025-05-27,U00089
2025-05-30,U00089
2025-06-08,U00089
2025-06-18,U00089
2025-07-01,U00089
2025-05-28,U00090
2025-05-31,U00090
2025-06-15,U00090
2025-06-16,U00090
2025-06-29,U00090
2025-07-01,U00090
2025-07-03,U00090
2025-07-17,U00091
2025-07-21,U00091
2025-07-23,U00091
2025-05-24,U00092
2025-05-24,U00092
2025-06-04,U00092
2025-06-07,U00092
2025-06-17,U00092
2025-07-23,U00093
2025-07-30,U00093
2025-08-01,U00093
2025-07-11,U00094
2025-07-11,U00094
2025-07-14,U00094
2025-07-17,U00094
2025-07-21,U00094
2025-07-23,U00094
2025-07-25,U00094
2025-07-27,U00094
2025-05-29,U00095
2025-06-09,U00095
2025-06-13,U00095
2025-06-30,U00096
2025-07-05,U00096
2025-07-06,U00096
2025-07-09,U00096
2025-07-11,U00096
2025-07-13,U00096
2025-07-16,U00096
2025-07-18,U00096
2025-07-22,U00096
2025-07-08,U00097
2025-07-11,U00097
2025-07-16,U00097
2025-07-25,U00097
2025-07-26,U00097
2025-07-02,U00098
2025-07-08,U00098
2025-07-16,U00098
2025-07-16,U00098
2025-07-17,U00098
2025-07-23,U00098
2025-08-21,U00098
2025-06-28,U00099
2025-06-28,U00099
2025-06-30,U00099
2025-07-03,U00099
2025-07-03,U00099
2025-07-09,U00099
2025-07-13,U00099
2025-07-14,U00099
2025-07-15,U00099
2025-07-21,U00099
2025-05-17,U00100
2025-07-11,U00101
2025-07-11,U00101
2025-07-14,U00101
2025-07-15,U00101
2025-07-21,U00101
2025-07-25,U00101
2025-07-26,U00101
2025-07-26,U00101
2025-07-28,U00101
2025-06-10,U00102
2025-08-16,U00102
2025-06-07,U00103
2025-06-26,U00103
2025-07-09,U00103
2025-07-04,U00104
2025-07-07,U00104
2025-07-08,U00104
2025-07-15,U00104
2025-07-19,U00104
2025-07-20,U00104
2025-07-22,U00104
2025-07-02,U00105
2025-07-05,U00105
2025-07-20,U00106
2025-07-23,U00106
2025-07-26,U00106
2025-07-26,U00106
2025-07-29,U00106
2025-07-30,U00106
2025-07-31,U00106
2025-08-01,U00106
2025-05-25,U00107
2025-06-10,U00107
2025-05-17,U00108
2025-06-15,U00109
2025-07-05,U00109
2025-06-05,U00110
2025-06-06,U00110
2025-06-15,U00110
2025-06-19,U00110
2025-06-27,U00110
2025-06-27,U00110
2025-07-03,U00110
2025-07-07,U00110
2025-07-10,U00110
2025-07-04,U00111
2025-07-07,U00111
2025-07-21,U00111
2025-06-21,U00112
2025-06-24,U00112
2025-07-06,U00112
2025-07-10,U00112
2025-07-13,U00112
2025-07-14,U00112
2025-07-15,U00112
2025-07-17,U00112
2025-08-18,U00112
2025-05-21,U00113
2025-06-05,U00113
2025-06-25,U00113
2025-06-29,U00114
2025-07-08,U00114
2025-07-09,U00114
2025-07-14,U00114
2025-07-18,U00114
2025-07-20,U00114
2025-07-12,U00115
2025-07-12,U00115
2025-07-13,U00115
2025-07-14,U00115
2025-07-17,U00115
2025-07-20,U00115
2025-07-21,U00115
2025-07-21,U00115
2025-07-21,U00115
2025-07-28,U00115
2025-07-17,U00116
2025-07-19,U00116
2025-07-20,U00116
2025-07-23,U00116
2025-07-28,U00116
2025-07-31,U00116
2025-05-20,U00117
2025-05-29,U00117
2025-06-17,U00117
2025-06-23,U00117
2025-06-24,U00117
2025-06-18,U00118
2025-06-28,U00118
2025-07-14,U00118
2025-08-16,U00118
2025-05-17,U00119
2025-06-10,U00120
2025-06-21,U00120
2025-06-23,U00120
2025-06-27,U00120
2025-07-09,U00120
2025-06-07,U00121
2025-06-09,U00121
2025-06-10,U00121
2025-06-11,U00121
2025-06-11,U00121
2025-06-15,U00121
2025-06-22,U00121
2025-07-05,U00121
2025-07-06,U00121
2025-07-11,U00121
2025-06-27,U00122
2025-07-01,U00122
2025-07-04,U00122
2025-07-13,U00122
2025-07-13,U00122
2025-07-17,U00122
2025-07-20,U00122
2025-06-23,U00123
2025-07-11,U00123
2025-07-20,U00124
2025-07-21,U00124
2025-06-21,U00125
2025-06-22,U00125
2025-06-24,U00125
2025-06-25,U00125
2025-07-04,U00125
2025-07-09,U00125
2025-07-11,U00125
2025-07-18,U00125
2025-07-14,U00126
2025-07-20,U00126
2025-07-22,U00126
2025-07-24,U00126
2025-07-27,U00126
2025-07-29,U00126
2025-07-07,U00127
2025-07-20,U00127
2025-07-25,U00127
2025-06-03,U00128
2025-06-05,U00128
2025-06-13,U00128
2025-06-17,U00128
2025-06-19,U00128
2025-07-02,U00128
2025-07-06,U00128
2025-07-09,U00128
2025-06-02,U00129
2025-06-05,U00129
2025-07-28,U00130
2025-07-29,U00130
2025-07-31,U00130
2025-08-17,U00130
2025-06-13,U00131
2025-06-15,U00131
2025-06-24,U00131
2025-07-01,U00131
2025-07-04,U00131
2025-07-07,U00131
2025-07-10,U00131
2025-05-21,U00132
2025-05-23,U00132
2025-06-17,U00132
2025-06-27,U00132
2025-06-10,U00133
2025-06-15,U00133
2025-06-16,U00133
2025-06-23,U00133
2025-06-28,U00133
2025-07-04,U00133
2025-07-12,U00133
2025-05-17,U00134
2025-07-07,U00135
2025-07-19,U00135
2025-07-20,U00135
2025-07-24,U00135
2025-05-20,U00136
2025-06-08,U00136
2025-06-09,U00136
2025-06-26,U00137
2025-06-28,U00137
2025-07-04,U00137
2025-06-18,U00138
2025-06-24,U00138
2025-06-30,U00138
2025-07-04,U00138
2025-07-16,U00138
2025-05-24,U00139
2025-08-17,U00139
2025-06-06,U00140
2025-05-21,U00141
2025-06-23,U00141
2025-06-26,U00141
2025-06-06,U00142
2025-06-11,U00142
2025-06-14,U00142
2025-06-18,U00142
2025-06-23,U00142
2025-06-25,U00142
2025-06-27,U00142
2025-07-09,U00142
2025-07-10,U00142
2025-07-04,U00143
2025-07-06,U00143
2025-07-19,U00143
2025-07-09,U00144
2025-07-20,U00144
2025-07-24,U00144
2025-06-27,U00145
2025-07-02,U00145
2025-07-12,U00145
2025-07-12,U00145
2025-07-17,U00145
2025-07-21,U00145
2025-05-17,U00146
2025-05-17,U00147
2025-05-28,U00148
2025-06-06,U00148
2025-06-17,U00148
2025-06-17,U00148
2025-06-23,U00148
2025-06-26,U00148
2025-06-26,U00148
2025-06-29,U00148
2025-05-20,U00149
2025-05-25,U00149
2025-06-16,U00149
2025-06-24,U00149
2025-07-01,U00149
2025-05-17,U00150
2025-05-30,U00151
2025-05-23,U00152
2025-06-16,U00152
2025-06-19,U00152
2025-06-27,U00153
2025-06-27,U00153
2025-07-03,U00153
2025-07-05,U00153
2025-07-08,U00153
2025-07-10,U00153
2025-07-14,U00153
2025-07-16,U00153
2025-07-17,U00153
2025-07-20,U00153
2025-05-17,U00154
2025-06-04,U00154
2025-06-07,U00154
2025-06-21,U00154
2025-08-16,U00154
2025-05-18,U00155
2025-05-31,U00155
2025-06-07,U00155
2025-06-15,U00155
2025-06-21,U00155
2025-06-22,U00155
2025-06-22,U00155
2025-07-01,U00155
2025-08-15,U00155
2025-07-09,U00156
2025-07-14,U00156
2025-07-15,U00156
2025-07-15,U00156
2025-07-17,U00156
2025-07-18,U00156
2025-07-19,U00156
2025-07-20,U00156
2025-07-20,U00156
2025-07-26,U00156
2025-05-25,U00157
2025-05-27,U00157
2025-05-29,U00157
2025-06-12,U00157
2025-06-12,U00157
2025-06-17,U00157
2025-06-21,U00157
2025-06-30,U00157
2025-07-04,U00157
2025-07-07,U00158
2025-07-10,U00158
2025-07-17,U00158
2025-07-19,U00158
2025-06-12,U00159
2025-06-18,U00159
2025-06-30,U00159
2025-07-11,U00159
2025-05-18,U00160
2025-05-24,U00160
2025-06-03,U00160
2025-05-29,U00161
2025-06-03,U00161
2025-06-16,U00161
2025-06-21,U00161
2025-07-08,U00162
2025-07-09,U00162
2025-07-16,U00162
2025-07-17,U00162
2025-07-24,U00162
2025-07-25,U00162
2025-07-26,U00162
2025-07-16,U00163
2025-07-16,U00163
2025-07-17,U00163
2025-07-18,U00163
2025-07-19,U00163
2025-07-27,U00163
2025-07-30,U00163
2025-07-12,U00164
2025-07-12,U00164
2025-07-14,U00164
2025-07-15,U00164
2025-07-22,U00164
2025-07-27,U00164
2025-06-16,U00165
2025-06-21,U00165
2025-06-24,U00165
2025-06-28,U00165
2025-07-01,U00165
2025-07-02,U00165
2025-07-06,U00165
2025-07-10,U00165
2025-07-10,U00165
2025-07-15,U00165
2025-06-10,U00166
2025-06-15,U00166
2025-06-24,U00166
2025-06-27,U00166
2025-06-30,U00166
2025-07-03,U00166
2025-07-03,U00166
2025-07-09,U00166
2025-06-10,U00167
2025-06-11,U00167
2025-06-16,U00167
2025-07-01,U00167
2025-07-04,U00167
2025-07-06,U00167
2025-07-09,U00167
2025-07-11,U00167
2025-07-12,U00167
2025-07-11,U00168
2025-07-15,U00168
2025-07-23,U00168
2025-07-24,U00168
2025-05-30,U00169
2025-05-21,U00170
2025-05-21,U00170
2025-06-19,U00170
2025-07-08,U00171
2025-07-17,U00171
2025-07-17,U00171
2025-07-23,U00171
2025-07-25,U00171
2025-07-26,U00171
2025-08-21,U00171
2025-05-23,U00172
2025-06-14,U00172
2025-06-15,U00172
2025-06-16,U00172
2025-06-20,U00172
2025-06-21,U00172
2025-06-29,U00172
2025-06-14,U00173
2025-06-21,U00173
2025-06-26,U00173
2025-06-27,U00173
2025-07-13,U00173
2025-06-25,U00174
2025-07-02,U00174
2025-07-13,U00174
2025-07-18,U00174
2025-08-21,U00174
2025-05-26,U00175
2025-05-31,U00175
2025-06-23,U00175
2025-06-08,U00176
2025-06-09,U00176
2025-06-12,U00176
2025-06-14,U00176
2025-06-23,U00176
2025-06-25,U00176
2025-06-29,U00176
2025-07-04,U00176
2025-07-07,U00176
2025-07-09,U00176
2025-05-25,U00177
2025-05-27,U00177
2025-05-30,U00177
2025-06-06,U00177
2025-06-15,U00177
2025-06-28,U00177
2025-07-04,U00177
2025-05-31,U00178
2025-06-07,U00178
2025-06-08,U00178
2025-06-22,U00179
2025-07-07,U00179
2025-07-08,U00179
2025-07-15,U00179
2025-05-30,U00180
2025-06-03,U00180
2025-06-03,U00180
2025-06-10,U00180
2025-06-21,U00180
2025-06-21,U00180
2025-06-24,U00180
2025-06-28,U00180
2025-07-04,U00180
2025-07-06,U00180
2025-06-20,U00181
2025-07-04,U00182
2025-07-05,U00182
2025-07-05,U00182
2025-07-18,U00182
2025-07-18,U00182
2025-07-19,U00182
2025-07-20,U00182
2025-07-22,U00182
2025-07-10,U00183
2025-07-12,U00183
2025-07-17,U00183
2025-07-18,U00183
2025-07-18,U00183
2025-07-22,U00183
2025-07-23,U00183
2025-07-25,U00183
2025-07-07,U00184
2025-07-12,U00184
2025-07-13,U00184
2025-07-13,U00184
2025-07-15,U00184
2025-07-20,U00184
2025-07-20,U00184
2025-07-26,U00184
2025-06-23,U00185
2025-06-28,U00185
2025-08-17,U00185
2025-07-10,U00186
2025-07-14,U00186
2025-07-15,U00186
2025-07-24,U00186
2025-07-27,U00186
2025-07-12,U00187
2025-07-26,U00187
2025-07-10,U00188
2025-07-26,U00188
2025-08-16,U00188
2025-05-22,U00189
2025-06-13,U00189
2025-06-17,U00189
2025-06-16,U00190
2025-06-19,U00190
2025-06-28,U00190
2025-07-02,U00190
2025-07-03,U00190
2025-07-13,U00190
2025-05-21,U00191
2025-06-10,U00191
2025-06-24,U00191
2025-07-15,U00192
2025-07-19,U00192
2025-07-23,U00192
2025-07-26,U00192
2025-07-27,U00192
2025-07-29,U00192
2025-05-22,U00193
2025-06-05,U00193
2025-06-06,U00194
2025-06-16,U00194
2025-06-25,U00194
2025-07-01,U00194
2025-06-21,U00195
2025-06-26,U00195
2025-07-06,U00195
2025-07-08,U00195
2025-07-16,U00195
2025-07-11,U00196
2025-07-11,U00196
2025-07-13,U00196
2025-07-15,U00196
2025-07-16,U00196
2025-07-19,U00196
2025-07-25,U00196
2025-07-26,U00196
2025-07-26,U00196
2025-07-28,U00196
2025-07-15,U00197
2025-07-16,U00197
2025-07-17,U00197
2025-07-29,U00197
2025-06-11,U00198
2025-06-13,U00198
2025-06-16,U00198
2025-06-18,U00198
2025-07-03,U00198
2025-07-05,U00198
2025-07-06,U00198
2025-07-12,U00199
2025-07-17,U00199
2025-07-18,U00199
2025-07-20,U00199
2025-07-20,U00199
2025-07-21,U00199
2025-07-24,U00199
2025-07-25,U00199
2025-07-27,U00199
2025-05-19,U00200
2025-05-21,U00200
2025-06-09,U00200
2025-05-25,U00201
2025-05-17,U00202
2025-06-02,U00202
2025-06-16,U00202
2025-06-19,U00202
2025-06-30,U00203
2025-07-08,U00203
2025-07-13,U00203
2025-07-20,U00204
2025-07-21,U00204
2025-07-22,U00204
2025-07-27,U00204
2025-07-30,U00204
2025-06-24,U00205
2025-07-01,U00205
2025-07-06,U00205
2025-07-17,U00205
2025-07-19,U00205
2025-06-08,U00206
2025-06-09,U00206
2025-06-16,U00206
2025-06-17,U00206
2025-06-19,U00206
2025-06-23,U00206
2025-06-27,U00206
2025-06-27,U00206
2025-07-07,U00206
2025-07-10,U00206
2025-06-28,U00207
2025-07-05,U00207
2025-07-10,U00207
2025-07-17,U00207
2025-07-21,U00207
2025-08-18,U00207
2025-06-02,U00208
2025-06-08,U00208
2025-06-18,U00208
2025-06-24,U00208
2025-07-08,U00208
2025-06-29,U00209
2025-07-13,U00209
2025-07-14,U00209
2025-07-16,U00209
2025-06-29,U00210
2025-07-10,U00210
2025-07-14,U00210
2025-07-15,U00210
2025-07-18,U00210
2025-07-22,U00210
2025-07-17,U00211
2025-07-19,U00211
2025-07-20,U00211
2025-07-21,U00211
2025-07-11,U00212
2025-07-17,U00212
2025-07-27,U00212
2025-06-26,U00213
2025-06-28,U00213
2025-07-03,U00213
2025-07-07,U00213
2025-07-10,U00213
2025-07-11,U00213
2025-07-14,U00213
2025-07-18,U00213
2025-07-10,U00214
2025-07-12,U00214
2025-07-14,U00214
2025-07-15,U00214
2025-07-17,U00214
2025-07-17,U00214
2025-07-25,U00214
2025-07-27,U00214
2025-06-01,U00215
2025-07-01,U00215
2025-05-17,U00216
2025-05-18,U00217
2025-05-31,U00217
2025-06-04,U00217
2025-06-10,U00217
2025-06-22,U00217
2025-06-24,U00217
2025-06-28,U00217
2025-06-29,U00217
2025-05-17,U00218
2025-05-18,U00219
2025-05-28,U00219
2025-05-30,U00219
2025-06-09,U00219
2025-05-18,U00220
2025-05-24,U00220
2025-05-27,U00220
2025-05-30,U00220
2025-06-01,U00220
2025-06-18,U00220
2025-06-20,U00220
2025-06-24,U00220
2025-07-01,U00220
2025-06-30,U00221
2025-07-11,U00221
2025-06-02,U00222
2025-07-02,U00222
2025-05-25,U00223
2025-06-04,U00223
2025-06-05,U00223
2025-06-07,U00223
2025-06-08,U00223
2025-06-14,U00223
2025-06-15,U00223
2025-06-24,U00223
2025-07-03,U00223
2025-07-20,U00224
2025-07-25,U00224
2025-07-25,U00224
2025-07-30,U00224
2025-08-01,U00224
2025-07-01,U00225
2025-07-20,U00225
2025-06-27,U00226
2025-07-03,U00226
2025-07-09,U00226
2025-07-09,U00226
2025-07-17,U00226
2025-07-20,U00226
2025-07-18,U00227
2025-07-24,U00227
2025-07-29,U00227
2025-07-30,U00227
2025-07-27,U00228
2025-07-29,U00228
2025-07-31,U00228
2025-06-15,U00229
2025-06-20,U00229
2025-06-28,U00229
2025-07-01,U00229
2025-07-08,U00229
2025-07-09,U00229
2025-07-11,U00229
2025-07-12,U00229
2025-07-12,U00229
2025-07-15,U00229
2025-06-13,U00230
2025-06-15,U00230
2025-06-24,U00230
2025-07-03,U00230
2025-07-05,U00230
2025-07-09,U00230
2025-07-12,U00230
2025-05-21,U00231
2025-06-07,U00231
2025-06-10,U00231
2025-06-17,U00231
2025-05-17,U00232
2025-06-18,U00233
2025-06-27,U00233
2025-07-15,U00233
2025-05-17,U00234
2025-05-17,U00235
2025-06-16,U00236
2025-06-17,U00236
2025-06-27,U00236
2025-07-04,U00236
2025-07-06,U00236
2025-05-18,U00237
2025-05-19,U00237
2025-05-27,U00237
2025-05-30,U00237
2025-06-20,U00237
2025-06-29,U00238
2025-06-30,U00238
2025-07-20,U00238
2025-07-22,U00239
2025-07-24,U00239
2025-07-24,U00239
2025-07-25,U00239
2025-07-29,U00239
2025-07-31,U00239
2025-08-01,U00239
2025-05-20,U00240
2025-05-22,U00240
2025-05-26,U00240
2025-05-26,U00240
2025-06-02,U00240
2025-06-07,U00240
2025-06-23,U00240
2025-08-21,U00240
2025-06-12,U00241
2025-07-02,U00241
2025-07-07,U00241
2025-07-10,U00241
2025-07-12,U00241
2025-07-13,U00241
2025-06-09,U00242
2025-06-18,U00242
2025-06-18,U00242
2025-06-30,U00242
2025-06-30,U00242
2025-07-03,U00242
2025-07-08,U00242
2025-07-12,U00242
2025-07-06,U00243
2025-07-12,U00243
2025-06-19,U00244
2025-07-13,U00245
2025-07-15,U00245
2025-07-15,U00245
2025-07-26,U00245
2025-07-29,U00245
2025-06-08,U00246
2025-06-22,U00246
2025-06-26,U00246
2025-06-29,U00246
2025-07-04,U00246
2025-05-23,U00247
2025-06-14,U00247
2025-07-14,U00248
2025-07-16,U00248
2025-07-18,U00248
2025-07-18,U00248
2025-07-21,U00248
2025-07-28,U00248
2025-07-29,U00248
2025-08-17,U00248
2025-06-13,U00249
2025-06-17,U00249
2025-06-19,U00249
2025-06-25,U00249
2025-06-29,U00249
2025-07-12,U00249
2025-07-23,U00250
2025-07-24,U00250
2025-07-25,U00250
2025-07-25,U00250
2025-07-26,U00250
2025-07-27,U00250
2025-07-28,U00250
2025-07-28,U00250
2025-07-29,U00250
2025-08-01,U00250
2025-06-18,U00251
2025-07-01,U00251
2025-07-03,U00251
2025-07-17,U00252
2025-07-20,U00252
2025-07-22,U00252
2025-07-22,U00252
2025-07-30,U00252
2025-07-31,U00252
2025-06-11,U00253
2025-06-24,U00253
2025-07-08,U00253
2025-07-10,U00254
2025-07-25,U00254
2025-07-26,U00254
2025-07-17,U00255
2025-07-18,U00255
2025-07-19,U00255
2025-07-22,U00255
2025-07-26,U00255
2025-07-31,U00255
2025-05-27,U00256
2025-06-04,U00256
2025-07-26,U00257
2025-07-31,U00257
2025-06-04,U00258
2025-06-16,U00258
2025-06-17,U00258
2025-06-23,U00258
2025-06-24,U00258
2025-06-29,U00258
2025-07-03,U00258
2025-07-07,U00258
2025-06-21,U00259
2025-07-07,U00259
2025-07-10,U00259
2025-07-13,U00259
2025-07-14,U00259
2025-07-17,U00259
2025-05-25,U00260
2025-06-17,U00261
2025-06-18,U00261
2025-06-20,U00261
2025-06-21,U00261
2025-06-23,U00261
2025-06-28,U00261
2025-07-10,U00261
2025-07-10,U00261
2025-07-13,U00261
2025-07-09,U00262
2025-07-10,U00262
2025-07-13,U00262
2025-07-20,U00262
2025-07-20,U00262
2025-07-20,U00262
2025-07-21,U00262
2025-07-23,U00262
2025-07-26,U00262
2025-07-27,U00262
2025-07-06,U00263
2025-07-22,U00263
2025-07-24,U00263
2025-08-16,U00263
2025-07-15,U00264
2025-07-19,U00264
2025-07-21,U00264
2025-07-24,U00264
2025-07-25,U00264
2025-07-27,U00264
2025-07-30,U00264
2025-08-20,U00264
2025-05-17,U00265
2025-07-26,U00266
2025-07-30,U00266
2025-07-31,U00266
2025-05-17,U00267
2025-05-24,U00267
2025-06-09,U00267
2025-06-07,U00268
2025-06-09,U00268
2025-06-09,U00268
2025-07-07,U00268
2025-07-09,U00268
2025-05-27,U00269
2025-05-27,U00269
2025-06-03,U00269
2025-07-16,U00270
2025-07-17,U00270
2025-07-27,U00270
2025-07-28,U00270
2025-07-29,U00270
2025-07-09,U00271
2025-07-18,U00271
2025-06-04,U00272
2025-06-10,U00272
2025-06-20,U00272
2025-07-05,U00272
2025-07-06,U00272
2025-07-09,U00272
2025-07-13,U00273
2025-07-18,U00273
2025-07-21,U00273
2025-07-22,U00273
2025-07-27,U00273
2025-07-29,U00273
2025-08-18,U00273
2025-07-01,U00274
2025-07-06,U00274
2025-07-06,U00274
2025-07-14,U00274
2025-07-18,U00274
2025-05-30,U00275
2025-06-06,U00275
2025-06-27,U00275
2025-06-27,U00275
2025-06-29,U00275
2025-06-29,U00275
2025-07-01,U00275
2025-07-01,U00275
2025-07-04,U00275
2025-07-05,U00275
2025-06-28,U00276
2025-07-04,U00276
2025-07-16,U00276
2025-07-16,U00276
2025-07-20,U00276
2025-06-23,U00277
2025-06-30,U00277
2025-06-30,U00277
2025-07-02,U00277
2025-07-04,U00277
2025-07-09,U00277
2025-07-10,U00277
2025-07-10,U00277
2025-07-11,U00277
2025-07-17,U00277
2025-07-11,U00278
2025-07-11,U00278
2025-07-12,U00278
2025-07-12,U00278
2025-07-13,U00278
2025-07-14,U00278
2025-07-14,U00278
2025-07-15,U00278
2025-07-25,U00278
2025-07-28,U00278
2025-07-18,U00279
2025-07-18,U00279
2025-07-19,U00279
2025-07-20,U00279
2025-07-20,U00279
2025-07-22,U00279
2025-07-22,U00279
2025-07-24,U00279
2025-07-31,U00279
2025-07-24,U00280
2025-07-25,U00280
2025-06-01,U00281
2025-06-22,U00281
2025-07-15,U00282
2025-07-18,U00282
2025-07-19,U00282
2025-07-26,U00282
2025-07-30,U00282
2025-05-21,U00283
2025-05-21,U00283
2025-06-02,U00283
2025-06-05,U00283
2025-06-07,U00283
2025-06-14,U00283
2025-06-26,U00284
2025-06-29,U00284
2025-07-01,U00284
2025-07-02,U00284
2025-07-12,U00284
2025-07-15,U00284
2025-07-16,U00284
2025-07-19,U00284
2025-07-20,U00284
2025-05-22,U00285
2025-05-31,U00285
2025-05-31,U00285
2025-06-19,U00285
2025-06-29,U00285
2025-06-30,U00285
2025-05-28,U00286
2025-05-31,U00286
2025-06-02,U00286
2025-06-10,U00286
2025-06-11,U00286
2025-05-19,U00287
2025-05-20,U00287
2025-06-10,U00287
2025-06-15,U00287
2025-05-29,U00288
2025-06-09,U00288
2025-07-21,U00289
2025-07-21,U00289
2025-07-22,U00289
2025-07-31,U00289
2025-07-31,U00289
2025-08-01,U00289
2025-06-30,U00290
2025-07-04,U00290
2025-07-11,U00290
2025-07-13,U00290
2025-07-14,U00290
2025-07-16,U00290
2025-07-16,U00290
2025-07-18,U00290
2025-07-20,U00290
2025-05-17,U00291
2025-06-01,U00292
2025-07-17,U00293
2025-07-19,U00293
2025-07-26,U00293
2025-07-29,U00293
2025-07-01,U00294
2025-07-16,U00294
2025-07-16,U00294
2025-07-21,U00294
2025-07-06,U00295
2025-07-10,U00295
2025-07-13,U00295
2025-07-15,U00295
2025-07-16,U00295
2025-07-18,U00295
2025-07-20,U00295
2025-07-25,U00295
2025-05-31,U00296
2025-06-14,U00296
2025-06-05,U00297
2025-06-08,U00297
2025-06-13,U00297
2025-06-27,U00297
2025-07-01,U00297
2025-07-02,U00297
2025-07-03,U00297
2025-07-03,U00297
2025-07-10,U00297
2025-06-07,U00298
2025-06-11,U00298
2025-06-21,U00298
2025-06-23,U00298
2025-07-03,U00298
2025-07-06,U00298
2025-07-11,U00298
2025-07-11,U00299
2025-07-12,U00299
2025-07-14,U00299
2025-07-15,U00299
2025-07-15,U00299
2025-07-15,U00299
2025-07-16,U00299
2025-07-22,U00299
2025-07-28,U00299
2025-05-20,U00300
2025-05-24,U00300
2025-06-11,U00300
2025-06-18,U00300
2025-06-06,U00301
2025-06-09,U00301
2025-06-13,U00301
2025-06-15,U00301
2025-06-29,U00301
2025-07-02,U00301
2025-07-04,U00301
2025-07-04,U00301
2025-07-06,U00301
2025-07-07,U00301
2025-07-05,U00302
2025-07-11,U00302
2025-07-12,U00302
2025-05-19,U00303
2025-06-11,U00303
2025-07-17,U00304
2025-07-20,U00304
2025-07-21,U00304
2025-07-22,U00304
2025-07-24,U00304
2025-07-26,U00304
2025-07-27,U00304
2025-07-28,U00304
2025-07-29,U00304
2025-07-31,U00304
2025-07-10,U00305
2025-07-14,U00305
2025-07-20,U00305
2025-07-24,U00305
2025-07-25,U00305
2025-07-26,U00305
2025-07-27,U00305
2025-07-06,U00306
2025-07-10,U00306
2025-07-10,U00306
2025-07-13,U00306
2025-07-14,U00306
2025-07-19,U00306
2025-07-19,U00306
2025-07-21,U00306
2025-07-23,U00306
2025-07-25,U00306
2025-06-11,U00307
2025-07-09,U00307
2025-07-11,U00307
2025-07-14,U00308
2025-07-23,U00308
2025-07-12,U00309
2025-07-12,U00309
2025-07-16,U00309
2025-07-19,U00309
2025-07-25,U00309
2025-07-28,U00309
2025-07-03,U00310
2025-07-06,U00310
2025-07-07,U00310
2025-07-07,U00310
2025-07-10,U00310
2025-07-21,U00310
2025-06-26,U00311
2025-07-18,U00311
2025-05-17,U00312
2025-07-04,U00313
2025-07-06,U00313
2025-07-08,U00313
2025-07-09,U00313
2025-07-14,U00313
2025-07-15,U00313
2025-07-17,U00313
2025-07-20,U00313
2025-07-23,U00313
2025-07-13,U00314
2025-07-13,U00314
2025-07-15,U00314
2025-07-19,U00314
2025-07-19,U00314
2025-07-27,U00314
2025-07-28,U00314
2025-07-29,U00314
2025-07-03,U00315
2025-07-16,U00315
2025-07-24,U00315
2025-06-13,U00316
2025-06-18,U00316
2025-06-19,U00316
2025-06-21,U00316
2025-06-26,U00316
2025-06-30,U00316
2025-07-02,U00316
2025-07-07,U00316
2025-07-08,U00316
2025-06-16,U00317
2025-06-18,U00317
2025-06-18,U00317
2025-06-24,U00317
2025-06-26,U00317
2025-07-01,U00317
2025-07-05,U00317
2025-07-10,U00317
2025-07-12,U00317
2025-06-24,U00318
2025-07-12,U00318
2025-07-18,U00318
2025-07-19,U00318
2025-07-11,U00319
2025-07-14,U00319
2025-07-15,U00319
2025-07-18,U00319
2025-07-21,U00319
2025-07-24,U00319
2025-07-24,U00319
2025-07-24,U00319
2025-07-25,U00319
2025-07-28,U00319
2025-07-01,U00320
2025-07-05,U00320
2025-07-10,U00320
2025-07-11,U00320
2025-07-11,U00320
2025-07-12,U00320
2025-07-12,U00320
2025-07-14,U00320
2025-07-20,U00320
2025-07-22,U00320
2025-06-15,U00321
2025-06-21,U00321
2025-07-01,U00321
2025-07-04,U00321
2025-07-07,U00321
2025-07-11,U00321
2025-07-12,U00321
2025-07-13,U00321
2025-07-14,U00321
2025-07-15,U00321
2025-05-17,U00322
2025-08-18,U00322
2025-06-07,U00323
2025-06-13,U00323
2025-06-30,U00323
2025-07-05,U00323
2025-07-10,U00323
2025-08-21,U00323
2025-06-23,U00324
2025-06-24,U00324
2025-06-25,U00324
2025-07-06,U00324
2025-07-06,U00324
2025-07-08,U00324
2025-07-11,U00324
2025-07-13,U00324
2025-07-17,U00324
2025-07-19,U00324
2025-06-08,U00325
2025-06-25,U00325
2025-06-28,U00325
2025-07-04,U00325
2025-07-05,U00325
2025-07-11,U00325
2025-08-15,U00325
2025-05-17,U00326
2025-07-11,U00327
2025-07-12,U00327
2025-07-13,U00327
2025-07-17,U00327
2025-07-21,U00327
2025-07-25,U00327
2025-07-28,U00327
2025-05-22,U00328
2025-05-23,U00328
2025-05-25,U00328
2025-06-12,U00328
2025-06-15,U00328
2025-06-16,U00328
2025-06-25,U00328
2025-07-02,U00328
2025-07-15,U00329
2025-07-16,U00329
2025-07-17,U00329
2025-07-19,U00329
2025-07-21,U00329
2025-07-26,U00329
2025-07-28,U00329
2025-07-29,U00329
2025-05-30,U00330
2025-06-04,U00330
2025-06-11,U00330
2025-06-20,U00330
2025-06-13,U00331
2025-06-22,U00331
2025-07-13,U00331
2025-07-14,U00331
2025-05-17,U00332
2025-06-25,U00333
2025-06-28,U00333
2025-06-28,U00333
2025-06-29,U00333
2025-07-07,U00333
2025-07-09,U00333
2025-07-12,U00333
2025-07-12,U00333
2025-07-15,U00333
2025-05-25,U00334
2025-06-06,U00334
2025-06-03,U00335
2025-05-29,U00336
2025-05-29,U00336
2025-06-15,U00336
2025-07-17,U00337
2025-07-17,U00337
2025-07-25,U00337
2025-07-27,U00337
2025-07-08,U00338
2025-07-12,U00338
2025-07-15,U00338
2025-07-20,U00338
2025-07-21,U00338
2025-07-23,U00338
2025-05-17,U00339
2025-05-29,U00339
2025-06-11,U00339
2025-06-17,U00339
2025-06-20,U00339
2025-06-20,U00339
2025-06-21,U00339
2025-06-23,U00339
2025-06-28,U00339
2025-07-11,U00340
2025-07-14,U00340
2025-07-19,U00340
2025-07-19,U00340
2025-07-25,U00340
2025-07-25,U00340
2025-07-26,U00340
2025-07-28,U00340
2025-06-23,U00341
2025-06-29,U00341
2025-06-30,U00341
2025-07-05,U00341
2025-07-13,U00341
2025-07-15,U00341
2025-05-17,U00342
2025-05-30,U00343
2025-05-30,U00343
2025-06-08,U00343
2025-07-07,U00343
2025-07-21,U00344
2025-07-23,U00344
2025-07-26,U00344
2025-07-29,U00344
2025-07-31,U00344
2025-06-21,U00345
2025-06-24,U00345
2025-06-26,U00345
2025-06-30,U00345
2025-07-01,U00345
2025-07-02,U00345
2025-07-14,U00345
2025-07-15,U00345
2025-08-20,U00345
2025-06-17,U00346
2025-07-03,U00346
2025-07-11,U00346
2025-07-14,U00346
2025-07-16,U00346
2025-06-03,U00347
2025-06-04,U00347
2025-06-21,U00347
2025-06-22,U00347
2025-06-30,U00347
2025-07-03,U00347
2025-07-04,U00347
2025-07-08,U00347
2025-06-04,U00348
2025-06-12,U00348
2025-06-15,U00348
2025-06-17,U00348
2025-06-20,U00348
2025-06-24,U00348
2025-06-27,U00348
2025-07-02,U00348
2025-07-05,U00348
2025-07-09,U00348
2025-06-24,U00349
2025-06-24,U00349
2025-06-27,U00349
2025-06-27,U00349
2025-06-28,U00349
2025-07-05,U00349
2025-07-19,U00349
2025-05-26,U00350
2025-06-09,U00350
2025-07-12,U00351
2025-07-18,U00351
2025-07-18,U00351
2025-07-18,U00351
2025-07-22,U00351
2025-07-22,U00351
2025-07-27,U00351
2025-07-28,U00351
2025-05-17,U00352
2025-05-23,U00353
2025-05-29,U00353
2025-06-14,U00353
2025-05-31,U00354
2025-05-21,U00355
2025-06-01,U00355
2025-06-02,U00355
2025-06-10,U00355
2025-06-23,U00355
2025-05-24,U00356
2025-06-02,U00356
2025-06-08,U00356
2025-06-16,U00356
2025-07-03,U00356
2025-06-25,U00357
2025-06-27,U00357
2025-06-28,U00357
2025-06-29,U00357
2025-07-07,U00357
2025-07-11,U00357
2025-07-20,U00357
2025-05-17,U00358
2025-05-26,U00359
2025-05-28,U00359
2025-06-02,U00359
2025-06-06,U00359
2025-06-09,U00359
2025-06-09,U00359
2025-06-12,U00359
2025-06-15,U00359
2025-07-01,U00359
2025-07-05,U00359
2025-06-02,U00360
2025-06-04,U00360
2025-06-12,U00360
2025-06-15,U00360
2025-06-15,U00360
2025-06-16,U00360
2025-06-20,U00360
2025-06-25,U00360
2025-06-28,U00360
2025-07-08,U00360
2025-07-03,U00361
2025-07-03,U00361
2025-07-05,U00361
2025-07-07,U00361
2025-07-12,U00361
2025-07-15,U00361
2025-07-18,U00361
2025-07-19,U00361
2025-07-20,U00361
2025-07-24,U00361
2025-06-20,U00362
2025-06-28,U00362
2025-07-01,U00362
2025-07-01,U00362
2025-07-03,U00362
2025-07-04,U00362
2025-07-05,U00362
2025-07-06,U00362
2025-07-15,U00362
2025-06-25,U00363
2025-07-04,U00363
2025-07-17,U00363
2025-06-12,U00364
2025-05-21,U00365
2025-08-15,U00365
2025-06-26,U00366
2025-07-06,U00366
2025-07-07,U00366
2025-07-13,U00366
2025-07-17,U00366
2025-07-19,U00366
2025-07-07,U00367
2025-07-08,U00367
2025-07-10,U00367
2025-07-21,U00367
2025-07-25,U00367
2025-07-05,U00368
2025-07-09,U00368
2025-07-12,U00368
2025-07-16,U00368
2025-07-22,U00368
2025-07-22,U00368
2025-07-24,U00368
2025-07-19,U00369
2025-07-19,U00369
2025-07-21,U00369
2025-07-22,U00369
2025-07-24,U00369
2025-07-24,U00369
2025-07-25,U00369
2025-07-27,U00369
2025-08-01,U00369
2025-07-16,U00370
2025-07-21,U00370
2025-07-24,U00370
2025-07-28,U00370
2025-06-18,U00371
2025-07-01,U00371
2025-07-11,U00371
2025-07-15,U00371
2025-06-13,U00372
2025-06-15,U00372
2025-06-16,U00372
2025-06-17,U00372
2025-06-22,U00372
2025-06-22,U00372
2025-07-03,U00372
2025-07-06,U00372
2025-07-06,U00372
2025-07-13,U00372
2025-06-25,U00373
2025-07-19,U00373
2025-05-31,U00374
2025-06-20,U00374
2025-06-26,U00374
2025-06-29,U00374
2025-05-17,U00375
2025-05-24,U00376
2025-06-11,U00376
2025-06-18,U00376
2025-06-19,U00376
2025-07-03,U00376
2025-08-20,U00376
2025-06-02,U00377
2025-06-04,U00377
2025-06-21,U00377
2025-06-29,U00377
2025-06-30,U00378
2025-07-18,U00378
2025-06-10,U00379
2025-05-23,U00380
2025-05-26,U00380
2025-05-27,U00380
2025-05-29,U00380
2025-06-02,U00380
2025-06-14,U00380
2025-06-24,U00380
2025-07-10,U00381
2025-07-14,U00381
2025-07-15,U00381
2025-07-22,U00381
2025-07-25,U00381
2025-06-18,U00382
2025-06-21,U00382
2025-05-19,U00383
2025-05-27,U00383
2025-06-02,U00383
2025-06-12,U00383
2025-06-12,U00383
2025-06-13,U00383
2025-06-20,U00383
2025-08-15,U00383
2025-06-01,U00384
2025-06-07,U00384
2025-07-03,U00384
2025-06-10,U00385
2025-06-11,U00385
2025-06-20,U00385
2025-06-28,U00385
2025-06-28,U00385
2025-07-06,U00385
2025-07-07,U00385
2025-07-09,U00385
2025-07-10,U00385
2025-07-12,U00385
2025-06-01,U00386
2025-06-03,U00386
2025-07-03,U00387
2025-07-18,U00387
2025-07-24,U00387
2025-05-30,U00388
2025-05-31,U00388
2025-06-06,U00388
2025-06-07,U00388
2025-06-17,U00388
2025-06-21,U00388
2025-06-26,U00388
2025-06-28,U00388
2025-07-01,U00388
2025-07-07,U00388
2025-06-09,U00389
2025-06-10,U00389
2025-05-22,U00390
2025-05-30,U00390
2025-06-08,U00390
2025-07-04,U00391
2025-07-09,U00391
2025-07-10,U00391
2025-07-17,U00391
2025-07-20,U00391
2025-07-21,U00391
2025-07-24,U00391
2025-07-06,U00392
2025-07-13,U00392
2025-07-24,U00392
2025-05-17,U00393
2025-07-10,U00394
2025-07-25,U00394
2025-06-15,U00395
2025-06-26,U00395
2025-06-28,U00396
2025-07-01,U00396
2025-07-01,U00396
2025-07-02,U00396
2025-07-04,U00396
2025-07-07,U00396
2025-07-11,U00396
2025-07-12,U00396
2025-07-13,U00396
2025-07-21,U00396
2025-05-27,U00397
2025-05-30,U00397
2025-06-03,U00397
2025-06-03,U00397
2025-06-20,U00397
2025-06-21,U00397
2025-07-20,U00398
2025-07-21,U00398
2025-07-21,U00398
2025-07-21,U00398
2025-07-22,U00398
2025-07-22,U00398
2025-07-23,U00398
2025-07-29,U00398
2025-08-01,U00398
2025-07-05,U00399
2025-07-07,U00399
2025-07-08,U00399
2025-07-11,U00399
2025-07-13,U00399
2025-07-13,U00399
2025-07-20,U00399
2025-07-21,U00399
2025-07-22,U00399
2025-07-23,U00399
2025-06-24,U00400
2025-06-26,U00400
2025-06-27,U00400
2025-06-28,U00400
2025-07-04,U00400
2025-07-06,U00400
2025-07-08,U00400
2025-07-12,U00400
2025-07-19,U00400
2025-05-20,U00401
2025-05-18,U00402
2025-05-20,U00402
2025-05-23,U00402
2025-05-30,U00402
2025-06-01,U00402
2025-06-08,U00402
2025-06-15,U00402
2025-06-29,U00402
2025-06-10,U00403
2025-06-21,U00403
2025-06-22,U00403
2025-06-24,U00403
2025-07-07,U00403
2025-05-28,U00404
2025-06-06,U00404
2025-06-10,U00404
2025-06-15,U00404
2025-06-19,U00404
2025-06-20,U00404
2025-07-02,U00404
2025-07-06,U00404
2025-06-29,U00405
2025-07-03,U00405
2025-07-09,U00405
2025-07-10,U00405
2025-07-11,U00405
2025-07-14,U00405
2025-07-14,U00405
2025-07-14,U00405
2025-07-21,U00405
2025-07-17,U00406
2025-07-19,U00406
2025-07-24,U00406
2025-07-30,U00406
2025-07-07,U00407
2025-07-20,U00407
2025-05-17,U00408
2025-05-21,U00409
2025-06-13,U00409
2025-05-30,U00410
2025-06-13,U00410
2025-06-24,U00410
2025-06-25,U00410
2025-06-10,U00411
2025-05-19,U00412
2025-05-27,U00413
2025-06-11,U00413
2025-06-22,U00413
2025-06-18,U00414
2025-06-19,U00414
2025-06-22,U00414
2025-06-26,U00414
2025-07-09,U00414
2025-07-10,U00414
2025-08-15,U00414
2025-06-23,U00415
2025-06-30,U00415
2025-07-03,U00415
2025-07-16,U00415
2025-07-17,U00415
2025-08-21,U00415
2025-06-14,U00416
2025-07-01,U00416
2025-07-12,U00416
2025-07-13,U00416
2025-06-30,U00417
2025-07-21,U00417
2025-07-22,U00417
2025-05-20,U00418
2025-05-24,U00418
2025-06-04,U00418
2025-06-10,U00418
2025-06-22,U00418
2025-07-09,U00419
2025-07-10,U00419
2025-07-15,U00419
2025-07-16,U00419
2025-07-17,U00419
2025-07-20,U00419
2025-07-21,U00419
2025-07-22,U00419
2025-07-26,U00419
2025-05-17,U00420
2025-05-20,U00421
2025-05-22,U00421
2025-05-22,U00421
2025-05-23,U00421
2025-05-26,U00421
2025-06-05,U00421
2025-06-08,U00421
2025-06-14,U00421
2025-06-27,U00421
2025-06-30,U00421
2025-05-17,U00422
2025-05-28,U00423
2025-06-10,U00423
2025-06-29,U00423
2025-06-30,U00423
2025-06-21,U00424
2025-06-24,U00424
2025-06-26,U00424
2025-06-28,U00424
2025-06-29,U00424
2025-07-01,U00424
2025-07-04,U00424
2025-07-16,U00424
2025-07-17,U00424
2025-05-20,U00425
2025-05-28,U00425
2025-05-28,U00425
2025-05-31,U00425
2025-06-01,U00425
2025-06-16,U00425
2025-07-19,U00426
2025-07-22,U00426
2025-07-23,U00426
2025-07-30,U00426
2025-07-30,U00426
2025-07-31,U00426
2025-06-07,U00427
2025-06-12,U00428
2025-06-17,U00429
2025-06-18,U00429
2025-06-21,U00429
2025-06-27,U00429
2025-07-10,U00429
2025-07-14,U00429
2025-05-25,U00430
2025-05-31,U00430
2025-06-04,U00430
2025-07-15,U00431
2025-07-19,U00431
2025-07-20,U00431
2025-07-21,U00431
2025-07-22,U00431
2025-07-23,U00431
2025-07-25,U00431
2025-07-28,U00431
2025-05-28,U00432
2025-05-28,U00432
2025-05-30,U00432
2025-06-07,U00432
2025-06-08,U00432
2025-06-14,U00432
2025-06-15,U00432
2025-06-19,U00432
2025-06-27,U00432
2025-07-06,U00432
2025-05-22,U00433
2025-06-08,U00434
2025-06-25,U00434
2025-07-04,U00434
2025-07-07,U00434
2025-05-24,U00435
2025-06-05,U00435
2025-06-10,U00435
2025-07-18,U00436
2025-07-30,U00436
2025-05-30,U00437
2025-06-17,U00437
2025-06-29,U00437
2025-07-02,U00437
2025-07-17,U00438
2025-07-19,U00438
2025-07-21,U00438
2025-07-25,U00438
2025-07-31,U00438
2025-06-17,U00439
2025-06-22,U00439
2025-06-26,U00439
2025-06-27,U00439
2025-07-05,U00439
2025-07-16,U00439
2025-08-15,U00439
2025-07-03,U00440
2025-07-05,U00440
2025-07-08,U00440
2025-07-13,U00440
2025-07-20,U00440
2025-07-22,U00440
2025-07-23,U00440
2025-07-24,U00440
2025-05-20,U00441
2025-05-30,U00441
2025-05-31,U00441
2025-06-15,U00441
2025-06-17,U00441
2025-06-20,U00441
2025-05-19,U00442
2025-07-10,U00443
2025-07-18,U00443
2025-07-19,U00443
2025-07-22,U00443
2025-07-20,U00444
2025-07-21,U00444
2025-07-23,U00444
2025-07-26,U00444
2025-07-27,U00444
2025-08-01,U00444
2025-07-17,U00445
2025-07-18,U00445
2025-07-18,U00445
2025-07-20,U00445
2025-07-23,U00445
2025-07-27,U00445
2025-07-28,U00445
2025-07-31,U00445
2025-06-28,U00446
2025-07-04,U00446
2025-07-04,U00446
2025-07-07,U00446
2025-07-09,U00446
2025-07-21,U00446
2025-06-17,U00447
2025-06-18,U00447
2025-07-07,U00447
2025-07-08,U00447
2025-07-09,U00447
2025-07-14,U00447
2025-07-16,U00447
2025-06-12,U00448
2025-06-13,U00448
2025-06-14,U00448
2025-07-01,U00448
2025-07-11,U00448
2025-08-20,U00448
2025-06-03,U00449
2025-07-08,U00450
2025-07-09,U00450
2025-07-25,U00450
2025-07-13,U00451
2025-07-15,U00451
2025-07-16,U00451
2025-07-17,U00451
2025-07-20,U00451
2025-07-20,U00451
2025-07-21,U00451
2025-07-22,U00451
2025-07-23,U00451
2025-07-28,U00451
2025-07-06,U00452
2025-07-16,U00452
2025-06-27,U00453
2025-07-01,U00453
2025-07-09,U00453
2025-07-21,U00453
2025-05-18,U00454
2025-05-23,U00454
2025-05-31,U00454
2025-06-07,U00454
2025-06-13,U00454
2025-06-17,U00455
2025-06-21,U00455
2025-07-05,U00455
2025-06-17,U00456
2025-06-20,U00456
2025-06-24,U00456
2025-07-01,U00456
2025-07-02,U00456
2025-07-03,U00456
2025-07-07,U00456
2025-07-12,U00456
2025-07-13,U00456
2025-07-12,U00457
2025-07-12,U00457
2025-07-21,U00457
2025-07-26,U00457
2025-05-18,U00458
2025-06-01,U00458
2025-06-06,U00458
2025-07-13,U00459
2025-07-17,U00459
2025-07-17,U00459
2025-07-18,U00459
2025-07-20,U00459
2025-07-20,U00459
2025-07-25,U00459
2025-07-26,U00459
2025-07-29,U00459
2025-05-26,U00460
2025-05-26,U00460
2025-06-02,U00460
2025-06-05,U00460
2025-06-06,U00460
2025-06-20,U00460
2025-06-22,U00460
2025-07-03,U00460
2025-07-05,U00460
2025-05-18,U00461
2025-05-22,U00461
2025-06-22,U00462
2025-06-23,U00462
2025-06-27,U00462
2025-06-29,U00462
2025-07-09,U00462
2025-07-09,U00462
2025-07-13,U00462
2025-07-18,U00462
2025-05-17,U00463
2025-06-15,U00464
2025-06-30,U00464
2025-08-19,U00464
2025-06-01,U00465
2025-06-03,U00465
2025-07-19,U00466
2025-07-21,U00466
2025-07-21,U00466
2025-07-23,U00466
2025-07-25,U00466
2025-07-26,U00466
2025-07-30,U00466
2025-07-31,U00466
2025-08-01,U00466
2025-07-22,U00467
2025-07-23,U00467
2025-07-25,U00467
2025-07-30,U00467
2025-08-01,U00467
2025-05-30,U00468
2025-06-01,U00468
2025-06-03,U00468
2025-06-10,U00468
2025-06-11,U00468
2025-06-12,U00468
2025-05-25,U00469
2025-06-17,U00470
2025-06-24,U00470
2025-06-25,U00470
2025-07-03,U00470
2025-07-05,U00470
2025-07-09,U00470
2025-07-16,U00470
2025-06-21,U00471
2025-06-22,U00471
2025-07-03,U00471
2025-07-06,U00471
2025-07-12,U00471
2025-07-18,U00471
2025-06-09,U00472
2025-06-18,U00472
2025-06-27,U00472
2025-08-16,U00472
2025-07-07,U00473
2025-07-10,U00473
2025-07-18,U00473
2025-07-19,U00473
2025-07-22,U00473
2025-07-25,U00473
2025-07-26,U00473
2025-06-07,U00474
2025-08-15,U00474
2025-07-11,U00475
2025-07-15,U00475
2025-07-26,U00475
2025-07-14,U00476
2025-07-21,U00476
2025-07-22,U00476
2025-07-27,U00476
2025-07-28,U00476
2025-05-20,U00477
2025-07-24,U00478
2025-07-25,U00478
2025-07-27,U00478
2025-07-29,U00478
2025-07-30,U00478
2025-07-17,U00479
2025-07-25,U00479
2025-07-14,U00480
2025-07-23,U00480
2025-07-24,U00480
2025-07-25,U00480
2025-07-26,U00480
2025-07-26,U00480
2025-07-29,U00480
2025-06-20,U00481
2025-06-27,U00481
2025-06-27,U00481
2025-07-06,U00481
2025-07-14,U00481
2025-07-16,U00481
2025-05-17,U00482
2025-08-21,U00482
2025-07-22,U00483
2025-07-23,U00483
2025-07-26,U00483
2025-07-27,U00483
2025-07-27,U00483
2025-08-01,U00483
2025-06-18,U00484
2025-08-20,U00484
2025-05-18,U00485
2025-06-10,U00485
2025-05-18,U00486
2025-06-01,U00486
2025-06-05,U00486
2025-06-02,U00487
2025-06-28,U00487
2025-06-30,U00487
2025-07-03,U00487
2025-07-07,U00487
2025-05-18,U00488
2025-05-20,U00488
2025-06-01,U00488
2025-06-09,U00488
2025-06-24,U00488
2025-06-26,U00488
2025-06-25,U00489
2025-07-01,U00489
2025-07-08,U00489
2025-07-12,U00489
2025-07-13,U00489
2025-07-15,U00489
2025-06-01,U00490
2025-06-20,U00490
2025-06-20,U00490
2025-07-02,U00490
2025-07-02,U00490
2025-07-04,U00490
2025-07-08,U00490
2025-07-07,U00491
2025-07-09,U00491
2025-07-09,U00491
2025-07-18,U00491
2025-07-19,U00491
2025-07-24,U00491
2025-07-24,U00491
2025-07-24,U00491
2025-07-26,U00491
2025-07-09,U00492
2025-07-12,U00492
2025-07-16,U00492
2025-07-19,U00492
2025-07-20,U00492
2025-07-21,U00492
2025-07-22,U00492
2025-07-26,U00492
2025-05-17,U00493
2025-05-27,U00493
2025-07-02,U00494
2025-07-03,U00494
2025-07-10,U00494
2025-07-18,U00494
2025-07-19,U00494
2025-07-21,U00494
2025-07-17,U00495
2025-07-31,U00495
2025-06-22,U00496
2025-07-02,U00496
2025-07-08,U00496
2025-07-10,U00496
2025-07-12,U00496
2025-07-13,U00496
2025-07-15,U00496
2025-06-14,U00497
2025-06-17,U00497
2025-06-19,U00497
2025-06-21,U00497
2025-06-23,U00497
2025-06-27,U00497
2025-07-04,U00497
2025-07-05,U00497
2025-07-05,U00497
2025-07-12,U00497
2025-08-17,U00497
2025-07-04,U00498
2025-07-13,U00498
2025-07-23,U00498
2025-06-22,U00499
2025-07-07,U00499
2025-07-01,U00500
2025-07-05,U00500
2025-07-05,U00500
2025-07-06,U00500
2025-07-11,U00500
2025-07-16,U00500
2025-07-22,U00500
2025-07-02,U00501
2025-07-05,U00501
2025-07-17,U00501
2025-07-18,U00501
2025-07-21,U00501
2025-07-22,U00501
2025-07-23,U00501
2025-05-17,U00502
2025-06-21,U00503
2025-06-23,U00503
2025-07-09,U00503
2025-07-13,U00503
2025-06-10,U00504
2025-06-14,U00504
2025-05-19,U00505
2025-06-12,U00505
2025-06-16,U00506
2025-06-26,U00506
2025-07-13,U00506
2025-07-14,U00506
2025-05-17,U00507
2025-07-20,U00508
2025-07-22,U00508
2025-06-04,U00509
2025-06-04,U00509
2025-06-09,U00509
2025-06-18,U00509
2025-06-29,U00510
2025-07-01,U00510
2025-07-01,U00510
2025-07-08,U00510
2025-07-11,U00510
2025-07-14,U00510
2025-07-14,U00510
2025-07-15,U00510
2025-07-19,U00510
2025-05-22,U00511
2025-05-22,U00511
2025-05-28,U00511
2025-08-15,U00511
2025-07-13,U00512
2025-07-14,U00512
2025-07-14,U00512
2025-07-23,U00512
2025-07-23,U00512
2025-07-25,U00512
2025-07-26,U00512
2025-07-27,U00512
2025-06-21,U00513
2025-06-25,U00513
2025-06-27,U00513
2025-07-03,U00513
2025-07-08,U00513
2025-07-15,U00513
2025-05-17,U00514
2025-06-09,U00515
2025-07-11,U00515
2025-06-09,U00516
2025-06-12,U00516
2025-06-15,U00516
2025-06-29,U00516
2025-05-18,U00517
2025-05-25,U00517
2025-06-03,U00517
2025-06-13,U00518
2025-06-26,U00518
2025-06-30,U00518
2025-07-04,U00518
2025-07-04,U00518
2025-07-06,U00518
2025-07-06,U00518
2025-07-07,U00518
2025-07-10,U00518
2025-07-23,U00519
2025-07-31,U00519
2025-05-17,U00520
2025-07-03,U00521
2025-07-07,U00521
2025-07-07,U00521
2025-07-10,U00521
2025-07-10,U00521
2025-07-17,U00521
2025-07-17,U00521
2025-07-19,U00521
2025-06-03,U00522
2025-06-05,U00522
2025-06-09,U00522
2025-06-22,U00522
2025-06-28,U00522
2025-06-30,U00522
2025-07-01,U00522
2025-07-11,U00523
2025-07-12,U00523
2025-07-15,U00523
2025-07-16,U00523
2025-07-17,U00523
2025-07-19,U00523
2025-07-28,U00523
2025-06-16,U00524
2025-06-23,U00524
2025-05-29,U00525
2025-06-01,U00526
2025-06-03,U00526
2025-08-16,U00526
2025-05-17,U00527
2025-05-17,U00528
2025-07-03,U00529
2025-07-14,U00529
2025-07-18,U00529
2025-07-15,U00530
2025-07-23,U00530
2025-06-04,U00531
2025-06-08,U00531
2025-06-15,U00531
2025-06-18,U00531
2025-06-22,U00531
2025-06-26,U00531
2025-06-29,U00531
2025-07-01,U00531
2025-07-09,U00531
2025-07-25,U00532
2025-07-26,U00532
2025-07-26,U00532
2025-07-26,U00532
2025-07-27,U00532
2025-07-27,U00532
2025-07-30,U00532
2025-07-30,U00532
2025-07-31,U00532
2025-07-15,U00533
2025-07-17,U00533
2025-07-18,U00533
2025-07-19,U00533
2025-07-21,U00533
2025-07-21,U00533
2025-07-23,U00533
2025-07-25,U00533
2025-07-26,U00533
2025-07-29,U00533
2025-05-17,U00534
2025-05-19,U00534
2025-05-22,U00534
2025-05-27,U00534
2025-05-31,U00534
2025-06-09,U00534
2025-05-17,U00535
2025-07-21,U00536
2025-07-21,U00536
2025-07-21,U00536
2025-07-22,U00536
2025-07-24,U00536
2025-07-26,U00536
2025-07-27,U00536
2025-07-31,U00536
2025-07-31,U00536
2025-08-01,U00536
2025-05-28,U00537
2025-07-23,U00538
2025-07-27,U00538
2025-07-28,U00538
2025-06-24,U00539
2025-07-07,U00539
2025-07-10,U00539
2025-07-18,U00539
2025-06-10,U00540
2025-07-08,U00540
2025-06-02,U00541
2025-06-02,U00541
2025-06-08,U00541
2025-06-10,U00541
2025-06-21,U00541
2025-06-23,U00541
2025-06-25,U00541
2025-07-03,U00541
2025-07-07,U00541
2025-07-08,U00541
2025-05-17,U00542
2025-07-08,U00543
2025-07-09,U00543
2025-07-14,U00543
2025-07-14,U00543
2025-07-17,U00543
2025-07-20,U00543
2025-07-23,U00543
2025-06-24,U00544
2025-06-25,U00544
2025-06-28,U00544
2025-07-08,U00544
2025-07-09,U00544
2025-07-10,U00544
2025-07-11,U00544
2025-07-13,U00544
2025-07-14,U00544
2025-07-18,U00544
2025-05-21,U00545
2025-06-20,U00545
2025-07-01,U00545
2025-05-17,U00546
2025-05-22,U00547
2025-06-06,U00547
2025-06-13,U00547
2025-06-16,U00547
2025-06-21,U00547
2025-07-07,U00548
2025-07-11,U00548
2025-07-20,U00549
2025-07-20,U00549
2025-07-23,U00549
2025-07-25,U00549
2025-07-27,U00549
2025-07-30,U00549
2025-07-31,U00549
2025-05-17,U00550
2025-07-20,U00551
2025-07-20,U00551
2025-07-22,U00551
2025-07-24,U00551
2025-07-28,U00551
2025-07-29,U00551
2025-08-01,U00551
2025-07-09,U00552
2025-07-13,U00552
2025-07-14,U00552
2025-07-22,U00552
2025-05-18,U00553
2025-05-19,U00553
2025-05-30,U00553
2025-06-06,U00553
2025-05-22,U00554
2025-06-05,U00554
2025-07-03,U00555
2025-07-05,U00555
2025-07-06,U00555
2025-07-08,U00555
2025-07-14,U00555
2025-07-15,U00555
2025-07-20,U00555
2025-07-21,U00555
2025-07-24,U00555
2025-05-31,U00556
2025-06-10,U00556
2025-06-25,U00556
2025-08-15,U00556
2025-07-09,U00557
2025-07-12,U00557
2025-07-19,U00557
2025-07-24,U00557
2025-07-26,U00557
2025-07-29,U00558
2025-07-30,U00558
2025-06-29,U00559
2025-07-09,U00559
2025-07-10,U00559
2025-07-17,U00559
2025-07-17,U00560
2025-07-21,U00560
2025-07-23,U00560
2025-07-24,U00560
2025-07-24,U00560
2025-07-26,U00560
2025-07-26,U00560
2025-07-26,U00560
2025-07-29,U00560
2025-05-28,U00561
2025-06-04,U00561
2025-06-06,U00561
2025-06-08,U00561
2025-07-03,U00561
2025-07-11,U00562
2025-07-14,U00562
2025-07-15,U00562
2025-07-16,U00562
2025-07-22,U00562
2025-07-23,U00562
2025-07-24,U00562
2025-07-25,U00562
2025-07-27,U00562
2025-08-18,U00562
2025-07-23,U00563
2025-07-25,U00563
2025-07-26,U00563
2025-07-28,U00563
2025-08-01,U00563
2025-05-28,U00564
2025-06-01,U00564
2025-06-10,U00564
2025-06-17,U00564
2025-06-19,U00564
2025-06-20,U00564
2025-06-22,U00564
2025-06-28,U00564
2025-07-01,U00564
2025-07-05,U00564
2025-07-13,U00565
2025-07-17,U00565
2025-07-18,U00565
2025-07-19,U00565
2025-07-21,U00565
2025-07-26,U00565
2025-07-26,U00565
2025-07-28,U00565
2025-07-10,U00566
2025-07-13,U00566
2025-07-17,U00566
2025-07-18,U00566
2025-07-21,U00566
2025-07-26,U00566
2025-06-05,U00567
2025-06-24,U00567
2025-06-25,U00567
2025-07-03,U00567
2025-05-20,U00568
2025-05-27,U00569
2025-05-28,U00569
2025-05-31,U00569
2025-06-08,U00569
2025-06-09,U00569
2025-06-10,U00569
2025-06-15,U00569
2025-06-17,U00569
2025-06-20,U00569
2025-07-04,U00569
2025-06-08,U00570
2025-07-08,U00571
2025-07-10,U00571
2025-07-13,U00571
2025-07-13,U00571
2025-07-24,U00571
2025-07-13,U00572
2025-07-17,U00572
2025-07-23,U00572
2025-07-24,U00572
2025-07-27,U00572
2025-06-23,U00573
2025-06-28,U00573
2025-07-03,U00573
2025-07-03,U00573
2025-07-08,U00573
2025-07-12,U00573
2025-07-16,U00573
2025-07-17,U00573
2025-06-25,U00574
2025-06-25,U00574
2025-06-25,U00574
2025-06-26,U00574
2025-07-04,U00574
2025-07-07,U00574
2025-07-18,U00574
2025-07-20,U00574
2025-06-21,U00575
2025-06-21,U00575
2025-06-26,U00575
2025-06-30,U00575
2025-07-02,U00575
2025-07-13,U00575
2025-07-15,U00575
2025-07-18,U00575
2025-07-24,U00576
2025-07-25,U00576
2025-05-21,U00577
2025-05-23,U00577
2025-05-29,U00577
2025-06-10,U00577
2025-06-15,U00577
2025-06-22,U00577
2025-05-18,U00578
2025-07-12,U00579
2025-07-17,U00579
2025-07-20,U00579
2025-07-25,U00579
2025-06-10,U00580
2025-06-11,U00580
2025-06-13,U00580
2025-06-14,U00580
2025-06-20,U00580
2025-06-29,U00580
2025-07-07,U00580
2025-05-17,U00581
2025-08-17,U00581
2025-07-21,U00582
2025-07-21,U00582
2025-07-23,U00582
2025-07-24,U00582
2025-07-26,U00582
2025-07-28,U00582
2025-08-01,U00582
2025-07-18,U00583
2025-07-19,U00583
2025-07-27,U00583
2025-07-29,U00583
2025-06-20,U00584
2025-06-28,U00584
2025-07-04,U00585
2025-07-06,U00585
2025-07-07,U00585
2025-07-08,U00585
2025-07-13,U00585
2025-07-24,U00585
2025-07-13,U00586
2025-07-14,U00586
2025-07-17,U00586
2025-07-18,U00586
2025-07-21,U00586
2025-07-22,U00586
2025-07-23,U00586
2025-07-26,U00586
2025-07-27,U00586
2025-05-26,U00587
2025-06-17,U00587
2025-06-23,U00587
2025-07-03,U00587
2025-05-17,U00588
2025-05-17,U00589
2025-08-19,U00589
2025-05-28,U00590
2025-05-29,U00590
2025-06-22,U00590
2025-06-13,U00591
2025-06-30,U00591
2025-07-08,U00591
2025-06-11,U00592
2025-07-06,U00592
2025-07-20,U00593
2025-07-22,U00593
2025-07-31,U00593
2025-05-19,U00594
2025-05-20,U00594
2025-05-20,U00594
2025-06-14,U00594
2025-08-17,U00594
2025-07-03,U00595
2025-07-11,U00595
2025-07-12,U00595
2025-07-23,U00595
2025-05-19,U00596
2025-08-18,U00596
2025-06-04,U00597
2025-06-11,U00597
2025-06-13,U00597
2025-06-23,U00597
2025-06-20,U00598
2025-07-01,U00598
2025-07-02,U00598
2025-07-07,U00598
2025-07-07,U00598
2025-07-13,U00598
2025-07-15,U00598
2025-07-17,U00598
2025-06-22,U00599
2025-06-24,U00599
2025-06-25,U00599
2025-06-29,U00599
2025-07-11,U00599
2025-07-13,U00599
2025-07-14,U00599
2025-07-14,U00599
2025-07-18,U00599
2025-06-09,U00600
2025-06-10,U00600
2025-06-15,U00600
2025-06-20,U00600
2025-06-22,U00600
2025-06-24,U00600
2025-07-08,U00600
2025-07-12,U00600
2025-06-07,U00601
2025-06-08,U00601
2025-06-13,U00601
2025-05-19,U00602
2025-05-20,U00602
2025-06-15,U00602
2025-06-20,U00602
2025-05-25,U00603
2025-05-17,U00604
2025-06-18,U00605
2025-06-20,U00605
2025-06-20,U00605
2025-06-27,U00605
2025-07-01,U00605
2025-07-14,U00605
2025-07-15,U00605
2025-08-16,U00605
2025-07-27,U00606
2025-07-30,U00606
2025-07-30,U00606
2025-07-30,U00606
2025-08-01,U00606
2025-07-11,U00607
2025-07-26,U00607
2025-07-01,U00608
2025-07-03,U00608
2025-07-13,U00608
2025-07-14,U00608
2025-07-19,U00608
2025-07-21,U00608
2025-07-07,U00609
2025-07-16,U00609
2025-07-16,U00610
2025-07-27,U00610
2025-05-24,U00611
2025-06-02,U00611
2025-06-28,U00611
2025-05-22,U00612
2025-05-27,U00613
2025-07-04,U00614
2025-07-06,U00614
2025-07-06,U00614
2025-07-08,U00614
2025-07-09,U00614
2025-07-11,U00614
2025-07-18,U00614
2025-07-20,U00614
2025-07-23,U00614
2025-05-17,U00615
2025-05-18,U00615
2025-06-03,U00615
2025-06-06,U00615
2025-06-18,U00615
2025-07-19,U00616
2025-07-19,U00616
2025-07-22,U00616
2025-07-27,U00616
2025-07-31,U00616
2025-07-11,U00617
2025-07-16,U00617
2025-07-16,U00617
2025-07-23,U00617
2025-08-21,U00617
2025-05-25,U00618
2025-05-30,U00618
2025-06-02,U00618
2025-06-03,U00618
2025-06-04,U00618
2025-06-05,U00618
2025-05-28,U00619
2025-06-08,U00619
2025-06-13,U00619
2025-07-11,U00620
2025-07-12,U00620
2025-07-13,U00620
2025-07-18,U00620
2025-07-27,U00620
2025-07-28,U00620
2025-05-26,U00621
2025-06-05,U00621
2025-06-06,U00621
2025-06-06,U00621
2025-06-14,U00621
2025-06-15,U00621
2025-06-28,U00622
2025-06-30,U00622
2025-07-07,U00622
2025-07-08,U00622
2025-07-09,U00622
2025-07-12,U00622
2025-06-18,U00623
2025-07-13,U00623
2025-07-16,U00623
2025-06-12,U00624
2025-06-24,U00624
2025-07-02,U00624
2025-07-08,U00624
2025-07-13,U00624
2025-05-17,U00625
2025-06-07,U00626
2025-06-13,U00626
2025-07-06,U00626
2025-07-10,U00626
2025-05-23,U00627
2025-06-04,U00627
2025-06-05,U00627
2025-06-05,U00627
2025-06-06,U00627
2025-06-17,U00627
2025-06-23,U00627
2025-06-27,U00627
2025-05-26,U00628
2025-05-17,U00629
2025-05-27,U00629
2025-06-18,U00629
2025-08-16,U00629
2025-06-10,U00630
2025-06-17,U00630
2025-06-20,U00630
2025-06-23,U00630
2025-06-23,U00630
2025-06-27,U00630
2025-07-07,U00630
2025-07-09,U00630
2025-07-10,U00630
2025-06-28,U00631
2025-07-03,U00631
2025-07-05,U00631
2025-07-06,U00631
2025-07-10,U00631
2025-07-20,U00631
2025-07-21,U00632
2025-07-22,U00632
2025-07-23,U00632
2025-07-26,U00632
2025-07-28,U00632
2025-07-28,U00632
2025-07-29,U00632
2025-07-29,U00632
2025-07-31,U00632
2025-08-01,U00632
2025-07-09,U00633
2025-07-10,U00633
2025-07-25,U00633
2025-05-20,U00634
2025-06-30,U00634
2025-07-11,U00635
2025-07-13,U00635
2025-07-15,U00635
2025-07-24,U00635
2025-07-25,U00635
2025-07-26,U00635
2025-05-17,U00636
2025-05-24,U00637
2025-06-07,U00637
2025-06-12,U00637
2025-06-12,U00637
2025-06-12,U00637
2025-06-14,U00637
2025-07-03,U00637
2025-07-16,U00638
2025-07-18,U00638
2025-07-20,U00638
2025-07-22,U00638
2025-07-22,U00638
2025-07-24,U00638
2025-07-27,U00638
2025-07-27,U00638
2025-07-28,U00638
2025-06-11,U00639
2025-06-11,U00639
2025-06-13,U00639
2025-06-22,U00639
2025-07-11,U00639
2025-07-11,U00639
2025-07-12,U00639
2025-08-20,U00639
2025-07-18,U00640
2025-07-26,U00640
2025-06-03,U00641
2025-06-06,U00641
2025-06-15,U00641
2025-06-22,U00641
2025-06-23,U00641
2025-06-24,U00641
2025-06-30,U00641
2025-07-09,U00641
2025-07-08,U00642
2025-07-16,U00642
2025-07-16,U00642
2025-07-19,U00642
2025-07-23,U00642
2025-06-09,U00643
2025-08-20,U00643
2025-07-11,U00644
2025-07-13,U00644
2025-07-15,U00644
2025-07-23,U00644
2025-07-25,U00644
2025-07-27,U00644
2025-06-13,U00645
2025-06-16,U00645
2025-06-20,U00645
2025-06-24,U00645
2025-06-26,U00645
2025-07-08,U00645
2025-07-12,U00645
2025-07-13,U00645
2025-05-19,U00646
2025-06-10,U00647
2025-06-20,U00647
2025-06-22,U00647
2025-07-04,U00647
2025-07-04,U00647
2025-07-12,U00647
2025-05-17,U00648
2025-05-21,U00649
2025-05-21,U00649
2025-05-21,U00649
2025-05-24,U00649
2025-05-25,U00649
2025-05-26,U00649
2025-06-16,U00649
2025-06-25,U00649
2025-06-05,U00650
2025-06-07,U00650
2025-06-08,U00650
2025-06-13,U00650
2025-06-25,U00650
2025-06-27,U00650
2025-07-07,U00650
2025-06-10,U00651
2025-06-14,U00651
2025-06-20,U00651
2025-06-26,U00651
2025-06-29,U00651
2025-07-12,U00651
2025-05-28,U00652
2025-06-07,U00652
2025-06-13,U00652
2025-06-21,U00652
2025-06-25,U00652
2025-06-25,U00652
2025-07-01,U00652
2025-07-06,U00652
2025-07-17,U00653
2025-07-22,U00653
2025-07-26,U00653
2025-07-30,U00653
2025-06-29,U00654
2025-07-07,U00654
2025-07-08,U00654
2025-07-09,U00654
2025-07-11,U00654
2025-07-11,U00654
2025-07-15,U00654
2025-07-19,U00654
2025-07-21,U00654
2025-07-20,U00655
2025-07-23,U00655
2025-08-01,U00655
2025-05-17,U00656
2025-05-22,U00657
2025-07-19,U00658
2025-07-19,U00658
2025-07-20,U00658
2025-07-21,U00658
2025-07-25,U00658
2025-07-26,U00658
2025-07-30,U00658
2025-08-01,U00658
2025-07-02,U00659
2025-07-02,U00659
2025-07-08,U00659
2025-07-08,U00659
2025-07-16,U00659
2025-07-17,U00659
2025-07-17,U00659
2025-07-21,U00659
2025-05-17,U00660
2025-06-02,U00660
2025-07-11,U00661
2025-07-13,U00661
2025-07-15,U00661
2025-07-17,U00661
2025-07-18,U00661
2025-07-19,U00661
2025-07-19,U00661
2025-07-23,U00661
2025-07-26,U00661
2025-07-28,U00661
2025-05-26,U00662
2025-06-03,U00662
2025-06-13,U00662
2025-06-15,U00662
2025-06-17,U00662
2025-06-22,U00662
2025-06-23,U00662
2025-07-16,U00663
2025-07-16,U00663
2025-07-25,U00663
2025-07-28,U00663
2025-05-19,U00664
2025-05-25,U00664
2025-05-28,U00664
2025-06-01,U00664
2025-08-16,U00664
2025-05-26,U00665
2025-05-26,U00665
2025-06-07,U00665
2025-06-27,U00665
2025-08-19,U00665
2025-06-20,U00666
2025-06-21,U00666
2025-07-08,U00666
2025-07-16,U00666
2025-06-17,U00667
2025-06-20,U00667
2025-06-21,U00667
2025-06-24,U00667
2025-07-02,U00667
2025-07-03,U00667
2025-07-03,U00667
2025-07-12,U00667
2025-07-16,U00667
2025-08-21,U00667
2025-05-17,U00668
2025-05-25,U00668
2025-06-23,U00668
2025-07-11,U00669
2025-07-17,U00669
2025-07-20,U00669
2025-07-20,U00669
2025-07-22,U00669
2025-07-28,U00669
2025-05-18,U00670
2025-05-20,U00670
2025-05-17,U00671
2025-05-26,U00671
2025-06-06,U00671
2025-06-19,U00671
2025-06-25,U00672
2025-06-26,U00672
2025-06-27,U00672
2025-06-28,U00672
2025-06-30,U00672
2025-07-02,U00672
2025-07-04,U00672
2025-07-04,U00672
2025-07-09,U00672
2025-07-12,U00672
2025-05-17,U00673
2025-06-01,U00674
2025-06-25,U00674
2025-07-01,U00674
2025-06-07,U00675
2025-06-10,U00675
2025-06-10,U00675
2025-06-21,U00675
2025-06-25,U00675
2025-06-27,U00675
2025-06-30,U00675
2025-06-30,U00675
2025-07-06,U00675
2025-07-08,U00675
2025-08-15,U00675
2025-05-27,U00676
2025-06-02,U00676
2025-06-03,U00676
2025-06-04,U00676
2025-06-07,U00676
2025-06-08,U00676
2025-07-02,U00676
2025-08-16,U00676
2025-07-24,U00677
2025-07-26,U00677
2025-08-01,U00677
2025-06-30,U00678
2025-07-15,U00678
2025-07-16,U00678
2025-07-17,U00678
2025-07-21,U00678
2025-06-28,U00679
2025-07-06,U00679
2025-07-07,U00679
2025-07-09,U00679
2025-07-13,U00679
2025-07-18,U00679
2025-07-21,U00679
2025-06-20,U00680
2025-06-27,U00680
2025-06-29,U00680
2025-07-02,U00680
2025-07-08,U00680
2025-07-10,U00680
2025-07-11,U00680
2025-07-16,U00680
2025-06-12,U00681
2025-06-15,U00681
2025-07-02,U00681
2025-07-04,U00681
2025-07-07,U00681
2025-07-09,U00681
2025-07-13,U00681
2025-05-21,U00682
2025-06-18,U00682
2025-05-22,U00683
2025-05-31,U00683
2025-06-16,U00683
2025-06-17,U00683
2025-05-20,U00684
2025-06-02,U00684
2025-06-03,U00684
2025-06-05,U00684
2025-06-10,U00684
2025-06-16,U00684
2025-05-20,U00685
2025-05-22,U00685
2025-05-23,U00685
2025-05-25,U00685
2025-06-16,U00685
2025-06-25,U00685
2025-06-20,U00686
2025-07-12,U00686
2025-07-13,U00686
2025-07-16,U00686
2025-07-09,U00687
2025-07-12,U00687
2025-07-14,U00687
2025-07-17,U00687
2025-07-18,U00687
2025-07-21,U00687
2025-07-26,U00687
2025-07-27,U00687
2025-07-09,U00688
2025-07-10,U00688
2025-07-12,U00688
2025-07-19,U00688
2025-07-20,U00688
2025-07-20,U00688
2025-07-24,U00688
2025-07-24,U00688
2025-07-25,U00688
2025-07-08,U00689
2025-07-13,U00689
2025-07-23,U00689
2025-07-26,U00689
2025-06-09,U00690
2025-06-13,U00690
2025-06-16,U00690
2025-07-04,U00690
2025-05-17,U00691
2025-05-29,U00692
2025-06-03,U00692
2025-06-06,U00692
2025-06-26,U00693
2025-06-30,U00693
2025-07-04,U00693
2025-07-05,U00693
2025-07-12,U00693
2025-07-13,U00693
2025-07-17,U00693
2025-07-17,U00693
2025-07-19,U00693
2025-07-20,U00694
2025-07-22,U00694
2025-07-24,U00694
2025-06-06,U00695
2025-06-26,U00695
2025-05-19,U00696
2025-06-12,U00696
2025-06-17,U00696
2025-06-25,U00696
2025-06-29,U00697
2025-06-30,U00697
2025-07-02,U00697
2025-07-03,U00697
2025-07-07,U00697
2025-07-15,U00697
2025-07-17,U00697
2025-07-17,U00697
2025-07-21,U00697
2025-05-17,U00698
2025-05-18,U00699
2025-05-20,U00699
2025-05-24,U00699
2025-05-26,U00699
2025-05-26,U00699
2025-06-01,U00699
2025-06-06,U00699
2025-06-16,U00699
2025-06-23,U00699
2025-05-26,U00700
2025-06-02,U00700
2025-06-08,U00700
2025-06-09,U00700
2025-06-15,U00700
2025-06-17,U00700
2025-07-05,U00700
2025-05-25,U00701
2025-06-01,U00701
2025-06-01,U00701
2025-06-04,U00701
2025-06-12,U00701
2025-06-17,U00701
2025-06-18,U00701
2025-06-19,U00701
2025-06-30,U00701
2025-07-03,U00701
2025-05-17,U00702
2025-05-26,U00702
2025-05-30,U00702
2025-05-20,U00703
2025-05-23,U00703
2025-06-03,U00703
2025-06-18,U00703
2025-06-18,U00703
2025-06-21,U00703
2025-06-23,U00703
2025-06-29,U00703
2025-06-30,U00703
2025-05-17,U00704
2025-05-19,U00705
2025-08-20,U00705
2025-07-18,U00706
2025-07-23,U00706
2025-07-23,U00706
2025-07-24,U00706
2025-07-29,U00706
2025-07-29,U00706
2025-07-30,U00706
2025-07-31,U00706
2025-06-02,U00707
2025-07-18,U00708
2025-07-27,U00708
2025-07-14,U00709
2025-07-23,U00709
2025-05-21,U00710
2025-06-06,U00710
2025-06-18,U00710
2025-05-18,U00711
2025-05-22,U00711
2025-07-01,U00711
2025-06-15,U00712
2025-06-29,U00712
2025-07-07,U00712
2025-07-08,U00712
2025-07-14,U00712
2025-07-07,U00713
2025-07-15,U00713
2025-07-16,U00713
2025-07-24,U00713
2025-05-31,U00714
2025-06-18,U00714
2025-07-05,U00714
2025-06-05,U00715
2025-06-28,U00715
2025-06-12,U00716
2025-06-18,U00716
2025-06-19,U00716
2025-06-24,U00716
2025-07-12,U00716
2025-06-05,U00717
2025-06-18,U00717
2025-06-19,U00717
2025-07-05,U00718
2025-07-13,U00718
2025-07-21,U00718
2025-07-25,U00718
2025-07-19,U00719
2025-07-23,U00719
2025-07-25,U00719
2025-07-26,U00719
2025-07-26,U00719
2025-07-26,U00719
2025-07-29,U00719
2025-07-31,U00719
2025-08-01,U00719
2025-05-21,U00720
2025-06-04,U00720
2025-06-23,U00720
2025-06-28,U00720
2025-05-23,U00721
2025-05-26,U00721
2025-05-30,U00721
2025-05-20,U00722
2025-05-22,U00722
2025-05-24,U00722
2025-05-30,U00722
2025-06-02,U00722
2025-06-12,U00722
2025-06-12,U00722
2025-06-27,U00722
2025-06-28,U00722
2025-07-02,U00722
2025-06-28,U00723
2025-07-12,U00723
2025-07-13,U00723
2025-07-14,U00723
2025-07-21,U00723
2025-05-17,U00724
2025-06-18,U00724
2025-05-19,U00725
2025-05-22,U00725
2025-05-28,U00725
2025-06-19,U00725
2025-06-15,U00726
2025-06-18,U00726
2025-06-27,U00726
2025-06-29,U00726
2025-07-02,U00726
2025-07-09,U00726
2025-07-13,U00726
2025-07-14,U00726
2025-07-25,U00727
2025-07-29,U00727
2025-05-21,U00728
2025-05-30,U00728
2025-06-05,U00728
2025-05-19,U00729
2025-05-21,U00729
2025-05-25,U00729
2025-05-26,U00729
2025-06-12,U00729
2025-06-14,U00729
2025-06-20,U00729
2025-07-02,U00730
2025-07-05,U00730
2025-07-07,U00730
2025-07-09,U00730
2025-07-14,U00730
2025-07-19,U00730
2025-07-23,U00730
2025-05-17,U00731
2025-07-29,U00732
2025-08-01,U00732
2025-08-18,U00732
2025-07-07,U00733
2025-07-08,U00733
2025-07-20,U00733
2025-07-23,U00733
2025-05-17,U00734
2025-07-19,U00735
2025-07-20,U00735
2025-07-22,U00735
2025-08-19,U00735
2025-06-21,U00736
2025-06-23,U00736
2025-06-23,U00736
2025-06-27,U00736
2025-06-29,U00736
2025-07-11,U00736
2025-07-11,U00736
2025-07-12,U00736
2025-07-16,U00736
2025-05-20,U00737
2025-05-21,U00737
2025-05-23,U00737
2025-05-26,U00737
2025-05-28,U00737
2025-05-28,U00737
2025-06-21,U00737
2025-06-29,U00738
2025-07-06,U00738
2025-07-17,U00738
2025-07-18,U00738
2025-07-19,U00738
2025-07-12,U00739
2025-07-15,U00739
2025-07-22,U00739
2025-07-26,U00739
2025-07-28,U00739
2025-07-16,U00740
2025-07-20,U00740
2025-07-21,U00740
2025-07-27,U00740
2025-07-28,U00740
2025-07-29,U00740
2025-05-25,U00741
2025-06-01,U00741
2025-06-04,U00741
2025-06-22,U00741
2025-06-23,U00741
2025-06-26,U00741
2025-07-01,U00741
2025-07-02,U00741
2025-05-31,U00742
2025-06-04,U00742
2025-06-06,U00742
2025-06-17,U00742
2025-07-07,U00742
2025-06-18,U00743
2025-06-20,U00743
2025-06-22,U00743
2025-06-29,U00743
2025-07-05,U00743
2025-07-06,U00743
2025-07-13,U00743
2025-07-14,U00743
2025-07-15,U00743
2025-07-16,U00743
2025-05-29,U00744
2025-06-01,U00744
2025-06-18,U00744
2025-06-18,U00744
2025-07-06,U00744
2025-05-17,U00745
2025-07-10,U00746
2025-07-20,U00746
2025-07-27,U00746
2025-07-11,U00747
2025-07-16,U00747
2025-07-22,U00747
2025-07-27,U00747
2025-06-22,U00748
2025-07-03,U00748
2025-07-16,U00748
2025-06-04,U00749
2025-06-09,U00749
2025-06-12,U00749
2025-06-17,U00749
2025-06-25,U00749
2025-06-04,U00750
2025-06-30,U00750
2025-07-08,U00750
2025-06-24,U00751
2025-06-25,U00751
2025-06-26,U00751
2025-06-26,U00751
2025-06-30,U00751
2025-07-09,U00751
2025-07-10,U00751
2025-07-16,U00751
2025-07-10,U00752
2025-07-23,U00752
2025-07-26,U00752
2025-07-27,U00752
2025-06-23,U00753
2025-06-23,U00753
2025-06-25,U00753
2025-06-30,U00753
2025-07-09,U00753
2025-07-10,U00753
2025-07-16,U00753
2025-07-17,U00753
2025-06-30,U00754
2025-06-30,U00754
2025-07-02,U00754
2025-07-06,U00754
2025-07-07,U00754
2025-07-09,U00754
2025-07-12,U00754
2025-07-13,U00754
2025-07-16,U00754
2025-07-20,U00754
2025-07-03,U00755
2025-07-03,U00755
2025-07-07,U00755
2025-07-08,U00755
2025-07-17,U00755
2025-07-19,U00755
2025-07-22,U00755
2025-07-10,U00756
2025-07-18,U00756
2025-07-24,U00756
2025-07-26,U00756
2025-07-27,U00756
2025-06-29,U00757
2025-07-05,U00757
2025-07-14,U00757
2025-07-18,U00757
2025-07-17,U00758
2025-07-23,U00758
2025-07-24,U00758
2025-07-24,U00758
2025-07-24,U00758
2025-07-24,U00758
2025-07-26,U00758
2025-07-27,U00758
2025-07-29,U00758
2025-07-31,U00758
2025-05-26,U00759
2025-06-10,U00759
2025-06-20,U00759
2025-06-24,U00759
2025-07-08,U00760
2025-07-12,U00760
2025-07-14,U00760
2025-07-23,U00760
2025-07-25,U00760
2025-07-26,U00760
2025-05-23,U00761
2025-06-16,U00761
2025-06-18,U00761
2025-06-21,U00761
2025-07-15,U00762
2025-07-17,U00762
2025-07-19,U00762
2025-07-20,U00762
2025-07-23,U00762
2025-07-03,U00763
2025-07-18,U00763
2025-07-20,U00764
2025-07-21,U00764
2025-07-21,U00764
2025-07-22,U00764
2025-07-22,U00764
2025-07-22,U00764
2025-07-27,U00764
2025-07-29,U00764
2025-08-01,U00764
2025-08-19,U00764
2025-05-25,U00765
2025-06-13,U00765
2025-05-31,U00766
2025-06-10,U00767
2025-06-12,U00767
2025-06-18,U00767
2025-06-21,U00767
2025-06-22,U00767
2025-07-05,U00767
2025-07-05,U00767
2025-07-08,U00767
2025-07-11,U00767
2025-05-22,U00768
2025-05-20,U00769
2025-05-26,U00769
2025-05-21,U00770
2025-05-23,U00770
2025-05-29,U00770
2025-05-31,U00770
2025-06-06,U00770
2025-06-08,U00770
2025-05-28,U00771
2025-05-31,U00771
2025-06-04,U00771
2025-07-15,U00772
2025-07-20,U00772
2025-07-22,U00772
2025-07-23,U00772
2025-07-23,U00772
2025-07-24,U00772
2025-07-26,U00772
2025-07-27,U00772
2025-07-30,U00772
2025-05-31,U00773
2025-06-01,U00773
2025-06-04,U00773
2025-06-07,U00773
2025-06-16,U00773
2025-06-17,U00773
2025-06-19,U00773
2025-07-04,U00773
2025-06-12,U00774
2025-06-18,U00774
2025-07-05,U00774
2025-07-13,U00774
2025-08-17,U00774
2025-07-12,U00775
2025-07-15,U00775
2025-07-22,U00775
2025-07-23,U00775
2025-07-27,U00775
2025-05-29,U00776
2025-06-03,U00776
2025-06-23,U00776
2025-06-26,U00776
2025-05-28,U00777
2025-06-09,U00777
2025-06-07,U00778
2025-06-11,U00778
2025-06-12,U00778
2025-06-19,U00778
2025-06-22,U00778
2025-06-23,U00778
2025-07-09,U00778
2025-07-11,U00778
2025-06-04,U00779
2025-07-17,U00780
2025-07-20,U00780
2025-07-20,U00780
2025-07-22,U00780
2025-07-23,U00780
2025-07-23,U00780
2025-07-24,U00780
2025-07-26,U00780
2025-07-28,U00780
2025-07-30,U00780
2025-05-17,U00781
2025-05-17,U00782
2025-05-29,U00782
2025-06-18,U00782
2025-08-20,U00782
2025-05-17,U00783
2025-05-22,U00783
2025-05-23,U00783
2025-05-30,U00783
2025-06-02,U00783
2025-06-17,U00783
2025-06-26,U00784
2025-07-02,U00784
2025-07-07,U00784
2025-07-09,U00784
2025-07-11,U00784
2025-07-17,U00784
2025-06-25,U00785
2025-06-26,U00785
2025-07-03,U00785
2025-07-20,U00785
2025-05-27,U00786
2025-05-17,U00787
2025-05-20,U00788
2025-05-25,U00788
2025-06-05,U00788
2025-06-13,U00788
2025-06-14,U00788
2025-06-24,U00788
2025-05-21,U00789
2025-06-07,U00789
2025-06-07,U00789
2025-06-13,U00789
2025-06-21,U00789
2025-08-18,U00789
2025-07-16,U00790
2025-07-20,U00790
2025-07-23,U00790
2025-07-25,U00790
2025-07-25,U00790
2025-07-30,U00790
2025-07-21,U00791
2025-07-23,U00791
2025-07-30,U00791
2025-08-16,U00791
2025-06-27,U00792
2025-07-12,U00792
2025-05-21,U00793
2025-05-25,U00793
2025-05-28,U00793
2025-08-15,U00793
2025-06-25,U00794
2025-06-28,U00794
2025-07-03,U00794
2025-07-07,U00794
2025-07-14,U00794
2025-07-20,U00794
2025-07-12,U00795
2025-07-25,U00795
2025-05-17,U00796
2025-05-27,U00797
2025-05-29,U00797
2025-06-01,U00797
2025-06-05,U00797
2025-06-06,U00797
2025-06-09,U00797
2025-06-09,U00797
2025-06-16,U00797
2025-06-22,U00797
2025-07-05,U00797
2025-05-20,U00798
2025-07-17,U00799
2025-07-17,U00799
2025-07-19,U00799
2025-07-22,U00799
2025-07-23,U00799
2025-07-24,U00799
2025-07-24,U00799
2025-07-25,U00799
2025-07-25,U00799
2025-07-28,U00799
2025-05-20,U00800
2025-07-17,U00801
2025-07-18,U00801
2025-07-22,U00801
2025-07-23,U00801
2025-07-30,U00801
2025-07-09,U00802
2025-07-10,U00802
2025-07-18,U00802
2025-07-22,U00802
2025-07-21,U00803
2025-08-01,U00803
2025-05-17,U00804
2025-06-14,U00805
2025-06-26,U00805
2025-06-30,U00805
2025-07-03,U00805
2025-07-05,U00805
2025-07-11,U00805
2025-05-25,U00806
2025-06-26,U00806
2025-06-07,U00807
2025-06-12,U00807
2025-06-15,U00807
2025-06-19,U00807
2025-06-23,U00807
2025-06-27,U00807
2025-07-01,U00807
2025-07-04,U00807
2025-07-09,U00807
2025-06-02,U00808
2025-06-05,U00808
2025-06-05,U00808
2025-06-13,U00808
2025-06-18,U00808
2025-06-19,U00808
2025-07-07,U00808
2025-06-13,U00809
2025-06-22,U00809
2025-06-24,U00809
2025-06-25,U00809
2025-06-27,U00809
2025-07-04,U00809
2025-07-05,U00809
2025-07-14,U00809
2025-05-18,U00810
2025-05-29,U00810
2025-05-29,U00810
2025-06-02,U00810
2025-06-19,U00810
2025-06-29,U00810
2025-06-30,U00810
2025-06-13,U00811
2025-06-22,U00811
2025-06-28,U00811
2025-07-01,U00811
2025-07-23,U00812
2025-07-24,U00812
2025-07-24,U00812
2025-07-25,U00812
2025-07-26,U00812
2025-08-01,U00812
2025-07-23,U00813
2025-07-24,U00813
2025-07-25,U00813
2025-07-29,U00813
2025-07-31,U00813
2025-07-15,U00814
2025-07-16,U00814
2025-07-30,U00814
2025-07-19,U00815
2025-07-23,U00815
2025-07-24,U00815
2025-07-27,U00815
2025-07-29,U00815
2025-06-28,U00816
2025-06-30,U00816
2025-07-05,U00816
2025-07-12,U00816
2025-07-14,U00816
2025-08-18,U00816
2025-05-26,U00817
2025-06-03,U00817
2025-06-11,U00817
2025-07-14,U00818
2025-07-22,U00818
2025-07-26,U00818
2025-07-13,U00819
2025-07-20,U00819
2025-07-24,U00819
2025-07-25,U00819
2025-07-25,U00819
2025-07-25,U00819
2025-07-27,U00819
2025-07-28,U00819
2025-05-17,U00820
2025-05-24,U00820
2025-08-20,U00820
2025-07-01,U00821
2025-07-03,U00821
2025-07-05,U00821
2025-07-09,U00821
2025-07-09,U00821
2025-07-12,U00821
2025-07-13,U00821
2025-07-14,U00821
2025-07-14,U00821
2025-07-22,U00821
2025-05-18,U00822
2025-05-19,U00822
2025-08-17,U00822
2025-05-17,U00823
2025-06-24,U00824
2025-06-24,U00824
2025-07-02,U00824
2025-07-07,U00824
2025-07-10,U00824
2025-07-11,U00824
2025-07-12,U00824
2025-07-13,U00824
2025-07-19,U00824
2025-06-10,U00825
2025-06-10,U00825
2025-06-12,U00825
2025-06-21,U00825
2025-06-29,U00825
2025-07-04,U00825
2025-07-10,U00825
2025-07-12,U00825
2025-06-25,U00826
2025-07-03,U00826
2025-07-08,U00826
2025-07-10,U00826
2025-07-15,U00826
2025-07-16,U00826
2025-07-20,U00826
2025-06-29,U00827
2025-07-05,U00827
2025-07-21,U00827
2025-07-04,U00828
2025-07-22,U00828
2025-07-24,U00828
2025-05-18,U00829
2025-05-30,U00829
2025-06-12,U00829
2025-06-05,U00830
2025-06-13,U00830
2025-06-15,U00830
2025-06-16,U00830
2025-06-17,U00830
2025-07-08,U00830
2025-07-18,U00831
2025-07-20,U00831
2025-07-22,U00831
2025-07-26,U00831
2025-07-30,U00831
2025-07-31,U00831
2025-07-18,U00832
2025-07-23,U00832
2025-07-24,U00832
2025-07-29,U00832
2025-06-30,U00833
2025-06-30,U00833
2025-07-03,U00833
2025-07-08,U00833
2025-07-20,U00833
2025-07-01,U00834
2025-07-04,U00834
2025-07-11,U00834
2025-07-14,U00834
2025-07-20,U00835
2025-07-20,U00835
2025-07-21,U00835
2025-07-22,U00835
2025-07-22,U00835
2025-07-22,U00835
2025-07-27,U00835
2025-07-27,U00835
2025-08-01,U00835
2025-05-25,U00836
2025-08-19,U00836
2025-05-25,U00837
2025-05-26,U00837
2025-06-18,U00837
2025-06-21,U00837
2025-06-22,U00837
2025-07-22,U00838
2025-07-27,U00838
2025-07-30,U00838
2025-07-31,U00838
2025-06-09,U00839
2025-06-02,U00840
2025-06-04,U00840
2025-06-07,U00840
2025-06-17,U00840
2025-06-26,U00840
2025-05-19,U00841
2025-05-19,U00841
2025-06-02,U00841
2025-06-24,U00841
2025-06-25,U00841
2025-06-29,U00841
2025-06-30,U00841
2025-07-11,U00842
2025-07-17,U00842
2025-07-18,U00842
2025-07-19,U00842
2025-07-19,U00842
2025-07-20,U00842
2025-07-23,U00842
2025-07-23,U00842
2025-07-25,U00842
2025-07-28,U00842
2025-08-20,U00842
2025-05-19,U00843
2025-05-26,U00843
2025-06-27,U00843
2025-06-09,U00844
2025-06-12,U00844
2025-06-20,U00844
2025-06-24,U00844
2025-06-27,U00844
2025-07-07,U00844
2025-07-09,U00844
2025-07-10,U00844
2025-07-11,U00844
2025-07-10,U00845
2025-07-21,U00845
2025-07-27,U00845
2025-06-16,U00846
2025-07-04,U00846
2025-07-06,U00846
2025-07-09,U00846
2025-07-13,U00846
2025-07-13,U00847
2025-07-27,U00847
2025-06-24,U00848
2025-06-25,U00848
2025-07-01,U00848
2025-07-02,U00848
2025-07-03,U00848
2025-07-06,U00848
2025-07-07,U00848
2025-07-11,U00848
2025-07-16,U00848
2025-07-19,U00848
2025-06-18,U00849
2025-06-24,U00849
2025-06-24,U00849
2025-06-26,U00849
2025-06-30,U00849
2025-07-11,U00849
2025-07-13,U00849
2025-07-14,U00849
2025-07-16,U00849
2025-07-12,U00850
2025-07-23,U00850
2025-06-18,U00851
2025-06-20,U00851
2025-06-20,U00851
2025-06-21,U00851
2025-06-25,U00851
2025-07-08,U00851
2025-07-09,U00851
2025-07-14,U00851
2025-05-20,U00852
2025-07-19,U00853
2025-07-19,U00853
2025-07-21,U00853
2025-07-26,U00853
2025-07-28,U00853
2025-08-01,U00853
2025-06-16,U00854
2025-07-06,U00854
2025-08-16,U00854
2025-05-18,U00855
2025-06-05,U00855
2025-06-08,U00855
2025-08-20,U00855
2025-07-16,U00856
2025-07-17,U00856
2025-07-18,U00856
2025-07-19,U00856
2025-07-19,U00856
2025-07-25,U00856
2025-07-28,U00856
2025-07-29,U00856
2025-07-14,U00857
2025-07-14,U00857
2025-07-14,U00857
2025-07-15,U00857
2025-07-17,U00857
2025-07-19,U00857
2025-07-20,U00857
2025-07-27,U00857
2025-07-27,U00857
2025-07-29,U00857
2025-06-02,U00858
2025-06-09,U00858
2025-06-10,U00858
2025-06-20,U00858
2025-05-31,U00859
2025-06-15,U00859
2025-05-27,U00860
2025-05-30,U00860
2025-05-31,U00860
2025-06-08,U00860
2025-06-16,U00860
2025-06-17,U00860
2025-06-18,U00860
2025-06-25,U00860
2025-07-01,U00860
2025-05-24,U00861
2025-05-26,U00861
2025-05-29,U00861
2025-06-12,U00861
2025-06-13,U00861
2025-06-19,U00861
2025-06-27,U00861
2025-06-27,U00861
2025-07-03,U00861
2025-08-17,U00861
2025-06-22,U00862
2025-06-28,U00862
2025-06-30,U00862
2025-07-06,U00862
2025-07-16,U00862
2025-07-18,U00862
2025-06-23,U00863
2025-07-03,U00863
2025-07-11,U00863
2025-07-15,U00863
2025-07-09,U00864
2025-07-19,U00864
2025-05-26,U00865
2025-05-26,U00865
2025-05-27,U00865
2025-05-27,U00865
2025-06-01,U00865
2025-06-01,U00865
2025-06-06,U00865
2025-06-10,U00865
2025-06-25,U00865
2025-07-02,U00865
2025-05-26,U00866
2025-05-29,U00866
2025-06-11,U00866
2025-06-22,U00866
2025-06-24,U00866
2025-05-25,U00867
2025-05-29,U00867
2025-06-03,U00867
2025-06-07,U00867
2025-06-09,U00867
2025-06-15,U00867
2025-06-28,U00867
2025-07-11,U00868
2025-07-14,U00868
2025-07-20,U00868
2025-07-23,U00868
2025-07-27,U00868
2025-07-28,U00868
2025-06-02,U00869
2025-06-06,U00869
2025-07-15,U00870
2025-07-17,U00870
2025-07-21,U00870
2025-07-24,U00870
2025-07-25,U00870
2025-07-26,U00870
2025-07-26,U00870
2025-07-27,U00870
2025-07-30,U00870
2025-06-16,U00871
2025-06-26,U00871
2025-07-01,U00871
2025-07-01,U00871
2025-07-02,U00871
2025-07-05,U00871
2025-07-07,U00871
2025-07-19,U00872
2025-07-21,U00872
2025-07-24,U00872
2025-07-24,U00872
2025-07-24,U00872
2025-07-31,U00872
2025-08-01,U00872
2025-06-01,U00873
2025-06-05,U00873
2025-06-06,U00873
2025-06-18,U00873
2025-06-24,U00873
2025-06-28,U00873
2025-07-08,U00874
2025-07-08,U00874
2025-07-15,U00874
2025-07-18,U00874
2025-07-21,U00874
2025-07-26,U00874
2025-07-05,U00875
2025-07-14,U00875
2025-07-21,U00875
2025-07-24,U00875
2025-06-04,U00876
2025-06-04,U00876
2025-06-05,U00876
2025-06-15,U00876
2025-06-12,U00877
2025-06-19,U00877
2025-06-28,U00877
2025-05-30,U00878
2025-06-12,U00878
2025-06-14,U00878
2025-06-17,U00878
2025-05-17,U00879
2025-07-02,U00880
2025-07-03,U00880
2025-07-13,U00880
2025-07-21,U00880
2025-07-22,U00880
2025-07-23,U00880
2025-06-23,U00881
2025-07-07,U00881
2025-07-12,U00881
2025-07-16,U00881
2025-07-09,U00882
2025-07-24,U00882
2025-06-22,U00883
2025-06-22,U00883
2025-07-04,U00883
2025-07-07,U00883
2025-07-11,U00883
2025-07-15,U00883
2025-07-18,U00883
2025-06-06,U00884
2025-06-18,U00884
2025-06-19,U00884
2025-06-21,U00884
2025-06-23,U00884
2025-06-24,U00884
2025-06-27,U00884
2025-07-01,U00884
2025-07-08,U00884
2025-06-23,U00885
2025-06-24,U00885
2025-06-27,U00885
2025-06-29,U00885
2025-06-30,U00885
2025-06-30,U00885
2025-07-12,U00885
2025-07-13,U00885
2025-07-15,U00885
2025-07-16,U00885
2025-05-30,U00886
2025-06-11,U00886
2025-05-24,U00887
2025-06-06,U00887
2025-06-12,U00887
2025-06-16,U00887
2025-06-20,U00887
2025-06-23,U00887
2025-06-24,U00887
2025-05-25,U00888
2025-06-14,U00889
2025-07-08,U00889
2025-07-14,U00889
2025-05-17,U00890
2025-05-19,U00890
2025-05-21,U00890
2025-06-02,U00890
2025-06-15,U00891
2025-06-20,U00891
2025-06-23,U00891
2025-06-28,U00891
2025-07-02,U00891
2025-07-02,U00891
2025-07-06,U00891
2025-07-10,U00891
2025-08-16,U00891
2025-07-09,U00892
2025-07-12,U00892
2025-07-25,U00892
2025-07-25,U00892
2025-07-27,U00892
2025-07-11,U00893
2025-07-24,U00893
2025-07-25,U00893
2025-05-26,U00894
2025-05-29,U00894
2025-06-06,U00894
2025-08-19,U00894
2025-06-12,U00895
2025-06-13,U00895
2025-06-19,U00895
2025-06-20,U00895
2025-07-07,U00895
2025-06-05,U00896
2025-06-07,U00896
2025-06-12,U00896
2025-06-13,U00896
2025-06-14,U00896
2025-06-16,U00896
2025-07-02,U00896
2025-07-05,U00896
2025-07-07,U00896
2025-07-13,U00897
2025-07-23,U00897
2025-07-23,U00897
2025-07-27,U00897
2025-07-29,U00897
2025-05-24,U00898
2025-06-04,U00898
2025-06-23,U00898
2025-06-24,U00898
2025-05-17,U00899
2025-07-10,U00900
2025-07-12,U00900
2025-07-17,U00900
2025-07-20,U00900
2025-07-22,U00900
2025-07-27,U00900
2025-06-24,U00901
2025-06-27,U00901
2025-07-03,U00901
2025-07-11,U00901
2025-07-11,U00901
2025-07-12,U00901
2025-07-17,U00901
2025-07-18,U00901
2025-05-18,U00902
2025-06-01,U00902
2025-07-12,U00903
2025-07-18,U00903
2025-08-17,U00903
2025-07-10,U00904
2025-07-11,U00904
2025-07-12,U00904
2025-07-14,U00904
2025-07-23,U00904
2025-07-02,U00905
2025-07-03,U00905
2025-07-10,U00905
2025-07-14,U00905
2025-07-15,U00905
2025-07-23,U00905
2025-06-08,U00906
2025-06-14,U00906
2025-06-14,U00906
2025-06-24,U00906
2025-06-02,U00907
2025-06-13,U00908
2025-06-15,U00908
2025-06-16,U00908
2025-06-16,U00908
2025-06-23,U00908
2025-06-23,U00908
2025-07-04,U00908
2025-07-06,U00908
2025-07-11,U00908
2025-05-20,U00909
2025-05-21,U00909
2025-05-23,U00909
2025-06-05,U00909
2025-06-05,U00909
2025-06-10,U00909
2025-06-14,U00909
2025-06-04,U00910
2025-07-27,U00911
2025-07-27,U00911
2025-07-28,U00911
2025-07-29,U00911
2025-07-31,U00911
2025-05-18,U00912
2025-05-30,U00912
2025-06-16,U00912
2025-06-21,U00912
2025-07-12,U00913
2025-07-17,U00913
2025-06-10,U00914
2025-06-18,U00914
2025-05-20,U00915
2025-06-10,U00915
2025-06-14,U00915
2025-06-16,U00915
2025-05-20,U00916
2025-06-04,U00916
2025-06-04,U00916
2025-06-09,U00916
2025-06-16,U00916
2025-06-16,U00916
2025-06-22,U00916
2025-06-26,U00916
2025-06-29,U00916
2025-07-28,U00917
2025-08-01,U00917
2025-05-17,U00918
2025-05-27,U00918
2025-06-11,U00918
2025-07-08,U00919
2025-07-12,U00919
2025-07-14,U00919
2025-07-16,U00919
2025-07-20,U00919
2025-07-24,U00919
2025-07-25,U00919
2025-07-15,U00920
2025-07-20,U00920
2025-07-22,U00920
2025-07-29,U00920
2025-07-29,U00920
2025-07-30,U00920
2025-08-16,U00920
2025-06-22,U00921
2025-06-27,U00921
2025-06-28,U00921
2025-07-12,U00921
2025-07-13,U00921
2025-07-17,U00921
2025-07-18,U00921
2025-05-17,U00922
2025-06-21,U00923
2025-06-22,U00923
2025-06-28,U00923
2025-06-29,U00923
2025-07-03,U00923
2025-07-04,U00923
2025-07-04,U00923
2025-07-08,U00923
2025-07-12,U00923
2025-05-25,U00924
2025-06-27,U00925
2025-06-29,U00925
2025-07-04,U00925
2025-07-07,U00925
2025-07-20,U00925
2025-05-31,U00926
2025-06-25,U00926
2025-06-25,U00927
2025-06-28,U00927
2025-06-30,U00927
2025-07-08,U00927
2025-07-13,U00927
2025-07-16,U00927
2025-07-18,U00927
2025-07-20,U00927
2025-06-13,U00928
2025-06-21,U00928
2025-07-09,U00929
2025-07-09,U00929
2025-07-11,U00929
2025-07-13,U00929
2025-07-25,U00929
2025-07-26,U00929
2025-06-23,U00930
2025-06-25,U00930
2025-06-26,U00930
2025-07-01,U00930
2025-07-08,U00930
2025-07-14,U00930
2025-07-14,U00930
2025-07-16,U00930
2025-07-17,U00930
2025-06-12,U00931
2025-06-13,U00931
2025-06-19,U00931
2025-06-23,U00931
2025-07-08,U00931
2025-05-28,U00932
2025-06-08,U00932
2025-06-17,U00932
2025-06-18,U00932
2025-06-24,U00932
2025-05-17,U00933
2025-07-08,U00934
2025-07-09,U00934
2025-07-14,U00934
2025-07-20,U00934
2025-07-23,U00934
2025-07-23,U00934
2025-07-25,U00934
2025-07-26,U00934
2025-05-17,U00935
2025-05-27,U00936
2025-06-06,U00936
2025-06-14,U00936
2025-05-17,U00937
2025-07-06,U00938
2025-07-11,U00938
2025-07-12,U00938
2025-07-18,U00938
2025-07-18,U00938
2025-07-20,U00938
2025-07-23,U00938
2025-07-17,U00939
2025-07-20,U00939
2025-07-26,U00939
2025-07-27,U00939
2025-07-19,U00940
2025-07-19,U00940
2025-07-23,U00940
2025-07-25,U00940
2025-07-30,U00940
2025-07-30,U00940
2025-07-31,U00940
2025-07-31,U00940
2025-08-01,U00940
2025-07-10,U00941
2025-07-12,U00941
2025-07-16,U00941
2025-07-18,U00941
2025-07-25,U00941
2025-07-27,U00941
2025-07-15,U00942
2025-07-19,U00942
2025-07-20,U00942
2025-07-26,U00942
2025-07-30,U00942
2025-07-03,U00943
2025-07-04,U00943
2025-07-05,U00943
2025-07-06,U00943
2025-07-09,U00943
2025-07-12,U00943
2025-07-17,U00943
2025-07-24,U00943
2025-06-18,U00944
2025-06-19,U00944
2025-06-20,U00944
2025-06-20,U00944
2025-06-21,U00944
2025-07-14,U00944
2025-07-15,U00944
2025-07-01,U00945
2025-07-02,U00945
2025-07-03,U00945
2025-07-03,U00945
2025-07-05,U00945
2025-07-10,U00945
2025-07-11,U00945
2025-07-13,U00945
2025-07-14,U00945
2025-07-16,U00945
2025-07-07,U00946
2025-07-10,U00946
2025-07-10,U00946
2025-07-24,U00946
2025-07-24,U00947
2025-07-27,U00947
2025-07-02,U00948
2025-07-08,U00948
2025-07-26,U00949
2025-07-27,U00949
2025-07-31,U00949
2025-06-10,U00950
2025-06-29,U00950
2025-05-24,U00951
2025-05-29,U00951
2025-06-18,U00952
2025-05-17,U00953
2025-07-03,U00954
2025-07-07,U00954
2025-07-09,U00954
2025-07-16,U00954
2025-07-17,U00954
2025-07-22,U00954
2025-05-25,U00955
2025-05-27,U00955
2025-06-08,U00955
2025-06-12,U00955
2025-06-20,U00955
2025-06-22,U00955
2025-07-12,U00956
2025-07-19,U00956
2025-07-19,U00956
2025-07-21,U00956
2025-07-22,U00956
2025-06-12,U00957
2025-06-14,U00957
2025-06-19,U00957
2025-06-20,U00957
2025-06-22,U00957
2025-06-24,U00957
2025-06-28,U00957
2025-07-07,U00957
2025-07-09,U00957
2025-07-10,U00957
2025-05-23,U00958
2025-05-25,U00958
2025-06-01,U00958
2025-07-16,U00959
2025-07-16,U00959
2025-07-18,U00959
2025-07-19,U00959
2025-07-21,U00959
2025-07-24,U00959
2025-07-27,U00959
2025-07-27,U00959
2025-07-29,U00959
2025-07-30,U00959
2025-05-20,U00960
2025-06-02,U00960
2025-06-03,U00960
2025-06-06,U00960
2025-06-19,U00960
2025-06-20,U00960
2025-06-23,U00960
2025-06-30,U00960
2025-05-30,U00961
2025-06-08,U00961
2025-06-28,U00962
2025-07-21,U00962
2025-07-19,U00963
2025-07-19,U00963
2025-07-21,U00963
2025-07-22,U00963
2025-07-26,U00963
2025-07-27,U00963
2025-07-30,U00963
2025-07-31,U00963
2025-08-01,U00963
2025-05-19,U00964
2025-05-20,U00964
2025-05-21,U00964
2025-05-26,U00964
2025-06-19,U00964
2025-06-19,U00964
2025-06-27,U00964
2025-06-29,U00964
2025-05-21,U00965
2025-05-25,U00965
2025-05-23,U00966
2025-06-01,U00966
2025-06-06,U00966
2025-06-12,U00966
2025-06-14,U00966
2025-06-28,U00966
2025-06-10,U00967
2025-06-16,U00967
2025-06-18,U00967
2025-06-29,U00967
2025-06-29,U00967
2025-07-06,U00967
2025-07-08,U00967
2025-08-21,U00967
2025-07-14,U00968
2025-07-27,U00968
2025-06-26,U00969
2025-06-30,U00969
2025-07-03,U00969
2025-07-05,U00969
2025-07-15,U00969
2025-07-20,U00969
2025-08-18,U00969
2025-06-14,U00970
2025-06-20,U00970
2025-06-25,U00970
2025-06-25,U00970
2025-06-29,U00970
2025-06-29,U00970
2025-07-05,U00970
2025-07-12,U00970
2025-06-27,U00971
2025-07-07,U00971
2025-05-21,U00972
2025-05-24,U00972
2025-05-31,U00972
2025-06-03,U00972
2025-06-09,U00972
2025-06-29,U00972
2025-06-06,U00973
2025-07-10,U00973
2025-06-17,U00974
2025-06-21,U00974
2025-07-02,U00974
2025-07-09,U00974
2025-07-03,U00975
2025-07-04,U00975
2025-07-05,U00975
2025-07-08,U00975
2025-07-08,U00975
2025-07-15,U00975
2025-07-16,U00975
2025-07-17,U00975
2025-07-21,U00975
2025-07-23,U00975
2025-05-17,U00976
2025-07-01,U00977
2025-07-02,U00977
2025-07-02,U00977
2025-07-04,U00977
2025-07-07,U00977
2025-07-08,U00977
2025-07-11,U00977
2025-07-14,U00977
2025-07-15,U00977
2025-07-22,U00977
2025-07-01,U00978
2025-07-01,U00978
2025-07-04,U00978
2025-07-09,U00978
2025-07-16,U00978
2025-07-17,U00978
2025-07-23,U00978
2025-07-25,U00979
2025-07-30,U00979
2025-07-03,U00980
2025-07-04,U00980
2025-07-08,U00980
2025-07-23,U00980
2025-06-02,U00981
2025-07-19,U00982
2025-07-23,U00982
2025-07-25,U00982
2025-07-26,U00982
2025-07-27,U00982
2025-07-28,U00982
2025-07-30,U00982
2025-07-14,U00983
2025-07-15,U00983
2025-07-15,U00983
2025-07-18,U00983
2025-07-29,U00983
2025-06-20,U00984
2025-07-02,U00984
2025-08-17,U00984
2025-05-18,U00985
2025-06-02,U00985
2025-06-11,U00986
2025-06-17,U00986
2025-06-18,U00986
2025-06-19,U00986
2025-06-21,U00986
2025-06-26,U00986
2025-06-27,U00986
2025-06-27,U00986
2025-07-11,U00986
2025-07-12,U00986
2025-07-14,U00987
2025-07-14,U00987
2025-07-19,U00987
2025-07-25,U00987
2025-07-27,U00987
2025-07-28,U00987
2025-06-05,U00988
2025-07-01,U00988
2025-07-02,U00988
2025-06-25,U00989
2025-06-29,U00989
2025-06-29,U00989
2025-06-30,U00989
2025-07-01,U00989
2025-07-03,U00989
2025-07-07,U00989
2025-07-07,U00989
2025-07-16,U00989
2025-07-20,U00989
2025-08-19,U00989
2025-05-26,U00990
2025-06-26,U00990
2025-06-05,U00991
2025-06-07,U00991
2025-06-14,U00991
2025-06-23,U00991
2025-07-02,U00991
2025-05-17,U00992
2025-07-15,U00993
2025-07-18,U00993
2025-07-24,U00993
2025-07-25,U00993
2025-07-25,U00993
2025-07-28,U00993
2025-07-18,U00994
2025-07-19,U00994
2025-07-22,U00994
2025-07-22,U00994
2025-07-23,U00994
2025-07-24,U00994
2025-07-25,U00994
2025-07-25,U00994
2025-07-28,U00994
2025-07-31,U00994
2025-08-20,U00994
2025-06-28,U00995
2025-06-29,U00995
2025-07-02,U00995
2025-07-06,U00995
2025-07-10,U00995
2025-07-20,U00995
2025-07-21,U00995
2025-08-17,U00995
2025-07-03,U00996
2025-07-18,U00996
2025-08-17,U00996
2025-07-11,U00997
2025-07-11,U00997
2025-07-17,U00997
2025-07-17,U00997
2025-07-21,U00997
2025-07-24,U00997
2025-07-26,U00997
2025-06-21,U00998
2025-06-21,U00998
2025-06-23,U00998
2025-06-23,U00998
2025-07-04,U00998
2025-07-06,U00998
2025-07-06,U00998
2025-07-17,U00998
2025-07-18,U00998
2025-06-13,U00999
2025-06-15,U00999
2025-06-28,U00999
2025-06-29,U00999
2025-07-06,U00999
2025-07-07,U00999
2025-07-11,U00999
2025-05-17,U01000
2025-08-19,U01000
2025-05-17,U01001
2025-07-11,U01002
2025-07-16,U01002
2025-07-18,U01002
2025-07-18,U01002
2025-07-28,U01002
2025-06-28,U01003
2025-07-12,U01003
2025-07-18,U01003
2025-07-20,U01003
2025-07-19,U01004
2025-07-20,U01004
2025-07-22,U01004
2025-07-22,U01004
2025-07-24,U01004
2025-08-01,U01004
2025-06-06,U01005
2025-05-18,U01006
2025-05-30,U01006
2025-06-01,U01006
2025-06-02,U01006
2025-06-12,U01006
2025-06-25,U01006
2025-07-13,U01007
2025-07-16,U01007
2025-07-22,U01007
2025-07-24,U01007
2025-07-27,U01007
2025-05-29,U01008
2025-05-31,U01008
2025-06-15,U01008
2025-06-15,U01008
2025-06-18,U01008
2025-06-22,U01008
2025-06-26,U01008
2025-06-27,U01008
2025-07-06,U01008
2025-07-01,U01009
2025-07-06,U01009
2025-07-12,U01009
2025-07-21,U01009
2025-07-23,U01009
2025-06-21,U01010
2025-05-17,U01011
2025-05-17,U01012
2025-05-20,U01012
2025-06-12,U01012
2025-06-17,U01012
2025-06-23,U01012
2025-06-27,U01012
2025-07-02,U01013
2025-07-03,U01013
2025-07-12,U01013
2025-07-17,U01013
2025-07-23,U01013
2025-07-19,U01014
2025-07-20,U01014
2025-07-20,U01014
2025-07-20,U01014
2025-07-24,U01014
2025-07-26,U01014
2025-07-27,U01014
2025-07-27,U01014
2025-07-28,U01014
2025-07-29,U01014
2025-05-21,U01015
2025-05-26,U01015
2025-05-27,U01015
2025-06-09,U01015
2025-06-13,U01015
2025-06-26,U01015
2025-07-21,U01016
2025-07-21,U01016
2025-07-26,U01016
2025-07-26,U01016
2025-07-26,U01016
2025-07-31,U01016
2025-08-01,U01016
2025-06-07,U01017
2025-07-03,U01017
2025-07-05,U01017
2025-07-10,U01017
2025-06-13,U01018
2025-06-16,U01018
2025-06-28,U01018
2025-07-09,U01018
2025-07-09,U01019
2025-07-25,U01019
2025-07-07,U01020
2025-07-14,U01020
2025-07-11,U01021
2025-07-15,U01021
2025-07-17,U01021
2025-07-20,U01021
2025-07-23,U01021
2025-07-25,U01021
2025-07-27,U01021
2025-07-28,U01021
2025-05-22,U01022
2025-05-23,U01022
2025-05-23,U01022
2025-06-19,U01022
2025-06-20,U01022
2025-05-30,U01023
2025-06-06,U01023
2025-06-26,U01023
2025-06-29,U01023
2025-07-04,U01023
2025-07-04,U01023
2025-07-07,U01023
2025-07-19,U01024
2025-07-21,U01024
2025-07-27,U01024
2025-07-28,U01024
2025-07-20,U01025
2025-07-22,U01025
2025-07-22,U01025
2025-07-23,U01025
2025-07-23,U01025
2025-07-24,U01025
2025-07-28,U01025
2025-07-29,U01025
2025-07-29,U01025
2025-07-31,U01025
2025-07-21,U01026
2025-07-22,U01026
2025-07-24,U01026
2025-07-27,U01026
2025-07-31,U01026
2025-05-20,U01027
2025-05-23,U01027
2025-06-08,U01027
2025-06-13,U01027
2025-07-08,U01028
2025-07-22,U01028
2025-06-02,U01029
2025-06-19,U01029
2025-07-08,U01029
2025-08-21,U01029
2025-07-09,U01030
2025-07-12,U01030
2025-07-17,U01030
2025-07-21,U01030
2025-07-11,U01031
2025-07-17,U01031
2025-07-19,U01031
2025-07-24,U01031
2025-07-25,U01031
2025-07-27,U01031
2025-07-28,U01031
2025-05-17,U01032
2025-05-20,U01033
2025-05-29,U01034
2025-06-20,U01034
2025-06-25,U01034
2025-06-26,U01034
2025-06-27,U01034
2025-05-20,U01035
2025-06-04,U01035
2025-06-06,U01035
2025-06-08,U01035
2025-06-12,U01035
2025-06-13,U01035
2025-06-21,U01035
2025-06-24,U01035
2025-06-28,U01035
2025-08-21,U01035
2025-05-28,U01036
2025-05-29,U01036
2025-07-04,U01036
2025-08-18,U01036
2025-06-07,U01037
2025-06-08,U01037
2025-06-09,U01037
2025-06-09,U01037
2025-06-13,U01037
2025-06-20,U01037
2025-06-22,U01037
2025-07-04,U01037
2025-07-07,U01037
2025-06-12,U01038
2025-06-15,U01038
2025-06-20,U01038
2025-06-21,U01038
2025-06-21,U01038
2025-06-25,U01038
2025-07-03,U01038
2025-07-07,U01038
2025-07-10,U01038
2025-07-13,U01038
2025-07-19,U01039
2025-07-22,U01039
2025-07-28,U01039
2025-07-30,U01039
2025-07-30,U01039
2025-08-01,U01039
2025-06-04,U01040
2025-06-12,U01040
2025-06-17,U01040
2025-06-21,U01040
2025-06-24,U01040
2025-07-21,U01041
2025-07-21,U01041
2025-07-26,U01041
2025-07-26,U01041
2025-07-27,U01041
2025-07-30,U01041
2025-07-30,U01041
2025-07-30,U01041
2025-08-01,U01041
2025-07-06,U01042
2025-07-17,U01042
2025-07-20,U01042
2025-05-17,U01043
2025-07-19,U01044
2025-07-22,U01044
2025-07-28,U01044
2025-07-28,U01044
2025-07-31,U01044
2025-07-12,U01045
2025-07-14,U01045
2025-07-15,U01045
2025-07-16,U01045
2025-07-20,U01045
2025-07-24,U01045
2025-07-26,U01045
2025-07-28,U01045
2025-05-21,U01046
2025-06-03,U01046
2025-06-11,U01046
2025-06-13,U01046
2025-06-16,U01046
2025-07-05,U01047
2025-07-07,U01047
2025-07-12,U01047
2025-07-12,U01048
2025-07-15,U01048
2025-07-20,U01048
2025-07-27,U01048
2025-06-17,U01049
2025-06-26,U01049
2025-07-14,U01049
2025-06-24,U01050
2025-07-05,U01050
2025-07-08,U01050
2025-07-10,U01050
2025-07-03,U01051
2025-07-20,U01051
2025-07-18,U01052
2025-07-31,U01052
2025-07-03,U01053
2025-07-06,U01053
2025-07-12,U01053
2025-07-21,U01053
2025-07-22,U01053
2025-05-21,U01054
2025-06-02,U01054
2025-06-06,U01054
2025-06-19,U01054
2025-06-24,U01054
2025-08-19,U01054
2025-05-17,U01055
2025-05-17,U01056
2025-06-01,U01056
2025-06-08,U01056
2025-06-11,U01056
2025-06-15,U01056
2025-06-19,U01056
2025-06-24,U01056
2025-06-27,U01056
2025-05-28,U01057
2025-07-01,U01057
2025-06-06,U01058
2025-06-12,U01058
2025-06-18,U01058
2025-06-28,U01058
2025-06-28,U01058
2025-07-02,U01058
2025-07-03,U01058
2025-05-22,U01059
2025-05-26,U01059
2025-05-28,U01059
2025-05-31,U01059
2025-05-31,U01059
2025-06-10,U01059
2025-06-11,U01059
2025-06-25,U01059
2025-06-28,U01059
2025-06-30,U01059
2025-07-19,U01060
2025-07-20,U01060
2025-07-29,U01060
2025-06-20,U01061
2025-06-23,U01061
2025-05-17,U01062
2025-07-13,U01063
2025-07-13,U01063
2025-07-14,U01063
2025-07-14,U01063
2025-07-21,U01063
2025-07-22,U01063
2025-07-28,U01063
2025-05-27,U01064
2025-05-28,U01064
2025-05-31,U01064
2025-06-11,U01064
2025-06-30,U01064
2025-07-03,U01064
2025-07-05,U01065
2025-07-08,U01065
2025-07-08,U01065
2025-07-10,U01065
2025-07-14,U01065
2025-07-14,U01065
2025-07-21,U01065
2025-07-22,U01065
2025-07-23,U01065
2025-07-07,U01066
2025-07-10,U01066
2025-07-13,U01066
2025-07-14,U01066
2025-07-14,U01066
2025-07-17,U01066
2025-07-19,U01066
2025-07-22,U01066
2025-07-23,U01066
2025-07-26,U01066
2025-06-17,U01067
2025-06-21,U01067
2025-06-26,U01067
2025-06-26,U01067
2025-07-04,U01067
2025-07-05,U01067
2025-07-15,U01067
2025-07-17,U01068
2025-07-23,U01068
2025-07-24,U01068
2025-07-25,U01068
2025-07-29,U01068
2025-06-23,U01069
2025-06-26,U01069
2025-07-07,U01069
2025-07-10,U01069
2025-07-11,U01069
2025-07-13,U01069
2025-07-13,U01069
2025-07-16,U01069
2025-07-18,U01069
2025-07-19,U01069
2025-07-17,U01070
2025-07-30,U01070
2025-05-17,U01071
2025-06-03,U01072
2025-06-10,U01072
2025-05-29,U01073
2025-07-14,U01074
2025-07-21,U01074
2025-07-22,U01074
2025-07-23,U01074
2025-07-24,U01074
2025-07-26,U01074
2025-07-29,U01074
2025-07-06,U01075
2025-07-15,U01075
2025-07-25,U01075
2025-07-12,U01076
2025-07-13,U01076
2025-07-14,U01076
2025-07-14,U01076
2025-07-16,U01076
2025-07-17,U01076
2025-07-22,U01076
2025-07-22,U01076
2025-07-25,U01076
2025-07-27,U01076
2025-07-17,U01077
2025-07-27,U01077
2025-06-05,U01078
2025-05-18,U01079
2025-05-19,U01080
2025-05-29,U01080
2025-06-06,U01080
2025-06-07,U01080
2025-06-23,U01080
2025-06-24,U01080
2025-06-29,U01080
2025-05-27,U01081
2025-06-23,U01081
2025-07-08,U01082
2025-07-10,U01082
2025-07-11,U01082
2025-07-17,U01082
2025-07-22,U01082
2025-07-26,U01082
2025-07-04,U01083
2025-07-05,U01083
2025-07-06,U01083
2025-07-08,U01083
2025-07-09,U01083
2025-07-10,U01083
2025-07-21,U01083
2025-07-24,U01083
2025-07-23,U01084
2025-07-24,U01084
2025-07-31,U01084
2025-05-17,U01085
2025-06-08,U01086
2025-06-09,U01086
2025-06-27,U01086
2025-07-06,U01086
2025-07-15,U01087
2025-07-17,U01087
2025-07-18,U01087
2025-07-19,U01087
2025-07-19,U01087
2025-07-20,U01087
2025-07-22,U01087
2025-07-24,U01087
2025-07-24,U01087
2025-07-29,U01087
2025-05-21,U01088
2025-06-04,U01088
2025-05-24,U01089
2025-05-31,U01089
2025-06-07,U01089
2025-06-23,U01089
2025-07-03,U01089
2025-07-04,U01089
2025-07-14,U01090
2025-07-15,U01090
2025-07-19,U01090
2025-07-26,U01090
2025-07-29,U01090
2025-06-01,U01091
2025-06-11,U01091
2025-06-16,U01091
2025-06-21,U01091
2025-08-21,U01091
2025-06-09,U01092
2025-06-14,U01092
2025-06-16,U01092
2025-06-22,U01092
2025-06-28,U01092
2025-06-29,U01092
2025-07-04,U01092
2025-07-11,U01092
2025-07-11,U01092
2025-07-12,U01092
2025-07-06,U01093
2025-07-17,U01093
2025-07-24,U01093
2025-07-25,U01093
2025-06-08,U01094
2025-07-05,U01094
2025-05-29,U01095
2025-05-29,U01095
2025-06-11,U01095
2025-06-18,U01095
2025-06-19,U01095
2025-06-27,U01095
2025-07-03,U01095
2025-07-05,U01095
2025-05-18,U01096
2025-05-23,U01096
2025-05-23,U01096
2025-05-28,U01096
2025-06-05,U01096
2025-07-23,U01097
2025-07-27,U01097
2025-08-01,U01097
2025-08-20,U01097
2025-06-10,U01098
2025-07-03,U01098
2025-05-19,U01099
2025-05-31,U01099
2025-07-23,U01100
2025-07-24,U01100
2025-07-28,U01100
2025-07-29,U01100
2025-07-31,U01100
2025-07-31,U01100
2025-08-01,U01100
2025-05-17,U01101
2025-05-26,U01101
2025-06-02,U01101
2025-06-17,U01101
2025-06-19,U01101
2025-06-21,U01101
2025-06-27,U01101
2025-05-17,U01102
2025-07-11,U01103
2025-07-13,U01103
2025-07-17,U01103
2025-07-19,U01103
2025-07-22,U01103
2025-07-26,U01103
2025-07-26,U01103
2025-07-28,U01103
2025-06-23,U01104
2025-06-25,U01104
2025-06-28,U01104
2025-06-29,U01104
2025-06-30,U01104
2025-07-04,U01104
2025-07-06,U01104
2025-07-18,U01104
2025-07-20,U01105
2025-07-22,U01105
2025-07-29,U01105
2025-06-01,U01106
2025-06-10,U01106
2025-06-16,U01106
2025-06-23,U01106
2025-07-03,U01106
2025-05-20,U01107
2025-05-24,U01107
2025-05-28,U01107
2025-06-04,U01108
2025-06-04,U01108
2025-06-12,U01108
2025-06-16,U01108
2025-06-22,U01108
2025-06-22,U01108
2025-06-23,U01108
2025-07-01,U01108
2025-07-08,U01108
2025-06-30,U01109
2025-07-19,U01109
2025-07-12,U01110
2025-07-15,U01110
2025-07-19,U01110
2025-07-25,U01110
2025-07-26,U01110
2025-06-17,U01111
2025-06-22,U01111
2025-06-30,U01111
2025-06-30,U01111
2025-06-30,U01111
2025-07-02,U01111
2025-07-06,U01111
2025-07-08,U01111
2025-07-09,U01111
2025-07-15,U01111
2025-05-27,U01112
2025-06-08,U01112
2025-08-17,U01112
2025-07-09,U01113
2025-07-16,U01113
2025-07-24,U01113
2025-08-19,U01113
2025-07-09,U01114
2025-07-10,U01114
2025-07-12,U01114
2025-07-14,U01114
2025-07-17,U01114
2025-07-20,U01114
2025-07-22,U01114
2025-07-27,U01114
2025-07-15,U01115
2025-07-16,U01115
2025-07-21,U01115
2025-07-22,U01115
2025-06-27,U01116
2025-06-28,U01116
2025-06-28,U01116
2025-07-03,U01116
2025-07-07,U01116
2025-07-08,U01116
2025-07-11,U01116
2025-07-12,U01116
2025-07-19,U01116
2025-06-18,U01117
2025-06-23,U01117
2025-07-05,U01117
2025-07-05,U01117
2025-07-06,U01117
2025-07-06,U01117
2025-07-08,U01117
2025-07-09,U01117
2025-07-14,U01117
2025-06-14,U01118
2025-08-16,U01118
2025-06-28,U01119
2025-07-10,U01119
2025-07-13,U01119
2025-07-20,U01119
2025-07-02,U01120
2025-07-12,U01120
2025-07-14,U01120
2025-07-17,U01120
2025-07-18,U01120
2025-06-24,U01121
2025-06-25,U01121
2025-07-04,U01121
2025-07-04,U01121
2025-07-07,U01121
2025-07-08,U01121
2025-07-13,U01121
2025-07-19,U01121
2025-07-01,U01122
2025-07-06,U01122
2025-07-14,U01122
2025-07-14,U01122
2025-07-17,U01122
2025-07-23,U01122
2025-07-03,U01123
2025-07-03,U01123
2025-07-16,U01123
2025-07-17,U01123
2025-07-19,U01123
2025-08-17,U01123
2025-05-23,U01124
2025-05-28,U01124
2025-06-06,U01124
2025-06-09,U01124
2025-06-17,U01124
2025-06-20,U01124
2025-06-28,U01124
2025-06-28,U01124
2025-06-28,U01124
2025-07-02,U01124
2025-06-28,U01125
2025-07-20,U01125
2025-05-26,U01126
2025-05-27,U01126
2025-06-06,U01126
2025-06-11,U01126
2025-06-16,U01126
2025-06-21,U01126
2025-07-03,U01126
2025-07-12,U01127
2025-07-15,U01127
2025-07-17,U01127
2025-07-17,U01127
2025-07-19,U01127
2025-07-24,U01127
2025-07-26,U01127
2025-05-17,U01128
2025-05-30,U01129
2025-05-30,U01129
2025-06-02,U01129
2025-06-04,U01129
2025-06-16,U01129
2025-07-03,U01130
2025-07-06,U01130
2025-07-16,U01130
2025-07-22,U01130
2025-06-18,U01131
2025-07-01,U01131
2025-07-16,U01131
2025-05-17,U01132
2025-06-04,U01132
2025-06-13,U01132
2025-06-19,U01132
2025-05-20,U01133
2025-06-04,U01133
2025-06-12,U01133
2025-07-01,U01133
2025-06-13,U01134
2025-06-17,U01134
2025-06-19,U01134
2025-06-26,U01134
2025-06-30,U01134
2025-07-05,U01134
2025-07-12,U01134
2025-07-15,U01135
2025-07-16,U01135
2025-07-17,U01135
2025-07-22,U01135
2025-07-26,U01135
2025-07-27,U01135
2025-07-27,U01135
2025-07-28,U01135
2025-07-30,U01135
2025-06-15,U01136
2025-05-20,U01137
2025-05-29,U01137
2025-06-29,U01137
2025-05-17,U01138
2025-05-28,U01138
2025-05-29,U01138
2025-06-16,U01138
2025-06-27,U01138
2025-06-28,U01138
2025-06-25,U01139
2025-06-28,U01139
2025-07-02,U01139
2025-07-06,U01139
2025-07-12,U01139
2025-07-16,U01139
2025-07-20,U01139
2025-07-21,U01140
2025-07-22,U01140
2025-05-20,U01141
2025-06-02,U01141
2025-06-05,U01141
2025-06-07,U01141
2025-05-24,U01142
2025-06-03,U01142
2025-06-09,U01142
2025-06-18,U01142
2025-06-06,U01143
2025-07-20,U01144
2025-07-20,U01144
2025-07-23,U01144
2025-07-24,U01144
2025-07-27,U01144
2025-07-30,U01144
2025-08-01,U01144
2025-07-05,U01145
2025-07-15,U01145
2025-07-25,U01145
2025-07-01,U01146
2025-07-01,U01146
2025-07-09,U01146
2025-07-09,U01146
2025-07-10,U01146
2025-07-23,U01146
2025-05-31,U01147
2025-06-15,U01147
2025-06-29,U01147
2025-07-02,U01147
2025-05-18,U01148
2025-06-04,U01148
2025-05-23,U01149
2025-05-23,U01149
2025-05-27,U01149
2025-06-20,U01149
2025-07-11,U01150
2025-07-14,U01150
2025-07-27,U01150
2025-07-18,U01151
2025-07-24,U01151
2025-07-25,U01151
2025-07-26,U01151
2025-07-29,U01151
2025-05-19,U01152
2025-05-20,U01152
2025-06-14,U01152
2025-06-19,U01152
2025-06-19,U01152
2025-06-28,U01152
2025-07-24,U01153
2025-07-25,U01153
2025-07-30,U01153
2025-08-17,U01153
2025-05-17,U01154
2025-06-07,U01155
2025-06-13,U01155
2025-06-16,U01155
2025-06-21,U01155
2025-07-04,U01155
2025-07-04,U01155
2025-07-09,U01155
2025-07-09,U01155
2025-07-10,U01155
2025-07-15,U01156
2025-07-15,U01156
2025-07-18,U01156
2025-07-18,U01156
2025-07-18,U01156
2025-07-19,U01156
2025-07-24,U01156
2025-07-25,U01156
2025-07-27,U01156
2025-07-28,U01156
2025-07-09,U01157
2025-07-21,U01157
2025-07-21,U01157
2025-07-27,U01157
2025-06-01,U01158
2025-06-15,U01158
2025-06-21,U01158
2025-06-29,U01158
2025-07-01,U01158
2025-07-04,U01158
2025-07-04,U01158
2025-07-06,U01158
2025-07-06,U01158
2025-07-07,U01158
2025-08-16,U01158
2025-07-19,U01159
2025-07-19,U01159
2025-07-25,U01159
2025-07-26,U01159
2025-07-27,U01159
2025-07-29,U01159
2025-08-01,U01159
2025-06-06,U01160
2025-06-08,U01160
2025-06-14,U01161
2025-06-19,U01161
2025-06-23,U01161
2025-06-29,U01161
2025-06-30,U01161
2025-07-06,U01161
2025-07-08,U01161
2025-07-09,U01161
2025-07-09,U01161
2025-07-13,U01161
2025-06-04,U01162
2025-06-11,U01162
2025-06-18,U01162
2025-06-18,U01162
2025-06-18,U01162
2025-06-19,U01162
2025-06-20,U01162
2025-07-05,U01162
2025-07-09,U01162
2025-06-29,U01163
2025-07-02,U01163
2025-07-22,U01163
2025-06-21,U01164
2025-06-26,U01164
2025-08-21,U01164
2025-07-30,U01165
2025-07-31,U01165
2025-05-24,U01166
2025-06-25,U01166
2025-06-30,U01166
2025-08-19,U01166
2025-07-08,U01167
2025-07-14,U01167
2025-07-16,U01167
2025-07-16,U01167
2025-07-23,U01167
2025-07-24,U01167
2025-07-25,U01167
2025-07-26,U01167
2025-06-02,U01168
2025-06-03,U01168
2025-05-18,U01169
2025-06-07,U01169
2025-06-10,U01169
2025-06-15,U01169
2025-05-22,U01170
2025-06-12,U01170
2025-06-23,U01171
2025-07-08,U01171
2025-07-15,U01171
2025-06-01,U01172
2025-06-06,U01172
2025-06-16,U01172
2025-08-21,U01172
2025-07-25,U01173
2025-07-29,U01173
2025-07-31,U01173
2025-07-19,U01174
2025-07-24,U01174
2025-07-25,U01174
2025-07-26,U01174
2025-07-29,U01174
2025-07-24,U01175
2025-07-25,U01175
2025-07-26,U01175
2025-07-27,U01175
2025-07-29,U01175
2025-07-29,U01175
2025-07-31,U01175
2025-08-01,U01175
2025-07-04,U01176
2025-07-09,U01176
2025-07-10,U01176
2025-07-10,U01176
2025-07-13,U01176
2025-07-14,U01176
2025-07-16,U01176
2025-07-20,U01176
2025-07-23,U01176
2025-07-24,U01176
2025-05-31,U01177
2025-06-03,U01177
2025-06-06,U01177
2025-06-09,U01177
2025-06-18,U01177
2025-06-21,U01177
2025-06-25,U01177
2025-06-29,U01177
2025-07-06,U01177
2025-06-21,U01178
2025-06-28,U01178
2025-06-30,U01178
2025-07-16,U01178
2025-07-18,U01178
2025-08-18,U01178
2025-06-12,U01179
2025-06-26,U01179
2025-05-17,U01180
2025-05-28,U01180
2025-06-11,U01180
2025-06-23,U01180
2025-06-24,U01180
2025-05-17,U01181
2025-05-20,U01181
2025-05-24,U01181
2025-05-30,U01181
2025-06-28,U01182
2025-07-09,U01182
2025-07-14,U01182
2025-07-15,U01182
2025-07-15,U01182
2025-07-19,U01182
2025-07-20,U01182
2025-06-05,U01183
2025-06-06,U01183
2025-06-15,U01183
2025-06-24,U01183
2025-07-07,U01184
2025-07-10,U01184
2025-07-10,U01184
2025-07-12,U01184
2025-07-13,U01184
2025-07-18,U01184
2025-07-25,U01184
2025-07-14,U01185
2025-07-14,U01185
2025-07-27,U01185
2025-07-27,U01185
2025-07-28,U01185
2025-07-29,U01185
2025-07-07,U01186
2025-07-17,U01186
2025-07-21,U01186
2025-07-22,U01186
2025-05-21,U01187
2025-06-02,U01187
2025-06-21,U01187
2025-06-25,U01187
2025-06-25,U01187
2025-06-30,U01187
2025-07-01,U01188
2025-07-03,U01188
2025-07-07,U01188
2025-07-08,U01188
2025-07-09,U01188
2025-07-20,U01188
2025-05-17,U01189
2025-07-19,U01190
2025-07-24,U01190
2025-07-29,U01190
2025-06-16,U01191
2025-06-19,U01191
2025-06-20,U01191
2025-06-20,U01191
2025-06-22,U01191
2025-06-22,U01191
2025-07-01,U01191
2025-07-09,U01191
2025-07-11,U01191
2025-07-15,U01191
2025-07-26,U01192
2025-07-27,U01192
2025-07-15,U01193
2025-07-21,U01193
2025-07-25,U01193
2025-07-26,U01193
2025-07-27,U01193
2025-07-28,U01193
2025-07-29,U01193
2025-05-17,U01194
2025-07-04,U01195
2025-07-05,U01195
2025-07-08,U01195
2025-07-10,U01195
2025-07-12,U01195
2025-07-14,U01195
2025-07-19,U01195
2025-07-23,U01195
2025-07-24,U01195
2025-07-18,U01196
2025-07-19,U01196
2025-07-23,U01196
2025-07-27,U01196
2025-07-28,U01196
2025-05-18,U01197
2025-05-24,U01197
2025-05-27,U01197
2025-05-17,U01198
2025-08-17,U01198
2025-06-03,U01199
2025-07-17,U01200
2025-07-19,U01200
2025-07-22,U01200
2025-07-22,U01200
2025-07-25,U01200
2025-07-30,U01200
2025-07-17,U01201
2025-07-22,U01201
2025-07-23,U01201
2025-07-25,U01201
2025-07-25,U01201
2025-07-29,U01201
2025-07-30,U01201
2025-07-19,U01202
2025-07-20,U01202
2025-07-21,U01202
2025-07-23,U01202
2025-07-23,U01202
2025-07-26,U01202
2025-07-27,U01202
2025-07-30,U01202
2025-08-18,U01202
2025-05-17,U01203
2025-05-27,U01204
2025-06-05,U01204
2025-06-09,U01204
2025-06-14,U01204
2025-06-17,U01204
2025-06-21,U01204
2025-06-27,U01204
2025-06-28,U01204
2025-07-04,U01204
2025-06-25,U01205
2025-06-29,U01205
2025-07-01,U01205
2025-07-10,U01205
2025-07-16,U01205
2025-07-20,U01205
2025-06-23,U01206
2025-06-24,U01206
2025-07-02,U01206
2025-07-09,U01206
2025-07-13,U01206
2025-07-19,U01206
2025-05-22,U01207
2025-05-30,U01207
2025-06-05,U01207
2025-06-05,U01207
2025-06-11,U01207
2025-06-17,U01207
2025-06-20,U01207
2025-06-22,U01207
2025-07-01,U01207
2025-07-02,U01207
2025-07-03,U01208
2025-07-04,U01208
2025-07-06,U01208
2025-07-06,U01208
2025-07-07,U01208
2025-07-10,U01208
2025-07-16,U01208
2025-07-20,U01208
2025-06-26,U01209
2025-06-28,U01209
2025-07-13,U01209
2025-07-16,U01209
2025-07-19,U01209
2025-08-15,U01209
2025-06-18,U01210
2025-06-26,U01210
2025-07-09,U01210
2025-07-11,U01210
2025-07-13,U01210
2025-07-14,U01210
2025-06-03,U01211
2025-06-03,U01212
2025-06-09,U01212
2025-06-16,U01212
2025-06-21,U01212
2025-06-28,U01212
2025-07-02,U01212
2025-07-04,U01212
2025-07-17,U01213
2025-07-17,U01213
2025-07-18,U01213
2025-07-18,U01213
2025-07-20,U01213
2025-07-21,U01213
2025-07-26,U01213
2025-07-30,U01213
2025-07-31,U01213
2025-06-02,U01214
2025-06-25,U01215
2025-06-26,U01215
2025-07-02,U01215
2025-07-02,U01215
2025-07-06,U01215
2025-07-08,U01215
2025-07-14,U01215
2025-07-18,U01215
2025-07-19,U01215
2025-07-20,U01215
2025-07-12,U01216
2025-07-12,U01216
2025-07-15,U01216
2025-07-21,U01216
2025-05-23,U01217
2025-06-09,U01217
2025-07-08,U01218
2025-07-16,U01218
2025-07-25,U01218
2025-08-17,U01218
2025-06-30,U01219
2025-07-01,U01219
2025-07-05,U01219
2025-07-05,U01219
2025-07-06,U01219
2025-07-12,U01219
2025-07-16,U01219
2025-07-16,U01219
2025-07-21,U01219
2025-05-30,U01220
2025-06-07,U01220
2025-06-18,U01220
2025-06-19,U01220
2025-06-21,U01220
2025-07-02,U01220
2025-07-07,U01220
2025-07-24,U01221
2025-07-30,U01221
2025-05-30,U01222
2025-06-04,U01222
2025-06-29,U01222
2025-05-17,U01223
2025-08-15,U01223
2025-06-04,U01224
2025-06-19,U01224
2025-06-25,U01224
2025-06-28,U01224
2025-06-29,U01224
2025-06-30,U01224
2025-07-05,U01224
2025-07-07,U01224
2025-07-08,U01224
2025-05-19,U01225
2025-05-30,U01225
2025-05-30,U01225
2025-06-02,U01225
2025-05-27,U01226
2025-06-30,U01226
2025-05-27,U01227
2025-05-30,U01227
2025-05-31,U01227
2025-06-08,U01227
2025-06-13,U01227
2025-06-16,U01227
2025-06-25,U01227
2025-07-03,U01227
2025-08-20,U01227
2025-06-27,U01228
2025-07-10,U01228
2025-07-10,U01228
2025-07-14,U01228
2025-07-17,U01228
2025-05-17,U01229
2025-07-16,U01230
2025-07-19,U01230
2025-07-22,U01230
2025-07-26,U01230
2025-07-27,U01230
2025-07-29,U01230
2025-07-30,U01230
2025-05-25,U01231
2025-05-30,U01231
2025-06-29,U01231
2025-05-26,U01232
2025-06-12,U01232
2025-05-18,U01233
2025-05-23,U01233
2025-06-03,U01233
2025-06-07,U01233
2025-06-13,U01233
2025-06-18,U01233
2025-06-26,U01233
2025-06-14,U01234
2025-06-16,U01234
2025-06-19,U01234
2025-06-23,U01234
2025-06-29,U01234
2025-06-09,U01235
2025-07-01,U01235
2025-07-02,U01235
2025-05-26,U01236
2025-06-03,U01236
2025-06-16,U01236
2025-06-17,U01236
2025-06-18,U01236
2025-06-19,U01236
2025-06-24,U01236
2025-05-19,U01237
2025-05-22,U01237
2025-06-07,U01237
2025-06-27,U01237
2025-07-14,U01238
2025-07-15,U01238
2025-07-21,U01238
2025-07-21,U01238
2025-07-29,U01238
2025-08-18,U01238
2025-06-20,U01239
2025-07-07,U01239
2025-07-11,U01240
2025-07-25,U01240
2025-05-26,U01241
2025-06-07,U01241
2025-06-18,U01241
2025-07-05,U01241
2025-05-26,U01242
2025-06-09,U01242
2025-06-22,U01242
2025-07-03,U01242
2025-05-24,U01243
2025-06-05,U01243
2025-06-08,U01243
2025-06-13,U01243
2025-06-14,U01243
2025-06-21,U01243
2025-06-23,U01243
2025-07-18,U01244
2025-07-30,U01244
2025-07-10,U01245
2025-07-11,U01245
2025-07-13,U01245
2025-07-14,U01245
2025-07-17,U01245
2025-07-17,U01245
2025-07-22,U01245
2025-07-22,U01245
2025-07-27,U01245
2025-07-07,U01246
2025-07-08,U01246
2025-07-10,U01246
2025-07-12,U01246
2025-07-13,U01246
2025-07-15,U01246
2025-07-17,U01246
2025-07-18,U01246
2025-07-20,U01246
2025-07-26,U01246
2025-06-07,U01247
2025-06-14,U01247
2025-06-20,U01247
2025-07-03,U01247
2025-07-05,U01247
2025-05-20,U01248
2025-06-09,U01248
2025-06-22,U01248
2025-05-20,U01249
2025-05-28,U01249
2025-06-08,U01249
2025-06-11,U01249
2025-05-30,U01250
2025-06-14,U01250
2025-06-19,U01250
2025-07-01,U01250
2025-07-07,U01250
2025-06-20,U01251
2025-06-22,U01251
2025-06-23,U01251
2025-06-24,U01251
2025-07-02,U01251
2025-07-02,U01251
2025-07-09,U01251
2025-07-12,U01251
2025-07-12,U01251
2025-07-16,U01251
2025-06-20,U01252
2025-06-22,U01252
2025-06-28,U01252
2025-06-30,U01252
2025-07-02,U01252
2025-07-08,U01252
2025-07-13,U01252
2025-07-06,U01253
2025-07-07,U01253
2025-07-08,U01253
2025-07-10,U01253
2025-07-16,U01253
2025-07-18,U01253
2025-07-18,U01253
2025-07-18,U01253
2025-07-24,U01253
2025-07-25,U01253
2025-05-19,U01254
2025-06-12,U01254
2025-06-04,U01255
2025-06-13,U01255
2025-06-17,U01255
2025-06-23,U01255
2025-07-05,U01255
2025-07-06,U01255
2025-07-07,U01255
2025-07-14,U01256
2025-07-16,U01256
2025-07-16,U01256
2025-07-17,U01256
2025-07-17,U01256
2025-07-20,U01256
2025-07-21,U01256
2025-07-23,U01256
2025-06-11,U01257
2025-06-12,U01257
2025-06-25,U01257
2025-05-20,U01258
2025-08-15,U01258
2025-07-15,U01259
2025-07-15,U01259
2025-07-17,U01259
2025-07-17,U01259
2025-07-19,U01259
2025-07-20,U01259
2025-07-21,U01259
2025-07-25,U01259
2025-07-28,U01259
2025-07-29,U01259
2025-05-20,U01260
2025-05-24,U01260
2025-06-01,U01260
2025-06-13,U01260
2025-06-15,U01260
2025-06-18,U01260
2025-06-23,U01260
2025-06-25,U01260
2025-06-27,U01261
2025-07-01,U01261
2025-07-03,U01261
2025-07-04,U01261
2025-07-09,U01261
2025-07-12,U01261
2025-07-15,U01261
2025-07-16,U01261
2025-07-20,U01261
2025-07-21,U01261
2025-07-07,U01262
2025-07-17,U01262
2025-07-07,U01263
2025-07-10,U01263
2025-07-12,U01263
2025-07-12,U01263
2025-07-16,U01263
2025-07-19,U01263
2025-07-22,U01263
2025-07-22,U01263
2025-07-25,U01263
2025-06-30,U01264
2025-07-08,U01264
2025-07-09,U01264
2025-07-13,U01264
2025-07-17,U01265
2025-07-27,U01265
2025-07-19,U01266
2025-07-24,U01266
2025-07-24,U01266
2025-07-26,U01266
2025-07-27,U01266
2025-07-29,U01266
2025-07-31,U01266
2025-08-01,U01266
2025-05-17,U01267
2025-08-21,U01267
2025-06-20,U01268
2025-06-23,U01268
2025-06-26,U01268
2025-06-28,U01268
2025-06-29,U01268
2025-06-30,U01268
2025-07-04,U01268
2025-07-05,U01268
2025-07-11,U01268
2025-06-29,U01269
2025-06-29,U01269
2025-07-19,U01269
2025-05-26,U01270
2025-06-29,U01270
2025-07-02,U01270
2025-07-04,U01270
2025-05-18,U01271
2025-05-22,U01271
2025-06-16,U01271
2025-05-17,U01272
2025-05-17,U01273
2025-07-25,U01274
2025-07-30,U01274
2025-08-01,U01274
2025-06-25,U01275
2025-06-29,U01275
2025-07-01,U01275
2025-07-06,U01275
2025-07-07,U01275
2025-07-08,U01275
2025-07-10,U01275
2025-07-12,U01275
2025-07-17,U01275
2025-07-17,U01276
2025-07-23,U01276
2025-07-25,U01276
2025-07-26,U01276
2025-07-27,U01276
2025-08-17,U01276
2025-05-19,U01277
2025-06-11,U01278
2025-06-16,U01278
2025-06-18,U01278
2025-06-19,U01278
2025-06-25,U01278
2025-06-30,U01278
2025-07-03,U01278
2025-07-13,U01278
2025-05-17,U01279
2025-08-16,U01279
2025-06-01,U01280
2025-06-13,U01280
2025-07-20,U01281
2025-07-21,U01281
2025-07-24,U01281
2025-07-30,U01281
2025-08-01,U01281
2025-08-21,U01281
2025-07-09,U01282
2025-07-14,U01282
2025-07-14,U01282
2025-07-18,U01282
2025-07-21,U01282
2025-07-23,U01282
2025-07-25,U01282
2025-07-26,U01282
2025-07-27,U01282
2025-05-21,U01283
2025-06-04,U01283
2025-06-14,U01283
2025-08-19,U01283
2025-05-25,U01284
2025-05-29,U01284
2025-05-31,U01284
2025-06-07,U01284
2025-06-08,U01284
2025-06-28,U01284
2025-05-26,U01285
2025-08-18,U01285
2025-05-31,U01286
2025-05-31,U01286
2025-06-13,U01286
2025-05-24,U01287
2025-05-25,U01287
2025-05-31,U01287
2025-06-05,U01287
2025-07-19,U01288
2025-07-23,U01288
2025-07-26,U01288
2025-07-28,U01288
2025-07-31,U01288
2025-07-10,U01289
2025-07-15,U01289
2025-07-27,U01289
2025-06-11,U01290
2025-07-08,U01290
2025-05-31,U01291
2025-06-29,U01292
2025-06-29,U01292
2025-07-21,U01292
2025-06-12,U01293
2025-07-03,U01293
2025-06-10,U01294
2025-06-21,U01294
2025-06-22,U01294
2025-06-28,U01294
2025-06-30,U01294
2025-07-07,U01294
2025-07-08,U01294
2025-07-12,U01294
2025-05-19,U01295
2025-05-26,U01295
2025-06-04,U01295
2025-06-15,U01295
2025-06-26,U01295
2025-06-24,U01296
2025-06-28,U01296
2025-07-17,U01296
2025-08-18,U01296
2025-06-14,U01297
2025-06-29,U01297
2025-07-01,U01297
2025-07-09,U01297
2025-07-14,U01297
2025-05-27,U01298
2025-05-28,U01298
2025-05-29,U01298
2025-06-06,U01298
2025-06-11,U01298
2025-07-04,U01298
2025-06-25,U01299
2025-07-09,U01299
2025-06-28,U01300
2025-07-04,U01300
2025-07-10,U01300
2025-05-20,U01301
2025-05-27,U01301
2025-05-30,U01301
2025-05-31,U01301
2025-06-01,U01301
2025-06-05,U01301
2025-06-08,U01301
2025-06-09,U01301
2025-06-20,U01301
2025-06-26,U01301
2025-05-17,U01302
2025-06-01,U01303
2025-06-25,U01304
2025-06-26,U01304
2025-07-04,U01304
2025-07-09,U01304
2025-07-16,U01304
2025-05-17,U01305
2025-06-20,U01306
2025-06-26,U01306
2025-06-27,U01306
2025-07-20,U01307
2025-07-20,U01307
2025-07-22,U01307
2025-07-24,U01307
2025-07-30,U01307
2025-07-30,U01307
2025-07-31,U01307
2025-07-31,U01307
2025-08-01,U01307
2025-07-03,U01308
2025-07-06,U01308
2025-07-12,U01308
2025-07-16,U01308
2025-07-20,U01308
2025-07-22,U01308
2025-07-24,U01308
2025-08-15,U01308
2025-05-22,U01309
2025-06-01,U01310
2025-06-18,U01310
2025-06-19,U01310
2025-06-27,U01310
2025-06-29,U01310
2025-07-04,U01310
2025-06-23,U01311
2025-06-23,U01311
2025-06-29,U01311
2025-07-17,U01311
2025-07-03,U01312
2025-07-24,U01312
2025-05-24,U01313
2025-05-24,U01313
2025-05-30,U01313
2025-06-27,U01313
2025-05-18,U01314
2025-05-24,U01314
2025-05-19,U01315
2025-05-26,U01315
2025-07-13,U01316
2025-07-14,U01316
2025-07-17,U01316
2025-07-18,U01316
2025-07-21,U01316
2025-07-22,U01316
2025-07-23,U01316
2025-07-24,U01316
2025-07-26,U01316
2025-07-29,U01316
2025-06-16,U01317
2025-06-29,U01317
2025-07-12,U01317
2025-07-13,U01317
2025-06-02,U01318
2025-06-19,U01318
2025-07-05,U01318
2025-06-12,U01319
2025-06-14,U01319
2025-06-19,U01319
2025-06-25,U01320
2025-06-27,U01320
2025-07-06,U01320
2025-07-11,U01320
2025-07-14,U01320
2025-07-15,U01320
2025-06-25,U01321
2025-06-27,U01321
2025-06-27,U01321
2025-06-28,U01321
2025-07-01,U01321
2025-07-08,U01321
2025-07-08,U01321
2025-07-17,U01321
2025-07-20,U01321
2025-07-16,U01322
2025-07-16,U01322
2025-07-16,U01322
2025-07-21,U01322
2025-07-22,U01322
2025-07-23,U01322
2025-07-30,U01322
2025-07-11,U01323
2025-07-28,U01323
2025-07-03,U01324
2025-07-21,U01324
2025-07-23,U01324
2025-07-17,U01325
2025-07-19,U01325
2025-07-20,U01325
2025-07-25,U01325
2025-07-29,U01325
2025-07-30,U01325
2025-07-31,U01325
2025-07-14,U01326
2025-07-14,U01326
2025-07-15,U01326
2025-07-16,U01326
2025-07-20,U01326
2025-07-26,U01326
2025-07-27,U01326
2025-06-25,U01327
2025-06-25,U01327
2025-07-20,U01327
2025-05-28,U01328
2025-06-12,U01328
2025-06-20,U01328
2025-05-18,U01329
2025-05-29,U01329
2025-06-06,U01329
2025-06-06,U01329
2025-06-27,U01329
2025-06-28,U01329
2025-06-22,U01330
2025-06-24,U01330
2025-07-01,U01330
2025-07-01,U01330
2025-07-15,U01330
2025-07-17,U01330
2025-06-22,U01331
2025-07-12,U01331
2025-07-15,U01331
2025-05-17,U01332
2025-05-22,U01333
2025-05-24,U01333
2025-06-03,U01333
2025-06-07,U01333
2025-07-15,U01334
2025-07-17,U01334
2025-07-22,U01334
2025-07-23,U01334
2025-07-27,U01334
2025-07-29,U01334
2025-07-09,U01335
2025-07-11,U01335
2025-07-13,U01335
2025-07-26,U01335
2025-05-17,U01336
2025-05-17,U01337
2025-06-17,U01338
2025-06-20,U01338
2025-06-23,U01338
2025-06-26,U01338
2025-07-04,U01338
2025-07-05,U01338
2025-07-07,U01338
2025-07-09,U01338
2025-07-10,U01338
2025-07-16,U01338
2025-07-19,U01339
2025-07-19,U01339
2025-07-26,U01339
2025-07-28,U01339
2025-07-29,U01339
2025-06-17,U01340
2025-06-13,U01341
2025-06-22,U01341
2025-07-01,U01341
2025-07-13,U01341
2025-05-19,U01342
2025-05-21,U01342
2025-05-24,U01342
2025-06-06,U01342
2025-05-30,U01343
2025-06-06,U01343
2025-06-16,U01343
2025-06-20,U01343
2025-06-29,U01343
2025-07-01,U01343
2025-07-02,U01343
2025-07-03,U01343
2025-07-07,U01343
2025-06-01,U01344
2025-06-13,U01344
2025-06-17,U01344
2025-06-20,U01344
2025-06-28,U01344
2025-06-30,U01344
2025-07-02,U01344
2025-07-04,U01344
2025-07-07,U01344
2025-07-08,U01344
2025-06-10,U01345
2025-06-19,U01345
2025-06-29,U01346
2025-07-03,U01346
2025-07-05,U01346
2025-07-10,U01346
2025-07-10,U01346
2025-07-19,U01346
2025-07-19,U01347
2025-07-20,U01347
2025-07-25,U01347
2025-07-29,U01347
2025-07-13,U01348
2025-07-15,U01348
2025-07-18,U01348
2025-07-23,U01348
2025-07-23,U01348
2025-07-24,U01348
2025-07-29,U01348
2025-06-10,U01349
2025-06-11,U01349
2025-06-16,U01349
2025-06-30,U01349
2025-07-01,U01349
2025-07-02,U01349
2025-07-04,U01349
2025-07-04,U01349
2025-07-10,U01349
2025-06-02,U01350
2025-06-13,U01350
2025-06-13,U01350
2025-06-16,U01350
2025-06-24,U01350
2025-06-28,U01350
2025-06-30,U01351
2025-07-02,U01351
2025-07-08,U01351
2025-07-10,U01351
2025-07-11,U01351
2025-07-17,U01351
2025-07-19,U01351
2025-07-20,U01351
2025-07-21,U01351
2025-06-30,U01352
2025-07-02,U01352
2025-07-02,U01352
2025-07-02,U01352
2025-07-07,U01352
2025-07-15,U01352
2025-07-21,U01352
2025-07-22,U01352
2025-07-10,U01353
2025-07-22,U01353
2025-07-24,U01353
2025-07-25,U01353
2025-07-26,U01353
2025-07-18,U01354
2025-07-21,U01354
2025-07-24,U01354
2025-05-26,U01355
2025-06-02,U01355
2025-06-10,U01355
2025-07-03,U01355
2025-07-05,U01355
2025-06-01,U01356
2025-06-02,U01356
2025-06-13,U01356
2025-06-13,U01356
2025-06-23,U01356
2025-06-23,U01356
2025-06-25,U01356
2025-06-29,U01357
2025-07-02,U01357
2025-07-05,U01357
2025-07-06,U01357
2025-07-07,U01357
2025-07-12,U01357
2025-07-17,U01357
2025-05-17,U01358
2025-05-30,U01359
2025-06-04,U01359
2025-06-16,U01359
2025-06-28,U01359
2025-07-05,U01359
2025-05-19,U01360
2025-05-22,U01360
2025-05-26,U01360
2025-06-08,U01360
2025-06-24,U01360
2025-06-25,U01360
2025-05-21,U01361
2025-05-29,U01361
2025-06-01,U01361
2025-06-09,U01361
2025-06-19,U01361
2025-06-24,U01361
2025-07-28,U01362
2025-07-29,U01362
2025-05-17,U01363
2025-08-20,U01363
2025-07-19,U01364
2025-07-21,U01364
2025-07-27,U01364
2025-07-31,U01364
2025-07-05,U01365
2025-07-11,U01365
2025-07-20,U01365
2025-07-20,U01365
2025-07-22,U01365
2025-05-21,U01366
2025-05-30,U01367
2025-05-24,U01368
2025-06-07,U01368
2025-06-15,U01368
2025-05-17,U01369
2025-07-18,U01370
2025-07-20,U01370
2025-07-25,U01370
2025-07-31,U01370
2025-06-09,U01371
2025-06-19,U01371
2025-07-03,U01371
2025-07-11,U01371
2025-07-14,U01372
2025-07-21,U01372
2025-07-26,U01372
2025-06-06,U01373
2025-06-17,U01373
2025-06-20,U01373
2025-06-22,U01373
2025-06-22,U01373
2025-06-29,U01373
2025-07-08,U01373
2025-06-18,U01374
2025-06-21,U01374
2025-06-26,U01374
2025-07-12,U01374
2025-05-25,U01375
2025-06-01,U01375
2025-07-18,U01376
2025-07-30,U01376
2025-05-26,U01377
2025-06-02,U01377
2025-06-10,U01377
2025-06-12,U01377
2025-06-18,U01377
2025-06-19,U01377
2025-06-29,U01378
2025-07-03,U01378
2025-07-14,U01378
2025-07-15,U01378
2025-07-17,U01378
2025-07-21,U01378
2025-05-17,U01379
2025-05-25,U01379
2025-05-25,U01379
2025-06-06,U01379
2025-06-10,U01379
2025-06-17,U01379
2025-05-17,U01380
2025-06-06,U01381
2025-05-30,U01382
2025-06-12,U01382
2025-06-15,U01382
2025-06-20,U01382
2025-06-26,U01382
2025-07-01,U01382
2025-07-02,U01382
2025-07-07,U01382
2025-07-15,U01383
2025-07-25,U01383
2025-07-29,U01383
2025-07-13,U01384
2025-07-15,U01384
2025-07-18,U01384
2025-07-19,U01384
2025-07-21,U01384
2025-07-21,U01384
2025-07-22,U01384
2025-07-23,U01384
2025-07-24,U01384
2025-07-28,U01384
2025-05-23,U01385
2025-05-30,U01385
2025-06-11,U01385
2025-07-02,U01386
2025-07-08,U01386
2025-07-12,U01386
2025-07-12,U01386
2025-07-20,U01386
2025-08-18,U01386
2025-07-15,U01387
2025-07-17,U01387
2025-07-23,U01387
2025-07-23,U01387
2025-07-25,U01387
2025-07-27,U01387
2025-07-28,U01387
2025-07-20,U01388
2025-07-21,U01388
2025-07-23,U01388
2025-07-31,U01388
2025-08-01,U01388
2025-05-17,U01389
2025-08-15,U01389
2025-07-11,U01390
2025-07-14,U01390
2025-07-15,U01390
2025-07-18,U01390
2025-07-20,U01390
2025-07-20,U01390
2025-07-25,U01390
2025-05-17,U01391
2025-05-20,U01391
2025-06-12,U01391
2025-06-15,U01391
2025-05-31,U01392
2025-06-13,U01392
2025-06-21,U01392
2025-07-04,U01392
2025-07-05,U01392
2025-07-02,U01393
2025-07-03,U01393
2025-07-16,U01393
2025-07-19,U01393
2025-07-20,U01393
2025-07-23,U01393
2025-06-03,U01394
2025-06-10,U01394
2025-06-15,U01394
2025-06-16,U01394
2025-06-17,U01394
2025-06-20,U01394
2025-06-30,U01394
2025-07-01,U01394
2025-07-03,U01394
2025-07-07,U01394
2025-06-13,U01395
2025-06-14,U01395
2025-06-18,U01395
2025-06-18,U01395
2025-07-03,U01395
2025-07-05,U01395
2025-07-12,U01395
2025-06-21,U01396
2025-06-22,U01396
2025-06-28,U01396
2025-07-01,U01396
2025-07-07,U01396
2025-07-12,U01396
2025-07-18,U01396
2025-05-30,U01397
2025-06-02,U01397
2025-06-18,U01397
2025-06-26,U01397
2025-06-30,U01397
2025-07-06,U01397
2025-06-13,U01398
2025-06-21,U01398
2025-06-22,U01398
2025-06-23,U01398
2025-07-11,U01399
2025-07-12,U01399
2025-07-14,U01399
2025-07-16,U01399
2025-07-17,U01399
2025-07-17,U01399
2025-07-23,U01399
2025-07-28,U01399
2025-07-23,U01400
2025-07-26,U01400
2025-08-17,U01400
2025-06-09,U01401
2025-07-01,U01401
2025-08-21,U01401
2025-07-17,U01402
2025-07-19,U01402
2025-07-20,U01402
2025-07-21,U01402
2025-07-24,U01402
2025-07-05,U01403
2025-07-08,U01403
2025-07-25,U01403
2025-06-06,U01404
2025-06-13,U01404
2025-06-25,U01404
2025-06-28,U01404
2025-06-30,U01404
2025-07-03,U01404
2025-07-04,U01404
2025-07-05,U01404
2025-07-06,U01404
2025-06-24,U01405
2025-06-24,U01405
2025-06-25,U01405
2025-06-26,U01405
2025-06-26,U01405
2025-06-30,U01405
2025-07-03,U01405
2025-07-08,U01405
2025-07-09,U01405
2025-07-18,U01405
2025-07-13,U01406
2025-07-15,U01406
2025-07-17,U01406
2025-07-24,U01406
2025-07-29,U01406
2025-07-09,U01407
2025-07-13,U01407
2025-07-16,U01407
2025-07-24,U01407
2025-07-25,U01407
2025-07-26,U01407
2025-07-26,U01407
2025-07-27,U01407
2025-07-02,U01408
2025-07-11,U01408
2025-07-23,U01408
2025-08-19,U01408
2025-05-17,U01409
2025-05-21,U01409
2025-05-29,U01409
2025-06-01,U01409
2025-06-09,U01409
2025-06-12,U01409
2025-06-18,U01409
2025-05-29,U01410
2025-06-13,U01410
2025-06-19,U01410
2025-06-23,U01410
2025-06-26,U01410
2025-07-02,U01410
2025-05-24,U01411
2025-06-01,U01411
2025-06-15,U01411
2025-06-18,U01411
2025-06-20,U01411
2025-06-24,U01411
2025-07-10,U01412
2025-07-14,U01412
2025-07-15,U01412
2025-07-17,U01412
2025-07-20,U01412
2025-07-23,U01412
2025-07-25,U01412
2025-05-21,U01413
2025-05-29,U01413
2025-06-15,U01413
2025-06-17,U01413
2025-06-19,U01413
2025-06-19,U01413
2025-06-22,U01413
2025-06-25,U01413
2025-07-02,U01413
2025-05-22,U01414
2025-06-05,U01414
2025-06-27,U01415
2025-06-30,U01415
2025-07-14,U01415
2025-07-15,U01415
2025-07-17,U01415
2025-07-18,U01415
2025-07-13,U01416
2025-07-17,U01416
2025-07-17,U01416
2025-07-18,U01416
2025-07-23,U01416
2025-07-29,U01416
2025-05-23,U01417
2025-05-23,U01417
2025-06-12,U01417
2025-06-15,U01417
2025-06-19,U01417
2025-06-28,U01417
2025-06-29,U01417
2025-07-03,U01417
2025-07-13,U01418
2025-07-17,U01418
2025-07-24,U01418
2025-06-02,U01419
2025-05-17,U01420
2025-05-25,U01421
2025-06-06,U01421
2025-06-16,U01421
2025-06-16,U01421
2025-06-21,U01421
2025-07-01,U01421
2025-07-25,U01422
2025-07-27,U01422
2025-07-27,U01422
2025-07-27,U01422
2025-07-28,U01422
2025-07-28,U01422
2025-07-29,U01422
2025-07-30,U01422
2025-07-31,U01422
2025-05-27,U01423
2025-06-03,U01423
2025-06-09,U01423
2025-06-10,U01423
2025-06-11,U01423
2025-06-23,U01423
2025-06-30,U01423
2025-07-02,U01423
2025-05-17,U01424
2025-07-01,U01425
2025-07-07,U01425
2025-07-10,U01425
2025-07-23,U01425
2025-06-21,U01426
2025-07-13,U01427
2025-07-14,U01427
2025-07-15,U01427
2025-07-16,U01427
2025-07-18,U01427
2025-07-27,U01427
2025-08-20,U01427
2025-05-17,U01428
2025-06-08,U01429
2025-06-07,U01430
2025-07-07,U01430
2025-06-10,U01431
2025-06-12,U01431
2025-07-15,U01432
2025-07-16,U01432
2025-07-18,U01432
2025-07-21,U01432
2025-07-23,U01432
2025-07-24,U01432
2025-07-24,U01432
2025-07-27,U01432
2025-07-29,U01432
2025-06-01,U01433
2025-06-08,U01433
2025-06-10,U01433
2025-06-16,U01433
2025-05-29,U01434
2025-06-06,U01434
2025-06-08,U01434
2025-06-14,U01434
2025-07-20,U01435
2025-07-22,U01435
2025-07-23,U01435
2025-07-29,U01435
2025-07-19,U01436
2025-07-26,U01436
2025-05-25,U01437
2025-05-27,U01437
2025-06-14,U01437
2025-08-19,U01437
2025-07-21,U01438
2025-08-01,U01438
2025-06-08,U01439
2025-07-13,U01440
2025-07-17,U01440
2025-07-17,U01440
2025-07-18,U01440
2025-07-24,U01440
2025-07-25,U01440
2025-07-19,U01441
2025-07-21,U01441
2025-07-22,U01441
2025-07-23,U01441
2025-07-27,U01441
2025-07-27,U01441
2025-07-29,U01441
2025-07-31,U01441
2025-07-31,U01441
2025-08-01,U01441
2025-08-20,U01441
2025-05-30,U01442
2025-06-16,U01442
2025-06-16,U01442
2025-06-18,U01442
2025-06-23,U01442
2025-06-26,U01442
2025-06-28,U01442
2025-07-02,U01442
2025-07-05,U01442
2025-06-04,U01443
2025-08-15,U01443
2025-05-27,U01444
2025-06-02,U01444
2025-06-08,U01444
2025-06-11,U01444
2025-06-11,U01444
2025-06-12,U01444
2025-08-18,U01444
2025-07-15,U01445
2025-07-15,U01445
2025-07-21,U01445
2025-07-21,U01445
2025-07-23,U01445
2025-07-28,U01445
2025-07-29,U01445
2025-07-30,U01445
2025-06-30,U01446
2025-06-30,U01446
2025-07-02,U01446
2025-07-04,U01446
2025-07-05,U01446
2025-07-15,U01446
2025-07-17,U01446
2025-07-19,U01446
2025-07-20,U01446
2025-05-17,U01447
2025-05-20,U01447
2025-05-21,U01447
2025-05-22,U01447
2025-05-26,U01447
2025-05-29,U01447
2025-06-09,U01447
2025-06-22,U01447
2025-07-07,U01448
2025-07-11,U01448
2025-07-12,U01448
2025-07-15,U01448
2025-07-15,U01448
2025-07-20,U01448
2025-07-26,U01448
2025-06-10,U01449
2025-06-12,U01449
2025-06-29,U01449
2025-07-11,U01449
2025-08-18,U01449
2025-05-26,U01450
2025-06-03,U01450
2025-06-08,U01450
2025-06-11,U01450
2025-06-11,U01450
2025-06-12,U01450
2025-06-16,U01450
2025-06-19,U01450
2025-06-29,U01450
2025-07-03,U01450
2025-06-28,U01451
2025-06-30,U01451
2025-06-30,U01451
2025-07-04,U01451
2025-07-20,U01451
2025-05-26,U01452
2025-06-29,U01452
2025-06-30,U01453
2025-07-02,U01453
2025-07-10,U01453
2025-07-18,U01453
2025-07-20,U01453
2025-07-22,U01453
2025-07-17,U01454
2025-07-31,U01454
2025-07-15,U01455
2025-07-21,U01455
2025-07-25,U01455
2025-07-26,U01455
2025-07-27,U01455
2025-07-30,U01455
2025-07-18,U01456
2025-07-18,U01456
2025-07-24,U01456
2025-07-26,U01456
2025-07-28,U01456
2025-06-07,U01457
2025-06-22,U01457
2025-06-30,U01457
2025-05-22,U01458
2025-05-23,U01458
2025-05-24,U01458
2025-05-28,U01458
2025-06-04,U01458
2025-06-11,U01458
2025-06-13,U01458
2025-06-30,U01458
2025-07-02,U01458
2025-05-29,U01459
2025-06-11,U01459
2025-06-12,U01459
2025-08-17,U01459
2025-05-17,U01460
2025-05-28,U01460
2025-06-14,U01460
2025-06-16,U01461
2025-08-15,U01461
2025-07-16,U01462
2025-07-16,U01462
2025-07-18,U01462
2025-07-20,U01462
2025-07-27,U01462
2025-07-29,U01462
2025-06-22,U01463
2025-06-22,U01463
2025-07-06,U01463
2025-07-07,U01463
2025-07-17,U01463
2025-06-22,U01464
2025-06-24,U01464
2025-06-24,U01464
2025-06-28,U01464
2025-07-05,U01464
2025-07-06,U01464
2025-07-08,U01464
2025-07-10,U01464
2025-07-14,U01464
2025-07-18,U01464
2025-07-13,U01465
2025-07-25,U01465
2025-07-28,U01465
2025-05-18,U01466
2025-06-28,U01466
2025-06-29,U01466
2025-07-01,U01466
2025-06-25,U01467
2025-06-29,U01467
2025-06-30,U01467
2025-07-08,U01467
2025-07-09,U01467
2025-07-17,U01467
2025-07-18,U01467
2025-06-12,U01468
2025-06-16,U01468
2025-06-19,U01468
2025-06-30,U01468
2025-07-03,U01468
2025-07-16,U01469
2025-07-17,U01469
2025-07-18,U01469
2025-07-18,U01469
2025-07-21,U01469
2025-07-22,U01469
2025-07-22,U01469
2025-07-25,U01469
2025-07-28,U01469
2025-08-16,U01469
2025-07-23,U01470
2025-07-24,U01470
2025-07-26,U01470
2025-07-30,U01470
2025-07-31,U01470
2025-06-21,U01471
2025-06-28,U01471
2025-06-29,U01471
2025-07-01,U01471
2025-07-02,U01471
2025-07-08,U01471
2025-07-11,U01471
2025-07-17,U01471
2025-06-02,U01472
2025-06-07,U01472
2025-06-30,U01472
2025-07-03,U01472
2025-06-06,U01473
2025-06-10,U01473
2025-06-25,U01473
2025-07-02,U01473
2025-07-03,U01473
2025-07-09,U01474
2025-07-19,U01474
2025-07-21,U01474
2025-07-21,U01474
2025-07-23,U01474
2025-07-26,U01474
2025-05-20,U01475
2025-05-22,U01475
2025-05-23,U01475
2025-05-29,U01475
2025-05-31,U01475
2025-06-21,U01475
2025-07-10,U01476
2025-07-12,U01476
2025-07-16,U01476
2025-07-17,U01476
2025-07-18,U01476
2025-07-19,U01476
2025-07-21,U01476
2025-07-23,U01476
2025-07-23,U01476
2025-07-27,U01476
2025-05-17,U01477
2025-06-20,U01478
2025-06-22,U01478
2025-06-26,U01478
2025-06-28,U01478
2025-06-30,U01478
2025-06-30,U01478
2025-07-10,U01478
2025-07-11,U01478
2025-07-14,U01478
2025-07-16,U01478
2025-07-03,U01479
2025-07-10,U01479
2025-07-11,U01479
2025-07-11,U01479
2025-07-14,U01479
2025-07-15,U01479
2025-07-19,U01479
2025-07-22,U01479
2025-08-19,U01479
2025-06-20,U01480
2025-06-21,U01480
2025-06-28,U01480
2025-06-29,U01480
2025-07-03,U01480
2025-07-05,U01480
2025-07-14,U01480
2025-07-15,U01480
2025-07-16,U01480
2025-07-17,U01480
2025-06-07,U01481
2025-06-10,U01481
2025-06-16,U01481
2025-06-21,U01481
2025-06-24,U01481
2025-06-27,U01481
2025-06-29,U01481
2025-07-03,U01481
2025-07-10,U01481
2025-07-11,U01481
2025-07-05,U01482
2025-07-14,U01482
2025-07-23,U01482
2025-07-15,U01483
2025-07-22,U01483
2025-07-23,U01483
2025-07-28,U01483
2025-08-17,U01483
2025-06-24,U01484
2025-07-01,U01484
2025-07-02,U01484
2025-07-08,U01484
2025-07-09,U01484
2025-07-14,U01484
2025-07-18,U01484
2025-05-17,U01485
2025-08-16,U01485
2025-07-08,U01486
2025-07-10,U01486
2025-07-24,U01486
2025-08-16,U01486
2025-05-29,U01487
2025-06-11,U01487
2025-06-26,U01488
2025-07-16,U01488
2025-06-02,U01489
2025-06-03,U01489
2025-06-05,U01489
2025-06-12,U01489
2025-06-18,U01489
2025-06-25,U01489
2025-06-27,U01489
2025-06-27,U01489
2025-07-08,U01489
2025-06-19,U01490
2025-07-15,U01490
2025-07-21,U01491
2025-07-23,U01491
2025-07-24,U01491
2025-07-28,U01491
2025-07-28,U01491
2025-07-31,U01491
2025-08-01,U01491
2025-05-21,U01492
2025-06-03,U01492
2025-06-06,U01492
2025-06-10,U01492
2025-06-10,U01492
2025-06-22,U01492
2025-06-28,U01492
2025-07-19,U01493
2025-07-29,U01493
2025-06-07,U01494
2025-05-20,U01495
2025-06-01,U01495
2025-06-05,U01495
2025-06-19,U01495
2025-06-23,U01495
2025-05-23,U01496
2025-06-06,U01496
2025-06-13,U01496
2025-06-22,U01496
2025-06-29,U01496
2025-05-17,U01497
2025-07-17,U01498
2025-07-21,U01498
2025-07-21,U01498
2025-07-25,U01498
2025-07-30,U01498
2025-07-13,U01499
2025-07-22,U01499
2025-07-23,U01499
2025-07-23,U01499
2025-07-25,U01499
2025-07-28,U01499
2025-06-29,U01500
2025-06-29,U01500
2025-07-05,U01500
2025-07-08,U01500
2025-07-10,U01500
2025-07-11,U01500
2025-07-15,U01500
2025-07-19,U01500
2025-05-25,U01501
2025-06-03,U01501
2025-05-19,U01502
2025-05-25,U01502
2025-05-28,U01502
2025-06-08,U01502
2025-06-24,U01502
2025-07-10,U01503
2025-07-10,U01503
2025-07-12,U01503
2025-07-13,U01503
2025-07-18,U01503
2025-07-19,U01503
2025-07-21,U01503
2025-07-21,U01503
2025-07-24,U01503
2025-07-04,U01504
2025-07-05,U01504
2025-07-08,U01504
2025-07-11,U01504
2025-07-15,U01504
2025-07-19,U01504
2025-05-17,U01505
2025-06-07,U01506
2025-06-13,U01506
2025-08-15,U01506
2025-06-17,U01507
2025-06-24,U01507
2025-06-25,U01507
2025-06-27,U01507
2025-06-28,U01507
2025-06-30,U01507
2025-07-01,U01507
2025-07-11,U01507
2025-07-13,U01507
2025-07-14,U01507
2025-07-11,U01508
2025-07-28,U01508
2025-05-19,U01509
2025-06-03,U01509
2025-08-18,U01509
2025-05-17,U01510
2025-06-03,U01511
2025-05-19,U01512
2025-05-25,U01512
2025-06-02,U01512
2025-07-24,U01513
2025-07-27,U01513
2025-07-12,U01514
2025-07-15,U01514
2025-07-15,U01514
2025-07-17,U01514
2025-07-17,U01514
2025-07-28,U01514
2025-08-21,U01514
2025-05-17,U01515
2025-06-20,U01516
2025-06-28,U01516
2025-06-28,U01516
2025-06-29,U01516
2025-07-07,U01516
2025-07-10,U01516
2025-08-16,U01516
2025-07-10,U01517
2025-07-11,U01517
2025-07-12,U01517
2025-07-16,U01517
2025-07-16,U01517
2025-07-17,U01517
2025-07-21,U01517
2025-07-25,U01517
2025-07-26,U01517
2025-07-27,U01517
2025-07-16,U01518
2025-07-17,U01518
2025-07-18,U01518
2025-07-19,U01518
2025-07-25,U01518
2025-07-26,U01518
2025-07-29,U01518
2025-07-30,U01518
2025-08-18,U01518
2025-07-22,U01519
2025-07-23,U01519
2025-07-27,U01519
2025-05-17,U01520
2025-06-07,U01520
2025-06-09,U01520
2025-06-22,U01521
2025-06-27,U01521
2025-07-08,U01521
2025-07-09,U01521
2025-07-09,U01521
2025-07-17,U01521
2025-07-18,U01521
2025-06-27,U01522
2025-06-28,U01522
2025-06-30,U01522
2025-07-02,U01522
2025-07-02,U01522
2025-07-11,U01522
2025-07-11,U01522
2025-07-14,U01522
2025-07-14,U01522
2025-07-21,U01522
2025-06-19,U01523
2025-07-01,U01523
2025-07-17,U01523
2025-05-20,U01524
2025-06-10,U01524
2025-06-18,U01524
2025-06-19,U01524
2025-06-27,U01524
2025-05-29,U01525
2025-05-17,U01526
2025-07-02,U01527
2025-07-09,U01527
2025-07-12,U01527
2025-07-13,U01527
2025-07-13,U01527
2025-07-17,U01527
2025-07-19,U01527
2025-07-22,U01527
2025-07-17,U01528
2025-07-17,U01528
2025-07-21,U01528
2025-07-31,U01528
2025-06-23,U01529
2025-07-07,U01529
2025-07-09,U01529
2025-07-11,U01529
2025-07-17,U01529
2025-07-19,U01529
2025-07-13,U01530
2025-07-21,U01530
2025-07-23,U01530
2025-07-27,U01530
2025-06-06,U01531
2025-06-10,U01531
2025-07-06,U01531
2025-07-07,U01531
2025-07-07,U01531
2025-07-08,U01531
2025-06-09,U01532
2025-06-10,U01533
2025-06-21,U01533
2025-07-05,U01533
2025-08-19,U01533
2025-05-30,U01534
2025-06-05,U01534
2025-05-20,U01535
2025-05-27,U01535
2025-06-27,U01536
2025-07-12,U01536
2025-07-20,U01536
2025-05-28,U01537
2025-06-02,U01537
2025-06-06,U01537
2025-06-14,U01537
2025-07-01,U01537
2025-07-05,U01537
2025-06-27,U01538
2025-07-01,U01538
2025-07-14,U01538
2025-05-26,U01539
2025-05-27,U01539
2025-05-29,U01539
2025-06-18,U01539
2025-06-20,U01539
2025-06-24,U01539
2025-06-26,U01539
2025-06-10,U01540
2025-06-18,U01540
2025-07-05,U01540
2025-07-11,U01540
2025-05-17,U01541
2025-08-18,U01541
2025-06-11,U01542
2025-05-19,U01543
2025-05-22,U01543
2025-06-02,U01543
2025-06-04,U01543
2025-06-13,U01543
2025-06-28,U01543
2025-06-22,U01544
2025-07-06,U01544
2025-07-10,U01544
2025-07-11,U01544
2025-07-15,U01544
2025-07-16,U01544
2025-05-30,U01545
2025-06-04,U01545
2025-06-18,U01545
2025-06-19,U01545
2025-06-20,U01545
2025-06-27,U01545
2025-06-28,U01545
2025-07-03,U01545
2025-07-05,U01545
2025-06-21,U01546
2025-07-10,U01546
2025-07-16,U01546
2025-07-05,U01547
2025-07-09,U01547
2025-07-13,U01547
2025-07-23,U01547
2025-07-24,U01547
2025-07-25,U01547
2025-05-17,U01548
2025-07-01,U01549
2025-07-03,U01549
2025-07-03,U01549
2025-07-08,U01549
2025-07-11,U01549
2025-07-14,U01549
2025-07-22,U01549
2025-07-22,U01549
2025-07-23,U01549
2025-06-29,U01550
2025-07-02,U01550
2025-07-18,U01550
2025-07-21,U01550
2025-05-31,U01551
2025-06-22,U01551
2025-05-21,U01552
2025-05-23,U01552
2025-05-28,U01552
2025-05-28,U01552
2025-05-28,U01552
2025-05-31,U01552
2025-06-06,U01552
2025-08-15,U01552
2025-07-13,U01553
2025-07-16,U01553
2025-07-17,U01553
2025-07-20,U01553
2025-07-20,U01553
2025-07-25,U01553
2025-07-26,U01553
2025-07-26,U01553
2025-07-29,U01553
2025-05-17,U01554
2025-06-30,U01555
2025-07-06,U01555
2025-07-06,U01555
2025-07-08,U01555
2025-07-08,U01555
2025-07-13,U01555
2025-07-21,U01555
2025-07-22,U01555
2025-05-31,U01556
2025-05-31,U01556
2025-06-03,U01556
2025-06-08,U01556
2025-06-10,U01556
2025-06-10,U01556
2025-06-17,U01556
2025-06-23,U01556
2025-06-26,U01556
2025-07-07,U01556
2025-05-28,U01557
2025-05-29,U01557
2025-06-03,U01557
2025-06-07,U01557
2025-06-03,U01558
2025-06-08,U01558
2025-06-10,U01558
2025-06-11,U01558
2025-06-29,U01558
2025-07-06,U01558
2025-07-08,U01558
2025-05-17,U01559
2025-07-23,U01560
2025-07-29,U01560
2025-05-25,U01561
2025-06-14,U01561
2025-06-23,U01561
2025-07-03,U01561
2025-07-04,U01562
2025-07-11,U01562
2025-05-21,U01563
2025-08-21,U01563
2025-07-08,U01564
2025-07-13,U01564
2025-07-15,U01564
2025-07-14,U01565
2025-07-20,U01565
2025-05-25,U01566
2025-06-12,U01566
2025-06-13,U01566
2025-06-13,U01567
2025-06-24,U01567
2025-06-28,U01567
2025-07-01,U01567
2025-07-01,U01567
2025-07-04,U01567
2025-07-09,U01567
2025-07-11,U01567
2025-05-17,U01568
2025-05-17,U01569
2025-06-01,U01569
2025-06-14,U01569
2025-07-05,U01570
2025-07-25,U01570
2025-07-10,U01571
2025-07-18,U01571
2025-07-20,U01571
2025-05-18,U01572
2025-05-22,U01572
2025-05-22,U01572
2025-05-24,U01572
2025-06-04,U01572
2025-07-11,U01573
2025-07-18,U01573
2025-06-19,U01574
2025-06-24,U01574
2025-06-30,U01574
2025-07-03,U01574
2025-07-03,U01574
2025-07-06,U01574
2025-07-08,U01574
2025-07-13,U01574
2025-08-18,U01574
2025-06-29,U01575
2025-06-30,U01575
2025-07-02,U01575
2025-07-08,U01575
2025-07-10,U01575
2025-07-11,U01575
2025-07-19,U01575
2025-07-19,U01575
2025-07-21,U01575
2025-08-18,U01575
2025-06-11,U01576
2025-06-25,U01576
2025-06-26,U01576
2025-06-27,U01576
2025-06-28,U01576
2025-07-03,U01576
2025-07-11,U01576
2025-05-23,U01577
2025-06-03,U01577
2025-06-12,U01577
2025-08-17,U01577
2025-07-19,U01578
2025-07-20,U01578
2025-07-20,U01578
2025-07-24,U01578
2025-07-24,U01578
2025-07-28,U01578
2025-07-30,U01578
2025-07-31,U01578
2025-06-21,U01579
2025-06-24,U01579
2025-06-26,U01579
2025-06-26,U01579
2025-06-28,U01579
2025-07-01,U01579
2025-07-09,U01579
2025-07-09,U01579
2025-07-10,U01579
2025-07-17,U01579
2025-06-11,U01580
2025-06-25,U01580
2025-07-06,U01580
2025-06-30,U01581
2025-07-15,U01581
2025-07-21,U01581
2025-07-18,U01582
2025-07-24,U01582
2025-07-27,U01582
2025-07-29,U01582
2025-07-07,U01583
2025-07-16,U01583
2025-07-18,U01583
2025-07-19,U01583
2025-07-20,U01583
2025-07-23,U01583
2025-07-23,U01583
2025-07-25,U01583
2025-07-13,U01584
2025-07-15,U01584
2025-07-24,U01584
2025-07-26,U01584
2025-07-26,U01584
2025-07-27,U01584
2025-07-27,U01584
2025-07-28,U01584
2025-06-17,U01585
2025-06-18,U01585
2025-06-22,U01585
2025-06-26,U01585
2025-06-30,U01585
2025-07-11,U01585
2025-07-05,U01586
2025-07-21,U01586
2025-07-22,U01587
2025-07-23,U01587
2025-07-24,U01587
2025-07-25,U01587
2025-07-25,U01587
2025-07-25,U01587
2025-07-27,U01587
2025-08-01,U01587
2025-07-16,U01588
2025-07-20,U01588
2025-07-22,U01588
2025-07-22,U01588
2025-07-25,U01588
2025-07-27,U01588
2025-07-28,U01588
2025-07-29,U01588
2025-07-30,U01588
2025-06-25,U01589
2025-06-26,U01589
2025-07-02,U01589
2025-07-03,U01589
2025-07-12,U01589
2025-07-19,U01589
2025-05-18,U01590
2025-06-04,U01590
2025-06-04,U01590
2025-06-22,U01590
2025-05-28,U01591
2025-06-01,U01591
2025-06-09,U01591
2025-06-10,U01591
2025-06-12,U01591
2025-05-27,U01592
2025-05-27,U01592
2025-06-05,U01592
2025-06-12,U01592
2025-06-15,U01592
2025-06-29,U01592
2025-07-05,U01592
2025-05-17,U01593
2025-07-18,U01594
2025-07-22,U01594
2025-07-23,U01594
2025-07-25,U01594
2025-07-27,U01594
2025-07-29,U01594
2025-07-29,U01594
2025-07-30,U01594
2025-05-21,U01595
2025-06-26,U01595
2025-07-19,U01596
2025-07-24,U01596
2025-07-25,U01596
2025-07-26,U01596
2025-07-27,U01596
2025-07-31,U01596
2025-08-01,U01596
2025-07-04,U01597
2025-07-12,U01597
2025-07-15,U01597
2025-07-17,U01597
2025-08-15,U01597
2025-07-19,U01598
2025-07-19,U01598
2025-07-22,U01598
2025-07-26,U01598
2025-07-29,U01598
2025-07-29,U01598
2025-07-29,U01598
2025-07-30,U01598
2025-07-30,U01598
2025-08-01,U01598
2025-08-20,U01598
2025-07-11,U01599
2025-07-14,U01599
2025-07-20,U01599
2025-07-23,U01599
2025-07-26,U01599
2025-07-26,U01599
2025-07-28,U01599
2025-06-26,U01600
2025-06-30,U01600
2025-07-05,U01600
2025-07-06,U01600
2025-07-20,U01600
2025-06-17,U01601
2025-06-19,U01601
2025-06-23,U01601
2025-06-24,U01601
2025-06-25,U01601
2025-06-29,U01601
2025-07-03,U01601
2025-07-03,U01601
2025-07-14,U01601
2025-05-17,U01602
2025-07-03,U01603
2025-07-11,U01603
2025-07-12,U01603
2025-05-18,U01604
2025-06-06,U01604
2025-06-13,U01604
2025-06-18,U01604
2025-06-21,U01604
2025-07-22,U01605
2025-07-27,U01605
2025-06-26,U01606
2025-07-12,U01606
2025-07-13,U01606
2025-07-15,U01606
2025-05-23,U01607
2025-05-30,U01607
2025-07-13,U01608
2025-07-15,U01608
2025-07-17,U01608
2025-07-20,U01608
2025-07-26,U01608
2025-06-13,U01609
2025-06-15,U01609
2025-06-16,U01609
2025-06-18,U01609
2025-06-18,U01609
2025-06-24,U01609
2025-07-01,U01609
2025-07-05,U01609
2025-07-14,U01609
2025-08-20,U01609
2025-07-19,U01610
2025-07-19,U01610
2025-07-20,U01610
2025-07-23,U01610
2025-07-24,U01610
2025-07-25,U01610
2025-07-25,U01610
2025-07-27,U01610
2025-07-27,U01610
2025-07-30,U01610
2025-05-17,U01611
2025-08-17,U01611
2025-06-20,U01612
2025-06-20,U01612
2025-06-27,U01612
2025-06-30,U01612
2025-07-02,U01612
2025-07-12,U01612
2025-07-13,U01612
2025-07-14,U01612
2025-07-16,U01612
2025-05-24,U01613
2025-06-28,U01613
2025-07-13,U01614
2025-07-15,U01614
2025-07-15,U01614
2025-07-17,U01614
2025-07-19,U01614
2025-07-28,U01614
2025-07-29,U01614
2025-07-29,U01615
2025-08-01,U01615
2025-07-19,U01616
2025-07-20,U01616
2025-07-22,U01616
2025-07-23,U01616
2025-07-23,U01616
2025-07-26,U01616
2025-08-01,U01616
2025-05-26,U01617
2025-05-31,U01617
2025-05-31,U01618
2025-06-01,U01618
2025-06-04,U01619
2025-06-14,U01619
2025-06-17,U01619
2025-06-20,U01619
2025-06-21,U01619
2025-06-28,U01619
2025-07-02,U01619
2025-07-07,U01619
2025-05-17,U01620
2025-05-17,U01621
2025-05-21,U01622
2025-06-16,U01622
2025-06-24,U01623
2025-06-29,U01623
2025-07-08,U01623
2025-07-15,U01623
2025-07-19,U01624
2025-07-27,U01624
2025-07-29,U01624
2025-07-31,U01624
2025-08-20,U01624
2025-07-18,U01625
2025-07-24,U01625
2025-07-26,U01625
2025-07-27,U01625
2025-08-20,U01625
2025-05-20,U01626
2025-05-31,U01626
2025-06-01,U01626
2025-06-09,U01626
2025-06-17,U01626
2025-06-21,U01626
2025-06-26,U01626
2025-06-28,U01626
2025-06-30,U01626
2025-07-09,U01627
2025-07-25,U01627
2025-05-20,U01628
2025-06-08,U01628
2025-07-08,U01629
2025-07-08,U01629
2025-07-11,U01629
2025-07-13,U01629
2025-07-16,U01629
2025-07-19,U01629
2025-07-20,U01629
2025-07-22,U01629
2025-07-22,U01629
2025-07-26,U01629
2025-08-15,U01629
2025-06-02,U01630
2025-06-15,U01630
2025-07-08,U01630
2025-06-16,U01631
2025-06-26,U01632
2025-06-28,U01632
2025-07-07,U01632
2025-07-07,U01632
2025-07-09,U01632
2025-07-09,U01632
2025-07-11,U01632
2025-07-12,U01632
2025-07-19,U01632
2025-06-28,U01633
2025-06-28,U01633
2025-07-05,U01633
2025-07-06,U01633
2025-07-13,U01633
2025-07-14,U01633
2025-07-15,U01633
2025-07-20,U01633
2025-08-16,U01633
2025-06-28,U01634
2025-07-02,U01634
2025-07-04,U01634
2025-07-05,U01634
2025-06-22,U01635
2025-07-01,U01635
2025-07-14,U01635
2025-07-17,U01635
2025-05-19,U01636
2025-05-21,U01637
2025-05-25,U01637
2025-06-02,U01637
2025-06-12,U01637
2025-06-19,U01637
2025-06-23,U01637
2025-06-25,U01637
2025-07-21,U01638
2025-07-22,U01638
2025-07-26,U01638
2025-07-27,U01638
2025-07-28,U01638
2025-08-01,U01638
2025-06-02,U01639
2025-06-05,U01639
2025-07-11,U01640
2025-07-11,U01640
2025-07-19,U01640
2025-07-20,U01640
2025-07-22,U01640
2025-07-26,U01640
2025-07-27,U01640
2025-07-19,U01641
2025-07-30,U01641
2025-08-01,U01641
2025-08-20,U01641
2025-06-14,U01642
2025-05-17,U01643
2025-05-24,U01644
2025-06-11,U01644
2025-07-23,U01645
2025-07-25,U01645
2025-07-28,U01645
2025-07-29,U01645
2025-08-01,U01645
2025-06-07,U01646
2025-06-10,U01646
2025-07-11,U01646
2025-05-17,U01647
2025-05-31,U01648
2025-06-08,U01648
2025-06-14,U01648
2025-07-05,U01649
2025-07-05,U01649
2025-07-08,U01649
2025-07-09,U01649
2025-07-10,U01649
2025-07-11,U01649
2025-07-12,U01649
2025-07-23,U01649
2025-07-24,U01649
2025-07-05,U01650
2025-07-06,U01650
2025-07-13,U01650
2025-07-16,U01650
2025-07-16,U01650
2025-07-20,U01650
2025-07-24,U01650
2025-06-26,U01651
2025-06-27,U01651
2025-06-30,U01651
2025-06-30,U01651
2025-07-06,U01651
2025-07-11,U01651
2025-07-12,U01651
2025-07-17,U01651
2025-07-19,U01651
2025-05-17,U01652
2025-05-21,U01652
2025-05-23,U01652
2025-06-03,U01652
2025-06-18,U01652
2025-06-23,U01652
2025-05-19,U01653
2025-05-27,U01653
2025-05-27,U01653
2025-06-01,U01653
2025-06-25,U01653
2025-05-23,U01654
2025-05-25,U01654
2025-07-16,U01655
2025-07-19,U01655
2025-07-19,U01655
2025-07-22,U01655
2025-07-22,U01655
2025-07-24,U01655
2025-07-28,U01655
2025-07-28,U01655
2025-07-30,U01655
2025-07-09,U01656
2025-07-11,U01656
2025-07-19,U01656
2025-07-26,U01656
2025-05-27,U01657
2025-05-29,U01657
2025-05-28,U01658
2025-06-22,U01658
2025-07-18,U01659
2025-07-24,U01659
2025-07-24,U01659
2025-07-25,U01659
2025-07-26,U01659
2025-07-27,U01659
2025-07-30,U01659
2025-07-22,U01660
2025-07-25,U01660
2025-07-27,U01660
2025-07-27,U01660
2025-07-28,U01660
2025-07-29,U01660
2025-07-31,U01660
2025-07-16,U01661
2025-07-20,U01661
2025-07-20,U01661
2025-07-22,U01661
2025-06-02,U01662
2025-06-04,U01662
2025-06-17,U01662
2025-06-18,U01662
2025-06-29,U01662
2025-07-06,U01662
2025-07-15,U01663
2025-07-19,U01663
2025-07-19,U01663
2025-07-24,U01663
2025-07-26,U01663
2025-07-30,U01663
2025-05-27,U01664
2025-05-27,U01664
2025-06-14,U01664
2025-06-21,U01664
2025-07-05,U01664
2025-05-17,U01665
2025-05-19,U01665
2025-06-03,U01665
2025-06-05,U01665
2025-06-07,U01665
2025-06-11,U01665
2025-06-21,U01665
2025-06-28,U01665
2025-05-17,U01666
2025-05-20,U01667
2025-06-01,U01667
2025-05-21,U01668
2025-05-24,U01668
2025-05-26,U01668
2025-05-29,U01668
2025-06-22,U01668
2025-06-29,U01668
2025-07-02,U01668
2025-06-20,U01669
2025-06-28,U01669
2025-07-17,U01669
2025-05-28,U01670
2025-06-27,U01671
2025-06-28,U01671
2025-06-29,U01671
2025-06-30,U01671
2025-07-01,U01671
2025-07-01,U01671
2025-07-04,U01671
2025-07-05,U01671
2025-07-15,U01671
2025-07-03,U01672
2025-07-03,U01672
2025-07-07,U01672
2025-07-16,U01672
2025-07-18,U01672
2025-07-20,U01672
2025-05-17,U01673
2025-06-01,U01674
2025-06-03,U01674
2025-06-20,U01674
2025-06-26,U01674
2025-06-10,U01675
2025-06-13,U01675
2025-06-16,U01675
2025-07-04,U01675
2025-07-05,U01675
2025-08-20,U01675
2025-06-02,U01676
2025-06-05,U01676
2025-06-09,U01676
2025-06-15,U01676
2025-06-16,U01676
2025-06-17,U01676
2025-06-27,U01676
2025-06-27,U01676
2025-07-08,U01676
2025-05-21,U01677
2025-05-22,U01677
2025-06-01,U01677
2025-06-30,U01677
2025-07-02,U01677
2025-06-03,U01678
2025-06-07,U01678
2025-06-29,U01678
2025-07-04,U01678
2025-06-02,U01679
2025-06-20,U01679
2025-07-15,U01680
2025-07-17,U01680
2025-07-23,U01680
2025-07-25,U01680
2025-07-29,U01680
2025-07-29,U01680
2025-07-30,U01680
2025-06-25,U01681
2025-06-25,U01681
2025-07-01,U01681
2025-07-04,U01681
2025-07-05,U01681
2025-07-17,U01681
2025-07-19,U01681
2025-07-20,U01681
2025-06-03,U01682
2025-06-04,U01682
2025-06-06,U01682
2025-06-22,U01682
2025-06-29,U01682
2025-07-08,U01682
2025-07-09,U01682
2025-06-12,U01683
2025-06-21,U01683
2025-06-22,U01683
2025-06-26,U01683
2025-07-08,U01683
2025-07-10,U01683
2025-07-13,U01683
2025-07-10,U01684
2025-07-15,U01684
2025-07-18,U01684
2025-07-21,U01684
2025-06-06,U01685
2025-07-06,U01686
2025-07-09,U01686
2025-07-13,U01686
2025-07-15,U01686
2025-07-18,U01686
2025-07-24,U01686
2025-07-25,U01686
2025-06-27,U01687
2025-06-28,U01687
2025-07-01,U01687
2025-07-01,U01687
2025-07-03,U01687
2025-07-11,U01687
2025-07-15,U01687
2025-07-16,U01687
2025-07-20,U01687
2025-07-21,U01687
2025-06-11,U01688
2025-06-24,U01688
2025-06-25,U01688
2025-06-30,U01688
2025-07-06,U01688
2025-07-12,U01688
2025-06-27,U01689
2025-07-02,U01689
2025-07-04,U01689
2025-07-09,U01689
2025-07-10,U01689
2025-07-18,U01689
2025-07-19,U01689
2025-07-19,U01690
2025-07-19,U01690
2025-07-20,U01690
2025-07-29,U01690
2025-07-30,U01690
2025-07-31,U01690
2025-07-22,U01691
2025-07-23,U01691
2025-07-25,U01691
2025-07-26,U01691
2025-07-27,U01691
2025-07-29,U01691
2025-08-01,U01691
2025-07-17,U01692
2025-07-19,U01692
2025-07-19,U01692
2025-07-21,U01692
2025-07-07,U01693
2025-07-08,U01693
2025-07-20,U01693
2025-07-20,U01693
2025-07-21,U01693
2025-07-23,U01693
2025-07-24,U01693
2025-07-25,U01693
2025-07-25,U01693
2025-07-26,U01693
2025-07-15,U01694
2025-07-17,U01694
2025-07-18,U01694
2025-07-19,U01694
2025-07-19,U01694
2025-07-23,U01694
2025-07-25,U01694
2025-07-27,U01694
2025-07-29,U01694
2025-07-30,U01694
2025-06-04,U01695
2025-06-16,U01695
2025-06-23,U01695
2025-06-27,U01695
2025-07-01,U01695
2025-07-02,U01695
2025-07-07,U01695
2025-07-09,U01695
2025-07-07,U01696
2025-07-07,U01696
2025-07-21,U01696
2025-07-23,U01696
2025-07-26,U01696
2025-05-19,U01697
2025-05-26,U01697
2025-06-03,U01697
2025-06-04,U01697
2025-06-07,U01697
2025-06-11,U01697
2025-06-28,U01697
2025-05-31,U01698
2025-06-07,U01698
2025-06-15,U01698
2025-06-20,U01698
2025-06-09,U01699
2025-06-12,U01699
2025-06-15,U01699
2025-06-16,U01699
2025-06-17,U01699
2025-06-27,U01699
2025-07-08,U01699
2025-07-10,U01699
2025-07-11,U01699
2025-08-18,U01699
2025-06-23,U01700
2025-06-29,U01700
2025-07-12,U01700
2025-08-17,U01700
2025-06-07,U01701
2025-06-09,U01701
2025-06-09,U01701
2025-06-14,U01701
2025-07-01,U01701
2025-07-04,U01701
2025-07-07,U01701
2025-07-10,U01701
2025-05-31,U01702
2025-06-01,U01702
2025-06-03,U01702
2025-06-03,U01702
2025-06-12,U01702
2025-06-21,U01702
2025-06-25,U01703
2025-06-28,U01703
2025-06-29,U01703
2025-06-30,U01703
2025-06-30,U01703
2025-07-07,U01703
2025-07-09,U01703
2025-07-19,U01703
2025-07-19,U01703
2025-07-20,U01703
2025-06-17,U01704
2025-06-27,U01704
2025-06-30,U01704
2025-07-08,U01704
2025-07-14,U01704
2025-05-26,U01705
2025-07-17,U01706
2025-07-18,U01706
2025-07-19,U01706
2025-07-21,U01706
2025-07-21,U01706
2025-07-22,U01706
2025-07-23,U01706
2025-07-26,U01706
2025-07-28,U01706
2025-07-29,U01706
2025-08-17,U01706
2025-05-21,U01707
2025-05-27,U01707
2025-06-12,U01707
2025-06-20,U01707
2025-06-21,U01707
2025-06-22,U01707
2025-05-17,U01708
2025-05-24,U01709
2025-06-03,U01709
2025-06-17,U01710
2025-06-30,U01710
2025-07-15,U01710
2025-05-23,U01711
2025-05-30,U01711
2025-05-31,U01711
2025-06-10,U01711
2025-06-14,U01711
2025-07-03,U01711
2025-05-21,U01712
2025-05-23,U01712
2025-05-20,U01713
2025-05-29,U01713
2025-06-03,U01713
2025-05-21,U01714
2025-06-01,U01714
2025-06-10,U01714
2025-06-11,U01714
2025-06-18,U01714
2025-06-20,U01714
2025-06-21,U01714
2025-06-23,U01714
2025-07-02,U01714
2025-06-14,U01715
2025-06-26,U01716
2025-08-21,U01716
2025-07-13,U01717
2025-07-20,U01717
2025-07-20,U01718
2025-07-20,U01718
2025-07-21,U01718
2025-07-27,U01718
2025-07-28,U01718
2025-08-01,U01718
2025-05-21,U01719
2025-06-05,U01719
2025-06-25,U01720
2025-06-26,U01720
2025-06-29,U01720
2025-06-30,U01720
2025-07-06,U01720
2025-07-13,U01720
2025-07-14,U01720
2025-07-15,U01720
2025-07-18,U01720
2025-05-22,U01721
2025-05-24,U01721
2025-06-03,U01721
2025-06-04,U01721
2025-06-10,U01721
2025-06-12,U01721
2025-06-18,U01721
2025-05-25,U01722
2025-05-29,U01722
2025-07-12,U01723
2025-07-16,U01723
2025-07-19,U01723
2025-07-20,U01723
2025-07-24,U01723
2025-07-26,U01723
2025-05-21,U01724
2025-06-11,U01725
2025-06-21,U01725
2025-07-01,U01725
2025-07-05,U01725
2025-07-08,U01725
2025-07-08,U01725
2025-07-08,U01725
2025-07-11,U01725
2025-06-07,U01726
2025-06-18,U01726
2025-07-04,U01726
2025-06-08,U01727
2025-06-12,U01727
2025-06-14,U01727
2025-06-25,U01727
2025-06-26,U01727
2025-06-29,U01727
2025-07-08,U01727
2025-06-23,U01728
2025-06-24,U01728
2025-07-19,U01728
2025-07-03,U01729
2025-07-19,U01729
2025-07-24,U01729
2025-05-30,U01730
2025-06-03,U01730
2025-07-03,U01730
2025-06-14,U01731
2025-06-15,U01731
2025-06-19,U01731
2025-07-03,U01731
2025-07-04,U01731
2025-08-17,U01731
2025-07-10,U01732
2025-07-11,U01732
2025-07-15,U01732
2025-07-15,U01732
2025-07-17,U01732
2025-07-18,U01732
2025-07-20,U01732
2025-07-22,U01732
2025-07-25,U01732
2025-07-26,U01732
2025-05-20,U01733
2025-06-14,U01734
2025-06-20,U01734
2025-07-13,U01735
2025-07-15,U01735
2025-07-17,U01735
2025-07-17,U01735
2025-07-23,U01735
2025-07-26,U01735
2025-07-27,U01735
2025-07-28,U01735
2025-08-19,U01735
2025-07-06,U01736
2025-07-08,U01736
2025-07-09,U01736
2025-07-12,U01736
2025-07-18,U01736
2025-07-19,U01736
2025-07-21,U01736
2025-07-22,U01736
2025-07-24,U01736
2025-07-10,U01737
2025-07-13,U01737
2025-07-13,U01737
2025-07-13,U01737
2025-07-17,U01737
2025-07-17,U01737
2025-07-18,U01737
2025-07-24,U01737
2025-07-26,U01737
2025-07-27,U01737
2025-07-14,U01738
2025-07-15,U01738
2025-07-18,U01738
2025-07-23,U01738
2025-07-26,U01738
2025-07-03,U01739
2025-07-23,U01739
2025-07-13,U01740
2025-07-14,U01740
2025-07-21,U01740
2025-07-22,U01740
2025-07-26,U01740
2025-07-27,U01740
2025-07-29,U01740
2025-06-26,U01741
2025-07-04,U01741
2025-07-08,U01741
2025-07-12,U01741
2025-07-15,U01741
2025-07-20,U01741
2025-06-28,U01742
2025-07-02,U01742
2025-07-10,U01742
2025-07-11,U01742
2025-07-13,U01742
2025-07-20,U01742
2025-07-20,U01742
2025-07-21,U01742
2025-07-07,U01743
2025-07-11,U01743
2025-07-12,U01743
2025-07-13,U01743
2025-07-14,U01743
2025-07-16,U01743
2025-07-18,U01743
2025-07-22,U01743
2025-07-26,U01743
2025-06-04,U01744
2025-06-06,U01744
2025-06-09,U01744
2025-06-11,U01744
2025-06-17,U01744
2025-06-20,U01744
2025-06-29,U01744
2025-07-05,U01744
2025-07-07,U01744
2025-07-09,U01744
2025-05-17,U01745
2025-07-24,U01746
2025-07-25,U01746
2025-07-28,U01746
2025-07-30,U01746
2025-07-13,U01747
2025-07-14,U01747
2025-07-15,U01747
2025-07-16,U01747
2025-07-19,U01747
2025-07-22,U01747
2025-07-24,U01747
2025-07-27,U01747
2025-05-20,U01748
2025-05-26,U01748
2025-06-09,U01748
2025-06-09,U01748
2025-06-18,U01748
2025-07-12,U01749
2025-07-15,U01749
2025-07-15,U01749
2025-07-16,U01749
2025-07-22,U01749
2025-07-23,U01749
2025-07-26,U01749
2025-07-03,U01750
2025-07-09,U01750
2025-07-09,U01750
2025-07-17,U01750
2025-07-20,U01750
2025-06-20,U01751
2025-06-28,U01751
2025-07-13,U01751
2025-07-15,U01751
2025-05-30,U01752
2025-06-05,U01752
2025-06-17,U01752
2025-06-27,U01752
2025-07-12,U01753
2025-07-15,U01753
2025-07-15,U01753
2025-07-17,U01753
2025-07-19,U01753
2025-07-22,U01753
2025-07-23,U01753
2025-07-24,U01753
2025-07-24,U01753
2025-07-28,U01753
2025-06-16,U01754
2025-06-26,U01754
2025-06-27,U01754
2025-07-04,U01754
2025-07-14,U01754
2025-08-18,U01754
2025-06-02,U01755
2025-06-02,U01755
2025-06-05,U01755
2025-06-24,U01755
2025-07-01,U01755
2025-07-03,U01755
2025-07-06,U01755
2025-06-23,U01756
2025-06-25,U01756
2025-07-09,U01756
2025-05-22,U01757
2025-06-02,U01757
2025-06-03,U01757
2025-06-05,U01757
2025-06-09,U01757
2025-06-21,U01757
2025-05-29,U01758
2025-06-12,U01758
2025-06-16,U01758
2025-07-04,U01758
2025-07-05,U01758
2025-06-16,U01759
2025-07-02,U01760
2025-07-03,U01760
2025-07-04,U01760
2025-07-04,U01760
2025-07-04,U01760
2025-07-09,U01760
2025-07-09,U01760
2025-07-19,U01760
2025-07-21,U01760
2025-07-20,U01761
2025-08-01,U01761
2025-05-31,U01762
2025-06-01,U01762
2025-06-11,U01762
2025-06-21,U01762
2025-06-22,U01762
2025-07-06,U01762
2025-07-06,U01762
2025-07-07,U01762
2025-05-22,U01763
2025-06-01,U01763
2025-06-18,U01763
2025-07-02,U01763
2025-06-03,U01764
2025-06-09,U01764
2025-06-20,U01764
2025-07-04,U01764
2025-05-18,U01765
2025-06-12,U01766
2025-06-12,U01766
2025-06-14,U01766
2025-06-18,U01766
2025-06-25,U01766
2025-06-26,U01766
2025-06-28,U01766
2025-07-07,U01766
2025-07-09,U01766
2025-06-08,U01767
2025-06-08,U01767
2025-06-12,U01767
2025-07-10,U01767
2025-05-31,U01768
2025-06-01,U01768
2025-06-09,U01768
2025-06-09,U01768
2025-06-15,U01768
2025-06-19,U01768
2025-06-23,U01768
2025-05-17,U01769
2025-05-25,U01770
2025-05-26,U01770
2025-05-26,U01770
2025-05-27,U01770
2025-06-01,U01770
2025-06-22,U01770
2025-06-24,U01770
2025-06-26,U01770
2025-07-04,U01770
2025-07-01,U01771
2025-07-04,U01771
2025-07-15,U01771
2025-07-23,U01771
2025-06-21,U01772
2025-06-24,U01772
2025-07-15,U01772
2025-06-26,U01773
2025-06-26,U01773
2025-06-27,U01773
2025-07-02,U01773
2025-07-08,U01773
2025-07-10,U01773
2025-07-13,U01773
2025-07-16,U01773
2025-07-16,U01773
2025-07-17,U01773
2025-06-24,U01774
2025-06-24,U01774
2025-06-26,U01774
2025-07-05,U01774
2025-07-06,U01774
2025-07-14,U01774
2025-07-15,U01774
2025-07-17,U01774
2025-07-17,U01774
2025-07-19,U01774
2025-05-25,U01775
2025-06-08,U01775
2025-06-10,U01775
2025-05-22,U01776
2025-05-22,U01776
2025-06-02,U01776
2025-06-04,U01776
2025-06-19,U01776
2025-06-20,U01776
2025-05-17,U01777
2025-08-19,U01777
2025-05-17,U01778
2025-05-17,U01779
2025-05-28,U01780
2025-06-21,U01780
2025-07-19,U01781
2025-07-23,U01781
2025-06-09,U01782
2025-06-13,U01782
2025-06-20,U01782
2025-07-04,U01782
2025-07-07,U01782
2025-07-10,U01782
2025-07-11,U01782
2025-07-20,U01783
2025-07-24,U01783
2025-07-27,U01783
2025-07-31,U01783
2025-07-13,U01784
2025-07-22,U01784
2025-07-29,U01784
2025-05-27,U01785
2025-06-30,U01785
2025-07-16,U01786
2025-07-19,U01786
2025-07-25,U01786
2025-07-30,U01786
2025-07-03,U01787
2025-07-05,U01787
2025-07-06,U01787
2025-07-06,U01787
2025-07-07,U01787
2025-07-12,U01787
2025-07-13,U01787
2025-07-21,U01787
2025-07-22,U01787
2025-07-23,U01787
2025-06-27,U01788
2025-07-05,U01788
2025-07-08,U01788
2025-07-09,U01788
2025-07-13,U01788
2025-07-13,U01788
2025-07-15,U01788
2025-07-19,U01788
2025-07-21,U01788
2025-06-21,U01789
2025-06-21,U01789
2025-06-22,U01789
2025-06-22,U01789
2025-06-28,U01789
2025-07-01,U01789
2025-07-07,U01789
2025-07-09,U01789
2025-07-11,U01789
2025-07-16,U01789
2025-07-08,U01790
2025-07-12,U01790
2025-07-15,U01790
2025-07-18,U01790
2025-07-20,U01790
2025-07-20,U01790
2025-07-21,U01790
2025-07-22,U01790
2025-07-26,U01790
2025-07-19,U01791
2025-07-20,U01791
2025-07-22,U01791
2025-07-22,U01791
2025-07-26,U01791
2025-07-27,U01791
2025-07-29,U01791
2025-08-01,U01791
2025-06-11,U01792
2025-06-13,U01792
2025-06-19,U01792
2025-06-22,U01792
2025-06-24,U01792
2025-06-25,U01792
2025-06-30,U01792
2025-07-07,U01792
2025-07-09,U01792
2025-05-19,U01793
2025-06-11,U01793
2025-06-12,U01793
2025-05-26,U01794
2025-05-27,U01794
2025-06-03,U01794
2025-06-10,U01794
2025-06-11,U01794
2025-06-13,U01794
2025-06-22,U01794
2025-07-20,U01795
2025-07-20,U01795
2025-07-20,U01795
2025-07-22,U01795
2025-07-23,U01795
2025-07-25,U01795
2025-07-26,U01795
2025-07-28,U01795
2025-08-01,U01795
2025-06-06,U01796
2025-06-08,U01796
2025-06-09,U01796
2025-06-18,U01796
2025-06-22,U01796
2025-06-25,U01796
2025-07-07,U01796
2025-07-10,U01796
2025-05-22,U01797
2025-05-28,U01797
2025-06-05,U01797
2025-06-09,U01797
2025-06-21,U01797
2025-06-24,U01798
2025-06-27,U01798
2025-06-28,U01798
2025-07-05,U01798
2025-07-07,U01798
2025-07-08,U01798
2025-07-09,U01798
2025-07-10,U01798
2025-07-18,U01798
2025-07-19,U01798
2025-05-18,U01799
2025-06-04,U01799
2025-06-04,U01799
2025-06-17,U01799
2025-06-18,U01799
2025-05-31,U01800
2025-06-05,U01800
2025-06-30,U01800
2025-05-17,U01801
2025-05-19,U01802
2025-05-18,U01803
2025-06-15,U01803
2025-06-20,U01803
2025-07-16,U01804
2025-07-21,U01804
2025-07-22,U01804
2025-07-25,U01804
2025-07-28,U01804
2025-07-30,U01804
2025-07-17,U01805
2025-07-21,U01805
2025-07-23,U01805
2025-07-27,U01805
2025-07-28,U01805
2025-07-30,U01805
2025-07-30,U01805
2025-07-31,U01805
2025-06-13,U01806
2025-08-21,U01806
2025-05-30,U01807
2025-05-20,U01808
2025-06-02,U01808
2025-06-03,U01808
2025-06-06,U01808
2025-06-18,U01808
2025-06-22,U01808
2025-07-01,U01809
2025-07-10,U01809
2025-07-17,U01809
2025-05-19,U01810
2025-06-10,U01810
2025-06-21,U01810
2025-07-01,U01810
2025-06-12,U01811
2025-06-21,U01811
2025-07-11,U01811
2025-05-24,U01812
2025-05-24,U01812
2025-05-26,U01812
2025-06-04,U01812
2025-06-16,U01812
2025-06-17,U01812
2025-06-20,U01812
2025-06-23,U01812
2025-07-09,U01813
2025-07-13,U01813
2025-07-17,U01813
2025-07-18,U01813
2025-07-21,U01813
2025-07-21,U01813
2025-07-22,U01813
2025-07-26,U01813
2025-07-03,U01814
2025-07-09,U01814
2025-07-13,U01814
2025-07-15,U01814
2025-07-16,U01814
2025-07-19,U01814
2025-07-21,U01814
2025-07-22,U01814
2025-07-24,U01814
2025-06-19,U01815
2025-06-23,U01815
2025-07-21,U01816
2025-07-25,U01816
2025-07-25,U01816
2025-07-28,U01816
2025-07-28,U01816
2025-07-30,U01816
2025-07-30,U01816
2025-07-31,U01816
2025-08-01,U01816
2025-05-23,U01817
2025-06-02,U01817
2025-06-10,U01817
2025-06-13,U01817
2025-06-17,U01817
2025-07-02,U01817
2025-06-14,U01818
2025-06-30,U01818
2025-07-03,U01818
2025-07-04,U01818
2025-07-08,U01818
2025-05-17,U01819
2025-06-19,U01820
2025-07-04,U01821
2025-07-13,U01821
2025-07-14,U01821
2025-07-15,U01821
2025-07-15,U01821
2025-07-16,U01821
2025-07-20,U01821
2025-07-24,U01821
2025-06-30,U01822
2025-07-14,U01822
2025-07-16,U01822
2025-07-08,U01823
2025-07-23,U01823
2025-08-19,U01823
2025-07-05,U01824
2025-07-06,U01824
2025-07-09,U01824
2025-07-13,U01824
2025-07-16,U01824
2025-07-19,U01824
2025-06-13,U01825
2025-06-18,U01825
2025-06-18,U01825
2025-07-03,U01825
2025-07-05,U01825
2025-06-11,U01826
2025-06-11,U01826
2025-06-13,U01826
2025-06-15,U01826
2025-06-16,U01826
2025-07-09,U01826
2025-07-09,U01826
2025-07-12,U01826
2025-07-18,U01827
2025-07-22,U01827
2025-07-24,U01827
2025-07-30,U01827
2025-06-08,U01828
2025-06-12,U01828
2025-06-15,U01828
2025-07-17,U01829
2025-07-20,U01829
2025-07-26,U01829
2025-07-27,U01829
2025-07-29,U01829
2025-05-28,U01830
2025-07-01,U01831
2025-07-05,U01831
2025-07-07,U01831
2025-07-10,U01831
2025-07-10,U01831
2025-07-15,U01831
2025-07-20,U01831
2025-07-20,U01831
2025-07-21,U01831
2025-07-23,U01831
2025-05-30,U01832
2025-06-08,U01832
2025-06-21,U01832
2025-06-24,U01832
2025-08-21,U01832
2025-07-19,U01833
2025-07-20,U01833
2025-07-21,U01833
2025-07-21,U01833
2025-07-27,U01833
2025-07-28,U01833
2025-07-30,U01833
2025-05-22,U01834
2025-05-27,U01834
2025-06-10,U01834
2025-06-13,U01834
2025-06-10,U01835
2025-06-14,U01835
2025-06-16,U01835
2025-06-16,U01835
2025-06-19,U01835
2025-06-22,U01835
2025-06-28,U01835
2025-06-28,U01835
2025-07-01,U01835
2025-07-09,U01835
2025-07-14,U01836
2025-07-16,U01836
2025-07-18,U01836
2025-07-24,U01836
2025-07-24,U01836
2025-07-26,U01836
2025-07-28,U01836
2025-07-29,U01836
2025-06-01,U01837
2025-06-08,U01837
2025-06-08,U01837
2025-06-21,U01837
2025-06-26,U01837
2025-06-28,U01837
2025-06-29,U01837
2025-07-05,U01837
2025-07-08,U01837
2025-05-26,U01838
2025-05-26,U01838
2025-05-27,U01838
2025-06-16,U01838
2025-06-22,U01838
2025-07-05,U01838
2025-07-16,U01839
2025-07-30,U01839
2025-06-25,U01840
2025-07-03,U01840
2025-07-12,U01840
2025-07-12,U01840
2025-07-12,U01840
2025-07-16,U01840
2025-07-17,U01840
2025-06-15,U01841
2025-06-21,U01841
2025-07-02,U01841
2025-07-10,U01841
2025-07-11,U01841
2025-05-23,U01842
2025-05-24,U01842
2025-05-27,U01842
2025-05-29,U01842
2025-06-12,U01843
2025-06-14,U01843
2025-06-16,U01843
2025-06-26,U01843
2025-06-30,U01843
2025-07-02,U01843
2025-07-03,U01843
2025-07-09,U01843
2025-06-23,U01844
2025-06-28,U01844
2025-06-30,U01844
2025-07-01,U01844
2025-07-02,U01844
2025-07-03,U01844
2025-07-16,U01844
2025-07-19,U01844
2025-06-19,U01845
2025-06-22,U01845
2025-06-22,U01845
2025-06-25,U01845
2025-06-25,U01845
2025-06-27,U01845
2025-07-01,U01845
2025-07-09,U01845
2025-07-16,U01845
2025-07-19,U01846
2025-07-21,U01846
2025-07-22,U01846
2025-07-26,U01846
2025-07-29,U01846
2025-07-29,U01846
2025-07-30,U01846
2025-07-30,U01846
2025-07-31,U01846
2025-08-01,U01846
2025-07-14,U01847
2025-07-19,U01847
2025-07-20,U01847
2025-07-20,U01847
2025-07-20,U01847
2025-07-21,U01847
2025-07-23,U01847
2025-07-23,U01847
2025-07-28,U01847
2025-07-29,U01847
2025-08-15,U01847
2025-05-25,U01848
2025-05-28,U01848
2025-06-13,U01848
2025-06-14,U01848
2025-07-14,U01849
2025-07-18,U01849
2025-07-19,U01849
2025-07-22,U01849
2025-07-24,U01849
2025-07-24,U01849
2025-07-26,U01849
2025-08-16,U01849
2025-06-13,U01850
2025-06-14,U01850
2025-06-15,U01850
2025-06-19,U01850
2025-06-26,U01850
2025-07-07,U01850
2025-07-10,U01850
2025-07-14,U01850
2025-07-13,U01851
2025-07-14,U01851
2025-07-15,U01851
2025-07-19,U01851
2025-07-20,U01851
2025-07-20,U01851
2025-07-23,U01851
2025-07-26,U01851
2025-07-28,U01851
2025-06-20,U01852
2025-06-22,U01852
2025-07-16,U01852
2025-06-10,U01853
2025-06-13,U01853
2025-06-14,U01853
2025-06-16,U01853
2025-06-17,U01853
2025-06-23,U01853
2025-07-03,U01853
2025-07-05,U01853
2025-07-08,U01853
2025-07-12,U01853
2025-05-22,U01854
2025-06-02,U01854
2025-06-03,U01854
2025-07-15,U01855
2025-07-17,U01855
2025-07-18,U01855
2025-07-20,U01855
2025-07-21,U01855
2025-07-23,U01855
2025-07-29,U01855
2025-05-17,U01856
2025-05-30,U01857
2025-06-15,U01857
2025-06-21,U01857
2025-06-26,U01858
2025-07-18,U01858
2025-05-17,U01859
2025-07-19,U01860
2025-07-20,U01860
2025-07-21,U01860
2025-07-22,U01860
2025-07-25,U01860
2025-07-28,U01860
2025-07-28,U01860
2025-07-29,U01860
2025-07-31,U01860
2025-07-06,U01861
2025-07-08,U01861
2025-07-11,U01861
2025-07-15,U01861
2025-07-16,U01861
2025-07-20,U01861
2025-07-25,U01861
2025-05-19,U01862
2025-05-27,U01862
2025-06-11,U01862
2025-06-19,U01862
2025-06-26,U01862
2025-07-01,U01862
2025-08-21,U01862
2025-06-06,U01863
2025-06-15,U01863
2025-06-27,U01863
2025-07-01,U01863
2025-07-08,U01863
2025-07-10,U01863
2025-05-21,U01864
2025-05-27,U01865
2025-05-29,U01865
2025-06-04,U01865
2025-06-09,U01865
2025-06-11,U01865
2025-06-12,U01865
2025-06-17,U01865
2025-06-28,U01865
2025-07-01,U01865
2025-07-05,U01865
2025-06-17,U01866
2025-06-19,U01866
2025-06-21,U01866
2025-06-26,U01866
2025-06-28,U01866
2025-06-29,U01866
2025-07-05,U01866
2025-07-10,U01866
2025-07-14,U01866
2025-07-16,U01866
2025-06-01,U01867
2025-06-10,U01867
2025-06-17,U01867
2025-06-22,U01867
2025-06-23,U01867
2025-06-27,U01867
2025-07-03,U01867
2025-07-07,U01867
2025-07-02,U01868
2025-07-03,U01868
2025-07-03,U01868
2025-07-04,U01868
2025-07-05,U01868
2025-07-08,U01868
2025-07-10,U01868
2025-07-17,U01868
2025-07-19,U01868
2025-07-23,U01868
2025-07-15,U01869
2025-07-17,U01869
2025-07-17,U01869
2025-07-18,U01869
2025-07-19,U01869
2025-07-23,U01869
2025-07-23,U01869
2025-07-24,U01869
2025-07-29,U01869
2025-07-03,U01870
2025-07-04,U01870
2025-07-07,U01870
2025-07-08,U01870
2025-07-16,U01870
2025-07-19,U01870
2025-07-22,U01870
2025-07-23,U01870
2025-06-09,U01871
2025-06-12,U01871
2025-06-14,U01871
2025-06-26,U01871
2025-06-30,U01871
2025-07-04,U01871
2025-05-18,U01872
2025-05-24,U01872
2025-06-01,U01872
2025-06-23,U01872
2025-07-01,U01873
2025-07-09,U01873
2025-07-14,U01873
2025-07-14,U01873
2025-07-17,U01873
2025-07-19,U01874
2025-07-25,U01874
2025-07-29,U01874
2025-07-29,U01874
2025-07-29,U01874
2025-07-30,U01874
2025-08-01,U01874
2025-05-17,U01875
2025-05-28,U01875
2025-06-01,U01875
2025-06-03,U01875
2025-06-11,U01875
2025-06-19,U01875
2025-06-25,U01875
2025-06-26,U01875
2025-07-24,U01876
2025-07-28,U01876
2025-07-29,U01876
2025-08-18,U01876
2025-05-17,U01877
2025-05-17,U01878
2025-07-14,U01879
2025-07-16,U01879
2025-07-16,U01879
2025-07-20,U01879
2025-07-20,U01879
2025-07-26,U01879
2025-07-26,U01879
2025-07-29,U01879
2025-05-23,U01880
2025-05-29,U01880
2025-06-03,U01880
2025-05-17,U01881
2025-08-21,U01881
2025-06-09,U01882
2025-06-24,U01882
2025-05-31,U01883
2025-07-17,U01884
2025-07-31,U01884
2025-07-18,U01885
2025-07-23,U01885
2025-07-24,U01885
2025-07-29,U01885
2025-06-01,U01886
2025-06-03,U01886
2025-06-07,U01886
2025-06-08,U01886
2025-06-11,U01886
2025-05-17,U01887
2025-07-27,U01888
2025-07-29,U01888
2025-08-01,U01888
2025-06-21,U01889
2025-07-07,U01889
2025-07-07,U01889
2025-07-07,U01889
2025-07-08,U01889
2025-07-09,U01889
2025-07-09,U01889
2025-07-14,U01889
2025-07-16,U01889
2025-07-18,U01889
2025-08-17,U01889
2025-05-20,U01890
2025-05-21,U01890
2025-05-28,U01890
2025-06-01,U01890
2025-06-07,U01890
2025-06-22,U01890
2025-06-29,U01890
2025-07-16,U01891
2025-07-17,U01891
2025-07-19,U01891
2025-07-20,U01891
2025-07-22,U01891
2025-07-22,U01891
2025-07-25,U01891
2025-07-26,U01891
2025-07-26,U01891
2025-07-28,U01891
2025-07-09,U01892
2025-07-23,U01892
2025-06-03,U01893
2025-06-06,U01893
2025-06-15,U01893
2025-06-23,U01893
2025-06-26,U01893
2025-06-29,U01893
2025-07-02,U01893
2025-07-09,U01893
2025-05-23,U01894
2025-05-24,U01894
2025-06-08,U01894
2025-06-19,U01894
2025-06-22,U01894
2025-06-28,U01894
2025-06-25,U01895
2025-06-26,U01895
2025-07-12,U01895
2025-07-15,U01895
2025-07-17,U01895
2025-07-01,U01896
2025-07-02,U01896
2025-07-09,U01896
2025-07-10,U01896
2025-07-12,U01896
2025-07-14,U01896
2025-07-16,U01896
2025-07-21,U01896
2025-05-17,U01897
2025-08-15,U01897
2025-06-21,U01898
2025-07-16,U01898
2025-07-25,U01899
2025-07-26,U01899
2025-08-01,U01899
2025-06-02,U01900
2025-06-03,U01900
2025-06-10,U01900
2025-06-14,U01900
2025-06-17,U01900
2025-06-20,U01900
2025-06-27,U01900
2025-07-02,U01900
2025-07-03,U01900
2025-07-05,U01900
2025-07-06,U01901
2025-07-08,U01901
2025-07-08,U01901
2025-07-12,U01901
2025-07-23,U01901
2025-07-10,U01902
2025-07-13,U01902
2025-07-15,U01902
2025-07-17,U01902
2025-07-18,U01902
2025-07-20,U01902
2025-07-22,U01902
2025-07-23,U01902
2025-07-17,U01903
2025-07-18,U01903
2025-07-24,U01903
2025-07-31,U01903
2025-07-21,U01904
2025-07-29,U01904
2025-07-30,U01904
2025-06-30,U01905
2025-07-01,U01905
2025-07-03,U01905
2025-07-11,U01905
2025-07-11,U01905
2025-07-13,U01905
2025-07-15,U01905
2025-07-18,U01905
2025-07-21,U01905
2025-07-22,U01905
2025-07-15,U01906
2025-07-16,U01906
2025-07-19,U01906
2025-07-20,U01906
2025-07-21,U01906
2025-07-22,U01906
2025-07-25,U01906
2025-07-27,U01906
2025-07-30,U01906
2025-08-20,U01906
2025-06-29,U01907
2025-07-02,U01907
2025-07-07,U01907
2025-07-10,U01907
2025-07-11,U01907
2025-07-11,U01907
2025-07-12,U01907
2025-07-13,U01907
2025-07-22,U01907
2025-05-22,U01908
2025-05-27,U01908
2025-05-29,U01908
2025-05-30,U01908
2025-06-01,U01908
2025-06-02,U01908
2025-06-26,U01908
2025-07-09,U01909
2025-07-09,U01909
2025-07-11,U01909
2025-07-12,U01909
2025-07-18,U01909
2025-07-19,U01909
2025-07-23,U01909
2025-07-26,U01909
2025-07-27,U01909
2025-08-17,U01909
2025-05-18,U01910
2025-05-26,U01910
2025-05-27,U01910
2025-06-24,U01910
2025-05-25,U01911
2025-05-31,U01911
2025-06-04,U01911
2025-06-17,U01911
2025-06-23,U01911
2025-07-06,U01912
2025-07-06,U01912
2025-07-06,U01912
2025-07-10,U01912
2025-07-17,U01912
2025-07-24,U01912
2025-07-21,U01913
2025-07-26,U01913
2025-07-28,U01913
2025-07-28,U01913
2025-07-29,U01913
2025-07-30,U01913
2025-07-31,U01913
2025-08-01,U01913
2025-05-28,U01914
2025-06-10,U01914
2025-06-22,U01914
2025-06-16,U01915
2025-06-20,U01915
2025-06-24,U01915
2025-06-30,U01915
2025-07-01,U01915
2025-07-09,U01915
2025-07-09,U01915
2025-07-11,U01915
2025-07-15,U01915
2025-05-17,U01916
2025-05-21,U01917
2025-05-22,U01917
2025-06-22,U01917
2025-06-30,U01918
2025-07-07,U01918
2025-07-13,U01918
2025-07-13,U01918
2025-07-20,U01918
2025-07-10,U01919
2025-07-13,U01919
2025-07-24,U01919
2025-07-25,U01919
2025-06-24,U01920
2025-07-16,U01920
2025-06-05,U01921
2025-07-08,U01921
2025-06-15,U01922
2025-06-17,U01922
2025-06-18,U01922
2025-06-30,U01922
2025-07-02,U01922
2025-07-05,U01922
2025-07-13,U01922
2025-07-14,U01922
2025-07-15,U01923
2025-07-16,U01923
2025-07-19,U01923
2025-07-23,U01923
2025-07-25,U01923
2025-07-26,U01923
2025-07-27,U01923
2025-07-28,U01923
2025-05-23,U01924
2025-06-03,U01924
2025-06-08,U01924
2025-05-20,U01925
2025-05-25,U01925
2025-05-26,U01925
2025-06-03,U01925
2025-06-06,U01925
2025-06-10,U01925
2025-06-13,U01925
2025-08-21,U01925
2025-06-04,U01926
2025-06-11,U01926
2025-06-15,U01926
2025-07-09,U01927
2025-07-10,U01927
2025-07-16,U01927
2025-07-25,U01927
2025-05-30,U01928
2025-06-18,U01928
2025-07-17,U01929
2025-07-26,U01929
2025-07-30,U01929
2025-05-24,U01930
2025-06-12,U01930
2025-08-17,U01930
2025-05-22,U01931
2025-06-15,U01931
2025-06-25,U01931
2025-07-01,U01931
2025-07-01,U01932
2025-07-02,U01932
2025-07-06,U01932
2025-07-08,U01932
2025-07-10,U01932
2025-07-11,U01932
2025-07-17,U01932
2025-07-18,U01932
2025-07-21,U01932
2025-06-07,U01933
2025-06-15,U01933
2025-06-18,U01933
2025-06-30,U01933
2025-07-05,U01933
2025-07-09,U01933
2025-07-17,U01934
2025-07-17,U01934
2025-07-17,U01934
2025-07-19,U01934
2025-07-23,U01934
2025-07-28,U01934
2025-07-31,U01934
2025-06-21,U01935
2025-06-23,U01935
2025-06-25,U01935
2025-07-01,U01935
2025-07-01,U01935
2025-07-02,U01935
2025-07-05,U01935
2025-07-09,U01935
2025-07-12,U01935
2025-07-17,U01935
2025-07-13,U01936
2025-07-16,U01936
2025-07-23,U01936
2025-05-26,U01937
2025-06-07,U01937
2025-06-07,U01938
2025-06-16,U01938
2025-06-17,U01938
2025-06-29,U01938
2025-07-09,U01938
2025-05-20,U01939
2025-05-22,U01939
2025-05-31,U01939
2025-06-01,U01939
2025-06-07,U01939
2025-06-21,U01939
2025-06-24,U01939
2025-07-01,U01939
2025-07-02,U01939
2025-08-16,U01939
2025-05-21,U01940
2025-06-30,U01941
2025-07-05,U01941
2025-05-17,U01942
2025-08-18,U01942
2025-05-29,U01943
2025-05-30,U01943
2025-06-11,U01943
2025-06-11,U01943
2025-06-21,U01943
2025-07-01,U01943
2025-05-31,U01944
2025-06-16,U01945
2025-06-17,U01945
2025-07-22,U01946
2025-07-27,U01946
2025-07-29,U01946
2025-07-08,U01947
2025-07-09,U01947
2025-07-09,U01947
2025-07-12,U01947
2025-07-16,U01947
2025-07-17,U01947
2025-07-23,U01947
2025-06-27,U01948
2025-07-06,U01948
2025-07-06,U01948
2025-07-08,U01948
2025-07-11,U01948
2025-07-14,U01948
2025-07-16,U01948
2025-07-21,U01948
2025-06-11,U01949
2025-06-17,U01949
2025-06-19,U01949
2025-06-19,U01949
2025-06-21,U01949
2025-06-22,U01949
2025-06-30,U01949
2025-07-04,U01949
2025-07-11,U01949
2025-06-01,U01950
2025-06-16,U01950
2025-06-26,U01950
2025-08-19,U01950
2025-06-26,U01951
2025-07-05,U01951
2025-05-17,U01952
2025-05-18,U01952
2025-06-13,U01952
2025-06-18,U01952
2025-06-20,U01952
2025-06-24,U01952
2025-06-30,U01952
2025-06-25,U01953
2025-07-06,U01953
2025-07-09,U01953
2025-07-13,U01953
2025-07-15,U01953
2025-07-17,U01953
2025-08-16,U01953
2025-05-17,U01954
2025-07-25,U01955
2025-07-26,U01955
2025-07-30,U01955
2025-07-08,U01956
2025-07-19,U01956
2025-07-01,U01957
2025-07-02,U01957
2025-07-10,U01957
2025-07-16,U01957
2025-07-20,U01957
2025-07-06,U01958
2025-07-14,U01958
2025-07-14,U01958
2025-07-16,U01958
2025-07-18,U01958
2025-07-24,U01958
2025-07-25,U01958
2025-05-18,U01959
2025-05-25,U01959
2025-05-27,U01959
2025-06-01,U01959
2025-06-14,U01959
2025-06-19,U01959
2025-06-23,U01959
2025-06-28,U01959
2025-07-08,U01960
2025-07-10,U01960
2025-07-14,U01960
2025-07-17,U01960
2025-07-22,U01960
2025-07-23,U01960
2025-07-24,U01960
2025-07-25,U01960
2025-06-26,U01961
2025-07-02,U01961
2025-07-03,U01961
2025-07-08,U01961
2025-07-08,U01961
2025-07-10,U01961
2025-07-10,U01961
2025-07-12,U01961
2025-07-17,U01961
2025-07-19,U01961
2025-07-02,U01962
2025-07-06,U01962
2025-07-06,U01962
2025-07-19,U01962
2025-05-31,U01963
2025-06-03,U01963
2025-07-05,U01963
2025-07-06,U01963
2025-07-07,U01964
2025-07-18,U01964
2025-07-26,U01964
2025-07-20,U01965
2025-07-24,U01965
2025-07-28,U01965
2025-06-29,U01966
2025-07-03,U01966
2025-07-03,U01966
2025-07-07,U01966
2025-07-16,U01966
2025-07-16,U01966
2025-07-19,U01966
2025-07-22,U01966
2025-05-25,U01967
2025-05-25,U01967
2025-06-01,U01967
2025-06-03,U01967
2025-06-06,U01967
2025-06-20,U01967
2025-07-01,U01967
2025-07-01,U01968
2025-07-03,U01968
2025-07-03,U01968
2025-07-06,U01968
2025-07-13,U01968
2025-07-15,U01968
2025-07-16,U01968
2025-07-23,U01968
2025-07-03,U01969
2025-07-06,U01969
2025-07-16,U01969
2025-07-18,U01969
2025-07-22,U01969
2025-07-24,U01969
2025-06-20,U01970
2025-07-16,U01970
2025-05-31,U01971
2025-05-24,U01972
2025-05-25,U01972
2025-06-04,U01972
2025-08-16,U01972
2025-05-19,U01973
2025-05-25,U01973
2025-06-03,U01973
2025-06-09,U01973
2025-06-09,U01973
2025-06-10,U01973
2025-06-12,U01973
2025-06-21,U01973
2025-06-12,U01974
2025-06-17,U01974
2025-06-19,U01974
2025-06-24,U01974
2025-07-08,U01974
2025-07-08,U01974
2025-07-10,U01974
2025-07-13,U01974
2025-07-03,U01975
2025-07-04,U01975
2025-07-10,U01975
2025-07-15,U01975
2025-07-21,U01975
2025-07-22,U01975
2025-06-24,U01976
2025-06-27,U01976
2025-06-28,U01976
2025-06-30,U01976
2025-06-30,U01976
2025-07-05,U01976
2025-07-05,U01976
2025-07-09,U01976
2025-07-11,U01976
2025-07-12,U01977
2025-07-15,U01977
2025-07-15,U01977
2025-07-20,U01977
2025-07-21,U01977
2025-07-24,U01977
2025-07-26,U01977
2025-05-19,U01978
2025-06-05,U01978
2025-05-24,U01979
2025-06-01,U01979
2025-06-05,U01979
2025-06-17,U01979
2025-07-17,U01980
2025-07-18,U01980
2025-07-22,U01980
2025-07-27,U01980
2025-07-28,U01980
2025-07-29,U01980
2025-07-31,U01980
2025-07-18,U01981
2025-07-18,U01981
2025-07-19,U01981
2025-07-20,U01981
2025-07-21,U01981
2025-07-21,U01981
2025-07-22,U01981
2025-07-23,U01981
2025-07-26,U01981
2025-07-31,U01981
2025-05-19,U01982
2025-06-01,U01982
2025-06-04,U01982
2025-06-07,U01982
2025-08-18,U01982
2025-07-17,U01983
2025-07-21,U01983
2025-07-24,U01983
2025-07-25,U01983
2025-07-25,U01983
2025-07-28,U01983
2025-07-01,U01984
2025-07-03,U01984
2025-07-04,U01984
2025-07-04,U01984
2025-07-04,U01984
2025-07-06,U01984
2025-07-07,U01984
2025-07-16,U01984
2025-07-21,U01984
2025-05-23,U01985
2025-06-01,U01985
2025-06-02,U01985
2025-06-07,U01985
2025-08-18,U01985
2025-06-19,U01986
2025-06-19,U01986
2025-06-24,U01986
2025-06-26,U01986
2025-06-26,U01986
2025-06-29,U01986
2025-07-08,U01986
2025-07-17,U01986
2025-07-14,U01987
2025-07-16,U01987
2025-07-17,U01987
2025-07-18,U01987
2025-07-21,U01987
2025-07-25,U01987
2025-07-28,U01987
2025-07-29,U01987
2025-07-08,U01988
2025-07-12,U01988
2025-07-19,U01988
2025-07-24,U01988
2025-07-25,U01988
2025-05-19,U01989
2025-05-21,U01989
2025-06-02,U01989
2025-06-05,U01989
2025-06-08,U01989
2025-06-25,U01989
2025-06-26,U01989
2025-06-21,U01990
2025-06-29,U01990
2025-07-04,U01990
2025-07-06,U01990
2025-07-10,U01990
2025-07-10,U01990
2025-07-16,U01990
2025-07-18,U01990
2025-07-02,U01991
2025-07-03,U01991
2025-07-06,U01991
2025-07-12,U01991
2025-07-16,U01991
2025-07-22,U01991
2025-08-21,U01991
2025-06-17,U01992
2025-06-20,U01992
2025-07-01,U01992
2025-07-05,U01992
2025-07-06,U01992
2025-07-06,U01992
2025-07-08,U01992
2025-07-15,U01992
2025-07-17,U01993
2025-07-18,U01993
2025-07-19,U01993
2025-07-20,U01993
2025-07-22,U01993
2025-07-24,U01993
2025-07-27,U01993
2025-07-27,U01993
2025-07-28,U01993
2025-07-31,U01993
2025-08-17,U01993
2025-05-21,U01994
2025-05-25,U01994
2025-08-16,U01994
2025-06-20,U01995
2025-06-22,U01995
2025-06-30,U01995
2025-07-01,U01995
2025-07-10,U01995
2025-07-15,U01995
2025-07-17,U01995
2025-05-28,U01996
2025-06-01,U01996
2025-06-07,U01996
2025-06-11,U01996
2025-06-14,U01996
2025-06-15,U01996
2025-06-28,U01996
2025-06-30,U01996
2025-07-04,U01996
2025-06-14,U01997
2025-06-19,U01998
2025-06-22,U01998
2025-06-24,U01998
2025-07-01,U01998
2025-07-05,U01998
2025-07-09,U01998
2025-07-10,U01998
2025-06-02,U01999
2025-06-10,U01999
2025-06-13,U01999
2025-06-21,U01999
2025-06-26,U01999
2025-06-26,U01999
2025-07-01,U01999
2025-07-07,U01999
2025-07-08,U01999
2025-06-19,U02000
2025-06-20,U02000
2025-06-21,U02000
2025-06-22,U02000
2025-06-03,U02001
2025-06-18,U02002
2025-06-18,U02002
2025-06-19,U02002
2025-06-25,U02002
2025-06-28,U02002
2025-06-29,U02002
2025-06-29,U02002
2025-07-04,U02002
2025-07-07,U02002
2025-07-15,U02002
2025-07-21,U02003
2025-07-25,U02003
2025-07-25,U02003
2025-07-27,U02003
2025-07-27,U02003
2025-08-01,U02003
2025-06-27,U02004
2025-07-05,U02004
2025-07-06,U02004
2025-07-07,U02004
2025-07-08,U02004
2025-07-18,U02004
2025-07-19,U02004
2025-06-12,U02005
2025-06-18,U02005
2025-06-18,U02005
2025-06-19,U02005
2025-06-27,U02005
2025-06-28,U02005
2025-07-05,U02005
2025-07-05,U02005
2025-07-10,U02005
2025-07-12,U02005
2025-06-04,U02006
2025-06-05,U02006
2025-06-06,U02006
2025-06-10,U02006
2025-06-12,U02006
2025-06-19,U02006
2025-06-21,U02006
2025-06-27,U02006
2025-07-05,U02006
2025-07-08,U02006
2025-05-18,U02007
2025-06-03,U02007
2025-06-12,U02007
2025-06-13,U02007
2025-06-16,U02007
2025-06-10,U02008
2025-06-24,U02008
2025-07-01,U02008
2025-07-04,U02008
2025-07-06,U02008
2025-07-10,U02008
2025-07-12,U02008
2025-05-22,U02009
2025-05-25,U02009
2025-06-01,U02009
2025-06-03,U02009
2025-06-14,U02009
2025-06-28,U02010
2025-07-08,U02010
2025-07-14,U02010
2025-07-17,U02010
2025-06-25,U02011
2025-06-26,U02011
2025-07-01,U02011
2025-07-03,U02011
2025-07-05,U02011
2025-07-20,U02011
2025-05-21,U02012
2025-05-27,U02012
2025-05-30,U02012
2025-06-03,U02012
2025-06-04,U02012
2025-06-05,U02012
2025-06-10,U02012
2025-06-18,U02012
2025-06-18,U02012
2025-06-30,U02012
2025-07-15,U02013
2025-07-24,U02013
2025-07-25,U02013
2025-07-17,U02014
2025-07-24,U02014
2025-06-17,U02015
2025-06-21,U02015
2025-06-24,U02015
2025-07-14,U02015
2025-05-26,U02016
2025-05-31,U02016
2025-06-03,U02016
2025-07-19,U02017
2025-07-19,U02017
2025-07-21,U02017
2025-07-26,U02017
2025-07-29,U02017
2025-08-01,U02017
2025-06-02,U02018
2025-06-20,U02018
2025-06-25,U02018
2025-06-28,U02018
2025-06-28,U02018
2025-07-08,U02018
2025-08-19,U02018
2025-05-25,U02019
2025-06-29,U02019
2025-08-17,U02019
2025-05-17,U02020
2025-06-21,U02021
2025-06-21,U02022
2025-07-02,U02022
2025-07-11,U02022
2025-07-16,U02022
2025-06-25,U02023
2025-07-01,U02023
2025-07-09,U02023
2025-07-11,U02023
2025-07-15,U02023
2025-07-18,U02023
2025-07-19,U02023
2025-06-03,U02024
2025-06-10,U02024
2025-06-16,U02024
2025-06-24,U02024
2025-07-02,U02024
2025-07-06,U02024
2025-05-28,U02025
2025-05-28,U02025
2025-06-01,U02025
2025-06-01,U02025
2025-06-17,U02025
2025-06-22,U02025
2025-07-01,U02025
2025-07-05,U02025
2025-05-17,U02026
2025-06-17,U02027
2025-06-22,U02027
2025-06-27,U02027
2025-06-29,U02027
2025-06-29,U02027
2025-07-05,U02027
2025-07-09,U02027
2025-07-12,U02027
2025-07-05,U02028
2025-07-12,U02028
2025-07-17,U02028
2025-07-19,U02028
2025-07-21,U02028
2025-07-22,U02028
2025-07-23,U02028
2025-08-20,U02028
2025-05-17,U02029
2025-06-14,U02030
2025-06-18,U02030
2025-06-21,U02030
2025-07-04,U02030
2025-07-06,U02030
2025-07-06,U02030
2025-07-13,U02030
2025-05-17,U02031
2025-07-19,U02032
2025-07-25,U02032
2025-07-25,U02032
2025-07-30,U02032
2025-07-03,U02033
2025-07-04,U02033
2025-07-04,U02033
2025-07-07,U02033
2025-07-12,U02033
2025-07-13,U02033
2025-07-20,U02033
2025-07-24,U02033
2025-07-14,U02034
2025-07-14,U02034
2025-07-17,U02034
2025-07-19,U02034
2025-07-21,U02034
2025-07-07,U02035
2025-07-15,U02035
2025-07-09,U02036
2025-07-24,U02036
2025-07-26,U02036
2025-07-15,U02037
2025-07-23,U02037
2025-07-28,U02037
2025-07-30,U02037
2025-07-15,U02038
2025-07-16,U02038
2025-07-19,U02038
2025-07-24,U02038
2025-07-25,U02038
2025-07-26,U02038
2025-07-28,U02038
2025-07-29,U02038
2025-07-30,U02038
2025-05-22,U02039
2025-05-27,U02039
2025-05-29,U02039
2025-06-12,U02039
2025-06-21,U02039
2025-06-22,U02039
2025-06-23,U02039
2025-06-24,U02039
2025-06-29,U02039
2025-07-02,U02039
2025-05-17,U02040
2025-05-25,U02041
2025-06-04,U02041
2025-06-10,U02041
2025-07-04,U02041
2025-05-17,U02042
2025-05-21,U02042
2025-05-21,U02042
2025-06-09,U02042
2025-06-11,U02042
2025-06-15,U02042
2025-06-22,U02042
2025-05-17,U02043
2025-07-07,U02044
2025-07-08,U02044
2025-07-18,U02044
2025-07-21,U02044
2025-07-22,U02044
2025-07-25,U02044
2025-06-03,U02045
2025-06-17,U02045
2025-06-22,U02045
2025-06-24,U02045
2025-06-24,U02045
2025-06-27,U02045
2025-06-27,U02045
2025-07-06,U02045
2025-06-04,U02046
2025-06-07,U02046
2025-06-14,U02046
2025-06-24,U02046
2025-07-02,U02046
2025-07-09,U02046
2025-05-31,U02047
2025-07-01,U02047
2025-05-17,U02048
2025-08-20,U02048
2025-06-23,U02049
2025-06-26,U02049
2025-07-03,U02049
2025-07-05,U02049
2025-07-05,U02049
2025-07-07,U02049
2025-07-10,U02049
2025-07-14,U02049
2025-07-19,U02049
2025-08-20,U02049
2025-05-24,U02050
2025-06-11,U02050
2025-06-11,U02050
2025-06-17,U02050
2025-07-03,U02050
2025-05-17,U02051
2025-08-20,U02051
2025-05-19,U02052
2025-05-21,U02052
2025-05-29,U02052
2025-06-02,U02052
2025-06-03,U02052
2025-06-06,U02052
2025-05-31,U02053
2025-06-01,U02053
2025-06-02,U02053
2025-06-03,U02053
2025-06-13,U02053
2025-06-14,U02053
2025-06-18,U02053
2025-06-30,U02053
2025-07-03,U02053
2025-07-04,U02053
2025-07-12,U02054
2025-07-17,U02054
2025-07-18,U02054
2025-07-18,U02054
2025-07-20,U02054
2025-07-22,U02054
2025-07-22,U02054
2025-07-28,U02054
2025-06-07,U02055
2025-07-01,U02055
2025-07-05,U02056
2025-07-11,U02056
2025-07-13,U02056
2025-07-14,U02056
2025-07-15,U02056
2025-07-18,U02056
2025-07-25,U02056
2025-07-16,U02057
2025-07-25,U02057
2025-07-27,U02057
2025-07-29,U02057
2025-07-30,U02057
2025-07-07,U02058
2025-07-24,U02058
2025-08-17,U02058
2025-05-22,U02059
2025-06-05,U02059
2025-06-18,U02059
2025-06-29,U02059
2025-05-17,U02060
2025-05-22,U02061
2025-05-30,U02061
2025-06-02,U02061
2025-06-09,U02061
2025-06-13,U02061
2025-07-06,U02062
2025-07-08,U02062
2025-07-11,U02062
2025-07-13,U02062
2025-07-18,U02062
2025-07-21,U02062
2025-07-22,U02062
2025-07-24,U02062
2025-06-29,U02063
2025-07-07,U02063
2025-07-08,U02063
2025-07-09,U02063
2025-07-10,U02063
2025-07-14,U02063
2025-07-16,U02063
2025-07-19,U02063
2025-06-14,U02064
2025-06-15,U02064
2025-06-20,U02064
2025-06-22,U02064
2025-07-12,U02064
2025-07-08,U02065
2025-07-09,U02065
2025-07-10,U02065
2025-07-13,U02065
2025-07-15,U02065
2025-07-17,U02065
2025-07-19,U02065
2025-07-25,U02065
2025-06-17,U02066
2025-06-18,U02066
2025-06-19,U02066
2025-06-24,U02066
2025-07-05,U02066
2025-07-16,U02066
2025-06-18,U02067
2025-06-19,U02067
2025-07-09,U02067
2025-07-11,U02067
2025-06-05,U02068
2025-06-10,U02068
2025-06-13,U02068
2025-07-08,U02068
2025-06-17,U02069
2025-06-17,U02069
2025-07-03,U02069
2025-07-07,U02069
2025-07-09,U02069
2025-07-12,U02069
2025-07-13,U02069
2025-07-15,U02069
2025-07-16,U02069
2025-07-10,U02070
2025-07-10,U02070
2025-07-20,U02070
2025-07-23,U02070
2025-07-23,U02070
2025-07-25,U02070
2025-06-02,U02071
2025-06-10,U02071
2025-06-22,U02071
2025-06-26,U02071
2025-06-29,U02071
2025-07-06,U02071
2025-05-21,U02072
2025-05-26,U02072
2025-06-01,U02072
2025-06-06,U02072
2025-06-17,U02072
2025-06-30,U02072
2025-07-01,U02072
2025-05-17,U02073
2025-05-23,U02073
2025-06-02,U02073
2025-06-04,U02073
2025-06-06,U02073
2025-06-15,U02073
2025-08-17,U02073
2025-06-29,U02074
2025-07-02,U02074
2025-07-10,U02074
2025-07-12,U02074
2025-07-13,U02074
2025-07-17,U02074
2025-07-19,U02074
2025-07-20,U02074
2025-07-21,U02074
2025-05-26,U02075
2025-05-27,U02075
2025-06-02,U02075
2025-06-28,U02075
2025-07-03,U02075
2025-08-20,U02075
2025-07-12,U02076
2025-07-13,U02076
2025-06-29,U02077
2025-07-10,U02077
2025-07-18,U02077
2025-08-21,U02077
2025-05-24,U02078
2025-06-12,U02078
2025-06-18,U02078
2025-05-26,U02079
2025-05-29,U02079
2025-06-02,U02079
2025-06-03,U02079
2025-06-06,U02079
2025-06-12,U02079
2025-06-16,U02079
2025-06-16,U02079
2025-06-17,U02079
2025-07-03,U02079
2025-07-03,U02080
2025-07-06,U02080
2025-07-08,U02080
2025-07-20,U02080
2025-07-20,U02080
2025-07-22,U02080
2025-07-18,U02081
2025-07-30,U02081
2025-05-25,U02082
2025-05-27,U02082
2025-05-27,U02082
2025-05-29,U02082
2025-06-07,U02082
2025-06-09,U02082
2025-06-23,U02082
2025-06-27,U02082
2025-06-08,U02083
2025-07-04,U02083
2025-05-19,U02084
2025-05-30,U02084
2025-06-01,U02084
2025-06-15,U02084
2025-06-22,U02084
2025-06-29,U02084
2025-07-01,U02084
2025-05-22,U02085
2025-08-18,U02085
2025-05-19,U02086
2025-05-30,U02086
2025-06-14,U02086
2025-06-19,U02086
2025-06-21,U02086
2025-06-27,U02086
2025-05-27,U02087
2025-06-09,U02087
2025-06-29,U02088
2025-07-22,U02088
2025-05-17,U02089
2025-07-05,U02090
2025-07-11,U02090
2025-07-11,U02090
2025-07-16,U02090
2025-07-17,U02090
2025-07-23,U02090
2025-05-26,U02091
2025-06-05,U02092
2025-06-06,U02092
2025-06-08,U02092
2025-06-08,U02092
2025-06-08,U02092
2025-06-10,U02092
2025-06-29,U02092
2025-06-30,U02092
2025-07-04,U02092
2025-06-18,U02093
2025-06-30,U02093
2025-07-01,U02093
2025-07-07,U02093
2025-07-16,U02093
2025-06-07,U02094
2025-06-10,U02094
2025-06-14,U02094
2025-06-20,U02094
2025-06-24,U02094
2025-06-30,U02094
2025-07-01,U02094
2025-07-04,U02094
2025-07-08,U02094
2025-08-20,U02094
2025-05-27,U02095
2025-06-08,U02095
2025-06-13,U02095
2025-06-24,U02095
2025-07-04,U02095
2025-07-01,U02096
2025-07-12,U02096
2025-07-13,U02096
2025-06-23,U02097
2025-07-01,U02097
2025-07-16,U02097
2025-05-20,U02098
2025-05-28,U02098
2025-06-22,U02099
2025-06-25,U02099
2025-07-06,U02099
2025-07-07,U02099
2025-07-16,U02099
2025-07-17,U02099
2025-06-10,U02100
2025-06-10,U02100
2025-06-10,U02100
2025-06-12,U02100
2025-06-20,U02100
2025-06-25,U02100
2025-06-29,U02100
2025-06-30,U02100
2025-07-10,U02100
2025-07-12,U02100
2025-05-20,U02101
2025-05-21,U02101
2025-05-24,U02101
2025-06-02,U02101
2025-06-12,U02101
2025-06-18,U02101
2025-06-19,U02101
2025-06-24,U02101
2025-07-14,U02102
2025-07-16,U02102
2025-07-22,U02102
2025-07-26,U02102
2025-07-12,U02103
2025-07-14,U02103
2025-07-16,U02103
2025-07-20,U02103
2025-07-22,U02103
2025-07-23,U02103
2025-07-27,U02103
2025-05-23,U02104
2025-05-24,U02104
2025-05-24,U02104
2025-06-01,U02104
2025-06-09,U02104
2025-06-11,U02104
2025-07-11,U02105
2025-07-13,U02105
2025-07-17,U02105
2025-07-19,U02105
2025-07-19,U02105
2025-07-19,U02105
2025-07-20,U02105
2025-07-23,U02105
2025-07-24,U02105
2025-07-28,U02105
2025-05-23,U02106
2025-07-11,U02107
2025-07-20,U02107
2025-07-21,U02107
2025-07-22,U02107
2025-07-24,U02107
2025-07-27,U02107
2025-07-11,U02108
2025-07-27,U02108
2025-06-07,U02109
2025-06-14,U02109
2025-06-21,U02109
2025-06-24,U02109
2025-06-27,U02109
2025-06-18,U02110
2025-06-22,U02110
2025-07-14,U02111
2025-07-20,U02111
2025-07-29,U02111
2025-05-22,U02112
2025-07-02,U02112
2025-07-19,U02113
2025-07-19,U02113
2025-07-24,U02113
2025-07-25,U02113
2025-07-31,U02113
2025-05-26,U02114
2025-05-26,U02114
2025-06-04,U02114
2025-06-06,U02114
2025-06-08,U02114
2025-06-11,U02114
2025-06-12,U02114
2025-06-13,U02114
2025-06-20,U02114
2025-06-29,U02114
2025-05-17,U02115
2025-05-26,U02115
2025-05-27,U02115
2025-05-29,U02115
2025-06-13,U02115
2025-06-14,U02115
2025-06-25,U02115
2025-06-26,U02115
2025-06-12,U02116
2025-07-02,U02116
2025-07-05,U02116
2025-07-08,U02116
2025-07-11,U02116
2025-07-13,U02116
2025-07-21,U02117
2025-07-26,U02117
2025-07-26,U02117
2025-07-27,U02117
2025-07-28,U02117
2025-08-01,U02117
2025-06-02,U02118
2025-06-09,U02118
2025-06-10,U02118
2025-06-15,U02118
2025-06-27,U02118
2025-06-28,U02118
2025-06-30,U02118
2025-07-03,U02118
2025-07-01,U02119
2025-07-06,U02119
2025-07-20,U02119
2025-07-21,U02119
2025-07-06,U02120
2025-07-07,U02120
2025-07-08,U02120
2025-07-15,U02120
2025-07-18,U02120
2025-07-19,U02120
2025-07-24,U02120
2025-05-17,U02121
2025-05-31,U02122
2025-06-02,U02122
2025-06-06,U02122
2025-06-09,U02122
2025-06-11,U02122
2025-06-13,U02122
2025-06-22,U02122
2025-07-04,U02122
2025-07-06,U02122
2025-05-17,U02123
2025-05-21,U02123
2025-05-29,U02123
2025-06-13,U02123
2025-06-26,U02123
2025-05-26,U02124
2025-06-08,U02124
2025-06-16,U02124
2025-06-18,U02124
2025-06-26,U02124
2025-06-28,U02124
2025-07-02,U02124
2025-05-22,U02125
2025-06-06,U02125
2025-06-06,U02125
2025-06-16,U02125
2025-06-20,U02125
2025-06-20,U02125
2025-06-22,U02125
2025-06-28,U02125
2025-07-01,U02125
2025-07-02,U02125
2025-05-18,U02126
2025-05-22,U02126
2025-05-28,U02126
2025-05-28,U02126
2025-06-12,U02126
2025-06-19,U02126
2025-06-21,U02126
2025-06-21,U02126
2025-06-23,U02126
2025-07-01,U02126
2025-06-12,U02127
2025-07-10,U02127
2025-07-15,U02128
2025-07-21,U02128
2025-07-23,U02128
2025-07-26,U02128
2025-07-27,U02128
2025-07-29,U02128
2025-07-29,U02128
2025-07-30,U02128
2025-06-07,U02129
2025-06-13,U02129
2025-07-12,U02130
2025-07-21,U02130
2025-07-23,U02130
2025-07-26,U02130
2025-07-27,U02130
2025-07-09,U02131
2025-07-10,U02131
2025-07-12,U02131
2025-07-14,U02131
2025-07-14,U02131
2025-07-19,U02131
2025-07-21,U02131
2025-07-21,U02131
2025-07-22,U02131
2025-07-23,U02131
2025-08-21,U02131
2025-06-02,U02132
2025-06-03,U02132
2025-06-05,U02132
2025-05-28,U02133
2025-06-17,U02133
2025-07-02,U02134
2025-07-14,U02134
2025-06-09,U02135
2025-06-13,U02135
2025-06-18,U02135
2025-06-26,U02135
2025-06-26,U02135
2025-06-27,U02135
2025-07-08,U02135
2025-07-10,U02135
2025-07-11,U02135
2025-07-12,U02135
2025-07-17,U02136
2025-07-17,U02136
2025-07-18,U02136
2025-07-18,U02136
2025-07-21,U02136
2025-07-26,U02136
2025-07-27,U02136
2025-07-30,U02136
2025-07-31,U02136
2025-07-13,U02137
2025-07-14,U02137
2025-07-20,U02137
2025-07-24,U02137
2025-07-27,U02137
2025-05-21,U02138
2025-05-30,U02138
2025-07-17,U02139
2025-07-18,U02139
2025-07-20,U02139
2025-07-25,U02139
2025-07-27,U02139
2025-07-29,U02139
2025-06-12,U02140
2025-06-13,U02140
2025-06-30,U02140
2025-07-05,U02140
2025-07-09,U02140
2025-07-11,U02140
2025-07-13,U02141
2025-07-20,U02141
2025-07-23,U02141
2025-07-27,U02141
2025-05-21,U02142
2025-05-24,U02142
2025-05-28,U02142
2025-06-02,U02142
2025-06-10,U02142
2025-07-14,U02143
2025-07-17,U02143
2025-07-18,U02143
2025-07-19,U02143
2025-07-21,U02143
2025-07-22,U02143
2025-07-24,U02143
2025-07-26,U02143
2025-07-28,U02143
2025-07-21,U02144
2025-07-21,U02144
2025-07-24,U02144
2025-07-26,U02144
2025-07-27,U02144
2025-07-30,U02144
2025-05-17,U02145
2025-07-17,U02146
2025-07-21,U02146
2025-07-26,U02146
2025-07-26,U02146
2025-07-29,U02146
2025-07-30,U02146
2025-07-31,U02146
2025-05-17,U02147
2025-07-17,U02148
2025-07-21,U02148
2025-07-29,U02148
2025-07-14,U02149
2025-07-14,U02149
2025-07-15,U02149
2025-07-18,U02149
2025-07-22,U02149
2025-07-23,U02149
2025-07-23,U02149
2025-07-23,U02149
2025-07-27,U02149
2025-07-29,U02149
2025-05-17,U02150
2025-05-24,U02151
2025-06-08,U02151
2025-06-19,U02151
2025-06-28,U02151
2025-05-27,U02152
2025-06-13,U02152
2025-06-14,U02152
2025-08-16,U02152
2025-05-17,U02153
2025-06-26,U02154
2025-07-09,U02154
2025-07-13,U02154
2025-08-17,U02154
2025-05-25,U02155
2025-05-29,U02155
2025-06-10,U02155
2025-06-30,U02156
2025-07-01,U02156
2025-07-06,U02156
2025-07-10,U02156
2025-07-13,U02156
2025-07-13,U02156
2025-07-14,U02156
2025-07-21,U02156
2025-06-28,U02157
2025-07-04,U02157
2025-07-05,U02157
2025-07-08,U02157
2025-07-11,U02157
2025-07-12,U02157
2025-07-16,U02157
2025-07-16,U02157
2025-07-17,U02157
2025-06-30,U02158
2025-07-02,U02158
2025-07-06,U02158
2025-07-11,U02158
2025-07-12,U02158
2025-07-19,U02158
2025-05-17,U02159
2025-07-17,U02160
2025-07-19,U02160
2025-07-21,U02160
2025-07-22,U02160
2025-07-26,U02160
2025-07-31,U02160
2025-06-24,U02161
2025-07-09,U02161
2025-06-14,U02162
2025-05-17,U02163
2025-05-21,U02163
2025-05-30,U02163
2025-06-08,U02163
2025-06-13,U02163
2025-07-18,U02164
2025-07-22,U02164
2025-07-24,U02164
2025-07-28,U02164
2025-06-15,U02165
2025-06-18,U02165
2025-06-21,U02165
2025-06-30,U02165
2025-07-06,U02165
2025-07-13,U02165
2025-07-15,U02165
2025-07-18,U02166
2025-07-20,U02166
2025-07-21,U02166
2025-07-22,U02166
2025-07-22,U02166
2025-07-28,U02166
2025-07-30,U02166
2025-07-31,U02166
2025-05-19,U02167
2025-05-26,U02167
2025-06-01,U02167
2025-06-02,U02167
2025-06-05,U02167
2025-06-08,U02167
2025-06-19,U02167
2025-06-28,U02167
2025-06-30,U02167
2025-07-22,U02168
2025-07-22,U02168
2025-07-31,U02168
2025-07-04,U02169
2025-07-09,U02169
2025-07-11,U02169
2025-07-22,U02169
2025-07-08,U02170
2025-07-08,U02170
2025-07-09,U02170
2025-07-17,U02170
2025-07-24,U02170
2025-07-25,U02170
2025-07-18,U02171
2025-07-27,U02171
2025-05-20,U02172
2025-05-21,U02172
2025-05-22,U02172
2025-05-25,U02172
2025-05-20,U02173
2025-05-28,U02173
2025-06-05,U02173
2025-06-06,U02173
2025-06-15,U02173
2025-07-14,U02174
2025-07-14,U02174
2025-07-15,U02174
2025-07-15,U02174
2025-07-18,U02174
2025-07-20,U02174
2025-06-07,U02175
2025-06-07,U02175
2025-06-10,U02175
2025-06-10,U02175
2025-06-22,U02175
2025-06-22,U02175
2025-06-29,U02175
2025-07-05,U02175
2025-07-08,U02175
2025-06-15,U02176
2025-06-20,U02176
2025-06-24,U02176
2025-06-25,U02176
2025-06-25,U02176
2025-06-30,U02176
2025-07-01,U02176
2025-07-06,U02176
2025-07-14,U02176
2025-07-15,U02176
2025-06-20,U02177
2025-06-20,U02177
2025-06-22,U02177
2025-06-25,U02177
2025-07-08,U02177
2025-07-11,U02177
2025-07-17,U02177
2025-07-12,U02178
2025-07-18,U02178
2025-07-18,U02178
2025-07-19,U02178
2025-07-19,U02178
2025-07-19,U02178
2025-07-21,U02178
2025-07-23,U02178
2025-07-24,U02178
2025-07-26,U02178
2025-06-21,U02179
2025-06-21,U02179
2025-06-24,U02179
2025-06-26,U02179
2025-07-02,U02179
2025-07-05,U02179
2025-07-10,U02179
2025-07-12,U02179
2025-07-14,U02179
2025-07-17,U02179
2025-05-28,U02180
2025-06-11,U02180
2025-08-17,U02180
2025-07-23,U02181
2025-07-27,U02181
2025-07-23,U02182
2025-07-30,U02182
2025-05-30,U02183
2025-05-30,U02183
2025-06-08,U02183
2025-06-11,U02183
2025-06-13,U02183
2025-06-14,U02183
2025-07-02,U02183
2025-07-07,U02183
2025-05-28,U02184
2025-05-28,U02184
2025-06-05,U02184
2025-06-22,U02184
2025-06-07,U02185
2025-06-11,U02185
2025-06-12,U02185
2025-06-19,U02185
2025-07-01,U02185
2025-07-01,U02185
2025-07-03,U02185
2025-07-09,U02185
2025-07-11,U02185
2025-06-22,U02186
2025-06-22,U02186
2025-07-03,U02186
2025-07-03,U02186
2025-07-06,U02186
2025-07-10,U02186
2025-07-11,U02186
2025-07-11,U02186
2025-07-16,U02186
2025-07-17,U02186
2025-06-10,U02187
2025-06-16,U02187
2025-06-17,U02187
2025-06-25,U02187
2025-06-26,U02187
2025-07-10,U02187
2025-07-11,U02187
2025-07-13,U02188
2025-07-16,U02188
2025-07-17,U02188
2025-07-19,U02188
2025-07-21,U02188
2025-07-23,U02188
2025-07-25,U02188
2025-07-26,U02188
2025-07-27,U02188
2025-07-29,U02188
2025-07-17,U02189
2025-07-17,U02189
2025-07-19,U02189
2025-07-20,U02189
2025-07-20,U02189
2025-07-25,U02189
2025-07-28,U02189
2025-07-28,U02189
2025-07-28,U02189
2025-07-30,U02189
2025-05-25,U02190
2025-05-29,U02190
2025-06-08,U02190
2025-06-08,U02190
2025-06-19,U02190
2025-06-22,U02190
2025-06-26,U02190
2025-07-13,U02191
2025-07-14,U02191
2025-07-14,U02191
2025-07-19,U02191
2025-07-25,U02191
2025-07-28,U02191
2025-07-08,U02192
2025-07-10,U02192
2025-07-12,U02192
2025-07-20,U02192
2025-07-26,U02192
2025-08-16,U02192
2025-07-12,U02193
2025-07-13,U02193
2025-07-13,U02193
2025-07-14,U02193
2025-07-20,U02193
2025-07-20,U02193
2025-07-23,U02193
2025-07-27,U02193
2025-07-28,U02193
2025-05-17,U02194
2025-05-24,U02195
2025-05-25,U02195
2025-06-20,U02195
2025-06-26,U02195
2025-07-01,U02195
2025-07-03,U02195
2025-07-04,U02195
2025-06-20,U02196
2025-06-21,U02196
2025-06-21,U02196
2025-06-23,U02196
2025-06-27,U02196
2025-07-03,U02196
2025-07-12,U02196
2025-07-14,U02196
2025-07-17,U02196
2025-06-12,U02197
2025-06-14,U02197
2025-06-23,U02197
2025-06-30,U02197
2025-06-30,U02197
2025-07-08,U02197
2025-08-18,U02197
2025-06-14,U02198
2025-06-14,U02198
2025-06-15,U02198
2025-06-19,U02198
2025-06-26,U02198
2025-06-27,U02198
2025-07-05,U02198
2025-07-14,U02198
2025-07-21,U02199
2025-07-31,U02199
2025-06-14,U02200
2025-06-20,U02200
2025-06-21,U02200
2025-06-23,U02200
2025-06-25,U02200
2025-06-27,U02200
2025-06-30,U02200
2025-07-02,U02200
2025-07-12,U02200
2025-07-14,U02200
2025-06-12,U02201
2025-06-12,U02201
2025-06-13,U02201
2025-06-13,U02201
2025-06-26,U02201
2025-07-02,U02201
2025-07-03,U02201
2025-07-04,U02201
2025-06-10,U02202
2025-06-17,U02202
2025-06-23,U02202
2025-06-27,U02202
2025-06-30,U02202
2025-07-02,U02202
2025-07-05,U02202
2025-07-08,U02202
2025-07-09,U02202
2025-07-03,U02203
2025-07-06,U02203
2025-07-12,U02203
2025-07-12,U02203
2025-07-13,U02203
2025-07-16,U02203
2025-07-20,U02203
2025-07-20,U02203
2025-07-23,U02203
2025-07-02,U02204
2025-07-21,U02204
2025-07-22,U02205
2025-07-26,U02205
2025-07-11,U02206
2025-07-14,U02206
2025-07-15,U02206
2025-07-15,U02206
2025-07-16,U02206
2025-07-22,U02206
2025-07-22,U02206
2025-07-24,U02206
2025-07-26,U02206
2025-07-05,U02207
2025-07-06,U02207
2025-07-07,U02207
2025-07-10,U02207
2025-07-14,U02207
2025-07-20,U02207
2025-07-21,U02207
2025-07-25,U02207
2025-05-19,U02208
2025-05-22,U02208
2025-05-24,U02208
2025-05-30,U02208
2025-06-05,U02208
2025-06-09,U02208
2025-06-10,U02208
2025-06-16,U02208
2025-07-01,U02208
2025-05-18,U02209
2025-06-04,U02209
2025-06-06,U02209
2025-06-24,U02209
2025-06-25,U02209
2025-07-19,U02210
2025-07-20,U02210
2025-07-20,U02210
2025-07-30,U02210
2025-07-25,U02211
2025-07-25,U02211
2025-07-27,U02211
2025-07-28,U02211
2025-08-01,U02211
2025-05-24,U02212
2025-05-24,U02212
2025-06-02,U02212
2025-06-12,U02212
2025-07-05,U02213
2025-07-08,U02213
2025-07-14,U02213
2025-07-16,U02213
2025-07-19,U02213
2025-07-23,U02213
2025-08-17,U02213
2025-05-19,U02214
2025-06-03,U02214
2025-06-13,U02214
2025-05-24,U02215
2025-06-10,U02215
2025-05-17,U02216
2025-05-29,U02217
2025-06-08,U02217
2025-06-19,U02217
2025-06-20,U02217
2025-06-27,U02217
2025-06-28,U02217
2025-06-30,U02217
2025-07-04,U02217
2025-08-18,U02217
2025-05-18,U02218
2025-05-20,U02218
2025-05-25,U02218
2025-05-17,U02219
2025-07-20,U02220
2025-07-20,U02220
2025-07-25,U02220
2025-07-25,U02220
2025-07-25,U02220
2025-07-27,U02220
2025-07-29,U02220
2025-07-30,U02220
2025-07-31,U02220
2025-08-01,U02220
2025-05-26,U02221
2025-06-02,U02221
2025-06-08,U02221
2025-06-14,U02221
2025-06-14,U02221
2025-06-15,U02221
2025-06-18,U02221
2025-06-30,U02221
2025-07-02,U02221
2025-07-04,U02221
2025-06-05,U02222
2025-07-23,U02223
2025-07-30,U02223
2025-05-27,U02224
2025-06-05,U02224
2025-06-11,U02224
2025-06-11,U02224
2025-06-14,U02224
2025-07-24,U02225
2025-07-31,U02225
2025-06-01,U02226
2025-06-15,U02226
2025-07-09,U02227
2025-07-19,U02227
2025-07-19,U02227
2025-07-19,U02227
2025-07-22,U02227
2025-07-23,U02227
2025-07-24,U02227
2025-07-24,U02227
2025-07-25,U02227
2025-05-17,U02228
2025-06-12,U02229
2025-06-14,U02229
2025-06-20,U02229
2025-06-21,U02229
2025-06-25,U02229
2025-06-26,U02229
2025-06-30,U02229
2025-07-02,U02229
2025-07-02,U02229
2025-07-10,U02229
2025-06-16,U02230
2025-06-17,U02230
2025-06-20,U02230
2025-06-21,U02230
2025-06-22,U02230
2025-06-30,U02230
2025-07-04,U02230
2025-07-05,U02230
2025-07-07,U02230
2025-07-15,U02230
2025-05-27,U02231
2025-06-01,U02231
2025-08-20,U02231
2025-06-18,U02232
2025-06-21,U02232
2025-06-21,U02232
2025-06-27,U02232
2025-06-30,U02232
2025-07-02,U02232
2025-07-09,U02232
2025-07-09,U02232
2025-07-13,U02232
2025-08-20,U02232
2025-05-17,U02233
2025-06-18,U02234
2025-06-18,U02234
2025-06-19,U02234
2025-06-25,U02234
2025-06-25,U02234
2025-06-28,U02234
2025-06-29,U02234
2025-07-09,U02234
2025-07-11,U02234
2025-07-16,U02234
2025-07-08,U02235
2025-07-22,U02235
2025-07-22,U02235
2025-07-24,U02235
2025-07-26,U02235
2025-07-15,U02236
2025-07-20,U02236
2025-07-26,U02236
2025-07-09,U02237
2025-07-10,U02237
2025-07-12,U02237
2025-07-19,U02237
2025-07-22,U02237
2025-06-29,U02238
2025-07-05,U02238
2025-07-14,U02238
2025-05-20,U02239
2025-05-22,U02239
2025-06-06,U02239
2025-06-07,U02239
2025-06-16,U02239
2025-06-24,U02239
2025-06-27,U02239
2025-05-17,U02240
2025-05-31,U02240
2025-06-08,U02240
2025-06-11,U02240
2025-06-13,U02240
2025-06-17,U02240
2025-06-17,U02240
2025-06-18,U02240
2025-06-28,U02240
2025-05-18,U02241
2025-06-01,U02241
2025-06-29,U02241
2025-07-01,U02241
2025-07-11,U02242
2025-07-12,U02242
2025-07-15,U02242
2025-07-18,U02242
2025-07-19,U02242
2025-07-24,U02242
2025-07-27,U02242
2025-05-17,U02243
2025-07-25,U02244
2025-07-27,U02244
2025-07-28,U02244
2025-08-01,U02244
2025-06-24,U02245
2025-07-15,U02245
2025-07-16,U02246
2025-07-22,U02246
2025-07-29,U02246
2025-07-30,U02246
2025-05-21,U02247
2025-05-22,U02247
2025-05-23,U02247
2025-06-01,U02247
2025-06-02,U02247
2025-06-17,U02247
2025-06-26,U02247
2025-05-24,U02248
2025-07-10,U02249
2025-07-16,U02249
2025-07-18,U02249
2025-07-20,U02249
2025-07-25,U02249
2025-05-17,U02250
2025-05-17,U02251
2025-05-17,U02252
2025-06-20,U02253
2025-06-21,U02253
2025-06-25,U02253
2025-07-08,U02253
2025-07-10,U02253
2025-07-13,U02253
2025-07-13,U02253
2025-07-14,U02253
2025-07-16,U02253
2025-08-16,U02253
2025-05-26,U02254
2025-06-10,U02254
2025-06-11,U02254
2025-06-12,U02254
2025-07-02,U02254
2025-07-09,U02255
2025-07-14,U02255
2025-07-22,U02255
2025-07-24,U02255
2025-07-25,U02255
2025-07-27,U02255
2025-05-17,U02256
2025-07-15,U02257
2025-07-16,U02257
2025-07-17,U02257
2025-07-21,U02257
2025-07-26,U02257
2025-07-28,U02257
2025-07-29,U02257
2025-07-30,U02257
2025-05-17,U02258
2025-06-04,U02258
2025-06-05,U02258
2025-06-06,U02258
2025-06-10,U02258
2025-06-27,U02258
2025-07-18,U02259
2025-07-19,U02259
2025-07-23,U02259
2025-07-31,U02259
2025-08-17,U02259
2025-07-17,U02260
2025-07-24,U02260
2025-07-29,U02260
2025-06-18,U02261
2025-06-26,U02261
2025-05-19,U02262
2025-05-29,U02262
2025-06-05,U02262
2025-06-16,U02262
2025-06-17,U02262
2025-06-20,U02262
2025-07-01,U02262
2025-05-24,U02263
2025-05-17,U02264
2025-07-15,U02265
2025-07-19,U02265
2025-07-20,U02265
2025-07-27,U02265
2025-07-29,U02265
2025-07-07,U02266
2025-07-08,U02266
2025-07-15,U02266
2025-07-09,U02267
2025-07-13,U02267
2025-07-23,U02267
2025-05-19,U02268
2025-05-25,U02268
2025-05-29,U02268
2025-06-03,U02268
2025-06-26,U02268
2025-06-28,U02268
2025-08-21,U02268
2025-05-25,U02269
2025-05-30,U02269
2025-05-30,U02269
2025-06-01,U02269
2025-06-16,U02269
2025-05-18,U02270
2025-05-22,U02270
2025-06-16,U02270
2025-06-25,U02270
2025-06-11,U02271
2025-06-22,U02271
2025-06-22,U02272
2025-06-23,U02272
2025-05-23,U02273
2025-06-02,U02273
2025-06-13,U02273
2025-06-14,U02273
2025-06-27,U02274
2025-06-30,U02274
2025-07-01,U02274
2025-07-03,U02274
2025-07-04,U02274
2025-07-06,U02274
2025-07-07,U02274
2025-07-14,U02274
2025-07-17,U02274
2025-07-21,U02274
2025-07-09,U02275
2025-07-11,U02275
2025-07-14,U02275
2025-07-15,U02275
2025-07-15,U02275
2025-07-16,U02275
2025-07-18,U02275
2025-07-24,U02275
2025-05-21,U02276
2025-05-30,U02276
2025-06-07,U02276
2025-06-08,U02276
2025-06-29,U02276
2025-07-01,U02276
2025-05-24,U02277
2025-06-01,U02277
2025-06-13,U02277
2025-06-24,U02277
2025-06-26,U02277
2025-07-02,U02277
2025-07-03,U02277
2025-07-18,U02278
2025-07-20,U02278
2025-07-28,U02278
2025-07-30,U02278
2025-07-31,U02278
2025-07-11,U02279
2025-07-12,U02279
2025-07-27,U02279
2025-07-25,U02280
2025-07-31,U02280
2025-07-14,U02281
2025-07-15,U02281
2025-07-17,U02281
2025-07-23,U02281
2025-07-23,U02281
2025-07-23,U02281
2025-07-25,U02281
2025-07-26,U02281
2025-07-27,U02282
2025-07-28,U02282
2025-07-31,U02282
2025-07-31,U02282
2025-08-01,U02282
2025-06-13,U02283
2025-06-14,U02283
2025-06-17,U02283
2025-06-18,U02283
2025-06-24,U02283
2025-07-03,U02283
2025-07-05,U02283
2025-07-10,U02283
2025-07-20,U02284
2025-07-24,U02284
2025-07-28,U02284
2025-07-29,U02284
2025-08-01,U02284
2025-05-23,U02285
2025-05-26,U02285
2025-05-26,U02285
2025-06-03,U02285
2025-06-20,U02285
2025-06-28,U02285
2025-05-29,U02286
2025-07-14,U02287
2025-07-15,U02287
2025-07-16,U02287
2025-07-19,U02287
2025-07-21,U02287
2025-07-22,U02287
2025-07-23,U02287
2025-07-25,U02287
2025-07-27,U02287
2025-07-29,U02287
2025-08-18,U02287
2025-06-26,U02288
2025-07-02,U02288
2025-07-04,U02288
2025-07-20,U02288
2025-06-13,U02289
2025-07-02,U02290
2025-07-07,U02290
2025-07-09,U02290
2025-07-09,U02290
2025-07-10,U02290
2025-07-13,U02290
2025-07-14,U02290
2025-07-17,U02290
2025-07-22,U02290
2025-05-21,U02291
2025-05-28,U02292
2025-06-25,U02292
2025-08-15,U02292
2025-07-12,U02293
2025-07-12,U02293
2025-07-13,U02293
2025-07-13,U02293
2025-07-14,U02293
2025-07-15,U02293
2025-07-20,U02293
2025-07-25,U02293
2025-07-28,U02293
2025-05-31,U02294
2025-06-22,U02294
2025-05-24,U02295
2025-05-25,U02295
2025-05-29,U02295
2025-06-11,U02295
2025-06-19,U02295
2025-06-19,U02295
2025-07-01,U02295
2025-05-26,U02296
2025-06-22,U02296
2025-05-31,U02297
2025-06-05,U02297
2025-06-12,U02297
2025-07-13,U02298
2025-07-19,U02298
2025-07-24,U02298
2025-07-25,U02298
2025-07-27,U02298
2025-07-29,U02298
2025-06-09,U02299
2025-05-17,U02300
2025-07-08,U02301
2025-07-26,U02301
2025-05-31,U02302
2025-06-04,U02302
2025-06-09,U02302
2025-06-18,U02302
2025-06-12,U02303
2025-06-18,U02303
2025-06-30,U02303
2025-07-08,U02303
2025-07-08,U02303
2025-07-09,U02303
2025-07-10,U02303
2025-07-12,U02303
2025-07-13,U02303
2025-05-17,U02304
2025-06-17,U02305
2025-06-21,U02305
2025-06-22,U02305
2025-06-24,U02305
2025-06-28,U02305
2025-06-29,U02305
2025-07-15,U02305
2025-06-18,U02306
2025-07-19,U02307
2025-07-23,U02307
2025-07-24,U02307
2025-07-24,U02307
2025-07-25,U02307
2025-07-25,U02307
2025-07-25,U02307
2025-08-01,U02307
2025-06-12,U02308
2025-06-23,U02308
2025-05-27,U02309
2025-05-29,U02309
2025-06-01,U02309
2025-06-12,U02309
2025-06-15,U02309
2025-06-22,U02309
2025-06-25,U02309
2025-06-27,U02309
2025-06-29,U02309
2025-06-08,U02310
2025-07-02,U02310
2025-07-03,U02310
2025-07-07,U02310
2025-07-09,U02311
2025-07-11,U02311
2025-07-15,U02312
2025-07-28,U02312
2025-07-17,U02313
2025-07-18,U02313
2025-07-20,U02313
2025-07-22,U02313
2025-07-23,U02313
2025-07-24,U02313
2025-07-26,U02313
2025-07-31,U02313
2025-06-13,U02314
2025-06-25,U02314
2025-07-04,U02314
2025-07-09,U02315
2025-07-10,U02315
2025-07-14,U02315
2025-07-16,U02315
2025-07-20,U02315
2025-07-20,U02315
2025-07-22,U02315
2025-07-26,U02315
2025-07-27,U02315
2025-07-17,U02316
2025-07-17,U02316
2025-07-18,U02316
2025-07-19,U02316
2025-07-19,U02316
2025-07-21,U02316
2025-07-24,U02316
2025-07-31,U02316
2025-08-15,U02316
2025-07-20,U02317
2025-07-21,U02317
2025-07-22,U02317
2025-07-23,U02317
2025-07-25,U02317
2025-07-27,U02317
2025-07-27,U02317
2025-08-01,U02317
2025-07-19,U02318
2025-07-20,U02318
2025-07-20,U02318
2025-07-20,U02318
2025-07-24,U02318
2025-07-25,U02318
2025-07-27,U02318
2025-07-30,U02318
2025-07-30,U02318
2025-08-01,U02318
2025-08-18,U02318
2025-06-29,U02319
2025-07-14,U02319
2025-07-22,U02319
2025-05-17,U02320
2025-06-04,U02321
2025-06-05,U02321
2025-06-23,U02321
2025-06-24,U02321
2025-06-27,U02321
2025-07-07,U02321
2025-07-27,U02322
2025-08-01,U02322
2025-07-11,U02323
2025-07-13,U02323
2025-07-13,U02323
2025-07-18,U02323
2025-07-25,U02323
2025-06-06,U02324
2025-06-26,U02325
2025-07-11,U02325
2025-07-05,U02326
2025-07-07,U02326
2025-07-11,U02326
2025-07-13,U02326
2025-07-13,U02326
2025-07-14,U02326
2025-07-20,U02326
2025-07-21,U02326
2025-07-25,U02326
2025-06-21,U02327
2025-07-01,U02327
2025-07-13,U02327
2025-07-15,U02327
2025-07-03,U02328
2025-07-03,U02328
2025-07-09,U02328
2025-07-11,U02328
2025-07-13,U02328
2025-07-24,U02328
2025-06-25,U02329
2025-07-04,U02329
2025-07-14,U02329
2025-07-15,U02329
2025-07-18,U02329
2025-07-20,U02329
2025-08-15,U02329
2025-07-21,U02330
2025-07-31,U02330
2025-05-21,U02331
2025-05-31,U02331
2025-06-02,U02331
2025-06-06,U02331
2025-07-16,U02332
2025-07-27,U02332
2025-07-28,U02332
2025-05-17,U02333
2025-05-24,U02334
2025-06-07,U02334
2025-06-15,U02334
2025-06-16,U02334
2025-05-22,U02335
2025-05-28,U02335
2025-06-05,U02335
2025-06-05,U02335
2025-06-14,U02335
2025-06-24,U02335
2025-06-24,U02335
2025-06-25,U02335
2025-06-30,U02335
2025-07-03,U02335
2025-07-13,U02336
2025-07-18,U02336
2025-07-18,U02336
2025-07-21,U02336
2025-07-21,U02336
2025-07-22,U02336
2025-07-23,U02336
2025-07-27,U02336
2025-07-29,U02336
2025-05-20,U02337
2025-07-17,U02338
2025-07-17,U02338
2025-07-21,U02338
2025-07-21,U02338
2025-07-27,U02338
2025-07-27,U02338
2025-07-27,U02338
2025-07-29,U02338
2025-06-11,U02339
2025-06-24,U02340
2025-06-24,U02340
2025-07-10,U02340
2025-07-14,U02340
2025-07-14,U02340
2025-07-18,U02340
2025-07-25,U02341
2025-07-26,U02341
2025-07-16,U02342
2025-07-17,U02342
2025-07-19,U02342
2025-07-19,U02342
2025-07-20,U02342
2025-07-21,U02342
2025-07-21,U02342
2025-07-25,U02342
2025-07-26,U02342
2025-07-28,U02342
2025-07-13,U02343
2025-07-16,U02343
2025-07-24,U02343
2025-07-28,U02343
2025-08-19,U02343
2025-06-08,U02344
2025-06-09,U02344
2025-06-21,U02344
2025-05-24,U02345
2025-06-02,U02345
2025-07-02,U02345
2025-05-25,U02346
2025-05-26,U02346
2025-05-29,U02346
2025-06-06,U02346
2025-06-10,U02346
2025-06-28,U02346
2025-07-01,U02346
2025-05-17,U02347
2025-05-29,U02347
2025-06-02,U02347
2025-06-16,U02347
2025-07-19,U02348
2025-07-20,U02348
2025-07-21,U02348
2025-07-22,U02348
2025-07-23,U02348
2025-07-23,U02348
2025-07-27,U02348
2025-07-29,U02348
2025-07-30,U02348
2025-08-01,U02348
2025-06-06,U02349
2025-06-07,U02349
2025-06-13,U02349
2025-06-22,U02349
2025-06-24,U02349
2025-06-24,U02349
2025-07-02,U02349
2025-07-05,U02349
2025-07-10,U02349
2025-05-17,U02350
2025-05-21,U02351
2025-06-11,U02352
2025-06-26,U02352
2025-06-27,U02352
2025-07-06,U02352
2025-07-09,U02353
2025-07-09,U02353
2025-07-20,U02353
2025-07-23,U02353
2025-05-31,U02354
2025-07-02,U02355
2025-07-22,U02355
2025-06-18,U02356
2025-07-12,U02356
2025-05-17,U02357
2025-06-14,U02358
2025-06-22,U02358
2025-06-25,U02358
2025-06-28,U02358
2025-07-02,U02358
2025-07-05,U02358
2025-07-12,U02358
2025-07-07,U02359
2025-07-13,U02359
2025-07-25,U02359
2025-07-26,U02359
2025-06-16,U02360
2025-06-17,U02360
2025-07-13,U02360
2025-07-15,U02360
2025-07-16,U02361
2025-07-16,U02361
2025-07-26,U02361
2025-07-29,U02361
2025-05-17,U02362
2025-05-17,U02363
2025-06-21,U02364
2025-06-30,U02364
2025-07-13,U02364
2025-07-17,U02365
2025-07-17,U02365
2025-07-20,U02365
2025-07-21,U02365
2025-07-24,U02365
2025-07-24,U02365
2025-07-26,U02365
2025-07-26,U02365
2025-07-31,U02365
2025-08-15,U02365
2025-06-14,U02366
2025-07-10,U02367
2025-07-10,U02367
2025-07-12,U02367
2025-07-13,U02367
2025-07-14,U02367
2025-07-14,U02367
2025-07-21,U02367
2025-07-27,U02367
2025-05-29,U02368
2025-06-03,U02368
2025-06-03,U02368
2025-06-28,U02368
2025-07-04,U02368
2025-07-18,U02369
2025-07-21,U02369
2025-05-23,U02370
2025-05-23,U02370
2025-06-02,U02370
2025-06-12,U02370
2025-06-16,U02370
2025-06-19,U02370
2025-06-25,U02370
2025-06-27,U02370
2025-07-19,U02371
2025-07-25,U02371
2025-07-29,U02371
2025-08-01,U02371
2025-05-21,U02372
2025-05-26,U02372
2025-06-10,U02372
2025-06-17,U02372
2025-07-20,U02373
2025-07-30,U02373
2025-06-26,U02374
2025-06-30,U02374
2025-07-14,U02374
2025-07-10,U02375
2025-07-12,U02375
2025-07-12,U02375
2025-07-13,U02375
2025-07-13,U02375
2025-07-17,U02375
2025-07-19,U02375
2025-07-22,U02375
2025-07-23,U02375
2025-07-26,U02375
2025-08-17,U02375
2025-05-30,U02376
2025-05-30,U02376
2025-06-01,U02376
2025-06-03,U02376
2025-06-04,U02376
2025-06-09,U02376
2025-06-13,U02376
2025-07-06,U02376
2025-07-06,U02376
2025-07-07,U02376
2025-08-19,U02376
2025-06-14,U02377
2025-06-15,U02377
2025-07-01,U02377
2025-07-03,U02377
2025-07-09,U02377
2025-05-28,U02378
2025-06-01,U02378
2025-06-22,U02378
2025-06-27,U02378
2025-07-23,U02379
2025-07-24,U02379
2025-07-04,U02380
2025-07-05,U02380
2025-07-10,U02380
2025-07-23,U02380
2025-07-24,U02380
2025-08-15,U02380
2025-06-15,U02381
2025-06-22,U02381
2025-06-24,U02381
2025-06-29,U02381
2025-06-30,U02381
2025-07-03,U02381
2025-07-04,U02381
2025-07-05,U02381
2025-07-11,U02381
2025-07-14,U02381
2025-07-18,U02382
2025-07-25,U02382
2025-07-27,U02382
2025-07-31,U02382
2025-08-15,U02382
2025-07-05,U02383
2025-07-07,U02383
2025-07-10,U02383
2025-07-12,U02383
2025-07-17,U02383
2025-07-25,U02383
2025-07-06,U02384
2025-07-12,U02384
2025-07-25,U02384
2025-06-28,U02385
2025-06-28,U02385
2025-07-02,U02385
2025-07-09,U02385
2025-07-14,U02385
2025-07-17,U02385
2025-07-17,U02385
2025-07-21,U02385
2025-08-20,U02385
2025-06-24,U02386
2025-06-25,U02386
2025-06-26,U02386
2025-06-30,U02386
2025-06-30,U02386
2025-07-08,U02386
2025-07-12,U02386
2025-07-15,U02386
2025-07-16,U02386
2025-07-19,U02386
2025-05-23,U02387
2025-05-23,U02388
2025-05-28,U02388
2025-06-03,U02388
2025-06-07,U02388
2025-06-11,U02388
2025-06-14,U02388
2025-06-18,U02388
2025-05-21,U02389
2025-05-31,U02389
2025-06-02,U02389
2025-06-05,U02389
2025-06-06,U02389
2025-06-14,U02389
2025-06-16,U02389
2025-06-24,U02389
2025-06-28,U02389
2025-07-24,U02390
2025-07-26,U02390
2025-07-19,U02391
2025-07-21,U02391
2025-07-26,U02391
2025-07-30,U02391
2025-07-31,U02391
2025-05-17,U02392
2025-05-19,U02392
2025-05-21,U02392
2025-08-19,U02392
2025-05-17,U02393
2025-05-24,U02394
2025-05-26,U02394
2025-06-11,U02394
2025-06-07,U02395
2025-06-13,U02395
2025-06-23,U02395
2025-07-01,U02395
2025-07-04,U02395
2025-07-05,U02395
2025-07-08,U02395
2025-05-17,U02396
2025-06-05,U02397
2025-08-15,U02397
2025-07-22,U02398
2025-07-23,U02398
2025-07-24,U02398
2025-07-30,U02398
2025-06-04,U02399
2025-06-06,U02399
2025-06-20,U02399
2025-07-02,U02399
2025-07-04,U02399
2025-07-18,U02400
2025-07-24,U02400
2025-07-25,U02400
2025-07-25,U02400
2025-07-27,U02400
2025-07-28,U02400
2025-07-30,U02400
2025-07-31,U02400
2025-05-26,U02401
2025-05-21,U02402
2025-06-01,U02402
2025-06-05,U02402
2025-06-05,U02402
2025-06-08,U02402
2025-06-11,U02402
2025-06-25,U02402
2025-06-28,U02402
2025-07-07,U02403
2025-07-08,U02403
2025-07-08,U02403
2025-07-12,U02403
2025-07-16,U02403
2025-07-20,U02403
2025-07-21,U02403
2025-07-22,U02403
2025-07-22,U02403
2025-07-26,U02403
2025-06-25,U02404
2025-06-27,U02404
2025-07-05,U02404
2025-05-29,U02405
2025-06-01,U02405
2025-06-01,U02405
2025-06-04,U02405
2025-06-17,U02405
2025-06-18,U02405
2025-06-21,U02405
2025-06-29,U02405
2025-06-29,U02405
2025-07-02,U02405
2025-07-01,U02406
2025-07-03,U02406
2025-07-13,U02406
2025-07-23,U02406
2025-06-29,U02407
2025-07-01,U02407
2025-07-01,U02407
2025-07-04,U02407
2025-07-04,U02407
2025-07-07,U02407
2025-07-07,U02407
2025-07-10,U02407
2025-07-14,U02407
2025-07-20,U02407
2025-08-18,U02407
2025-07-17,U02408
2025-07-22,U02408
2025-07-23,U02408
2025-07-23,U02408
2025-07-24,U02408
2025-07-24,U02408
2025-07-26,U02408
2025-07-26,U02408
2025-07-27,U02408
2025-07-29,U02408
2025-07-15,U02409
2025-07-15,U02409
2025-07-17,U02409
2025-07-17,U02409
2025-07-18,U02409
2025-07-29,U02409
2025-06-19,U02410
2025-06-29,U02410
2025-07-09,U02410
2025-06-21,U02411
2025-06-23,U02411
2025-06-29,U02411
2025-06-30,U02411
2025-06-30,U02411
2025-07-03,U02411
2025-07-05,U02411
2025-07-16,U02411
2025-06-19,U02412
2025-06-21,U02412
2025-06-29,U02412
2025-07-14,U02412
2025-08-18,U02412
2025-05-23,U02413
2025-05-23,U02413
2025-05-26,U02413
2025-05-28,U02413
2025-05-31,U02413
2025-06-06,U02413
2025-06-13,U02413
2025-06-24,U02413
2025-06-28,U02413
2025-07-01,U02413
2025-07-20,U02414
2025-07-21,U02414
2025-07-26,U02414
2025-07-29,U02414
2025-07-31,U02414
2025-07-31,U02414
2025-08-01,U02414
2025-07-17,U02415
2025-07-23,U02415
2025-07-28,U02415
2025-07-31,U02415
2025-05-23,U02416
2025-05-27,U02416
2025-07-03,U02417
2025-07-04,U02417
2025-07-20,U02417
2025-08-21,U02417
2025-05-17,U02418
2025-06-20,U02419
2025-06-24,U02419
2025-06-27,U02419
2025-06-28,U02419
2025-07-08,U02419
2025-07-08,U02419
2025-07-12,U02419
2025-07-14,U02420
2025-07-26,U02420
2025-08-16,U02420
2025-07-11,U02421
2025-07-14,U02421
2025-07-15,U02421
2025-07-19,U02421
2025-07-25,U02421
2025-07-26,U02421
2025-07-28,U02421
2025-06-08,U02422
2025-06-17,U02422
2025-07-10,U02422
2025-05-17,U02423
2025-05-31,U02423
2025-06-07,U02423
2025-06-08,U02423
2025-05-22,U02424
2025-06-08,U02424
2025-07-14,U02425
2025-07-15,U02425
2025-07-16,U02425
2025-07-19,U02425
2025-07-20,U02425
2025-07-24,U02425
2025-07-25,U02425
2025-07-25,U02425
2025-07-26,U02425
2025-07-29,U02425
2025-07-14,U02426
2025-07-22,U02426
2025-07-25,U02426
2025-05-18,U02427
2025-06-10,U02428
2025-06-14,U02428
2025-06-18,U02428
2025-06-19,U02428
2025-07-04,U02428
2025-07-09,U02428
2025-06-06,U02429
2025-06-09,U02429
2025-06-10,U02429
2025-06-13,U02429
2025-06-13,U02429
2025-06-24,U02429
2025-06-30,U02429
2025-07-10,U02429
2025-06-06,U02430
2025-06-10,U02430
2025-06-18,U02430
2025-06-29,U02430
2025-05-24,U02431
2025-06-05,U02431
2025-07-02,U02432
2025-07-08,U02432
2025-07-17,U02432
2025-07-19,U02432
2025-06-09,U02433
2025-06-19,U02433
2025-07-03,U02433
2025-07-19,U02434
2025-07-21,U02434
2025-07-23,U02434
2025-07-24,U02434
2025-07-28,U02434
2025-07-28,U02434
2025-07-31,U02434
2025-08-16,U02434
2025-07-03,U02435
2025-07-08,U02435
2025-07-11,U02435
2025-07-17,U02435
2025-07-19,U02435
2025-07-19,U02435
2025-07-22,U02435
2025-06-19,U02436
2025-06-23,U02436
2025-06-25,U02436
2025-07-01,U02436
2025-07-03,U02436
2025-07-13,U02436
2025-05-17,U02437
2025-05-26,U02437
2025-06-01,U02437
2025-06-13,U02438
2025-06-21,U02438
2025-06-22,U02438
2025-06-23,U02438
2025-06-24,U02438
2025-06-29,U02438
2025-06-30,U02438
2025-07-02,U02438
2025-07-10,U02438
2025-06-08,U02439
2025-06-10,U02439
2025-06-21,U02439
2025-05-22,U02440
2025-05-24,U02440
2025-05-26,U02440
2025-06-04,U02440
2025-06-04,U02440
2025-06-18,U02440
2025-07-02,U02440
2025-05-17,U02441
2025-06-23,U02442
2025-06-29,U02442
2025-07-08,U02442
2025-07-11,U02442
2025-07-15,U02442
2025-07-17,U02442
2025-08-20,U02442
2025-07-04,U02443
2025-07-12,U02443
2025-07-15,U02443
2025-07-17,U02443
2025-07-18,U02443
2025-07-22,U02443
2025-07-22,U02443
2025-07-23,U02443
2025-07-12,U02444
2025-07-18,U02444
2025-07-19,U02444
2025-07-21,U02444
2025-07-22,U02444
2025-07-25,U02444
2025-08-21,U02444
2025-07-04,U02445
2025-07-20,U02445
2025-07-10,U02446
2025-07-10,U02446
2025-07-10,U02446
2025-07-14,U02446
2025-07-14,U02446
2025-07-15,U02446
2025-07-15,U02446
2025-07-22,U02446
2025-07-27,U02446
2025-06-20,U02447
2025-06-27,U02447
2025-07-08,U02447
2025-07-13,U02447
2025-07-12,U02448
2025-07-19,U02448
2025-07-27,U02448
2025-06-01,U02449
2025-06-05,U02449
2025-06-17,U02449
2025-06-18,U02449
2025-06-21,U02449
2025-07-01,U02449
2025-07-02,U02449
2025-07-07,U02449
2025-08-16,U02449
2025-05-20,U02450
2025-05-28,U02450
2025-06-08,U02450
2025-06-09,U02450
2025-06-18,U02450
2025-06-24,U02450
2025-07-22,U02451
2025-07-24,U02451
2025-08-19,U02451
2025-06-19,U02452
2025-07-03,U02452
2025-07-05,U02452
2025-07-10,U02452
2025-07-10,U02453
2025-07-10,U02453
2025-07-16,U02453
2025-07-17,U02453
2025-07-21,U02453
2025-07-23,U02453
2025-07-26,U02453
2025-06-15,U02454
2025-05-17,U02455
2025-07-14,U02456
2025-07-24,U02456
2025-05-28,U02457
2025-05-29,U02457
2025-06-01,U02457
2025-06-24,U02457
2025-06-30,U02458
2025-07-02,U02458
2025-07-05,U02458
2025-07-07,U02458
2025-07-08,U02458
2025-07-13,U02458
2025-07-15,U02458
2025-07-17,U02458
2025-07-22,U02458
2025-06-11,U02459
2025-06-14,U02459
2025-06-14,U02459
2025-06-20,U02459
2025-06-20,U02459
2025-06-22,U02459
2025-06-30,U02459
2025-07-01,U02459
2025-07-07,U02459
2025-07-09,U02459
2025-07-03,U02460
2025-07-03,U02460
2025-07-08,U02460
2025-07-14,U02460
2025-07-14,U02460
2025-07-17,U02460
2025-07-22,U02460
2025-05-31,U02461
2025-05-31,U02461
2025-06-12,U02461
2025-06-14,U02461
2025-06-23,U02461
2025-06-24,U02461
2025-06-30,U02461
2025-07-03,U02461
2025-07-07,U02461
2025-05-17,U02462
2025-06-13,U02463
2025-06-20,U02463
2025-06-23,U02463
2025-06-26,U02463
2025-07-02,U02463
2025-07-10,U02463
2025-06-22,U02464
2025-06-24,U02464
2025-06-26,U02464
2025-07-01,U02464
2025-07-06,U02464
2025-07-13,U02464
2025-05-17,U02465
2025-05-17,U02466
2025-06-25,U02467
2025-07-09,U02467
2025-05-31,U02468
2025-06-10,U02468
2025-06-22,U02468
2025-07-04,U02468
2025-07-11,U02469
2025-07-12,U02469
2025-07-19,U02469
2025-07-22,U02469
2025-07-24,U02469
2025-07-27,U02469
2025-06-24,U02470
2025-06-26,U02470
2025-06-27,U02470
2025-06-29,U02470
2025-07-06,U02470
2025-07-08,U02470
2025-07-15,U02470
2025-07-16,U02470
2025-07-19,U02470
2025-05-17,U02471
2025-05-19,U02472
2025-05-29,U02472
2025-06-23,U02473
2025-06-28,U02473
2025-07-02,U02473
2025-07-03,U02473
2025-07-04,U02473
2025-07-07,U02473
2025-07-11,U02473
2025-07-12,U02473
2025-07-14,U02473
2025-07-16,U02473
2025-07-05,U02474
2025-07-07,U02474
2025-07-08,U02474
2025-07-08,U02474
2025-07-08,U02474
2025-07-09,U02474
2025-07-12,U02474
2025-07-14,U02474
2025-07-25,U02474
2025-08-15,U02474
2025-06-10,U02475
2025-06-19,U02475
2025-06-21,U02475
2025-06-21,U02475
2025-06-22,U02475
2025-06-26,U02475
2025-07-02,U02475
2025-07-11,U02475
2025-07-03,U02476
2025-07-11,U02476
2025-07-18,U02476
2025-05-28,U02477
2025-07-11,U02478
2025-07-20,U02478
2025-07-23,U02478
2025-07-26,U02478
2025-07-27,U02478
2025-07-28,U02478
2025-07-11,U02479
2025-07-12,U02479
2025-07-13,U02479
2025-07-18,U02479
2025-07-26,U02479
2025-07-27,U02479
2025-06-14,U02480
2025-06-26,U02480
2025-06-30,U02480
2025-07-04,U02480
2025-07-05,U02480
2025-07-08,U02480
2025-07-13,U02480
2025-07-14,U02480
2025-05-29,U02481
2025-06-14,U02481
2025-07-17,U02482
2025-07-30,U02482
2025-05-28,U02483
2025-05-28,U02483
2025-06-29,U02483
2025-07-13,U02484
2025-07-16,U02484
2025-07-25,U02484
2025-05-18,U02485
2025-06-02,U02485
2025-07-23,U02486
2025-07-23,U02486
2025-07-25,U02486
2025-07-27,U02486
2025-07-30,U02486
2025-07-31,U02486
2025-08-01,U02486
2025-06-02,U02487
2025-06-07,U02487
2025-06-18,U02487
2025-06-20,U02487
2025-06-21,U02487
2025-06-24,U02487
2025-06-27,U02487
2025-06-27,U02487
2025-07-04,U02487
2025-07-08,U02487
2025-07-05,U02488
2025-07-15,U02488
2025-07-16,U02488
2025-07-18,U02488
2025-07-18,U02488
2025-07-21,U02488
2025-07-22,U02488
2025-06-19,U02489
2025-06-28,U02489
2025-07-11,U02489
2025-05-28,U02490
2025-05-31,U02490
2025-06-01,U02490
2025-06-04,U02490
2025-06-05,U02490
2025-06-17,U02490
2025-06-18,U02490
2025-06-29,U02490
2025-07-02,U02490
2025-07-26,U02491
2025-07-31,U02491
2025-08-01,U02491
2025-07-12,U02492
2025-07-14,U02492
2025-07-20,U02492
2025-07-27,U02492
2025-06-24,U02493
2025-06-26,U02493
2025-06-27,U02493
2025-07-02,U02493
2025-07-11,U02493
2025-07-16,U02493
2025-07-16,U02493
2025-07-18,U02493
2025-06-30,U02494
2025-07-05,U02494
2025-06-20,U02495
2025-06-20,U02495
2025-06-26,U02495
2025-07-02,U02495
2025-07-09,U02495
2025-05-23,U02496
2025-05-26,U02496
2025-06-25,U02496
2025-08-16,U02496
2025-05-25,U02497
2025-05-29,U02497
2025-06-01,U02497
2025-06-05,U02497
2025-06-07,U02497
2025-05-17,U02498
2025-07-03,U02499
2025-07-09,U02499
2025-07-10,U02499
2025-07-11,U02499
2025-07-13,U02499
2025-07-21,U02499
2025-07-22,U02499
2025-07-22,U02499
2025-07-24,U02499
2025-06-07,U02500
2025-06-25,U02500
2025-07-10,U02500
2025-07-16,U02501
2025-07-25,U02501
2025-07-29,U02501
2025-05-17,U02502
2025-06-10,U02503
2025-06-12,U02503
2025-06-17,U02503
2025-06-17,U02503
2025-06-20,U02503
2025-06-24,U02503
2025-06-29,U02503
2025-07-04,U02503
2025-06-25,U02504
2025-06-26,U02504
2025-07-01,U02504
2025-07-12,U02504
2025-07-13,U02504
2025-07-16,U02504
2025-07-17,U02504
2025-07-19,U02504
2025-07-20,U02504
2025-05-19,U02505
2025-05-22,U02505
2025-07-20,U02506
2025-07-20,U02506
2025-07-21,U02506
2025-07-21,U02506
2025-07-25,U02506
2025-07-27,U02506
2025-07-29,U02506
2025-07-30,U02506
2025-07-31,U02506
2025-05-19,U02507
2025-07-23,U02508
2025-07-28,U02508
2025-07-30,U02508
2025-07-10,U02509
2025-07-14,U02509
2025-07-17,U02509
2025-07-18,U02509
2025-07-27,U02509
2025-05-21,U02510
2025-05-29,U02510
2025-06-11,U02510
2025-06-12,U02510
2025-05-22,U02511
2025-05-27,U02511
2025-05-29,U02511
2025-06-03,U02511
2025-06-09,U02511
2025-08-19,U02511
2025-07-03,U02512
2025-07-04,U02512
2025-07-05,U02512
2025-07-19,U02512
2025-07-20,U02512
2025-05-23,U02513
2025-05-25,U02513
2025-05-31,U02513
2025-06-14,U02513
2025-06-20,U02513
2025-06-27,U02513
2025-07-02,U02513
2025-05-22,U02514
2025-05-23,U02514
2025-06-12,U02514
2025-06-15,U02514
2025-06-15,U02515
2025-06-19,U02515
2025-06-19,U02515
2025-06-20,U02515
2025-06-23,U02515
2025-06-30,U02515
2025-07-06,U02515
2025-07-07,U02515
2025-07-09,U02515
2025-07-15,U02515
2025-05-27,U02516
2025-05-31,U02516
2025-06-04,U02516
2025-06-15,U02516
2025-06-21,U02516
2025-06-25,U02516
2025-06-29,U02516
2025-07-01,U02516
2025-07-07,U02517
2025-07-09,U02517
2025-05-17,U02518
2025-07-25,U02519
2025-07-26,U02519
2025-07-27,U02519
2025-07-29,U02519
2025-07-29,U02519
2025-07-29,U02519
2025-07-30,U02519
2025-07-31,U02519
2025-08-01,U02519
2025-06-21,U02520
2025-07-01,U02520
2025-07-04,U02520
2025-07-12,U02520
2025-07-13,U02520
2025-07-18,U02520
2025-06-30,U02521
2025-07-08,U02521
2025-07-10,U02521
2025-07-11,U02521
2025-07-14,U02521
2025-07-15,U02521
2025-07-18,U02521
2025-06-02,U02522
2025-06-05,U02522
2025-06-11,U02522
2025-06-13,U02522
2025-06-15,U02522
2025-06-22,U02522
2025-06-25,U02522
2025-07-03,U02522
2025-07-04,U02522
2025-07-07,U02522
2025-07-05,U02523
2025-07-10,U02523
2025-07-17,U02523
2025-07-23,U02523
2025-06-20,U02524
2025-06-24,U02524
2025-06-25,U02524
2025-06-28,U02524
2025-06-29,U02524
2025-06-30,U02524
2025-07-04,U02524
2025-07-05,U02524
2025-07-15,U02524
2025-07-17,U02524
2025-07-13,U02525
2025-07-16,U02525
2025-07-20,U02525
2025-07-25,U02525
2025-07-25,U02525
2025-07-27,U02525
2025-07-29,U02525
2025-06-29,U02526
2025-07-02,U02526
2025-07-04,U02526
2025-07-08,U02526
2025-07-10,U02526
2025-07-12,U02526
2025-07-16,U02526
2025-07-17,U02526
2025-07-22,U02526
2025-07-16,U02527
2025-07-16,U02527
2025-07-16,U02527
2025-07-22,U02527
2025-07-24,U02527
2025-07-24,U02527
2025-07-24,U02527
2025-07-29,U02527
2025-07-29,U02527
2025-07-30,U02527
2025-07-03,U02528
2025-07-04,U02528
2025-07-05,U02528
2025-07-12,U02528
2025-07-14,U02528
2025-07-15,U02528
2025-07-19,U02528
2025-07-20,U02528
2025-07-24,U02528
2025-07-19,U02529
2025-07-19,U02529
2025-07-21,U02529
2025-07-31,U02529
2025-07-20,U02530
2025-07-21,U02530
2025-07-23,U02530
2025-07-24,U02530
2025-07-25,U02530
2025-07-26,U02530
2025-07-28,U02530
2025-07-29,U02530
2025-08-01,U02530
2025-07-25,U02531
2025-07-27,U02531
2025-07-27,U02531
2025-08-01,U02531
2025-06-20,U02532
2025-06-20,U02532
2025-06-20,U02532
2025-06-28,U02532
2025-06-15,U02533
2025-06-18,U02533
2025-06-24,U02533
2025-06-28,U02533
2025-06-29,U02533
2025-06-17,U02534
2025-06-17,U02534
2025-06-18,U02534
2025-06-18,U02534
2025-06-24,U02534
2025-07-02,U02534
2025-07-10,U02534
2025-07-13,U02534
2025-07-14,U02534
2025-07-13,U02535
2025-07-20,U02535
2025-07-20,U02535
2025-07-20,U02535
2025-07-22,U02535
2025-07-23,U02535
2025-07-25,U02535
2025-07-26,U02535
2025-07-29,U02535
2025-05-21,U02536
2025-05-25,U02536
2025-05-28,U02536
2025-06-07,U02536
2025-06-10,U02536
2025-06-15,U02536
2025-06-28,U02536
2025-05-17,U02537
2025-05-18,U02538
2025-05-21,U02538
2025-06-01,U02538
2025-08-20,U02538
2025-06-29,U02539
2025-07-11,U02539
2025-07-14,U02539
2025-07-20,U02539
2025-07-21,U02539
2025-07-08,U02540
2025-07-15,U02540
2025-07-16,U02540
2025-06-16,U02541
2025-06-21,U02541
2025-06-21,U02541
2025-06-21,U02541
2025-07-02,U02541
2025-07-03,U02541
2025-07-06,U02541
2025-07-13,U02541
2025-07-14,U02541
2025-07-02,U02542
2025-07-04,U02542
2025-07-06,U02542
2025-07-09,U02542
2025-07-13,U02542
2025-07-22,U02542
2025-07-23,U02542
2025-05-22,U02543
2025-05-27,U02543
2025-06-24,U02544
2025-07-14,U02544
2025-07-15,U02545
2025-07-20,U02545
2025-07-23,U02545
2025-07-28,U02545
2025-07-29,U02545
2025-07-30,U02545
2025-07-15,U02546
2025-07-17,U02546
2025-07-17,U02546
2025-07-25,U02546
2025-07-30,U02546
2025-07-01,U02547
2025-07-02,U02547
2025-07-09,U02547
2025-07-16,U02547
2025-07-21,U02547
2025-06-12,U02548
2025-06-17,U02548
2025-06-18,U02548
2025-07-09,U02548
2025-06-11,U02549
2025-06-16,U02549
2025-07-04,U02549
2025-07-05,U02549
2025-07-08,U02549
2025-07-10,U02549
2025-07-10,U02549
2025-07-12,U02549
2025-05-20,U02550
2025-05-28,U02551
2025-05-28,U02551
2025-06-22,U02551
2025-06-26,U02551
2025-07-05,U02551
2025-06-21,U02552
2025-06-23,U02552
2025-06-25,U02552
2025-07-01,U02552
2025-07-02,U02552
2025-07-02,U02552
2025-07-07,U02552
2025-07-10,U02552
2025-07-15,U02552
2025-07-18,U02552
2025-07-13,U02553
2025-07-14,U02553
2025-07-19,U02553
2025-07-24,U02553
2025-07-28,U02553
2025-06-03,U02554
2025-06-23,U02554
2025-07-03,U02554
2025-07-06,U02554
2025-07-07,U02554
2025-06-07,U02555
2025-06-14,U02555
2025-07-08,U02555
2025-08-21,U02555
2025-07-10,U02556
2025-07-19,U02556
2025-07-20,U02556
2025-07-27,U02556
2025-05-17,U02557
2025-07-14,U02558
2025-07-15,U02558
2025-07-15,U02558
2025-07-18,U02558
2025-07-19,U02558
2025-07-21,U02558
2025-07-24,U02558
2025-07-24,U02558
2025-07-26,U02558
2025-07-27,U02558
2025-07-19,U02559
2025-07-19,U02559
2025-07-20,U02559
2025-07-30,U02559
2025-07-30,U02559
2025-07-31,U02559
2025-08-01,U02559
2025-05-17,U02560
2025-06-10,U02560
2025-07-01,U02561
2025-07-07,U02561
2025-07-16,U02561
2025-07-18,U02561
2025-07-19,U02561
2025-08-17,U02561
2025-05-23,U02562
2025-05-26,U02562
2025-05-27,U02562
2025-06-07,U02562
2025-06-16,U02562
2025-06-18,U02562
2025-06-23,U02562
2025-06-25,U02562
2025-06-24,U02563
2025-07-01,U02563
2025-07-02,U02563
2025-07-07,U02563
2025-07-07,U02563
2025-07-08,U02563
2025-07-10,U02563
2025-07-13,U02563
2025-07-15,U02563
2025-07-17,U02563
2025-05-27,U02564
2025-07-01,U02565
2025-07-02,U02565
2025-07-02,U02565
2025-07-04,U02565
2025-07-09,U02565
2025-07-15,U02565
2025-07-18,U02565
2025-07-21,U02565
2025-08-17,U02565
2025-05-28,U02566
2025-05-31,U02566
2025-06-09,U02566
2025-06-17,U02566
2025-06-18,U02566
2025-06-23,U02566
2025-06-25,U02566
2025-07-04,U02566
2025-06-12,U02567
2025-06-29,U02567
2025-07-07,U02567
2025-05-17,U02568
2025-08-21,U02568
2025-05-17,U02569
2025-07-09,U02570
2025-07-10,U02570
2025-07-19,U02570
2025-07-26,U02570
2025-06-15,U02571
2025-07-09,U02572
2025-07-14,U02572
2025-07-16,U02572
2025-07-16,U02572
2025-07-18,U02572
2025-07-18,U02572
2025-07-23,U02572
2025-07-24,U02572
2025-07-07,U02573
2025-07-09,U02573
2025-07-13,U02573
2025-07-14,U02573
2025-07-15,U02573
2025-07-24,U02573
2025-07-25,U02573
2025-07-26,U02573
2025-07-08,U02574
2025-07-24,U02574
2025-06-19,U02575
2025-07-13,U02575
2025-07-01,U02576
2025-07-05,U02576
2025-07-09,U02576
2025-07-09,U02576
2025-07-13,U02576
2025-07-18,U02576
2025-07-22,U02576
2025-07-23,U02576
2025-05-29,U02577
2025-05-29,U02577
2025-06-03,U02577
2025-06-05,U02577
2025-06-11,U02577
2025-06-11,U02577
2025-06-27,U02577
2025-07-05,U02577
2025-07-01,U02578
2025-07-04,U02578
2025-07-08,U02578
2025-07-09,U02578
2025-07-09,U02578
2025-07-16,U02578
2025-07-16,U02578
2025-07-20,U02578
2025-07-23,U02578
2025-08-19,U02578
2025-07-04,U02579
2025-07-05,U02579
2025-07-07,U02579
2025-07-14,U02579
2025-07-22,U02579
2025-07-23,U02579
2025-05-23,U02580
2025-05-31,U02580
2025-06-03,U02580
2025-06-13,U02581
2025-06-28,U02581
2025-06-30,U02581
2025-07-02,U02581
2025-07-07,U02581
2025-07-10,U02581
2025-07-13,U02581
2025-07-07,U02582
2025-07-07,U02582
2025-07-12,U02582
2025-07-24,U02582
2025-07-24,U02582
2025-07-25,U02582
2025-07-12,U02583
2025-07-13,U02583
2025-07-24,U02583
2025-07-28,U02583
2025-06-19,U02584
2025-06-22,U02584
2025-06-22,U02584
2025-06-23,U02584
2025-06-27,U02584
2025-06-30,U02584
2025-07-02,U02584
2025-07-12,U02584
2025-07-14,U02584
2025-07-16,U02584
2025-06-16,U02585
2025-06-17,U02585
2025-07-02,U02585
2025-07-04,U02585
2025-07-08,U02585
2025-07-11,U02585
2025-07-11,U02585
2025-07-15,U02585
2025-05-17,U02586
2025-06-17,U02587
2025-06-19,U02587
2025-07-15,U02587
2025-07-08,U02588
2025-07-11,U02588
2025-07-13,U02588
2025-07-15,U02588
2025-07-15,U02588
2025-07-18,U02588
2025-07-20,U02588
2025-07-25,U02588
2025-05-17,U02589
2025-05-17,U02590
2025-05-17,U02591
2025-06-30,U02592
2025-07-03,U02592
2025-07-06,U02592
2025-07-07,U02592
2025-07-08,U02592
2025-07-14,U02592
2025-07-17,U02592
2025-07-20,U02592
2025-07-20,U02592
2025-07-22,U02592
2025-07-13,U02593
2025-07-14,U02593
2025-07-14,U02593
2025-07-18,U02593
2025-07-20,U02593
2025-07-20,U02593
2025-07-21,U02593
2025-07-26,U02593
2025-07-26,U02593
2025-07-27,U02593
2025-05-20,U02594
2025-05-20,U02594
2025-05-27,U02594
2025-06-19,U02594
2025-06-15,U02595
2025-06-18,U02595
2025-06-23,U02595
2025-06-24,U02595
2025-06-29,U02595
2025-07-03,U02595
2025-07-08,U02595
2025-07-10,U02595
2025-07-14,U02595
2025-05-17,U02596
2025-06-12,U02597
2025-07-09,U02598
2025-07-26,U02598
2025-06-26,U02599
2025-07-04,U02599
2025-07-06,U02599
2025-07-12,U02599
2025-07-19,U02600
2025-07-21,U02600
2025-07-27,U02600
2025-08-01,U02600
2025-06-02,U02601
2025-06-11,U02601
2025-06-18,U02601
2025-06-25,U02601
2025-07-22,U02602
2025-07-23,U02602
2025-07-31,U02602
2025-06-02,U02603
2025-06-03,U02603
2025-06-14,U02603
2025-06-15,U02603
2025-06-18,U02603
2025-07-03,U02603
2025-07-05,U02603
2025-07-07,U02603
2025-07-09,U02604
2025-07-19,U02604
2025-07-20,U02604
2025-07-26,U02604
2025-07-27,U02604
2025-07-18,U02605
2025-07-23,U02605
2025-07-23,U02605
2025-07-27,U02605
2025-07-27,U02605
2025-07-30,U02605
2025-07-02,U02606
2025-07-04,U02606
2025-07-10,U02606
2025-07-12,U02606
2025-07-12,U02606
2025-07-13,U02606
2025-07-16,U02606
2025-07-19,U02606
2025-07-23,U02606
2025-05-17,U02607
2025-05-17,U02608
2025-07-20,U02609
2025-07-20,U02609
2025-07-21,U02609
2025-07-22,U02609
2025-07-23,U02609
2025-07-27,U02609
2025-07-28,U02609
2025-07-28,U02609
2025-07-29,U02609
2025-05-17,U02610
2025-06-18,U02611
2025-07-05,U02611
2025-07-13,U02611
2025-06-24,U02612
2025-06-27,U02612
2025-07-02,U02612
2025-07-07,U02612
2025-07-13,U02612
2025-05-23,U02613
2025-05-31,U02613
2025-06-08,U02613
2025-05-22,U02614
2025-05-30,U02614
2025-06-09,U02614
2025-06-10,U02614
2025-06-21,U02614
2025-06-30,U02614
2025-07-02,U02614
2025-07-20,U02615
2025-07-23,U02615
2025-07-24,U02615
2025-07-28,U02615
2025-07-30,U02615
2025-07-31,U02615
2025-07-09,U02616
2025-07-19,U02616
2025-07-20,U02616
2025-06-06,U02617
2025-06-19,U02617
2025-07-10,U02617
2025-07-10,U02618
2025-07-10,U02618
2025-07-14,U02618
2025-07-15,U02618
2025-07-23,U02618
2025-07-25,U02618
2025-07-27,U02618
2025-05-25,U02619
2025-05-29,U02619
2025-05-17,U02620
2025-08-21,U02620
2025-05-22,U02621
2025-06-07,U02621
2025-06-16,U02621
2025-06-17,U02621
2025-06-18,U02621
2025-06-18,U02621
2025-06-22,U02621
2025-07-03,U02621
2025-06-05,U02622
2025-06-06,U02623
2025-06-07,U02623
2025-06-19,U02623
2025-06-25,U02623
2025-06-04,U02624
2025-07-08,U02625
2025-07-08,U02625
2025-07-09,U02625
2025-07-11,U02625
2025-07-12,U02625
2025-07-18,U02625
2025-07-24,U02625
2025-07-26,U02625
2025-07-01,U02626
2025-07-05,U02626
2025-07-14,U02626
2025-06-06,U02627
2025-06-20,U02627
2025-06-17,U02628
2025-06-17,U02628
2025-06-22,U02628
2025-06-27,U02628
2025-07-05,U02628
2025-07-10,U02628
2025-07-12,U02628
2025-07-15,U02628
2025-07-16,U02628
2025-06-21,U02629
2025-07-04,U02629
2025-07-08,U02629
2025-07-10,U02629
2025-07-14,U02629
2025-07-18,U02630
2025-07-29,U02630
2025-07-11,U02631
2025-07-12,U02631
2025-07-16,U02631
2025-07-18,U02631
2025-07-20,U02631
2025-07-23,U02631
2025-07-24,U02631
2025-07-28,U02631
2025-06-08,U02632
2025-06-11,U02633
2025-06-18,U02633
2025-06-27,U02633
2025-06-28,U02633
2025-06-28,U02633
2025-07-01,U02633
2025-07-01,U02633
2025-07-10,U02633
2025-07-12,U02633
2025-07-19,U02634
2025-07-25,U02634
2025-07-28,U02634
2025-05-17,U02635
2025-06-02,U02635
2025-06-08,U02635
2025-06-13,U02635
2025-06-14,U02635
2025-07-19,U02636
2025-07-20,U02636
2025-07-22,U02636
2025-07-24,U02636
2025-07-26,U02636
2025-07-27,U02636
2025-07-28,U02636
2025-07-31,U02636
2025-07-22,U02637
2025-08-01,U02637
2025-06-11,U02638
2025-06-15,U02638
2025-06-15,U02638
2025-06-28,U02638
2025-06-28,U02638
2025-07-05,U02638
2025-07-06,U02638
2025-07-08,U02638
2025-07-10,U02638
2025-07-12,U02638
2025-07-13,U02639
2025-07-14,U02639
2025-07-16,U02639
2025-07-17,U02639
2025-07-18,U02639
2025-07-21,U02639
2025-07-29,U02639
2025-06-21,U02640
2025-06-22,U02640
2025-06-29,U02640
2025-06-30,U02640
2025-07-03,U02640
2025-07-05,U02640
2025-07-09,U02640
2025-07-14,U02640
2025-07-14,U02640
2025-07-18,U02640
2025-07-20,U02641
2025-07-22,U02641
2025-07-23,U02641
2025-07-24,U02641
2025-07-25,U02641
2025-07-28,U02641
2025-07-31,U02641
2025-07-31,U02641
2025-08-01,U02641
2025-07-15,U02642
2025-07-15,U02642
2025-07-16,U02642
2025-07-17,U02642
2025-07-27,U02642
2025-07-28,U02642
2025-06-29,U02643
2025-06-29,U02643
2025-07-02,U02643
2025-07-03,U02643
2025-07-04,U02643
2025-07-04,U02643
2025-07-06,U02643
2025-07-19,U02643
2025-07-21,U02643
2025-07-12,U02644
2025-07-22,U02644
2025-07-10,U02645
2025-07-13,U02645
2025-07-16,U02645
2025-07-24,U02645
2025-07-24,U02645
2025-07-26,U02645
2025-07-15,U02646
2025-07-17,U02646
2025-07-18,U02646
2025-07-29,U02646
2025-08-19,U02646
2025-06-18,U02647
2025-08-21,U02647
2025-05-17,U02648
2025-06-23,U02648
2025-06-27,U02648
2025-06-27,U02649
2025-07-04,U02649
2025-07-05,U02649
2025-07-07,U02649
2025-07-09,U02649
2025-07-09,U02649
2025-07-18,U02649
2025-07-18,U02649
2025-07-20,U02649
2025-05-17,U02650
2025-06-05,U02651
2025-06-07,U02651
2025-06-07,U02651
2025-06-17,U02651
2025-05-17,U02652
2025-06-17,U02653
2025-07-02,U02653
2025-07-02,U02653
2025-07-15,U02653
2025-07-16,U02653
2025-08-21,U02653
2025-07-05,U02654
2025-07-12,U02654
2025-07-13,U02654
2025-05-31,U02655
2025-06-15,U02655
2025-06-25,U02655
2025-07-13,U02656
2025-07-17,U02656
2025-07-18,U02656
2025-07-21,U02656
2025-07-22,U02656
2025-07-23,U02656
2025-07-23,U02656
2025-07-24,U02656
2025-07-26,U02656
2025-07-29,U02656
2025-05-18,U02657
2025-05-24,U02657
2025-05-30,U02657
2025-06-06,U02657
2025-06-13,U02657
2025-06-22,U02657
2025-06-15,U02658
2025-06-28,U02658
2025-07-06,U02658
2025-07-12,U02658
2025-06-26,U02659
2025-07-03,U02659
2025-07-04,U02659
2025-07-14,U02659
2025-07-09,U02660
2025-07-27,U02660
2025-05-27,U02661
2025-06-14,U02661
2025-06-15,U02661
2025-05-17,U02662
2025-07-13,U02663
2025-07-17,U02663
2025-07-18,U02663
2025-07-18,U02663
2025-07-23,U02663
2025-07-24,U02663
2025-07-25,U02663
2025-07-26,U02663
2025-07-17,U02664
2025-07-20,U02664
2025-07-24,U02664
2025-07-25,U02664
2025-07-26,U02664
2025-07-26,U02664
2025-07-27,U02664
2025-07-27,U02664
2025-07-29,U02664
2025-07-20,U02665
2025-07-21,U02665
2025-07-21,U02665
2025-07-21,U02665
2025-07-28,U02665
2025-07-28,U02665
2025-07-29,U02665
2025-07-31,U02665
2025-08-01,U02665
2025-05-31,U02666
2025-06-10,U02666
2025-06-15,U02666
2025-06-21,U02666
2025-06-27,U02666
2025-07-03,U02666
2025-05-25,U02667
2025-05-22,U02668
2025-05-28,U02668
2025-06-09,U02668
2025-06-11,U02668
2025-07-09,U02669
2025-07-11,U02669
2025-07-17,U02669
2025-07-21,U02669
2025-07-27,U02669
2025-07-13,U02670
2025-07-15,U02670
2025-07-15,U02670
2025-07-17,U02670
2025-07-23,U02670
2025-05-17,U02671
2025-05-24,U02672
2025-06-01,U02672
2025-06-09,U02672
2025-06-11,U02672
2025-06-16,U02672
2025-05-19,U02673
2025-06-04,U02673
2025-06-09,U02673
2025-06-15,U02673
2025-05-17,U02674
2025-06-06,U02674
2025-05-17,U02675
2025-07-03,U02676
2025-07-16,U02676
2025-07-24,U02676
2025-07-07,U02677
2025-07-13,U02677
2025-07-15,U02677
2025-07-17,U02677
2025-07-25,U02677
2025-05-17,U02678
2025-07-19,U02679
2025-07-19,U02679
2025-07-21,U02679
2025-07-23,U02679
2025-07-24,U02679
2025-07-28,U02679
2025-08-19,U02679
2025-07-13,U02680
2025-07-27,U02680
2025-07-29,U02680
2025-07-13,U02681
2025-07-15,U02681
2025-07-16,U02681
2025-07-24,U02681
2025-07-29,U02681
2025-06-28,U02682
2025-06-28,U02682
2025-07-03,U02682
2025-07-09,U02682
2025-07-10,U02682
2025-07-14,U02682
2025-07-19,U02682
2025-05-21,U02683
2025-05-24,U02683
2025-05-29,U02683
2025-05-31,U02683
2025-06-01,U02683
2025-06-06,U02683
2025-06-17,U02683
2025-06-18,U02683
2025-08-19,U02683
2025-07-11,U02684
2025-07-26,U02684
2025-05-17,U02685
2025-05-20,U02685
2025-05-28,U02685
2025-06-02,U02685
2025-06-17,U02685
2025-06-22,U02685
2025-06-23,U02685
2025-07-03,U02686
2025-07-04,U02686
2025-07-07,U02686
2025-07-13,U02686
2025-07-13,U02686
2025-07-17,U02686
2025-07-18,U02686
2025-07-23,U02686
2025-07-23,U02686
2025-07-24,U02686
2025-06-03,U02687
2025-06-23,U02687
2025-07-02,U02687
2025-05-21,U02688
2025-06-08,U02688
2025-06-15,U02688
2025-06-20,U02688
2025-06-23,U02688
2025-06-25,U02688
2025-06-30,U02688
2025-07-02,U02688
2025-08-20,U02688
2025-06-21,U02689
2025-06-22,U02689
2025-06-26,U02689
2025-07-01,U02689
2025-07-09,U02689
2025-07-14,U02689
2025-07-17,U02689
2025-05-25,U02690
2025-05-27,U02690
2025-06-25,U02691
2025-06-29,U02691
2025-07-05,U02691
2025-07-06,U02691
2025-07-08,U02691
2025-07-10,U02691
2025-07-11,U02691
2025-07-18,U02691
2025-07-19,U02691
2025-06-12,U02692
2025-06-12,U02692
2025-06-15,U02692
2025-06-18,U02692
2025-06-20,U02692
2025-06-29,U02692
2025-07-05,U02692
2025-07-07,U02692
2025-07-08,U02692
2025-07-12,U02692
2025-05-24,U02693
2025-05-31,U02693
2025-05-31,U02693
2025-06-06,U02693
2025-06-06,U02693
2025-06-07,U02693
2025-06-14,U02693
2025-06-30,U02693
2025-07-03,U02693
2025-05-20,U02694
2025-05-29,U02694
2025-06-01,U02694
2025-06-09,U02694
2025-06-14,U02694
2025-06-14,U02694
2025-06-20,U02694
2025-06-21,U02694
2025-06-22,U02694
2025-07-22,U02695
2025-07-22,U02695
2025-07-24,U02695
2025-07-24,U02695
2025-07-26,U02695
2025-07-27,U02695
2025-07-28,U02695
2025-08-01,U02695
2025-05-17,U02696
2025-05-30,U02696
2025-06-12,U02696
2025-06-13,U02696
2025-06-13,U02696
2025-06-16,U02696
2025-06-19,U02697
2025-06-22,U02697
2025-06-23,U02697
2025-06-25,U02697
2025-06-26,U02697
2025-07-01,U02697
2025-07-01,U02697
2025-07-03,U02697
2025-07-09,U02697
2025-05-20,U02698
2025-05-28,U02698
2025-06-03,U02699
2025-06-23,U02699
2025-08-20,U02699
2025-06-05,U02700
2025-06-30,U02700
2025-07-03,U02700
2025-06-27,U02701
2025-07-16,U02701
2025-07-06,U02702
2025-07-13,U02702
2025-07-25,U02702
2025-05-24,U02703
2025-05-26,U02703
2025-05-29,U02703
2025-06-16,U02703
2025-06-16,U02703
2025-06-27,U02703
2025-05-17,U02704
2025-07-07,U02705
2025-07-13,U02705
2025-07-16,U02705
2025-07-17,U02705
2025-07-20,U02705
2025-07-22,U02705
2025-07-26,U02705
2025-05-31,U02706
2025-06-25,U02706
2025-06-30,U02706
2025-07-08,U02707
2025-07-11,U02707
2025-07-11,U02707
2025-07-12,U02707
2025-07-12,U02707
2025-07-15,U02707
2025-07-17,U02707
2025-07-20,U02707
2025-07-22,U02707
2025-07-24,U02707
2025-07-25,U02708
2025-07-28,U02708
2025-07-31,U02708
2025-05-17,U02709
2025-05-17,U02710
2025-06-04,U02711
2025-06-08,U02711
2025-07-05,U02712
2025-07-13,U02712
2025-07-15,U02712
2025-07-18,U02712
2025-07-19,U02712
2025-06-20,U02713
2025-06-28,U02713
2025-07-01,U02713
2025-07-04,U02713
2025-07-08,U02713
2025-07-12,U02713
2025-07-12,U02713
2025-07-14,U02713
2025-07-07,U02714
2025-07-10,U02714
2025-07-11,U02714
2025-07-18,U02714
2025-07-26,U02714
2025-07-18,U02715
2025-07-19,U02715
2025-07-31,U02715
2025-06-05,U02716
2025-06-05,U02716
2025-07-07,U02716
2025-05-17,U02717
2025-05-22,U02717
2025-06-25,U02717
2025-07-06,U02718
2025-07-06,U02718
2025-07-14,U02718
2025-07-14,U02718
2025-07-18,U02718
2025-07-21,U02718
2025-07-20,U02719
2025-07-24,U02719
2025-07-26,U02719
2025-07-27,U02719
2025-07-27,U02719
2025-07-28,U02719
2025-07-30,U02719
2025-07-31,U02719
2025-08-01,U02719
2025-05-19,U02720
2025-05-24,U02720
2025-05-25,U02721
2025-06-07,U02721
2025-06-27,U02722
2025-07-01,U02722
2025-07-04,U02722
2025-07-05,U02722
2025-07-14,U02722
2025-07-17,U02722
2025-07-01,U02723
2025-07-23,U02723
2025-06-23,U02724
2025-07-03,U02724
2025-05-28,U02725
2025-05-28,U02725
2025-06-05,U02725
2025-06-21,U02725
2025-07-20,U02726
2025-07-20,U02726
2025-07-22,U02726
2025-07-27,U02726
2025-07-28,U02726
2025-07-28,U02726
2025-07-29,U02726
2025-07-31,U02726
2025-07-31,U02726
2025-08-01,U02726
2025-07-04,U02727
2025-07-19,U02727
2025-06-08,U02728
2025-06-23,U02729
2025-07-05,U02729
2025-07-16,U02729
2025-07-10,U02730
2025-07-16,U02730
2025-07-24,U02730
2025-07-26,U02730
2025-07-26,U02730
2025-07-27,U02730
2025-06-05,U02731
2025-06-07,U02731
2025-06-15,U02731
2025-08-15,U02731
2025-07-17,U02732
2025-07-19,U02732
2025-07-19,U02732
2025-07-22,U02732
2025-07-27,U02732
2025-07-29,U02732
2025-07-12,U02733
2025-07-19,U02733
2025-07-20,U02733
2025-07-26,U02733
2025-07-19,U02734
2025-07-31,U02734
2025-05-17,U02735
2025-07-02,U02736
2025-07-02,U02736
2025-07-06,U02736
2025-07-09,U02736
2025-07-11,U02736
2025-07-17,U02736
2025-07-17,U02736
2025-07-18,U02736
2025-07-20,U02736
2025-07-23,U02736
2025-06-09,U02737
2025-07-04,U02737
2025-07-21,U02738
2025-07-21,U02738
2025-07-28,U02738
2025-07-28,U02738
2025-07-29,U02738
2025-07-30,U02738
2025-07-30,U02738
2025-07-30,U02738
2025-08-01,U02738
2025-07-06,U02739
2025-07-09,U02739
2025-07-19,U02739
2025-06-18,U02740
2025-06-20,U02740
2025-06-20,U02740
2025-06-25,U02740
2025-06-28,U02740
2025-07-08,U02740
2025-07-12,U02740
2025-07-13,U02740
2025-07-16,U02740
2025-06-29,U02741
2025-06-29,U02741
2025-06-30,U02741
2025-07-02,U02741
2025-07-03,U02741
2025-07-04,U02741
2025-07-06,U02741
2025-07-16,U02741
2025-07-22,U02741
2025-05-17,U02742
2025-06-14,U02743
2025-07-05,U02743
2025-07-08,U02743
2025-07-13,U02743
2025-05-24,U02744
2025-05-27,U02744
2025-05-29,U02744
2025-06-05,U02744
2025-06-07,U02744
2025-06-09,U02744
2025-06-26,U02744
2025-07-08,U02745
2025-07-13,U02745
2025-07-13,U02745
2025-07-16,U02745
2025-07-20,U02745
2025-07-21,U02745
2025-07-26,U02745
2025-05-17,U02746
2025-07-13,U02747
2025-07-15,U02747
2025-07-22,U02747
2025-07-25,U02747
2025-07-29,U02747
2025-07-12,U02748
2025-07-15,U02748
2025-07-10,U02749
2025-07-14,U02749
2025-06-22,U02750
2025-07-15,U02750
2025-05-29,U02751
2025-05-23,U02752
2025-06-26,U02753
2025-07-06,U02753
2025-07-06,U02753
2025-07-14,U02753
2025-07-15,U02753
2025-05-17,U02754
2025-05-17,U02755
2025-07-15,U02756
2025-07-17,U02756
2025-07-18,U02756
2025-07-19,U02756
2025-07-23,U02756
2025-07-23,U02756
2025-07-28,U02756
2025-07-30,U02756
2025-07-15,U02757
2025-07-17,U02757
2025-07-18,U02757
2025-07-21,U02757
2025-07-22,U02757
2025-07-22,U02757
2025-07-24,U02757
2025-07-27,U02757
2025-06-25,U02758
2025-06-29,U02758
2025-07-03,U02758
2025-07-06,U02758
2025-07-06,U02758
2025-07-07,U02758
2025-07-11,U02758
2025-07-18,U02758
2025-07-18,U02758
2025-07-19,U02758
2025-05-17,U02759
2025-06-09,U02759
2025-06-08,U02760
2025-06-10,U02760
2025-06-10,U02760
2025-06-13,U02760
2025-06-24,U02760
2025-06-25,U02760
2025-06-26,U02760
2025-07-06,U02760
2025-07-07,U02760
2025-08-20,U02760
2025-07-12,U02761
2025-07-27,U02761
2025-07-20,U02762
2025-07-24,U02762
2025-07-25,U02762
2025-07-27,U02762
2025-07-31,U02762
2025-05-19,U02763
2025-06-22,U02763
2025-08-18,U02763
2025-07-19,U02764
2025-07-19,U02764
2025-07-22,U02764
2025-07-27,U02764
2025-07-27,U02764
2025-07-29,U02764
2025-07-30,U02764
2025-07-30,U02764
2025-08-01,U02764
2025-08-15,U02764
2025-07-19,U02765
2025-07-25,U02765
2025-08-16,U02765
2025-05-26,U02766
2025-05-28,U02766
2025-06-01,U02766
2025-07-05,U02767
2025-07-06,U02767
2025-07-07,U02767
2025-07-12,U02767
2025-07-14,U02767
2025-07-16,U02767
2025-07-16,U02767
2025-07-22,U02767
2025-07-23,U02767
2025-07-25,U02767
2025-05-17,U02768
2025-06-06,U02769
2025-06-20,U02769
2025-06-26,U02769
2025-06-27,U02769
2025-06-27,U02769
2025-06-29,U02769
2025-07-04,U02769
2025-07-04,U02769
2025-07-10,U02769
2025-05-25,U02770
2025-07-04,U02770
2025-08-17,U02770
2025-07-03,U02771
2025-07-06,U02771
2025-07-09,U02771
2025-07-11,U02771
2025-07-12,U02771
2025-07-14,U02771
2025-07-18,U02771
2025-07-24,U02771
2025-07-02,U02772
2025-07-07,U02772
2025-07-13,U02772
2025-07-14,U02772
2025-07-16,U02772
2025-07-22,U02772
2025-06-20,U02773
2025-06-23,U02773
2025-06-26,U02773
2025-07-01,U02773
2025-07-01,U02773
2025-07-04,U02773
2025-07-17,U02773
2025-07-13,U02774
2025-07-16,U02774
2025-07-27,U02774
2025-07-28,U02774
2025-07-29,U02774
2025-05-28,U02775
2025-05-31,U02775
2025-05-17,U02776
2025-07-11,U02777
2025-07-12,U02777
2025-07-15,U02777
2025-07-15,U02777
2025-07-17,U02777
2025-07-19,U02777
2025-07-22,U02777
2025-07-26,U02777
2025-07-28,U02777
2025-07-03,U02778
2025-07-24,U02778
2025-06-19,U02779
2025-06-28,U02779
2025-07-03,U02779
2025-07-04,U02779
2025-05-25,U02780
2025-06-04,U02781
2025-06-17,U02781
2025-06-21,U02781
2025-06-22,U02781
2025-06-23,U02781
2025-07-28,U02782
2025-07-30,U02782
2025-07-31,U02782
2025-07-18,U02783
2025-07-18,U02783
2025-07-23,U02783
2025-07-26,U02783
2025-07-28,U02783
2025-07-30,U02783
2025-06-28,U02784
2025-07-08,U02784
2025-07-12,U02784
2025-07-16,U02784
2025-07-19,U02784
2025-07-21,U02784
2025-06-01,U02785
2025-06-19,U02786
2025-06-03,U02787
2025-06-09,U02787
2025-06-12,U02787
2025-06-13,U02787
2025-06-21,U02787
2025-06-22,U02787
2025-06-28,U02787
2025-07-03,U02787
2025-07-03,U02787
2025-07-07,U02787
2025-05-28,U02788
2025-06-17,U02788
2025-06-25,U02788
2025-07-03,U02788
2025-08-15,U02788
2025-07-14,U02789
2025-07-20,U02789
2025-07-29,U02789
2025-07-20,U02790
2025-07-22,U02790
2025-07-22,U02790
2025-07-25,U02790
2025-07-25,U02790
2025-07-29,U02790
2025-07-31,U02790
2025-06-17,U02791
2025-06-22,U02791
2025-06-26,U02791
2025-07-02,U02791
2025-07-10,U02791
2025-07-05,U02792
2025-07-10,U02792
2025-07-12,U02792
2025-07-24,U02792
2025-06-04,U02793
2025-06-06,U02793
2025-06-19,U02793
2025-07-04,U02793
2025-07-08,U02793
2025-07-03,U02794
2025-07-03,U02794
2025-07-23,U02794
2025-07-18,U02795
2025-07-18,U02795
2025-07-18,U02795
2025-07-20,U02795
2025-07-22,U02795
2025-07-22,U02795
2025-07-25,U02795
2025-07-31,U02795
2025-05-25,U02796
2025-06-21,U02797
2025-06-24,U02797
2025-06-27,U02797
2025-06-30,U02797
2025-07-05,U02797
2025-07-06,U02797
2025-07-13,U02797
2025-07-16,U02797
2025-07-17,U02797
2025-07-17,U02798
2025-07-18,U02798
2025-07-19,U02798
2025-07-22,U02798
2025-07-23,U02798
2025-07-23,U02798
2025-07-24,U02798
2025-07-27,U02798
2025-07-28,U02798
2025-07-31,U02798
2025-07-08,U02799
2025-07-10,U02799
2025-07-13,U02799
2025-07-15,U02799
2025-07-16,U02799
2025-07-21,U02799
2025-07-23,U02799
2025-05-25,U02800
2025-05-28,U02800
2025-05-28,U02800
2025-05-30,U02800
2025-06-12,U02800
2025-06-14,U02800
2025-06-22,U02800
2025-06-19,U02801
2025-06-22,U02801
2025-06-23,U02801
2025-06-25,U02801
2025-06-30,U02801
2025-07-01,U02801
2025-07-04,U02801
2025-07-10,U02801
2025-07-17,U02801
2025-07-01,U02802
2025-07-04,U02802
2025-07-11,U02802
2025-07-21,U02802
2025-05-17,U02803
2025-07-12,U02804
2025-07-14,U02804
2025-07-22,U02804
2025-07-22,U02804
2025-07-23,U02804
2025-07-28,U02804
2025-08-16,U02804
2025-06-10,U02805
2025-06-18,U02805
2025-06-18,U02805
2025-06-23,U02805
2025-06-27,U02805
2025-07-03,U02805
2025-07-04,U02805
2025-07-05,U02805
2025-07-11,U02805
2025-06-03,U02806
2025-06-06,U02806
2025-08-15,U02806
2025-07-10,U02807
2025-07-12,U02807
2025-07-13,U02807
2025-07-16,U02807
2025-07-22,U02807
2025-07-24,U02807
2025-07-25,U02807
2025-07-25,U02807
2025-07-26,U02807
2025-06-02,U02808
2025-06-03,U02808
2025-06-08,U02809
2025-06-08,U02809
2025-06-08,U02809
2025-06-13,U02809
2025-06-15,U02809
2025-06-25,U02809
2025-06-26,U02809
2025-06-29,U02809
2025-07-02,U02809
2025-07-05,U02809
2025-05-27,U02810
2025-05-30,U02810
2025-06-14,U02810
2025-06-26,U02810
2025-07-03,U02811
2025-07-05,U02811
2025-07-05,U02811
2025-07-09,U02811
2025-07-15,U02811
2025-07-22,U02811
2025-07-23,U02811
2025-07-24,U02811
2025-06-05,U02812
2025-06-08,U02812
2025-06-13,U02812
2025-06-26,U02812
2025-07-02,U02812
2025-07-03,U02812
2025-05-26,U02813
2025-05-28,U02813
2025-06-13,U02814
2025-07-03,U02815
2025-07-08,U02815
2025-07-14,U02815
2025-07-17,U02815
2025-07-18,U02815
2025-07-19,U02815
2025-07-19,U02815
2025-07-20,U02815
2025-06-16,U02816
2025-06-17,U02816
2025-06-19,U02816
2025-06-19,U02816
2025-06-28,U02816
2025-07-03,U02816
2025-07-05,U02816
2025-07-09,U02816
2025-07-13,U02816
2025-07-15,U02816
2025-05-21,U02817
2025-05-29,U02817
2025-06-12,U02817
2025-06-21,U02818
2025-06-22,U02818
2025-06-24,U02818
2025-05-24,U02819
2025-05-31,U02819
2025-06-14,U02819
2025-06-19,U02819
2025-06-19,U02819
2025-06-20,U02819
2025-06-22,U02819
2025-06-24,U02819
2025-06-27,U02819
2025-06-30,U02819
2025-06-12,U02820
2025-06-17,U02820
2025-06-21,U02820
2025-06-25,U02820
2025-06-26,U02820
2025-07-12,U02820
2025-07-17,U02821
2025-07-18,U02821
2025-05-26,U02822
2025-06-02,U02822
2025-06-05,U02822
2025-06-10,U02822
2025-06-27,U02822
2025-07-05,U02822
2025-07-19,U02823
2025-07-21,U02823
2025-07-26,U02823
2025-07-27,U02823
2025-07-29,U02823
2025-06-04,U02824
2025-06-11,U02824
2025-06-29,U02824
2025-08-18,U02824
2025-06-29,U02825
2025-07-04,U02825
2025-07-04,U02825
2025-07-05,U02825
2025-07-09,U02825
2025-07-14,U02825
2025-07-15,U02825
2025-07-22,U02825
2025-05-27,U02826
2025-05-30,U02826
2025-05-31,U02826
2025-06-11,U02826
2025-06-13,U02826
2025-06-22,U02826
2025-06-24,U02826
2025-06-27,U02826
2025-06-30,U02826
2025-08-21,U02826
2025-05-23,U02827
2025-05-24,U02827
2025-05-25,U02827
2025-05-30,U02827
2025-06-02,U02827
2025-06-05,U02827
2025-06-08,U02827
2025-06-10,U02827
2025-07-02,U02828
2025-07-17,U02828
2025-07-18,U02828
2025-06-28,U02829
2025-06-30,U02829
2025-07-07,U02829
2025-07-08,U02829
2025-07-08,U02829
2025-07-13,U02829
2025-07-20,U02829
2025-05-17,U02830
2025-05-21,U02830
2025-05-21,U02830
2025-05-27,U02830
2025-06-07,U02830
2025-07-20,U02831
2025-07-22,U02831
2025-07-23,U02831
2025-07-24,U02831
2025-07-28,U02831
2025-07-31,U02831
2025-08-01,U02831
2025-08-21,U02831
2025-05-21,U02832
2025-06-07,U02832
2025-07-15,U02833
2025-07-16,U02833
2025-07-17,U02833
2025-07-19,U02833
2025-07-21,U02833
2025-07-24,U02833
2025-07-24,U02833
2025-07-30,U02833
2025-07-08,U02834
2025-07-08,U02834
2025-07-10,U02834
2025-07-11,U02834
2025-07-18,U02834
2025-07-20,U02834
2025-07-26,U02834
2025-07-17,U02835
2025-07-17,U02835
2025-07-19,U02835
2025-07-19,U02835
2025-07-21,U02835
2025-07-29,U02835
2025-07-30,U02835
2025-07-30,U02835
2025-07-30,U02835
2025-07-31,U02835
2025-06-05,U02836
2025-06-05,U02836
2025-06-12,U02836
2025-07-05,U02836
2025-07-07,U02836
2025-07-10,U02836
2025-06-25,U02837
2025-06-28,U02837
2025-06-29,U02837
2025-07-04,U02837
2025-07-12,U02837
2025-07-15,U02837
2025-07-20,U02837
2025-07-01,U02838
2025-07-06,U02838
2025-07-08,U02838
2025-07-11,U02838
2025-07-14,U02838
2025-07-18,U02838
2025-07-18,U02838
2025-07-22,U02838
2025-07-23,U02838
2025-06-19,U02839
2025-06-30,U02839
2025-07-02,U02839
2025-07-03,U02839
2025-07-07,U02839
2025-07-08,U02839
2025-07-09,U02839
2025-07-16,U02839
2025-07-19,U02840
2025-07-24,U02840
2025-07-25,U02840
2025-07-25,U02840
2025-07-28,U02840
2025-07-28,U02840
2025-07-30,U02840
2025-07-31,U02840
2025-08-01,U02840
2025-05-17,U02841
2025-07-17,U02842
2025-07-18,U02842
2025-07-23,U02842
2025-07-28,U02842
2025-07-28,U02842
2025-07-29,U02842
2025-07-31,U02842
2025-05-19,U02843
2025-05-24,U02843
2025-06-02,U02843
2025-06-20,U02843
2025-05-23,U02844
2025-06-08,U02844
2025-06-17,U02844
2025-06-01,U02845
2025-07-01,U02845
2025-07-05,U02845
2025-06-15,U02846
2025-06-20,U02846
2025-06-23,U02846
2025-06-29,U02846
2025-07-02,U02846
2025-07-06,U02846
2025-07-08,U02846
2025-07-12,U02846
2025-07-13,U02847
2025-07-15,U02847
2025-07-15,U02847
2025-07-18,U02847
2025-07-24,U02847
2025-07-24,U02847
2025-07-27,U02847
2025-06-29,U02848
2025-07-09,U02848
2025-07-14,U02848
2025-07-20,U02848
2025-07-21,U02848
2025-07-04,U02849
2025-07-15,U02849
2025-07-22,U02849
2025-07-14,U02850
2025-07-19,U02850
2025-07-20,U02850
2025-07-20,U02850
2025-07-21,U02850
2025-07-22,U02850
2025-07-23,U02850
2025-07-26,U02850
2025-07-28,U02850
2025-07-29,U02850
2025-05-20,U02851
2025-05-20,U02851
2025-05-22,U02851
2025-05-24,U02851
2025-05-26,U02851
2025-06-13,U02851
2025-06-15,U02851
2025-06-24,U02851
2025-06-27,U02851
2025-07-01,U02851
2025-08-20,U02851
2025-05-19,U02852
2025-06-04,U02852
2025-06-11,U02852
2025-06-11,U02852
2025-06-12,U02852
2025-06-18,U02852
2025-05-17,U02853
2025-06-08,U02854
2025-05-20,U02855
2025-05-30,U02855
2025-06-03,U02855
2025-06-05,U02855
2025-06-21,U02855
2025-06-14,U02856
2025-06-23,U02856
2025-07-01,U02856
2025-06-10,U02857
2025-06-17,U02857
2025-06-26,U02857
2025-06-28,U02857
2025-06-29,U02857
2025-07-05,U02857
2025-07-07,U02857
2025-07-10,U02857
2025-07-12,U02857
2025-05-30,U02858
2025-06-08,U02858
2025-06-18,U02858
2025-06-30,U02858
2025-07-01,U02858
2025-07-01,U02858
2025-07-03,U02858
2025-07-07,U02858
2025-07-02,U02859
2025-07-05,U02859
2025-07-13,U02859
2025-07-14,U02859
2025-07-14,U02859
2025-07-18,U02859
2025-05-17,U02860
2025-05-17,U02861
2025-06-01,U02862
2025-06-10,U02862
2025-06-20,U02862
2025-06-29,U02862
2025-06-30,U02862
2025-07-07,U02862
2025-07-09,U02863
2025-07-09,U02863
2025-07-14,U02863
2025-07-18,U02863
2025-07-18,U02863
2025-07-20,U02863
2025-07-25,U02863
2025-07-26,U02863
2025-07-27,U02863
2025-05-20,U02864
2025-06-30,U02865
2025-07-01,U02865
2025-07-06,U02865
2025-07-08,U02865
2025-07-10,U02865
2025-07-15,U02865
2025-07-19,U02865
2025-07-20,U02865
2025-07-22,U02865
2025-05-24,U02866
2025-06-09,U02866
2025-06-12,U02866
2025-06-13,U02866
2025-06-29,U02866
2025-05-17,U02867
2025-06-29,U02868
2025-07-12,U02868
2025-06-05,U02869
2025-06-08,U02869
2025-06-24,U02869
2025-06-27,U02869
2025-07-07,U02869
2025-08-17,U02869
2025-07-06,U02870
2025-07-13,U02870
2025-07-23,U02870
2025-06-06,U02871
2025-06-24,U02871
2025-07-04,U02871
2025-07-07,U02871
2025-06-01,U02872
2025-06-21,U02872
2025-06-30,U02872
2025-07-03,U02872
2025-05-17,U02873
2025-06-19,U02874
2025-06-26,U02874
2025-06-26,U02874
2025-07-07,U02874
2025-07-07,U02874
2025-07-10,U02874
2025-07-14,U02874
2025-07-14,U02874
2025-07-17,U02874
2025-05-24,U02875
2025-06-17,U02875
2025-06-22,U02875
2025-06-22,U02875
2025-06-26,U02875
2025-07-03,U02875
2025-07-04,U02875
2025-06-14,U02876
2025-06-21,U02876
2025-06-25,U02876
2025-07-02,U02876
2025-07-05,U02876
2025-07-07,U02876
2025-07-07,U02876
2025-07-10,U02876
2025-07-12,U02876
2025-05-28,U02877
2025-06-03,U02877
2025-06-12,U02877
2025-06-19,U02877
2025-06-25,U02877
2025-07-21,U02878
2025-07-22,U02878
2025-07-24,U02878
2025-07-25,U02878
2025-07-26,U02878
2025-07-29,U02878
2025-07-01,U02879
2025-07-03,U02879
2025-07-07,U02879
2025-07-19,U02879
2025-07-19,U02879
2025-07-22,U02879
2025-07-17,U02880
2025-07-18,U02880
2025-07-27,U02880
2025-07-29,U02880
2025-07-30,U02880
2025-07-31,U02880
2025-07-16,U02881
2025-07-22,U02881
2025-06-26,U02882
2025-06-27,U02882
2025-07-02,U02882
2025-07-09,U02882
2025-07-09,U02882
2025-07-20,U02882
2025-06-21,U02883
2025-06-29,U02883
2025-07-02,U02883
2025-07-04,U02883
2025-07-07,U02883
2025-07-07,U02883
2025-07-08,U02883
2025-07-11,U02883
2025-07-13,U02883
2025-06-02,U02884
2025-05-17,U02885
2025-05-18,U02885
2025-05-17,U02886
2025-07-16,U02887
2025-07-17,U02887
2025-07-17,U02887
2025-07-23,U02887
2025-07-27,U02887
2025-07-28,U02887
2025-07-29,U02887
2025-07-30,U02887
2025-05-18,U02888
2025-05-18,U02888
2025-05-24,U02888
2025-06-10,U02888
2025-06-28,U02888
2025-07-07,U02889
2025-07-17,U02889
2025-07-26,U02889
2025-06-10,U02890
2025-06-13,U02890
2025-06-16,U02890
2025-06-19,U02890
2025-07-16,U02891
2025-07-22,U02891
2025-07-15,U02892
2025-07-16,U02892
2025-07-20,U02892
2025-07-22,U02892
2025-07-22,U02892
2025-07-26,U02892
2025-07-29,U02892
2025-07-29,U02892
2025-07-30,U02892
2025-06-21,U02893
2025-06-22,U02893
2025-07-05,U02893
2025-07-06,U02893
2025-07-07,U02893
2025-07-10,U02893
2025-07-15,U02893
2025-05-31,U02894
2025-06-09,U02894
2025-06-22,U02894
2025-07-05,U02894
2025-07-06,U02894
2025-06-07,U02895
2025-06-29,U02896
2025-07-13,U02896
2025-07-14,U02896
2025-07-15,U02896
2025-07-22,U02896
2025-06-19,U02897
2025-07-01,U02897
2025-07-02,U02897
2025-07-06,U02897
2025-07-09,U02897
2025-07-13,U02897
2025-07-15,U02897
2025-08-20,U02897
2025-07-02,U02898
2025-07-08,U02898
2025-07-09,U02898
2025-07-12,U02898
2025-07-12,U02898
2025-07-15,U02898
2025-07-16,U02898
2025-07-22,U02898
2025-07-06,U02899
2025-07-21,U02899
2025-05-31,U02900
2025-06-05,U02900
2025-06-09,U02900
2025-06-15,U02900
2025-06-21,U02900
2025-06-22,U02900
2025-07-05,U02900
2025-05-18,U02901
2025-05-28,U02902
2025-06-01,U02902
2025-06-19,U02902
2025-06-22,U02902
2025-06-08,U02903
2025-06-16,U02903
2025-06-11,U02904
2025-05-23,U02905
2025-05-31,U02905
2025-06-02,U02905
2025-06-03,U02905
2025-06-10,U02905
2025-06-20,U02905
2025-06-29,U02905
2025-07-02,U02905
2025-07-09,U02906
2025-07-13,U02906
2025-07-22,U02906
2025-07-26,U02906
2025-05-20,U02907
2025-06-07,U02908
2025-06-10,U02908
2025-06-29,U02908
2025-07-11,U02908
2025-05-18,U02909
2025-05-28,U02909
2025-06-01,U02909
2025-06-02,U02909
2025-06-13,U02909
2025-06-21,U02909
2025-06-25,U02909
2025-05-17,U02910
2025-06-18,U02911
2025-06-21,U02911
2025-06-25,U02911
2025-06-25,U02911
2025-06-30,U02911
2025-07-12,U02911
2025-07-11,U02912
2025-07-13,U02912
2025-07-13,U02912
2025-07-14,U02912
2025-07-15,U02912
2025-07-16,U02912
2025-07-24,U02912
2025-07-24,U02912
2025-07-26,U02912
2025-06-18,U02913
2025-06-24,U02913
2025-06-24,U02913
2025-07-13,U02913
2025-05-31,U02914
2025-06-06,U02914
2025-06-07,U02914
2025-06-10,U02914
2025-06-13,U02914
2025-06-16,U02914
2025-06-21,U02914
2025-06-26,U02914
2025-07-07,U02915
2025-07-09,U02915
2025-07-10,U02915
2025-07-11,U02915
2025-07-13,U02915
2025-07-21,U02915
2025-07-21,U02915
2025-07-21,U02915
2025-07-21,U02915
2025-07-25,U02915
2025-07-09,U02916
2025-07-27,U02916
2025-06-20,U02917
2025-07-09,U02917
2025-07-12,U02917
2025-06-05,U02918
2025-06-11,U02918
2025-06-11,U02918
2025-06-22,U02918
2025-06-22,U02918
2025-06-23,U02918
2025-06-26,U02918
2025-07-08,U02918
2025-05-17,U02919
2025-05-27,U02920
2025-05-28,U02920
2025-06-03,U02920
2025-06-03,U02920
2025-06-12,U02920
2025-07-19,U02921
2025-07-20,U02921
2025-07-21,U02921
2025-07-22,U02921
2025-07-25,U02921
2025-07-26,U02921
2025-07-27,U02921
2025-07-28,U02921
2025-07-30,U02921
2025-08-01,U02921
2025-06-07,U02922
2025-06-11,U02922
2025-06-12,U02922
2025-06-22,U02922
2025-06-22,U02922
2025-06-23,U02922
2025-07-07,U02922
2025-05-19,U02923
2025-06-30,U02923
2025-06-19,U02924
2025-06-19,U02924
2025-06-21,U02924
2025-07-03,U02924
2025-07-05,U02924
2025-07-05,U02924
2025-07-17,U02924
2025-05-23,U02925
2025-05-25,U02925
2025-06-06,U02925
2025-06-14,U02925
2025-06-19,U02925
2025-06-30,U02925
2025-07-13,U02926
2025-07-15,U02926
2025-07-16,U02926
2025-07-21,U02926
2025-07-23,U02926
2025-07-25,U02926
2025-07-27,U02926
2025-07-29,U02926
2025-07-17,U02927
2025-07-19,U02927
2025-07-31,U02927
2025-08-15,U02927
2025-05-27,U02928
2025-06-05,U02928
2025-06-13,U02928
2025-06-14,U02928
2025-06-19,U02928
2025-06-22,U02928
2025-08-17,U02928
2025-06-28,U02929
2025-07-03,U02929
2025-07-06,U02929
2025-06-11,U02930
2025-06-17,U02930
2025-06-22,U02930
2025-06-23,U02930
2025-06-24,U02930
2025-07-05,U02930
2025-07-06,U02930
2025-07-10,U02930
2025-07-11,U02930
2025-07-13,U02930
2025-05-30,U02931
2025-06-03,U02931
2025-06-11,U02931
2025-06-17,U02931
2025-06-19,U02931
2025-07-09,U02932
2025-07-11,U02932
2025-07-13,U02932
2025-07-26,U02932
2025-06-24,U02933
2025-06-24,U02933
2025-06-26,U02933
2025-07-03,U02933
2025-07-12,U02933
2025-07-17,U02933
2025-06-18,U02934
2025-07-11,U02934
2025-05-21,U02935
2025-05-23,U02935
2025-05-25,U02935
2025-06-12,U02935
2025-06-21,U02935
2025-06-25,U02935
2025-07-13,U02936
2025-07-15,U02936
2025-07-26,U02936
2025-07-11,U02937
2025-07-23,U02937
2025-06-05,U02938
2025-06-21,U02938
2025-07-05,U02938
2025-08-20,U02938
2025-05-29,U02939
2025-06-10,U02939
2025-06-13,U02939
2025-06-29,U02939
2025-07-01,U02939
2025-07-06,U02939
2025-07-20,U02940
2025-07-20,U02940
2025-07-24,U02940
2025-07-25,U02940
2025-07-27,U02940
2025-07-27,U02940
2025-08-01,U02940
2025-07-12,U02941
2025-07-14,U02941
2025-07-21,U02941
2025-07-22,U02941
2025-07-22,U02941
2025-07-24,U02941
2025-07-26,U02941
2025-07-28,U02941
2025-07-20,U02942
2025-07-20,U02942
2025-07-24,U02942
2025-07-28,U02942
2025-07-31,U02942
2025-08-01,U02942
2025-05-17,U02943
2025-05-22,U02944
2025-05-29,U02944
2025-06-27,U02944
2025-07-17,U02945
2025-07-21,U02945
2025-07-22,U02945
2025-07-30,U02945
2025-06-13,U02946
2025-06-20,U02946
2025-06-27,U02946
2025-06-07,U02947
2025-06-30,U02947
2025-06-15,U02948
2025-06-25,U02948
2025-06-27,U02948
2025-06-27,U02948
2025-07-05,U02948
2025-07-10,U02948
2025-07-10,U02948
2025-07-15,U02948
2025-05-18,U02949
2025-05-25,U02949
2025-06-12,U02949
2025-06-16,U02949
2025-06-18,U02949
2025-06-27,U02949
2025-06-13,U02950
2025-05-31,U02951
2025-06-06,U02951
2025-06-07,U02951
2025-06-07,U02951
2025-06-13,U02951
2025-05-17,U02952
2025-06-03,U02953
2025-07-01,U02954
2025-07-02,U02954
2025-07-03,U02954
2025-07-07,U02954
2025-07-08,U02954
2025-07-08,U02954
2025-07-22,U02954
2025-07-23,U02954
2025-05-26,U02955
2025-06-10,U02955
2025-08-21,U02955
2025-05-23,U02956
2025-05-28,U02956
2025-06-06,U02956
2025-06-17,U02956
2025-06-18,U02956
2025-06-19,U02956
2025-06-21,U02956
2025-06-24,U02956
2025-06-24,U02956
2025-06-30,U02956
2025-05-17,U02957
2025-07-02,U02958
2025-07-03,U02958
2025-07-05,U02958
2025-07-10,U02958
2025-07-13,U02958
2025-07-17,U02958
2025-07-23,U02958
2025-06-20,U02959
2025-06-29,U02959
2025-06-23,U02960
2025-06-24,U02960
2025-07-06,U02960
2025-07-07,U02960
2025-07-08,U02960
2025-07-11,U02960
2025-07-14,U02960
2025-06-14,U02961
2025-06-19,U02961
2025-07-05,U02961
2025-07-08,U02961
2025-07-09,U02961
2025-07-14,U02961
2025-05-25,U02962
2025-06-08,U02962
2025-06-11,U02962
2025-06-18,U02962
2025-06-23,U02963
2025-06-30,U02963
2025-07-01,U02963
2025-07-13,U02963
2025-07-22,U02964
2025-07-22,U02964
2025-07-30,U02964
2025-05-17,U02965
2025-06-06,U02966
2025-07-06,U02967
2025-07-08,U02967
2025-07-10,U02967
2025-07-11,U02967
2025-07-13,U02967
2025-07-15,U02967
2025-07-18,U02967
2025-07-20,U02967
2025-07-22,U02967
2025-07-25,U02967
2025-05-22,U02968
2025-05-27,U02968
2025-06-04,U02968
2025-06-06,U02968
2025-06-09,U02968
2025-06-12,U02968
2025-06-22,U02968
2025-05-18,U02969
2025-05-22,U02969
2025-05-26,U02969
2025-06-28,U02969
2025-07-01,U02969
2025-06-13,U02970
2025-06-26,U02970
2025-06-29,U02970
2025-06-30,U02970
2025-07-05,U02970
2025-07-05,U02970
2025-07-11,U02970
2025-07-11,U02970
2025-07-13,U02970
2025-06-23,U02971
2025-07-14,U02971
2025-06-06,U02972
2025-06-12,U02972
2025-07-09,U02972
2025-07-02,U02973
2025-07-14,U02973
2025-07-18,U02973
2025-07-19,U02973
2025-07-22,U02973
2025-06-26,U02974
2025-06-27,U02974
2025-07-03,U02974
2025-07-12,U02974
2025-07-16,U02974
2025-07-20,U02975
2025-07-21,U02975
2025-07-21,U02975
2025-07-22,U02975
2025-07-23,U02975
2025-07-23,U02975
2025-07-25,U02975
2025-07-26,U02975
2025-08-01,U02975
2025-05-29,U02976
2025-06-17,U02976
2025-08-19,U02976
2025-06-06,U02977
2025-06-10,U02977
2025-06-20,U02977
2025-07-09,U02977
2025-06-15,U02978
2025-06-16,U02978
2025-06-21,U02978
2025-07-13,U02979
2025-07-14,U02979
2025-07-20,U02979
2025-07-28,U02979
2025-07-12,U02980
2025-07-12,U02980
2025-07-13,U02980
2025-07-17,U02980
2025-07-17,U02980
2025-07-19,U02980
2025-07-22,U02980
2025-07-25,U02980
2025-07-26,U02980
2025-07-27,U02980
2025-07-20,U02981
2025-07-23,U02981
2025-07-30,U02981
2025-07-17,U02982
2025-07-21,U02982
2025-07-25,U02982
2025-07-25,U02982
2025-07-28,U02982
2025-07-30,U02982
2025-05-18,U02983
2025-07-21,U02984
2025-07-22,U02984
2025-07-22,U02984
2025-07-28,U02984
2025-07-28,U02984
2025-07-28,U02984
2025-07-30,U02984
2025-07-30,U02984
2025-08-01,U02984
2025-07-23,U02985
2025-07-27,U02985
2025-07-28,U02985
2025-05-17,U02986
2025-05-17,U02987
2025-07-22,U02988
2025-07-23,U02988
2025-07-24,U02988
2025-07-28,U02988
2025-07-30,U02988
2025-07-31,U02988
2025-07-31,U02988
2025-08-01,U02988
2025-07-08,U02989
2025-07-10,U02989
2025-07-11,U02989
2025-07-11,U02989
2025-07-14,U02989
2025-07-15,U02989
2025-07-18,U02989
2025-07-23,U02989
2025-07-24,U02989
2025-06-22,U02990
2025-07-09,U02991
2025-07-10,U02991
2025-07-12,U02991
2025-07-20,U02991
2025-07-21,U02991
2025-07-21,U02991
2025-07-25,U02991
2025-07-26,U02991
2025-07-27,U02991
2025-05-18,U02992
2025-05-28,U02993
2025-06-10,U02994
2025-06-10,U02994
2025-06-11,U02994
2025-07-04,U02994
2025-06-20,U02995
2025-06-25,U02995
2025-06-27,U02995
2025-06-29,U02995
2025-07-14,U02995
2025-08-16,U02995
2025-07-13,U02996
2025-07-17,U02996
2025-07-21,U02996
2025-07-25,U02996
2025-07-26,U02996
2025-07-26,U02996
2025-07-27,U02996
2025-07-29,U02996
2025-07-06,U02997
2025-07-17,U02997
2025-07-19,U02997
2025-07-20,U02997
2025-05-27,U02998
2025-07-05,U02998
2025-05-25,U02999
2025-06-01,U02999
2025-06-16,U02999
2025-06-18,U02999
2025-06-23,U02999
2025-07-11,U03000
2025-07-14,U03000
2025-07-19,U03000
2025-07-20,U03000
2025-07-25,U03000
2025-07-28,U03000
2025-06-20,U03001
2025-07-01,U03001
2025-07-01,U03001
2025-07-03,U03001
2025-07-04,U03001
2025-07-12,U03001
2025-07-14,U03001
2025-07-04,U03002
2025-07-06,U03002
2025-07-23,U03002
2025-05-29,U03003
2025-05-25,U03004
2025-06-03,U03004
2025-06-06,U03004
2025-06-10,U03004
2025-06-23,U03004
2025-07-01,U03004
2025-08-20,U03004
2025-06-17,U03005
2025-06-19,U03005
2025-06-20,U03005
2025-06-22,U03005
2025-07-02,U03005
2025-07-04,U03005
2025-07-05,U03005
2025-07-08,U03005
2025-07-13,U03005
2025-07-16,U03005
2025-07-05,U03006
2025-07-09,U03006
2025-07-11,U03006
2025-07-11,U03006
2025-07-12,U03006
2025-07-12,U03006
2025-07-20,U03006
2025-07-25,U03006
2025-05-19,U03007
2025-06-04,U03007
2025-05-23,U03008
2025-05-25,U03008
2025-05-28,U03008
2025-06-05,U03008
2025-06-15,U03008
2025-06-25,U03008
2025-06-27,U03008
2025-06-29,U03008
2025-07-01,U03008
2025-07-20,U03009
2025-07-24,U03009
2025-07-24,U03009
2025-07-26,U03009
2025-07-31,U03009
2025-08-01,U03009
2025-05-24,U03010
2025-06-09,U03010
2025-06-10,U03010
2025-06-06,U03011
2025-07-05,U03011
2025-06-10,U03012
2025-06-16,U03012
2025-06-29,U03012
2025-06-08,U03013
2025-06-29,U03013
2025-07-14,U03014
2025-07-14,U03014
2025-07-19,U03014
2025-07-25,U03014
2025-07-27,U03014
2025-07-29,U03014
2025-06-07,U03015
2025-06-18,U03015
2025-06-27,U03015
2025-06-29,U03015
2025-07-01,U03015
2025-07-05,U03015
2025-05-25,U03016
2025-05-26,U03016
2025-05-27,U03016
2025-06-04,U03016
2025-06-10,U03016
2025-06-16,U03016
2025-06-18,U03016
2025-06-25,U03017
2025-06-25,U03017
2025-07-04,U03017
2025-07-07,U03017
2025-07-18,U03017
2025-06-22,U03018
2025-06-25,U03018
2025-06-25,U03018
2025-06-29,U03018
2025-07-01,U03018
2025-07-02,U03018
2025-07-03,U03018
2025-07-07,U03018
2025-07-08,U03018
2025-05-22,U03019
2025-05-27,U03019
2025-05-31,U03019
2025-06-25,U03019
2025-06-26,U03019
2025-06-06,U03020
2025-07-07,U03020
2025-06-03,U03021
2025-06-18,U03022
2025-06-19,U03022
2025-06-20,U03022
2025-06-28,U03022
2025-06-30,U03022
2025-06-30,U03022
2025-07-12,U03022
2025-07-15,U03022
2025-07-16,U03022
2025-07-04,U03023
2025-07-05,U03023
2025-07-13,U03023
2025-07-15,U03023
2025-07-22,U03023
2025-07-24,U03023
2025-06-24,U03024
2025-06-09,U03025
2025-07-06,U03025
2025-05-21,U03026
2025-06-29,U03026
2025-06-28,U03027
2025-06-29,U03027
2025-07-10,U03027
2025-07-16,U03027
2025-07-18,U03027
2025-06-01,U03028
2025-05-20,U03029
2025-05-22,U03029
2025-05-22,U03029
2025-06-07,U03029
2025-06-15,U03029
2025-06-18,U03029
2025-06-23,U03029
2025-07-04,U03030
2025-07-05,U03030
2025-07-10,U03030
2025-07-15,U03030
2025-07-17,U03030
2025-07-20,U03031
2025-07-26,U03031
2025-07-27,U03031
2025-07-31,U03031
2025-08-01,U03031
2025-06-07,U03032
2025-06-07,U03032
2025-06-08,U03032
2025-06-27,U03032
2025-07-05,U03032
2025-07-09,U03032
2025-07-09,U03033
2025-07-09,U03033
2025-07-13,U03033
2025-07-17,U03033
2025-07-18,U03033
2025-07-23,U03033
2025-07-24,U03033
2025-07-27,U03033
2025-05-31,U03034
2025-06-07,U03034
2025-06-09,U03034
2025-06-15,U03034
2025-06-21,U03034
2025-07-01,U03034
2025-07-20,U03035
2025-07-25,U03035
2025-07-26,U03035
2025-06-25,U03036
2025-06-27,U03036
2025-06-27,U03036
2025-06-30,U03036
2025-07-09,U03036
2025-07-13,U03036
2025-07-15,U03036
2025-07-18,U03036
2025-07-19,U03036
2025-07-20,U03036
2025-07-08,U03037
2025-07-15,U03037
2025-07-18,U03037
2025-06-21,U03038
2025-06-28,U03038
2025-07-04,U03038
2025-07-13,U03038
2025-06-08,U03039
2025-06-09,U03039
2025-06-20,U03039
2025-06-23,U03039
2025-06-29,U03039
2025-07-09,U03039
2025-07-01,U03040
2025-07-08,U03040
2025-07-09,U03040
2025-07-09,U03040
2025-07-13,U03040
2025-07-14,U03040
2025-07-22,U03040
2025-07-23,U03040
2025-05-17,U03041
2025-07-19,U03042
2025-07-23,U03042
2025-08-01,U03042
2025-05-22,U03043
2025-06-08,U03043
2025-06-10,U03043
2025-06-10,U03043
2025-06-18,U03043
2025-05-26,U03044
2025-06-05,U03044
2025-06-23,U03044
2025-07-01,U03045
2025-07-06,U03045
2025-07-20,U03045
2025-08-21,U03045
2025-06-19,U03046
2025-06-22,U03046
2025-07-02,U03046
2025-07-13,U03046
2025-07-15,U03046
2025-07-16,U03046
2025-07-17,U03046
2025-06-17,U03047
2025-06-17,U03047
2025-06-25,U03047
2025-06-25,U03047
2025-06-25,U03047
2025-06-27,U03047
2025-06-29,U03047
2025-06-30,U03047
2025-07-14,U03047
2025-07-16,U03047
2025-05-23,U03048
2025-06-04,U03048
2025-06-17,U03048
2025-06-19,U03048
2025-06-28,U03048
2025-06-03,U03049
2025-06-26,U03049
2025-07-09,U03049
2025-08-17,U03049
2025-06-03,U03050
2025-06-07,U03050
2025-06-26,U03050
2025-07-02,U03050
2025-05-29,U03051
2025-06-13,U03051
2025-06-14,U03051
2025-06-29,U03051
2025-07-02,U03051
2025-07-17,U03052
2025-07-20,U03052
2025-07-26,U03052
2025-07-27,U03052
2025-07-29,U03052
2025-07-30,U03052
2025-06-17,U03053
2025-06-24,U03053
2025-07-01,U03053
2025-07-03,U03053
2025-07-03,U03053
2025-07-13,U03053
2025-07-16,U03053
2025-07-18,U03054
2025-07-21,U03054
2025-07-23,U03054
2025-07-24,U03054
2025-07-27,U03054
2025-07-29,U03054
2025-07-29,U03054
2025-07-31,U03054
2025-07-07,U03055
2025-07-07,U03055
2025-07-13,U03055
2025-07-13,U03055
2025-07-18,U03055
2025-07-26,U03055
2025-05-26,U03056
2025-06-12,U03056
2025-06-12,U03056
2025-06-17,U03056
2025-06-20,U03056
2025-06-20,U03056
2025-06-23,U03056
2025-05-18,U03057
2025-05-21,U03057
2025-05-27,U03057
2025-06-10,U03057
2025-07-17,U03058
2025-07-18,U03058
2025-07-19,U03058
2025-07-21,U03058
2025-07-22,U03058
2025-07-23,U03058
2025-07-26,U03058
2025-07-27,U03058
2025-07-29,U03058
2025-07-30,U03058
2025-07-05,U03059
2025-07-15,U03059
2025-07-16,U03059
2025-07-16,U03059
2025-07-20,U03059
2025-07-24,U03059
2025-05-20,U03060
2025-05-25,U03060
2025-06-20,U03060
2025-06-27,U03060
2025-06-28,U03060
2025-06-19,U03061
2025-07-08,U03061
2025-07-12,U03062
2025-07-14,U03062
2025-07-16,U03062
2025-05-17,U03063
2025-05-19,U03064
2025-05-30,U03064
2025-06-03,U03064
2025-06-04,U03064
2025-06-10,U03064
2025-06-14,U03064
2025-06-20,U03064
2025-06-21,U03064
2025-06-26,U03064
2025-06-28,U03064
2025-06-22,U03065
2025-06-23,U03065
2025-06-26,U03065
2025-07-02,U03065
2025-07-06,U03065
2025-07-15,U03065
2025-05-17,U03066
2025-05-23,U03067
2025-05-28,U03067
2025-05-31,U03067
2025-06-02,U03067
2025-06-12,U03067
2025-06-14,U03067
2025-07-01,U03067
2025-08-15,U03067
2025-05-22,U03068
2025-05-26,U03068
2025-06-01,U03068
2025-06-03,U03068
2025-06-10,U03069
2025-06-12,U03069
2025-06-14,U03069
2025-06-19,U03069
2025-06-21,U03069
2025-06-30,U03069
2025-06-30,U03069
2025-07-09,U03069
2025-06-16,U03070
2025-05-26,U03071
2025-05-30,U03071
2025-05-31,U03071
2025-06-06,U03071
2025-06-09,U03071
2025-06-11,U03071
2025-06-24,U03071
2025-06-29,U03071
2025-06-30,U03071
2025-05-17,U03072
2025-07-14,U03073
2025-07-23,U03073
2025-07-24,U03073
2025-07-25,U03073
2025-07-26,U03073
2025-07-29,U03073
2025-07-11,U03074
2025-07-16,U03074
2025-07-19,U03074
2025-07-19,U03074
2025-07-23,U03074
2025-07-28,U03074
2025-06-30,U03075
2025-07-03,U03075
2025-07-10,U03075
2025-07-12,U03075
2025-07-12,U03075
2025-07-18,U03075
2025-07-20,U03075
2025-06-07,U03076
2025-06-12,U03076
2025-06-15,U03076
2025-06-17,U03076
2025-06-22,U03076
2025-06-25,U03076
2025-07-05,U03076
2025-07-07,U03076
2025-07-07,U03076
2025-07-11,U03076
2025-05-26,U03077
2025-05-28,U03077
2025-05-30,U03077
2025-06-14,U03077
2025-06-18,U03077
2025-05-23,U03078
2025-05-30,U03078
2025-06-08,U03078
2025-06-11,U03078
2025-06-18,U03078
2025-06-19,U03078
2025-07-15,U03079
2025-07-21,U03079
2025-08-19,U03079
2025-06-08,U03080
2025-06-09,U03080
2025-06-11,U03080
2025-07-17,U03081
2025-07-18,U03081
2025-07-23,U03081
2025-07-30,U03081
2025-06-28,U03082
2025-06-29,U03082
2025-07-04,U03082
2025-07-08,U03082
2025-07-10,U03082
2025-07-12,U03082
2025-07-15,U03082
2025-07-20,U03082
2025-07-21,U03082
2025-07-17,U03083
2025-07-18,U03083
2025-07-19,U03083
2025-07-20,U03083
2025-07-20,U03083
2025-07-21,U03083
2025-07-24,U03083
2025-07-27,U03083
2025-07-30,U03083
2025-07-31,U03083
2025-07-08,U03084
2025-07-09,U03084
2025-07-13,U03084
2025-07-18,U03084
2025-07-18,U03084
2025-07-23,U03084
2025-07-25,U03084
2025-07-25,U03084
2025-07-25,U03084
2025-07-26,U03084
2025-07-01,U03085
2025-07-01,U03085
2025-07-03,U03085
2025-07-05,U03085
2025-07-07,U03085
2025-07-10,U03085
2025-07-13,U03085
2025-07-15,U03085
2025-07-16,U03085
2025-07-20,U03085
2025-07-11,U03086
2025-07-13,U03086
2025-07-22,U03086
2025-07-25,U03086
2025-07-28,U03086
2025-06-23,U03087
2025-06-29,U03087
2025-07-02,U03087
2025-07-07,U03087
2025-07-10,U03087
2025-07-12,U03087
2025-07-12,U03087
2025-07-17,U03087
2025-07-19,U03087
2025-07-17,U03088
2025-07-17,U03088
2025-07-22,U03088
2025-07-25,U03088
2025-07-30,U03088
2025-06-17,U03089
2025-06-20,U03089
2025-06-23,U03089
2025-07-02,U03089
2025-07-05,U03089
2025-07-06,U03089
2025-07-16,U03089
2025-06-04,U03090
2025-06-05,U03090
2025-06-16,U03090
2025-06-21,U03090
2025-06-21,U03090
2025-07-04,U03090
2025-07-06,U03090
2025-06-20,U03091
2025-06-23,U03091
2025-07-05,U03091
2025-07-10,U03091
2025-06-14,U03092
2025-06-16,U03092
2025-06-17,U03092
2025-06-20,U03092
2025-06-23,U03092
2025-07-07,U03092
2025-07-07,U03092
2025-07-13,U03092
2025-07-14,U03092
2025-07-02,U03093
2025-07-03,U03093
2025-07-05,U03093
2025-07-07,U03093
2025-07-14,U03093
2025-07-16,U03093
2025-07-16,U03093
2025-07-17,U03093
2025-07-19,U03093
2025-07-22,U03093
2025-07-14,U03094
2025-07-19,U03094
2025-07-25,U03094
2025-07-28,U03094
2025-07-01,U03095
2025-07-01,U03095
2025-07-08,U03095
2025-07-11,U03095
2025-07-12,U03095
2025-07-18,U03095
2025-07-19,U03095
2025-07-22,U03095
2025-06-15,U03096
2025-07-07,U03096
2025-07-07,U03096
2025-07-07,U03096
2025-07-11,U03096
2025-07-14,U03096
2025-06-13,U03097
2025-06-21,U03097
2025-06-21,U03097
2025-06-23,U03097
2025-06-28,U03097
2025-07-05,U03097
2025-07-10,U03097
2025-07-11,U03097
2025-07-12,U03097
2025-07-14,U03097
2025-08-16,U03097
2025-05-23,U03098
2025-05-26,U03098
2025-05-31,U03098
2025-05-28,U03099
2025-06-07,U03099
2025-06-11,U03099
2025-06-12,U03099
2025-06-12,U03099
2025-06-14,U03099
2025-06-23,U03099
2025-06-27,U03099
2025-07-01,U03099
2025-05-25,U03100
2025-06-23,U03100
2025-06-27,U03100
2025-05-17,U03101
2025-07-05,U03102
2025-07-10,U03102
2025-07-10,U03102
2025-07-13,U03102
2025-07-13,U03102
2025-07-20,U03102
2025-07-24,U03102
2025-05-31,U03103
2025-06-05,U03103
2025-06-20,U03103
2025-06-24,U03103
2025-07-07,U03103
2025-07-11,U03104
2025-07-13,U03104
2025-07-27,U03104
2025-06-17,U03105
2025-06-17,U03105
2025-06-18,U03105
2025-06-19,U03105
2025-06-20,U03105
2025-06-21,U03105
2025-06-28,U03105
2025-07-10,U03105
2025-07-15,U03105
2025-08-16,U03105
2025-05-24,U03106
2025-05-27,U03106
2025-05-27,U03106
2025-07-01,U03106
2025-06-21,U03107
2025-06-26,U03107
2025-06-29,U03107
2025-07-07,U03107
2025-07-10,U03107
2025-07-11,U03107
2025-07-17,U03107
2025-07-18,U03107
2025-06-29,U03108
2025-07-20,U03108
2025-05-17,U03109
2025-06-23,U03110
2025-06-26,U03110
2025-06-26,U03110
2025-06-30,U03110
2025-07-06,U03110
2025-07-06,U03110
2025-07-07,U03110
2025-07-17,U03110
2025-07-18,U03110
2025-07-19,U03110
2025-06-29,U03111
2025-07-01,U03111
2025-07-02,U03111
2025-07-05,U03111
2025-07-07,U03111
2025-07-08,U03111
2025-07-13,U03111
2025-07-16,U03111
2025-05-17,U03112
2025-05-24,U03113
2025-05-28,U03113
2025-05-30,U03113
2025-06-14,U03113
2025-05-26,U03114
2025-07-14,U03115
2025-07-27,U03115
2025-05-18,U03116
2025-05-23,U03116
2025-05-24,U03116
2025-05-24,U03116
2025-05-30,U03116
2025-06-12,U03116
2025-06-24,U03116
2025-06-29,U03116
2025-07-01,U03116
2025-08-18,U03116
2025-06-09,U03117
2025-06-17,U03117
2025-06-20,U03117
2025-07-03,U03117
2025-07-12,U03117
2025-05-29,U03118
2025-06-20,U03119
2025-06-27,U03119
2025-06-27,U03119
2025-07-02,U03119
2025-07-02,U03119
2025-07-03,U03119
2025-07-09,U03119
2025-07-11,U03119
2025-07-15,U03119
2025-07-09,U03120
2025-07-11,U03120
2025-07-13,U03120
2025-07-15,U03120
2025-07-16,U03120
2025-07-17,U03120
2025-07-22,U03120
2025-07-22,U03120
2025-07-27,U03120
2025-05-30,U03121
2025-06-06,U03121
2025-07-21,U03122
2025-07-24,U03122
2025-08-01,U03122
2025-05-17,U03123
2025-06-25,U03124
2025-07-01,U03124
2025-07-01,U03124
2025-07-01,U03124
2025-07-09,U03124
2025-07-10,U03124
2025-07-15,U03124
2025-07-15,U03124
2025-07-19,U03124
2025-07-15,U03125
2025-07-30,U03125
2025-08-21,U03125
2025-07-03,U03126
2025-07-07,U03126
2025-07-09,U03126
2025-07-10,U03126
2025-07-12,U03126
2025-07-13,U03126
2025-07-22,U03126
2025-07-23,U03126
2025-07-09,U03127
2025-07-11,U03127
2025-05-29,U03128
2025-05-26,U03129
2025-06-06,U03130
2025-06-08,U03130
2025-06-15,U03130
2025-06-18,U03130
2025-07-10,U03130
2025-05-17,U03131
2025-05-18,U03132
2025-05-19,U03132
2025-06-05,U03132
2025-06-11,U03132
2025-06-15,U03132
2025-05-31,U03133
2025-06-07,U03133
2025-08-15,U03133
2025-06-19,U03134
2025-06-21,U03134
2025-06-22,U03134
2025-06-24,U03134
2025-06-27,U03134
2025-06-30,U03134
2025-07-06,U03134
2025-07-14,U03134
2025-07-15,U03134
2025-06-28,U03135
2025-07-15,U03135
2025-07-17,U03135
2025-07-01,U03136
2025-07-15,U03136
2025-06-26,U03137
2025-07-07,U03137
2025-07-18,U03137
2025-07-20,U03137
2025-05-18,U03138
2025-06-02,U03138
2025-06-04,U03138
2025-07-16,U03139
2025-07-17,U03139
2025-08-15,U03139
2025-06-09,U03140
2025-06-12,U03140
2025-06-18,U03140
2025-06-18,U03140
2025-06-20,U03140
2025-06-29,U03140
2025-07-03,U03140
2025-07-07,U03140
2025-07-11,U03140
2025-07-05,U03141
2025-07-17,U03141
2025-07-19,U03141
2025-07-23,U03141
2025-07-24,U03141
2025-05-18,U03142
2025-05-18,U03142
2025-05-31,U03142
2025-06-02,U03142
2025-06-03,U03142
2025-06-19,U03142
2025-06-23,U03142
2025-06-07,U03143
2025-06-09,U03143
2025-06-09,U03143
2025-06-18,U03143
2025-07-02,U03143
2025-07-06,U03143
2025-08-21,U03143
2025-05-17,U03144
2025-08-17,U03144
2025-06-22,U03145
2025-07-04,U03145
2025-07-07,U03145
2025-07-08,U03145
2025-07-10,U03145
2025-07-13,U03145
2025-06-12,U03146
2025-06-23,U03146
2025-06-26,U03146
2025-07-05,U03146
2025-07-10,U03146
2025-07-13,U03146
2025-07-03,U03147
2025-07-06,U03147
2025-07-08,U03147
2025-07-10,U03147
2025-07-11,U03147
2025-07-16,U03147
2025-07-18,U03147
2025-07-21,U03147
2025-05-27,U03148
2025-06-12,U03148
2025-07-26,U03149
2025-07-31,U03149
2025-08-01,U03149
2025-05-24,U03150
2025-05-25,U03150
2025-07-16,U03151
2025-07-24,U03151
2025-06-17,U03152
2025-06-20,U03152
2025-06-21,U03152
2025-06-22,U03152
2025-06-23,U03152
2025-06-30,U03152
2025-07-10,U03152
2025-07-13,U03152
2025-07-14,U03152
2025-07-21,U03153
2025-07-24,U03153
2025-07-26,U03153
2025-07-26,U03153
2025-07-29,U03153
2025-07-30,U03153
2025-06-20,U03154
2025-07-14,U03154
2025-08-21,U03154
2025-06-11,U03155
2025-06-13,U03155
2025-06-19,U03155
2025-06-25,U03155
2025-06-29,U03155
2025-07-03,U03155
2025-07-05,U03155
2025-07-07,U03155
2025-07-07,U03155
2025-07-13,U03155
2025-06-17,U03156
2025-06-25,U03156
2025-06-26,U03156
2025-07-01,U03156
2025-07-03,U03156
2025-07-04,U03156
2025-07-04,U03156
2025-07-05,U03156
2025-07-09,U03156
2025-07-18,U03157
2025-07-24,U03157
2025-07-26,U03157
2025-06-22,U03158
2025-06-27,U03158
2025-06-30,U03158
2025-07-02,U03158
2025-07-03,U03158
2025-07-11,U03158
2025-07-14,U03158
2025-07-15,U03158
2025-08-20,U03158
2025-06-08,U03159
2025-06-10,U03159
2025-06-26,U03159
2025-07-10,U03159
2025-08-16,U03159
2025-06-28,U03160
2025-07-03,U03160
2025-07-05,U03160
2025-07-11,U03160
2025-07-13,U03160
2025-07-18,U03160
2025-07-20,U03160
2025-07-21,U03160
2025-07-22,U03161
2025-07-23,U03161
2025-07-23,U03161
2025-07-24,U03161
2025-07-26,U03161
2025-07-29,U03161
2025-07-29,U03161
2025-07-29,U03161
2025-07-30,U03161
2025-08-01,U03161
2025-07-18,U03162
2025-07-22,U03162
2025-07-23,U03162
2025-07-31,U03162
2025-07-05,U03163
2025-07-05,U03163
2025-07-07,U03163
2025-07-17,U03163
2025-07-03,U03164
2025-07-03,U03164
2025-07-04,U03164
2025-07-07,U03164
2025-07-09,U03164
2025-07-11,U03164
2025-07-18,U03164
2025-07-23,U03164
2025-07-14,U03165
2025-07-17,U03165
2025-07-20,U03165
2025-07-22,U03165
2025-07-24,U03165
2025-07-25,U03165
2025-07-28,U03165
2025-06-07,U03166
2025-06-23,U03166
2025-06-19,U03167
2025-07-09,U03167
2025-05-18,U03168
2025-05-17,U03169
2025-06-12,U03170
2025-07-01,U03170
2025-07-10,U03170
2025-06-27,U03171
2025-06-29,U03171
2025-07-01,U03171
2025-07-01,U03171
2025-07-06,U03171
2025-07-08,U03171
2025-07-17,U03171
2025-07-09,U03172
2025-07-22,U03172
2025-07-24,U03172
2025-07-26,U03172
2025-07-27,U03172
2025-08-18,U03172
2025-06-29,U03173
2025-07-03,U03173
2025-07-10,U03173
2025-07-16,U03173
2025-07-19,U03174
2025-07-23,U03174
2025-07-24,U03174
2025-07-27,U03174
2025-07-27,U03174
2025-07-29,U03174
2025-07-29,U03174
2025-07-31,U03174
2025-07-31,U03174
2025-08-01,U03174
2025-07-17,U03175
2025-07-22,U03175
2025-07-26,U03175
2025-07-28,U03175
2025-07-31,U03175
2025-07-06,U03176
2025-07-14,U03176
2025-07-23,U03176
2025-07-16,U03177
2025-07-17,U03177
2025-07-18,U03177
2025-07-23,U03177
2025-07-25,U03177
2025-07-27,U03177
2025-07-29,U03177
2025-07-30,U03177
2025-06-30,U03178
2025-07-20,U03178
2025-07-25,U03179
2025-07-29,U03179
2025-06-07,U03180
2025-06-15,U03181
2025-07-03,U03181
2025-07-10,U03181
2025-07-11,U03181
2025-07-14,U03181
2025-07-07,U03182
2025-07-08,U03182
2025-07-14,U03182
2025-07-14,U03182
2025-07-19,U03182
2025-07-26,U03182
2025-07-18,U03183
2025-07-30,U03183
2025-08-20,U03183
2025-06-02,U03184
2025-07-06,U03185
2025-07-21,U03185
2025-08-15,U03185
2025-06-17,U03186
2025-06-20,U03186
2025-06-21,U03186
2025-07-19,U03187
2025-07-26,U03187
2025-07-27,U03187
2025-07-28,U03187
2025-07-29,U03187
2025-07-30,U03187
2025-07-30,U03187
2025-08-01,U03187
2025-05-17,U03188
2025-06-20,U03189
2025-07-01,U03189
2025-07-06,U03189
2025-07-07,U03189
2025-07-08,U03189
2025-07-17,U03189
2025-07-02,U03190
2025-07-05,U03190
2025-07-14,U03190
2025-07-14,U03190
2025-07-17,U03190
2025-07-18,U03190
2025-07-23,U03190
2025-06-09,U03191
2025-06-24,U03191
2025-06-30,U03191
2025-07-04,U03191
2025-07-04,U03191
2025-07-11,U03191
2025-05-19,U03192
2025-05-23,U03192
2025-06-02,U03193
2025-06-22,U03193
2025-06-10,U03194
2025-06-25,U03194
2025-07-02,U03194
2025-08-21,U03194
2025-06-17,U03195
2025-06-25,U03195
2025-07-11,U03195
2025-06-28,U03196
2025-07-04,U03196
2025-07-04,U03196
2025-07-06,U03196
2025-07-13,U03196
2025-07-14,U03196
2025-05-17,U03197
2025-06-07,U03198
2025-06-30,U03198
2025-06-21,U03199
2025-06-21,U03199
2025-06-29,U03199
2025-07-01,U03199
2025-07-02,U03199
2025-07-02,U03199
2025-07-04,U03199
2025-07-06,U03199
2025-07-09,U03199
2025-07-13,U03199
2025-06-20,U03200
2025-06-21,U03200
2025-06-21,U03200
2025-06-22,U03200
2025-06-27,U03200
2025-06-29,U03200
2025-07-01,U03200
2025-07-06,U03200
2025-07-12,U03200
2025-07-16,U03200
2025-07-02,U03201
2025-07-02,U03201
2025-07-02,U03201
2025-07-03,U03201
2025-07-04,U03201
2025-07-15,U03201
2025-07-17,U03201
2025-07-19,U03201
2025-07-20,U03201
2025-07-23,U03201
2025-05-28,U03202
2025-06-21,U03202
2025-06-30,U03202
2025-07-18,U03203
2025-07-22,U03203
2025-06-30,U03204
2025-07-01,U03204
2025-07-01,U03204
2025-07-07,U03204
2025-07-12,U03204
2025-07-14,U03204
2025-07-15,U03204
2025-07-21,U03204
2025-07-17,U03205
2025-07-22,U03205
2025-07-24,U03205
2025-07-25,U03205
2025-07-31,U03205
2025-07-21,U03206
2025-07-27,U03206
2025-05-20,U03207
2025-06-03,U03207
2025-06-08,U03207
2025-06-12,U03207
2025-06-15,U03207
2025-06-23,U03207
2025-06-26,U03207
2025-05-24,U03208
2025-05-30,U03208
2025-06-06,U03208
2025-06-10,U03208
2025-07-16,U03209
2025-07-19,U03209
2025-07-20,U03209
2025-07-24,U03209
2025-07-29,U03209
2025-05-31,U03210
2025-06-16,U03210
2025-06-17,U03210
2025-06-23,U03210
2025-07-22,U03211
2025-07-25,U03211
2025-07-27,U03211
2025-05-17,U03212
2025-05-29,U03212
2025-06-22,U03212
2025-06-28,U03212
2025-05-30,U03213
2025-06-04,U03213
2025-06-16,U03213
2025-05-17,U03214
2025-05-18,U03214
2025-06-01,U03214
2025-06-05,U03214
2025-06-08,U03214
2025-06-08,U03214
2025-06-18,U03214
2025-06-19,U03214
2025-06-25,U03214
2025-05-25,U03215
2025-06-28,U03215
2025-05-26,U03216
2025-06-24,U03216
2025-07-18,U03217
2025-07-22,U03217
2025-07-27,U03217
2025-07-30,U03217
2025-05-17,U03218
2025-05-21,U03218
2025-05-24,U03218
2025-05-27,U03218
2025-06-22,U03218
2025-05-17,U03219
2025-06-27,U03220
2025-06-29,U03220
2025-07-04,U03220
2025-07-07,U03220
2025-07-19,U03220
2025-07-13,U03221
2025-07-14,U03221
2025-07-15,U03221
2025-07-17,U03221
2025-07-21,U03221
2025-07-24,U03221
2025-07-25,U03221
2025-07-26,U03221
2025-07-28,U03221
2025-05-22,U03222
2025-06-12,U03222
2025-06-18,U03222
2025-06-22,U03222
2025-06-22,U03222
2025-06-28,U03222
2025-06-26,U03223
2025-06-28,U03223
2025-07-01,U03223
2025-07-02,U03223
2025-07-03,U03223
2025-07-05,U03223
2025-07-10,U03223
2025-07-12,U03223
2025-07-16,U03223
2025-07-18,U03223
2025-08-17,U03223
2025-07-13,U03224
2025-07-15,U03224
2025-07-24,U03224
2025-07-29,U03224
2025-05-21,U03225
2025-05-25,U03225
2025-05-29,U03225
2025-06-01,U03226
2025-06-01,U03226
2025-06-03,U03226
2025-06-06,U03226
2025-06-07,U03226
2025-06-08,U03226
2025-06-12,U03226
2025-06-17,U03226
2025-06-30,U03226
2025-07-02,U03226
2025-06-01,U03227
2025-06-02,U03227
2025-06-11,U03227
2025-07-15,U03228
2025-07-16,U03228
2025-07-18,U03228
2025-07-22,U03228
2025-07-27,U03228
2025-07-30,U03228
2025-05-24,U03229
2025-06-05,U03229
2025-05-22,U03230
2025-06-24,U03230
2025-05-22,U03231
2025-06-06,U03231
2025-06-08,U03231
2025-06-13,U03231
2025-07-01,U03231
2025-07-02,U03231
2025-06-26,U03232
2025-06-28,U03232
2025-07-04,U03232
2025-07-06,U03232
2025-07-09,U03232
2025-07-09,U03232
2025-07-12,U03232
2025-07-15,U03232
2025-05-19,U03233
2025-06-11,U03233
2025-06-22,U03233
2025-06-16,U03234
2025-06-18,U03234
2025-06-27,U03234
2025-07-06,U03234
2025-07-13,U03234
2025-06-15,U03235
2025-06-17,U03235
2025-06-19,U03235
2025-06-22,U03235
2025-06-23,U03235
2025-07-12,U03235
2025-07-14,U03235
2025-06-20,U03236
2025-06-23,U03236
2025-06-23,U03236
2025-06-23,U03236
2025-07-10,U03236
2025-07-19,U03237
2025-07-21,U03237
2025-07-23,U03237
2025-07-25,U03237
2025-07-26,U03237
2025-07-28,U03237
2025-07-28,U03237
2025-07-30,U03237
2025-07-31,U03237
2025-08-21,U03237
2025-07-15,U03238
2025-07-18,U03238
2025-07-19,U03238
2025-07-20,U03238
2025-07-25,U03238
2025-07-28,U03238
2025-07-29,U03238
2025-07-29,U03238
2025-07-30,U03238
2025-07-15,U03239
2025-07-15,U03239
2025-07-23,U03239
2025-07-24,U03239
2025-07-29,U03239
2025-07-29,U03239
2025-07-30,U03239
2025-07-05,U03240
2025-07-08,U03240
2025-07-18,U03240
2025-07-25,U03240
2025-06-07,U03241
2025-06-17,U03241
2025-06-23,U03241
2025-06-25,U03241
2025-07-02,U03241
2025-07-05,U03241
2025-07-10,U03241
2025-05-22,U03242
2025-06-06,U03242
2025-07-12,U03243
2025-07-12,U03243
2025-07-14,U03243
2025-07-15,U03243
2025-07-20,U03243
2025-07-23,U03243
2025-07-27,U03243
2025-05-17,U03244
2025-06-30,U03244
2025-07-07,U03245
2025-07-09,U03245
2025-07-12,U03245
2025-07-13,U03245
2025-07-13,U03245
2025-07-15,U03245
2025-07-16,U03245
2025-07-17,U03245
2025-07-18,U03245
2025-07-26,U03245
2025-07-15,U03246
2025-07-18,U03246
2025-07-18,U03246
2025-07-19,U03246
2025-07-25,U03246
2025-07-26,U03246
2025-07-27,U03246
2025-07-28,U03246
2025-07-29,U03246
2025-05-20,U03247
2025-05-25,U03247
2025-07-16,U03248
2025-07-17,U03248
2025-07-17,U03248
2025-07-27,U03248
2025-07-27,U03248
2025-07-28,U03248
2025-07-06,U03249
2025-07-18,U03249
2025-07-23,U03249
2025-06-06,U03250
2025-06-07,U03250
2025-06-07,U03250
2025-06-26,U03250
2025-06-26,U03250
2025-06-29,U03250
2025-07-09,U03251
2025-07-24,U03251
2025-07-26,U03251
2025-06-07,U03252
2025-06-13,U03252
2025-06-27,U03252
2025-06-28,U03252
2025-06-29,U03252
2025-06-30,U03252
2025-07-01,U03252
2025-07-03,U03252
2025-07-08,U03252
2025-07-20,U03253
2025-07-22,U03253
2025-07-25,U03253
2025-07-29,U03253
2025-08-01,U03253
2025-07-15,U03254
2025-07-18,U03254
2025-07-19,U03254
2025-07-22,U03254
2025-07-25,U03254
2025-07-26,U03254
2025-07-26,U03254
2025-07-30,U03254
2025-07-21,U03255
2025-07-26,U03255
2025-06-03,U03256
2025-06-03,U03256
2025-06-08,U03256
2025-06-09,U03256
2025-06-11,U03256
2025-06-15,U03256
2025-06-22,U03256
2025-06-24,U03256
2025-07-06,U03256
2025-07-09,U03256
2025-08-19,U03256
2025-05-18,U03257
2025-05-21,U03257
2025-05-23,U03257
2025-05-29,U03257
2025-06-09,U03257
2025-08-15,U03257
2025-05-25,U03258
2025-05-31,U03258
2025-06-03,U03258
2025-06-04,U03258
2025-06-05,U03258
2025-06-20,U03258
2025-06-22,U03258
2025-07-01,U03258
2025-06-24,U03259
2025-06-28,U03259
2025-07-05,U03259
2025-07-05,U03259
2025-07-10,U03259
2025-07-12,U03259
2025-07-16,U03259
2025-06-27,U03260
2025-07-03,U03260
2025-07-05,U03260
2025-07-06,U03260
2025-07-11,U03260
2025-07-14,U03260
2025-07-16,U03260
2025-07-16,U03260
2025-07-17,U03260
2025-07-10,U03261
2025-07-10,U03261
2025-07-11,U03261
2025-07-11,U03261
2025-07-13,U03261
2025-07-13,U03261
2025-07-20,U03261
2025-07-24,U03261
2025-07-27,U03261
2025-05-19,U03262
2025-05-19,U03262
2025-05-20,U03262
2025-05-24,U03262
2025-06-04,U03262
2025-06-18,U03262
2025-06-25,U03262
2025-07-08,U03263
2025-07-09,U03263
2025-07-14,U03263
2025-07-16,U03263
2025-07-22,U03263
2025-07-23,U03263
2025-07-23,U03263
2025-07-23,U03263
2025-07-24,U03263
2025-07-26,U03263
2025-06-29,U03264
2025-07-06,U03264
2025-07-07,U03264
2025-07-12,U03264
2025-07-17,U03264
2025-06-08,U03265
2025-06-26,U03265
2025-06-30,U03265
2025-07-11,U03265
2025-07-19,U03266
2025-07-19,U03266
2025-07-21,U03266
2025-07-27,U03266
2025-08-19,U03266
2025-05-17,U03267
2025-06-21,U03268
2025-06-25,U03268
2025-07-08,U03268
2025-07-11,U03268
2025-07-12,U03268
2025-07-15,U03268
2025-07-16,U03268
2025-07-17,U03268
2025-06-06,U03269
2025-06-06,U03269
2025-06-09,U03269
2025-06-14,U03269
2025-06-17,U03269
2025-06-28,U03269
2025-07-03,U03269
2025-07-10,U03269
2025-07-21,U03270
2025-07-22,U03270
2025-07-24,U03270
2025-07-25,U03270
2025-07-26,U03270
2025-07-26,U03270
2025-07-28,U03270
2025-08-01,U03270
2025-06-20,U03271
2025-06-26,U03271
2025-06-11,U03272
2025-06-20,U03272
2025-06-30,U03272
2025-07-06,U03272
2025-05-22,U03273
2025-06-21,U03274
2025-07-08,U03274
2025-07-10,U03274
2025-07-15,U03274
2025-06-29,U03275
2025-07-03,U03275
2025-07-07,U03275
2025-07-19,U03275
2025-06-30,U03276
2025-07-03,U03276
2025-07-05,U03276
2025-07-07,U03276
2025-07-17,U03276
2025-07-18,U03276
2025-07-20,U03276
2025-07-21,U03276
2025-05-28,U03277
2025-06-06,U03277
2025-06-14,U03277
2025-06-19,U03277
2025-06-22,U03277
2025-07-02,U03277
2025-05-17,U03278
2025-07-20,U03279
2025-07-22,U03279
2025-07-31,U03279
2025-06-29,U03280
2025-07-02,U03280
2025-07-06,U03280
2025-05-20,U03281
2025-05-29,U03281
2025-06-02,U03281
2025-06-15,U03281
2025-07-03,U03282
2025-07-11,U03282
2025-06-18,U03283
2025-06-21,U03283
2025-06-25,U03283
2025-06-29,U03283
2025-07-03,U03283
2025-07-13,U03283
2025-07-14,U03283
2025-07-16,U03283
2025-06-16,U03284
2025-07-14,U03284
2025-05-23,U03285
2025-05-25,U03285
2025-06-06,U03285
2025-06-09,U03285
2025-06-10,U03285
2025-06-18,U03285
2025-05-24,U03286
2025-06-01,U03286
2025-06-06,U03286
2025-06-13,U03286
2025-06-17,U03286
2025-06-28,U03286
2025-07-03,U03286
2025-07-03,U03286
2025-07-04,U03286
2025-06-10,U03287
2025-06-17,U03287
2025-06-25,U03287
2025-06-25,U03287
2025-06-26,U03287
2025-06-30,U03287
2025-07-01,U03287
2025-07-05,U03287
2025-07-07,U03287
2025-07-07,U03288
2025-07-14,U03288
2025-05-30,U03289
2025-06-01,U03289
2025-06-02,U03289
2025-06-06,U03289
2025-06-12,U03289
2025-06-19,U03289
2025-06-24,U03289
2025-06-28,U03289
2025-07-07,U03289
2025-05-17,U03290
2025-05-22,U03291
2025-06-11,U03292
2025-06-11,U03292
2025-06-13,U03292
2025-06-14,U03292
2025-06-23,U03292
2025-06-29,U03292
2025-07-01,U03292
2025-07-05,U03292
2025-07-07,U03292
2025-07-11,U03292
2025-05-18,U03293
2025-06-21,U03294
2025-06-22,U03294
2025-06-23,U03294
2025-07-04,U03294
2025-07-05,U03294
2025-07-05,U03294
2025-07-10,U03294
2025-07-16,U03294
2025-05-21,U03295
2025-05-23,U03295
2025-06-04,U03295
2025-06-05,U03295
2025-06-10,U03295
2025-06-19,U03295
2025-06-22,U03295
2025-06-27,U03295
2025-07-01,U03295
2025-06-11,U03296
2025-06-11,U03296
2025-07-10,U03296
2025-07-16,U03297
2025-07-16,U03297
2025-07-23,U03297
2025-07-25,U03297
2025-08-21,U03297
2025-05-17,U03298
2025-05-18,U03298
2025-05-28,U03298
2025-06-03,U03298
2025-06-18,U03298
2025-05-17,U03299
2025-07-10,U03300
2025-07-13,U03300
2025-07-16,U03300
2025-07-20,U03300
2025-07-20,U03300
2025-07-22,U03300
2025-06-12,U03301
2025-06-30,U03301
2025-07-03,U03301
2025-07-07,U03301
2025-07-13,U03301
2025-06-23,U03302
2025-06-24,U03302
2025-06-28,U03302
2025-06-30,U03302
2025-07-01,U03302
2025-07-05,U03302
2025-07-06,U03302
2025-07-12,U03302
2025-07-17,U03302
2025-07-18,U03302
2025-07-19,U03303
2025-07-20,U03303
2025-07-20,U03303
2025-07-21,U03303
2025-07-22,U03303
2025-07-24,U03303
2025-07-25,U03303
2025-07-27,U03303
2025-07-27,U03303
2025-08-01,U03303
2025-07-12,U03304
2025-07-15,U03304
2025-07-18,U03304
2025-07-21,U03304
2025-07-25,U03304
2025-05-17,U03305
2025-06-25,U03306
2025-07-12,U03306
2025-07-07,U03307
2025-07-08,U03307
2025-07-11,U03307
2025-07-15,U03307
2025-07-16,U03307
2025-07-23,U03307
2025-07-23,U03307
2025-07-26,U03307
2025-06-14,U03308
2025-06-27,U03308
2025-07-04,U03308
2025-07-09,U03308
2025-08-21,U03308
2025-07-09,U03309
2025-07-09,U03309
2025-07-16,U03309
2025-07-19,U03309
2025-07-20,U03309
2025-07-21,U03309
2025-07-22,U03309
2025-07-27,U03309
2025-06-29,U03310
2025-07-04,U03310
2025-07-06,U03310
2025-07-07,U03310
2025-07-09,U03310
2025-07-13,U03310
2025-07-21,U03310
2025-07-22,U03310
2025-08-17,U03310
2025-05-17,U03311
2025-06-03,U03311
2025-06-22,U03311
2025-06-25,U03311
2025-06-27,U03311
2025-06-28,U03311
2025-06-29,U03312
2025-07-04,U03312
2025-07-04,U03312
2025-07-12,U03312
2025-07-17,U03312
2025-06-12,U03313
2025-06-12,U03313
2025-07-04,U03313
2025-07-12,U03313
2025-08-21,U03313
2025-07-03,U03314
2025-07-04,U03314
2025-07-06,U03314
2025-07-09,U03314
2025-07-12,U03314
2025-07-16,U03314
2025-07-18,U03314
2025-07-19,U03314
2025-05-29,U03315
2025-06-04,U03315
2025-06-04,U03315
2025-06-08,U03315
2025-07-04,U03315
2025-07-06,U03315
2025-05-17,U03316
2025-05-19,U03317
2025-07-13,U03318
2025-07-27,U03318
2025-07-23,U03319
2025-07-25,U03319
2025-07-30,U03319
2025-06-15,U03320
2025-06-15,U03320
2025-06-18,U03320
2025-06-22,U03320
2025-06-25,U03320
2025-06-27,U03320
2025-07-11,U03320
2025-05-23,U03321
2025-06-03,U03321
2025-06-04,U03321
2025-06-05,U03321
2025-06-05,U03321
2025-06-23,U03321
2025-07-21,U03322
2025-07-22,U03322
2025-07-30,U03322
2025-08-01,U03322
2025-06-19,U03323
2025-07-03,U03323
2025-07-10,U03323
2025-07-13,U03323
2025-07-17,U03323
2025-07-19,U03324
2025-07-19,U03324
2025-08-01,U03324
2025-06-01,U03325
2025-07-03,U03326
2025-07-06,U03326
2025-07-06,U03326
2025-07-07,U03326
2025-07-12,U03326
2025-07-23,U03326
2025-05-17,U03327
2025-06-16,U03327
2025-07-12,U03328
2025-07-19,U03328
2025-07-20,U03328
2025-07-20,U03328
2025-07-22,U03328
2025-07-18,U03329
2025-07-23,U03329
2025-07-11,U03330
2025-07-12,U03330
2025-07-14,U03330
2025-07-14,U03330
2025-07-15,U03330
2025-07-20,U03330
2025-07-22,U03330
2025-07-23,U03330
2025-07-25,U03330
2025-07-27,U03330
2025-07-13,U03331
2025-07-16,U03331
2025-07-26,U03331
2025-06-10,U03332
2025-06-11,U03332
2025-06-11,U03332
2025-06-13,U03332
2025-06-18,U03332
2025-07-02,U03332
2025-07-07,U03332
2025-07-09,U03332
2025-07-11,U03332
2025-08-18,U03332
2025-05-19,U03333
2025-05-24,U03333
2025-05-29,U03333
2025-06-02,U03333
2025-06-13,U03333
2025-06-23,U03334
2025-06-27,U03334
2025-07-01,U03334
2025-07-13,U03334
2025-07-14,U03334
2025-07-15,U03334
2025-07-23,U03335
2025-07-26,U03335
2025-07-26,U03335
2025-07-27,U03335
2025-07-29,U03335
2025-08-01,U03335
2025-06-17,U03336
2025-06-22,U03336
2025-06-23,U03336
2025-06-24,U03336
2025-07-03,U03336
2025-07-06,U03336
2025-07-10,U03336
2025-07-13,U03336
2025-07-16,U03336
2025-07-30,U03337
2025-07-30,U03337
2025-08-01,U03337
2025-05-27,U03338
2025-06-04,U03338
2025-06-07,U03338
2025-06-09,U03338
2025-06-17,U03338
2025-06-18,U03338
2025-07-02,U03338
2025-07-17,U03339
2025-07-29,U03339
2025-06-27,U03340
2025-06-27,U03340
2025-07-03,U03340
2025-07-07,U03340
2025-07-20,U03340
2025-06-17,U03341
2025-06-26,U03341
2025-06-28,U03341
2025-07-13,U03341
2025-06-27,U03342
2025-07-06,U03342
2025-07-08,U03342
2025-07-21,U03342
2025-06-26,U03343
2025-07-01,U03343
2025-07-01,U03343
2025-07-02,U03343
2025-07-07,U03343
2025-07-10,U03343
2025-05-18,U03344
2025-05-27,U03344
2025-06-13,U03344
2025-06-23,U03344
2025-06-24,U03344
2025-06-28,U03344
2025-06-29,U03344
2025-05-17,U03345
2025-06-13,U03346
2025-06-26,U03346
2025-07-17,U03347
2025-07-17,U03347
2025-07-18,U03347
2025-07-21,U03347
2025-07-26,U03347
2025-07-26,U03347
2025-07-26,U03347
2025-07-26,U03347
2025-07-27,U03347
2025-07-29,U03347
2025-06-23,U03348
2025-06-27,U03348
2025-06-29,U03348
2025-06-29,U03348
2025-07-02,U03348
2025-07-08,U03348
2025-07-08,U03348
2025-07-11,U03348
2025-07-10,U03349
2025-07-10,U03349
2025-07-18,U03349
2025-07-20,U03349
2025-07-24,U03349
2025-07-25,U03349
2025-07-27,U03349
2025-05-17,U03350
2025-07-04,U03351
2025-07-17,U03351
2025-05-23,U03352
2025-06-12,U03352
2025-07-20,U03353
2025-07-30,U03353
2025-07-31,U03353
2025-07-19,U03354
2025-07-22,U03354
2025-07-24,U03354
2025-07-25,U03354
2025-07-25,U03354
2025-07-25,U03354
2025-07-28,U03354
2025-07-30,U03354
2025-08-01,U03354
2025-05-19,U03355
2025-05-28,U03355
2025-06-05,U03355
2025-06-05,U03355
2025-06-09,U03355
2025-06-17,U03355
2025-06-28,U03356
2025-07-09,U03356
2025-05-19,U03357
2025-05-22,U03357
2025-05-25,U03357
2025-06-05,U03357
2025-06-06,U03357
2025-06-20,U03357
2025-05-26,U03358
2025-05-29,U03358
2025-06-06,U03358
2025-06-09,U03358
2025-06-12,U03358
2025-06-23,U03358
2025-06-24,U03358
2025-05-19,U03359
2025-06-02,U03359
2025-05-31,U03360
2025-06-17,U03360
2025-07-01,U03360
2025-06-05,U03361
2025-06-10,U03361
2025-06-11,U03361
2025-06-13,U03361
2025-06-27,U03361
2025-07-07,U03361
2025-05-17,U03362
2025-05-29,U03362
2025-05-31,U03362
2025-06-12,U03362
2025-06-14,U03362
2025-06-17,U03362
2025-07-05,U03363
2025-07-08,U03363
2025-07-12,U03363
2025-07-14,U03363
2025-06-11,U03364
2025-06-12,U03364
2025-06-18,U03364
2025-06-19,U03364
2025-06-20,U03364
2025-06-28,U03364
2025-06-30,U03364
2025-07-07,U03364
2025-07-12,U03364
2025-05-17,U03365
2025-06-21,U03366
2025-06-22,U03366
2025-06-28,U03366
2025-06-30,U03366
2025-07-02,U03366
2025-07-03,U03366
2025-07-03,U03366
2025-07-07,U03366
2025-07-18,U03366
2025-06-16,U03367
2025-06-24,U03367
2025-06-26,U03367
2025-06-27,U03367
2025-07-06,U03367
2025-07-12,U03367
2025-07-13,U03367
2025-07-14,U03367
2025-07-15,U03367
2025-05-29,U03368
2025-05-29,U03368
2025-06-20,U03368
2025-07-06,U03368
2025-08-16,U03368
2025-07-21,U03369
2025-07-22,U03369
2025-07-23,U03369
2025-07-25,U03369
2025-07-25,U03369
2025-07-26,U03369
2025-07-27,U03369
2025-07-28,U03369
2025-07-30,U03369
2025-08-15,U03369
2025-06-05,U03370
2025-06-07,U03370
2025-06-26,U03370
2025-08-17,U03370
2025-06-05,U03371
2025-06-07,U03371
2025-06-08,U03371
2025-06-11,U03371
2025-06-16,U03371
2025-07-06,U03371
2025-07-09,U03371
2025-08-19,U03371
2025-07-13,U03372
2025-07-14,U03372
2025-07-17,U03372
2025-07-18,U03372
2025-07-21,U03372
2025-07-21,U03372
2025-07-23,U03372
2025-07-25,U03372
2025-07-28,U03372
2025-05-19,U03373
2025-05-23,U03373
2025-05-25,U03373
2025-06-03,U03373
2025-05-25,U03374
2025-05-26,U03374
2025-06-11,U03374
2025-08-16,U03374
2025-05-17,U03375
2025-06-18,U03376
2025-06-18,U03376
2025-06-22,U03376
2025-06-25,U03376
2025-07-02,U03376
2025-07-04,U03376
2025-07-09,U03376
2025-07-13,U03376
2025-07-16,U03376
2025-08-15,U03376
2025-06-19,U03377
2025-06-28,U03377
2025-06-29,U03377
2025-06-30,U03377
2025-07-01,U03377
2025-07-12,U03377
2025-07-15,U03377
2025-05-22,U03378
2025-05-18,U03379
2025-05-20,U03379
2025-06-05,U03379
2025-07-09,U03380
2025-07-10,U03380
2025-07-14,U03380
2025-07-18,U03380
2025-07-18,U03380
2025-07-19,U03380
2025-07-20,U03380
2025-07-22,U03380
2025-07-25,U03380
2025-07-27,U03380
2025-07-21,U03381
2025-07-22,U03381
2025-07-26,U03381
2025-07-29,U03381
2025-07-29,U03381
2025-08-01,U03381
2025-05-17,U03382
2025-05-27,U03382
2025-06-11,U03382
2025-06-14,U03382
2025-05-17,U03383
2025-07-14,U03384
2025-07-17,U03384
2025-07-20,U03384
2025-07-24,U03384
2025-07-26,U03384
2025-07-27,U03384
2025-07-29,U03384
2025-07-19,U03385
2025-07-21,U03385
2025-07-27,U03385
2025-07-27,U03385
2025-07-29,U03385
2025-07-30,U03385
2025-06-30,U03386
2025-07-02,U03386
2025-07-07,U03386
2025-07-12,U03386
2025-07-16,U03386
2025-07-16,U03386
2025-07-21,U03386
2025-07-05,U03387
2025-07-12,U03387
2025-07-13,U03387
2025-07-17,U03387
2025-07-18,U03387
2025-07-18,U03387
2025-07-24,U03387
2025-07-25,U03387
2025-05-19,U03388
2025-05-27,U03388
2025-06-08,U03388
2025-06-12,U03388
2025-07-01,U03389
2025-07-04,U03389
2025-07-07,U03389
2025-07-12,U03389
2025-07-14,U03389
2025-07-21,U03389
2025-07-16,U03390
2025-07-19,U03390
2025-07-19,U03390
2025-07-21,U03390
2025-07-22,U03390
2025-07-24,U03390
2025-07-28,U03390
2025-07-28,U03390
2025-07-29,U03390
2025-07-30,U03390
2025-07-19,U03391
2025-07-22,U03391
2025-07-23,U03391
2025-07-23,U03391
2025-07-24,U03391
2025-07-25,U03391
2025-07-27,U03391
2025-08-01,U03391
2025-06-10,U03392
2025-06-20,U03392
2025-07-05,U03392
2025-07-12,U03392
2025-05-27,U03393
2025-06-03,U03394
2025-06-16,U03394
2025-05-19,U03395
2025-06-04,U03395
2025-06-09,U03395
2025-06-10,U03395
2025-06-13,U03395
2025-06-23,U03395
2025-06-30,U03395
2025-05-18,U03396
2025-05-24,U03396
2025-06-03,U03396
2025-06-17,U03396
2025-06-04,U03397
2025-06-13,U03397
2025-08-20,U03397
2025-07-17,U03398
2025-07-23,U03398
2025-07-29,U03398
2025-07-08,U03399
2025-07-09,U03399
2025-07-10,U03399
2025-07-11,U03399
2025-07-13,U03399
2025-07-13,U03399
2025-07-23,U03399
2025-07-25,U03399
2025-05-29,U03400
2025-06-02,U03400
2025-07-01,U03400
2025-07-19,U03401
2025-07-28,U03401
2025-05-24,U03402
2025-05-25,U03402
2025-07-07,U03403
2025-07-08,U03403
2025-07-14,U03403
2025-07-14,U03403
2025-07-16,U03403
2025-07-20,U03403
2025-07-22,U03403
2025-07-30,U03404
2025-08-01,U03404
2025-05-17,U03405
2025-07-07,U03406
2025-07-11,U03406
2025-07-12,U03406
2025-07-12,U03406
2025-07-16,U03406
2025-07-17,U03406
2025-07-18,U03406
2025-07-23,U03406
2025-07-26,U03406
2025-06-19,U03407
2025-06-20,U03407
2025-06-20,U03407
2025-06-21,U03407
2025-06-24,U03407
2025-06-30,U03407
2025-07-06,U03407
2025-07-07,U03408
2025-07-09,U03408
2025-07-12,U03408
2025-07-12,U03408
2025-07-17,U03408
2025-07-17,U03408
2025-07-19,U03408
2025-07-21,U03408
2025-07-26,U03408
2025-06-16,U03409
2025-06-19,U03409
2025-06-26,U03409
2025-06-27,U03409
2025-07-03,U03409
2025-07-04,U03409
2025-07-04,U03409
2025-07-07,U03409
2025-07-11,U03409
2025-07-14,U03409
2025-05-31,U03410
2025-06-20,U03410
2025-06-24,U03410
2025-07-01,U03410
2025-07-03,U03410
2025-08-18,U03410
2025-07-19,U03411
2025-07-21,U03411
2025-07-31,U03411
2025-05-17,U03412
2025-05-19,U03413
2025-05-24,U03413
2025-06-12,U03413
2025-06-22,U03413
2025-06-28,U03413
2025-06-15,U03414
2025-06-29,U03414
2025-07-12,U03414
2025-06-14,U03415
2025-06-15,U03415
2025-05-17,U03416
2025-05-29,U03417
2025-06-01,U03417
2025-06-06,U03417
2025-06-08,U03417
2025-06-12,U03417
2025-07-02,U03417
2025-07-06,U03417
2025-07-10,U03418
2025-07-17,U03418
2025-07-24,U03418
2025-05-17,U03419
2025-07-06,U03420
2025-07-08,U03420
2025-07-10,U03420
2025-07-12,U03420
2025-07-22,U03420
2025-07-22,U03420
2025-07-25,U03420
2025-05-17,U03421
2025-06-28,U03422
2025-07-07,U03422
2025-07-08,U03422
2025-07-17,U03423
2025-07-18,U03423
2025-07-18,U03423
2025-07-20,U03423
2025-07-21,U03423
2025-07-21,U03423
2025-07-24,U03423
2025-07-26,U03423
2025-07-30,U03423
2025-08-20,U03423
2025-05-29,U03424
2025-05-29,U03424
2025-06-04,U03424
2025-06-05,U03424
2025-06-08,U03424
2025-06-01,U03425
2025-06-15,U03425
2025-06-21,U03425
2025-06-30,U03425
2025-06-12,U03426
2025-07-05,U03426
2025-07-10,U03426
2025-06-25,U03427
2025-07-02,U03427
2025-07-03,U03427
2025-07-03,U03427
2025-07-20,U03427
2025-07-16,U03428
2025-07-17,U03428
2025-07-18,U03428
2025-07-18,U03428
2025-07-23,U03428
2025-07-24,U03428
2025-07-25,U03428
2025-07-30,U03428
2025-06-13,U03429
2025-06-20,U03429
2025-06-28,U03429
2025-07-12,U03429
2025-07-14,U03429
2025-06-08,U03430
2025-06-18,U03430
2025-06-25,U03430
2025-06-27,U03430
2025-06-29,U03430
2025-06-30,U03430
2025-06-30,U03430
2025-07-07,U03430
2025-07-08,U03430
2025-07-10,U03430
2025-05-23,U03431
2025-06-03,U03431
2025-06-10,U03431
2025-06-16,U03431
2025-07-03,U03432
2025-07-04,U03432
2025-07-05,U03432
2025-07-09,U03432
2025-07-10,U03432
2025-07-15,U03432
2025-07-21,U03432
2025-07-22,U03432
2025-07-24,U03432
2025-05-22,U03433
2025-05-29,U03433
2025-06-18,U03433
2025-06-25,U03433
2025-06-25,U03433
2025-07-01,U03433
2025-07-03,U03433
2025-05-27,U03434
2025-06-10,U03434
2025-06-23,U03434
2025-05-19,U03435
2025-06-14,U03436
2025-06-20,U03436
2025-06-24,U03436
2025-07-07,U03436
2025-07-13,U03436
2025-06-23,U03437
2025-07-01,U03437
2025-07-05,U03437
2025-07-07,U03437
2025-07-09,U03437
2025-07-09,U03437
2025-07-14,U03437
2025-07-15,U03437
2025-07-19,U03437
2025-07-02,U03438
2025-07-11,U03438
2025-07-14,U03438
2025-07-14,U03438
2025-07-15,U03438
2025-07-16,U03438
2025-07-19,U03438
2025-07-20,U03438
2025-07-22,U03438
2025-07-23,U03438
2025-05-28,U03439
2025-06-23,U03439
2025-06-30,U03439
2025-07-03,U03439
2025-05-18,U03440
2025-05-24,U03440
2025-05-31,U03440
2025-06-18,U03440
2025-08-18,U03440
2025-06-26,U03441
2025-06-27,U03441
2025-06-28,U03441
2025-06-29,U03441
2025-07-04,U03441
2025-07-04,U03441
2025-07-08,U03441
2025-07-09,U03441
2025-07-11,U03441
2025-07-19,U03441
2025-06-14,U03442
2025-06-17,U03442
2025-06-25,U03442
2025-06-30,U03442
2025-07-01,U03442
2025-07-04,U03442
2025-07-08,U03442
2025-07-09,U03442
2025-07-10,U03442
2025-07-14,U03442
2025-08-15,U03442
2025-06-30,U03443
2025-07-02,U03443
2025-07-09,U03443
2025-07-09,U03443
2025-07-10,U03443
2025-07-16,U03443
2025-07-17,U03443
2025-07-21,U03443
2025-08-20,U03443
2025-05-17,U03444
2025-06-19,U03445
2025-07-05,U03445
2025-07-09,U03445
2025-07-10,U03445
2025-07-10,U03445
2025-07-12,U03445
2025-07-12,U03445
2025-07-14,U03445
2025-07-15,U03445
2025-05-18,U03446
2025-05-24,U03446
2025-05-28,U03446
2025-06-13,U03446
2025-06-25,U03446
2025-06-25,U03446
2025-06-26,U03446
2025-05-31,U03447
2025-06-09,U03447
2025-05-17,U03448
2025-05-18,U03449
2025-05-21,U03449
2025-05-26,U03449
2025-06-01,U03449
2025-06-08,U03449
2025-06-20,U03449
2025-06-24,U03449
2025-06-22,U03450
2025-06-26,U03450
2025-07-04,U03450
2025-07-05,U03450
2025-07-05,U03450
2025-07-06,U03450
2025-07-14,U03450
2025-06-21,U03451
2025-06-21,U03451
2025-06-22,U03451
2025-06-22,U03451
2025-06-24,U03451
2025-06-27,U03451
2025-06-30,U03451
2025-07-07,U03451
2025-07-09,U03451
2025-07-15,U03451
2025-05-28,U03452
2025-06-20,U03453
2025-06-22,U03453
2025-06-25,U03453
2025-07-02,U03453
2025-07-02,U03453
2025-07-03,U03453
2025-07-11,U03453
2025-07-15,U03453
2025-06-04,U03454
2025-06-06,U03454
2025-06-06,U03454
2025-06-13,U03454
2025-06-26,U03454
2025-06-29,U03454
2025-07-02,U03454
2025-07-05,U03454
2025-07-07,U03454
2025-07-16,U03455
2025-07-16,U03455
2025-07-16,U03455
2025-07-19,U03455
2025-07-20,U03455
2025-07-22,U03455
2025-07-25,U03455
2025-07-25,U03455
2025-07-27,U03455
2025-07-29,U03455
2025-05-28,U03456
2025-06-04,U03456
2025-06-13,U03456
2025-06-15,U03456
2025-06-26,U03456
2025-06-28,U03456
2025-06-13,U03457
2025-06-13,U03457
2025-06-16,U03457
2025-06-18,U03457
2025-06-21,U03457
2025-07-03,U03457
2025-07-05,U03457
2025-07-08,U03457
2025-07-11,U03457
2025-07-13,U03457
2025-07-18,U03458
2025-07-20,U03458
2025-07-20,U03458
2025-07-23,U03458
2025-07-26,U03458
2025-07-28,U03458
2025-07-29,U03458
2025-07-31,U03458
2025-05-24,U03459
2025-05-25,U03459
2025-05-31,U03459
2025-06-14,U03459
2025-06-20,U03459
2025-07-02,U03459
2025-07-03,U03459
2025-06-14,U03460
2025-06-26,U03460
2025-06-26,U03460
2025-06-27,U03460
2025-07-01,U03460
2025-07-12,U03460
2025-07-07,U03461
2025-07-08,U03461
2025-07-14,U03461
2025-07-19,U03461
2025-07-23,U03461
2025-07-03,U03462
2025-07-04,U03462
2025-07-07,U03462
2025-07-08,U03462
2025-07-10,U03462
2025-07-16,U03462
2025-07-18,U03462
2025-07-24,U03462
2025-05-18,U03463
2025-05-25,U03463
2025-06-07,U03463
2025-06-18,U03463
2025-06-22,U03463
2025-05-17,U03464
2025-07-14,U03465
2025-07-16,U03465
2025-07-19,U03465
2025-07-24,U03465
2025-06-25,U03466
2025-07-12,U03466
2025-07-20,U03466
2025-05-17,U03467
2025-07-21,U03468
2025-07-23,U03468
2025-07-29,U03468
2025-07-30,U03468
2025-05-17,U03469
2025-05-21,U03470
2025-05-26,U03470
2025-06-11,U03470
2025-06-17,U03470
2025-07-02,U03470
2025-06-19,U03471
2025-06-20,U03471
2025-06-21,U03471
2025-06-22,U03471
2025-07-01,U03471
2025-07-07,U03471
2025-07-11,U03471
2025-07-12,U03471
2025-06-27,U03472
2025-07-07,U03472
2025-07-09,U03472
2025-07-09,U03472
2025-07-19,U03472
2025-07-19,U03472
2025-07-21,U03472
2025-05-28,U03473
2025-06-09,U03473
2025-06-10,U03473
2025-06-14,U03473
2025-06-19,U03473
2025-07-02,U03473
2025-07-02,U03473
2025-07-03,U03473
2025-07-13,U03474
2025-07-13,U03474
2025-07-16,U03474
2025-07-22,U03474
2025-07-23,U03474
2025-07-28,U03474
2025-05-21,U03475
2025-05-29,U03475
2025-06-03,U03475
2025-06-12,U03475
2025-06-20,U03476
2025-06-25,U03476
2025-07-16,U03476
2025-06-13,U03477
2025-06-14,U03477
2025-06-15,U03477
2025-07-01,U03477
2025-07-06,U03477
2025-07-10,U03477
2025-07-11,U03477
2025-07-13,U03477
2025-06-16,U03478
2025-06-23,U03478
2025-06-27,U03478
2025-07-14,U03479
2025-07-16,U03479
2025-07-17,U03479
2025-07-19,U03479
2025-07-22,U03479
2025-07-25,U03479
2025-07-29,U03479
2025-05-19,U03480
2025-06-07,U03480
2025-06-10,U03480
2025-06-23,U03480
2025-05-18,U03481
2025-05-21,U03481
2025-07-07,U03482
2025-07-08,U03482
2025-07-16,U03482
2025-07-16,U03482
2025-07-16,U03482
2025-07-17,U03482
2025-07-19,U03482
2025-07-21,U03482
2025-07-24,U03482
2025-07-26,U03482
2025-06-29,U03483
2025-07-02,U03483
2025-07-04,U03483
2025-07-11,U03483
2025-07-14,U03483
2025-07-18,U03483
2025-07-18,U03483
2025-07-19,U03483
2025-07-21,U03483
2025-07-22,U03483
2025-06-29,U03484
2025-07-04,U03484
2025-06-29,U03485
2025-07-01,U03485
2025-07-01,U03485
2025-07-16,U03485
2025-07-17,U03485
2025-06-17,U03486
2025-06-20,U03486
2025-06-21,U03486
2025-06-24,U03486
2025-07-11,U03486
2025-07-11,U03487
2025-07-13,U03487
2025-07-16,U03487
2025-07-16,U03487
2025-07-17,U03487
2025-07-17,U03487
2025-07-19,U03487
2025-07-21,U03487
2025-07-25,U03487
2025-06-28,U03488
2025-07-01,U03488
2025-07-03,U03488
2025-07-08,U03488
2025-07-09,U03488
2025-07-09,U03488
2025-07-11,U03488
2025-07-12,U03488
2025-07-16,U03488
2025-08-18,U03488
2025-05-29,U03489
2025-06-08,U03489
2025-06-02,U03490
2025-07-08,U03490
2025-05-23,U03491
2025-06-26,U03491
2025-05-27,U03492
2025-05-27,U03492
2025-06-03,U03492
2025-06-04,U03492
2025-05-25,U03493
2025-06-02,U03493
2025-06-08,U03493
2025-06-11,U03493
2025-06-15,U03493
2025-06-11,U03494
2025-06-11,U03494
2025-06-13,U03494
2025-06-20,U03494
2025-06-24,U03494
2025-06-26,U03494
2025-06-29,U03494
2025-07-08,U03494
2025-07-11,U03494
2025-07-12,U03495
2025-07-20,U03495
2025-07-25,U03495
2025-07-28,U03495
2025-05-17,U03496
2025-05-19,U03497
2025-05-24,U03497
2025-05-23,U03498
2025-05-25,U03498
2025-05-30,U03498
2025-06-01,U03498
2025-06-03,U03498
2025-06-04,U03498
2025-06-08,U03498
2025-06-03,U03499
2025-06-22,U03499
2025-07-16,U03500
2025-07-21,U03500
2025-07-23,U03500
2025-07-29,U03500
2025-05-28,U03501
2025-06-24,U03501
2025-07-03,U03501
2025-05-17,U03502
2025-07-11,U03503
2025-07-12,U03503
2025-07-12,U03503
2025-07-15,U03503
2025-07-15,U03503
2025-07-23,U03503
2025-07-24,U03503
2025-07-24,U03503
2025-07-26,U03503
2025-07-21,U03504
2025-07-21,U03504
2025-07-22,U03504
2025-07-22,U03504
2025-07-23,U03504
2025-07-27,U03504
2025-07-29,U03504
2025-08-01,U03504
2025-06-01,U03505
2025-06-01,U03505
2025-06-04,U03505
2025-06-11,U03505
2025-06-17,U03505
2025-06-18,U03505
2025-06-22,U03505
2025-07-06,U03505
2025-05-17,U03506
2025-07-03,U03507
2025-07-05,U03507
2025-07-12,U03507
2025-07-15,U03507
2025-07-24,U03507
2025-05-23,U03508
2025-05-27,U03508
2025-05-29,U03508
2025-06-09,U03508
2025-06-22,U03508
2025-06-30,U03508
2025-07-01,U03508
2025-06-09,U03509
2025-06-13,U03509
2025-06-15,U03509
2025-06-17,U03509
2025-06-17,U03509
2025-06-21,U03509
2025-06-22,U03509
2025-07-01,U03509
2025-07-04,U03509
2025-07-12,U03509
2025-07-01,U03510
2025-07-09,U03510
2025-05-29,U03511
2025-06-05,U03512
2025-06-09,U03512
2025-06-17,U03512
2025-06-22,U03512
2025-07-06,U03512
2025-07-10,U03512
2025-06-04,U03513
2025-06-28,U03513
2025-06-20,U03514
2025-06-23,U03514
2025-07-01,U03514
2025-07-04,U03514
2025-07-06,U03514
2025-07-06,U03514
2025-07-17,U03514
2025-05-17,U03515
2025-05-17,U03516
2025-05-17,U03516
2025-05-24,U03516
2025-05-27,U03516
2025-05-28,U03516
2025-06-15,U03516
2025-06-25,U03516
2025-06-12,U03517
2025-07-07,U03517
2025-05-26,U03518
2025-06-02,U03518
2025-06-08,U03518
2025-06-22,U03518
2025-06-12,U03519
2025-06-24,U03519
2025-06-26,U03519
2025-07-10,U03519
2025-07-13,U03519
2025-07-09,U03520
2025-07-11,U03520
2025-07-14,U03520
2025-07-15,U03520
2025-07-17,U03520
2025-07-19,U03520
2025-07-21,U03520
2025-07-22,U03520
2025-07-22,U03520
2025-07-23,U03520
2025-05-17,U03521
2025-05-30,U03522
2025-06-29,U03522
2025-06-29,U03523
2025-07-08,U03523
2025-07-09,U03523
2025-07-10,U03523
2025-07-12,U03523
2025-07-19,U03523
2025-07-19,U03524
2025-07-30,U03524
2025-05-22,U03525
2025-05-28,U03525
2025-06-05,U03525
2025-07-21,U03526
2025-07-21,U03526
2025-07-27,U03526
2025-07-28,U03526
2025-07-30,U03526
2025-07-30,U03526
2025-07-31,U03526
2025-08-01,U03526
2025-06-12,U03527
2025-06-14,U03527
2025-06-15,U03527
2025-06-21,U03527
2025-06-22,U03527
2025-07-08,U03527
2025-07-09,U03527
2025-07-13,U03527
2025-06-01,U03528
2025-06-15,U03528
2025-06-18,U03528
2025-07-08,U03528
2025-07-19,U03529
2025-07-26,U03529
2025-07-26,U03529
2025-07-26,U03529
2025-07-26,U03529
2025-07-27,U03529
2025-07-27,U03529
2025-07-28,U03529
2025-07-30,U03529
2025-08-01,U03529
2025-05-27,U03530
2025-06-12,U03530
2025-05-24,U03531
2025-05-24,U03531
2025-06-15,U03531
2025-06-17,U03531
2025-06-24,U03531
2025-06-27,U03531
2025-05-21,U03532
2025-06-03,U03532
2025-06-06,U03532
2025-07-01,U03532
2025-07-10,U03533
2025-07-17,U03533
2025-07-19,U03533
2025-07-19,U03533
2025-07-23,U03533
2025-07-25,U03533
2025-07-27,U03533
2025-06-22,U03534
2025-06-23,U03534
2025-07-04,U03534
2025-07-10,U03534
2025-08-20,U03534
2025-05-17,U03535
2025-07-18,U03536
2025-07-21,U03536
2025-07-21,U03536
2025-07-22,U03536
2025-07-22,U03536
2025-07-22,U03536
2025-07-25,U03536
2025-07-25,U03536
2025-07-27,U03536
2025-07-29,U03536
2025-05-29,U03537
2025-06-10,U03537
2025-06-07,U03538
2025-06-07,U03538
2025-06-09,U03538
2025-06-19,U03538
2025-06-20,U03538
2025-07-22,U03539
2025-07-23,U03539
2025-07-24,U03539
2025-07-24,U03539
2025-08-01,U03539
2025-07-24,U03540
2025-07-26,U03540
2025-07-27,U03540
2025-07-31,U03540
2025-05-19,U03541
2025-06-07,U03541
2025-06-19,U03541
2025-05-19,U03542
2025-05-23,U03542
2025-06-03,U03542
2025-08-19,U03542
2025-05-26,U03543
2025-06-02,U03543
2025-06-05,U03543
2025-06-07,U03543
2025-06-10,U03543
2025-06-13,U03543
2025-06-14,U03543
2025-06-27,U03543
2025-08-16,U03543
2025-07-15,U03544
2025-07-22,U03544
2025-07-26,U03544
2025-07-26,U03544
2025-07-27,U03544
2025-07-27,U03544
2025-07-29,U03544
2025-08-17,U03544
2025-05-29,U03545
2025-06-08,U03545
2025-07-04,U03546
2025-07-09,U03546
2025-07-16,U03546
2025-07-17,U03546
2025-07-24,U03546
2025-07-20,U03547
2025-07-21,U03547
2025-07-24,U03547
2025-07-29,U03547
2025-07-30,U03547
2025-05-17,U03548
2025-06-07,U03548
2025-06-24,U03548
2025-07-15,U03549
2025-07-22,U03549
2025-07-24,U03549
2025-07-26,U03549
2025-07-17,U03550
2025-07-18,U03550
2025-07-20,U03550
2025-07-24,U03550
2025-07-26,U03550
2025-07-27,U03550
2025-07-27,U03550
2025-07-28,U03550
2025-07-30,U03550
2025-07-31,U03550
2025-07-16,U03551
2025-07-17,U03551
2025-07-25,U03551
2025-07-27,U03551
2025-07-27,U03551
2025-07-27,U03551
2025-07-30,U03551
2025-06-01,U03552
2025-06-18,U03552
2025-07-06,U03552
2025-07-16,U03553
2025-07-17,U03553
2025-07-20,U03553
2025-07-22,U03553
2025-07-25,U03553
2025-07-28,U03553
2025-05-17,U03554
2025-07-08,U03555
2025-07-11,U03555
2025-07-21,U03555
2025-07-25,U03555
2025-05-17,U03556
2025-07-14,U03557
2025-07-15,U03557
2025-07-17,U03557
2025-07-18,U03557
2025-07-18,U03557
2025-07-23,U03557
2025-07-24,U03557
2025-07-24,U03557
2025-07-29,U03557
2025-05-25,U03558
2025-06-11,U03559
2025-06-17,U03559
2025-06-18,U03559
2025-06-24,U03559
2025-07-01,U03559
2025-07-01,U03559
2025-07-06,U03559
2025-07-09,U03559
2025-07-11,U03559
2025-05-17,U03560
2025-06-10,U03561
2025-06-20,U03561
2025-06-28,U03561
2025-05-19,U03562
2025-05-23,U03562
2025-05-26,U03562
2025-06-04,U03562
2025-06-15,U03562
2025-06-23,U03562
2025-05-22,U03563
2025-05-26,U03563
2025-06-11,U03563
2025-05-28,U03564
2025-06-03,U03564
2025-05-25,U03565
2025-06-17,U03565
2025-07-13,U03566
2025-07-14,U03566
2025-07-18,U03566
2025-07-19,U03566
2025-07-19,U03566
2025-07-23,U03566
2025-07-26,U03566
2025-07-28,U03566
2025-07-29,U03566
2025-05-19,U03567
2025-05-20,U03567
2025-05-31,U03567
2025-06-17,U03567
2025-06-17,U03567
2025-06-22,U03567
2025-06-14,U03568
2025-06-17,U03568
2025-07-05,U03568
2025-07-05,U03568
2025-07-14,U03568
2025-07-06,U03569
2025-07-08,U03569
2025-07-08,U03569
2025-07-15,U03569
2025-07-18,U03569
2025-07-24,U03569
2025-06-02,U03570
2025-06-03,U03570
2025-06-17,U03570
2025-06-19,U03570
2025-06-20,U03570
2025-06-26,U03570
2025-06-28,U03570
2025-08-16,U03570
2025-06-25,U03571
2025-06-28,U03571
2025-07-07,U03571
2025-07-09,U03571
2025-07-12,U03571
2025-07-13,U03571
2025-07-13,U03571
2025-07-14,U03571
2025-07-20,U03571
2025-05-24,U03572
2025-05-25,U03572
2025-06-26,U03573
2025-07-07,U03573
2025-07-08,U03573
2025-07-10,U03573
2025-07-16,U03573
2025-05-17,U03574
2025-07-04,U03575
2025-07-08,U03575
2025-07-08,U03575
2025-07-09,U03575
2025-07-17,U03575
2025-07-19,U03575
2025-07-21,U03575
2025-07-22,U03575
2025-05-31,U03576
2025-06-01,U03576
2025-06-06,U03576
2025-06-06,U03576
2025-06-28,U03576
2025-05-28,U03577
2025-06-01,U03577
2025-06-02,U03577
2025-06-08,U03577
2025-06-12,U03577
2025-06-16,U03577
2025-06-20,U03577
2025-06-21,U03577
2025-06-23,U03577
2025-07-06,U03577
2025-06-21,U03578
2025-06-23,U03578
2025-06-28,U03578
2025-07-04,U03578
2025-07-06,U03578
2025-07-07,U03578
2025-07-12,U03578
2025-07-13,U03578
2025-07-13,U03578
2025-07-15,U03578
2025-07-15,U03579
2025-07-22,U03579
2025-07-24,U03579
2025-07-25,U03579
2025-07-27,U03579
2025-07-27,U03579
2025-07-29,U03579
2025-06-11,U03580
2025-06-26,U03581
2025-07-01,U03581
2025-07-15,U03581
2025-06-28,U03582
2025-07-13,U03583
2025-07-16,U03583
2025-07-23,U03583
2025-07-23,U03583
2025-07-26,U03583
2025-06-20,U03584
2025-06-22,U03584
2025-06-26,U03584
2025-07-03,U03584
2025-07-13,U03584
2025-07-15,U03584
2025-07-15,U03584
2025-07-17,U03584
2025-06-19,U03585
2025-06-22,U03585
2025-06-26,U03585
2025-06-26,U03585
2025-06-29,U03585
2025-07-07,U03585
2025-07-11,U03585
2025-07-12,U03585
2025-06-14,U03586
2025-06-29,U03586
2025-06-30,U03586
2025-07-06,U03586
2025-07-06,U03586
2025-07-14,U03586
2025-05-17,U03587
2025-06-18,U03588
2025-06-23,U03588
2025-06-26,U03588
2025-05-30,U03589
2025-06-10,U03589
2025-06-23,U03590
2025-06-28,U03590
2025-06-28,U03590
2025-07-02,U03590
2025-07-07,U03590
2025-07-07,U03590
2025-07-10,U03590
2025-07-12,U03590
2025-07-18,U03590
2025-06-28,U03591
2025-07-12,U03591
2025-07-18,U03592
2025-07-19,U03592
2025-07-22,U03592
2025-07-23,U03592
2025-07-24,U03592
2025-07-30,U03592
2025-07-31,U03592
2025-06-10,U03593
2025-06-18,U03593
2025-06-22,U03593
2025-06-27,U03593
2025-07-07,U03593
2025-07-09,U03593
2025-07-11,U03593
2025-05-17,U03594
2025-06-25,U03594
2025-07-09,U03595
2025-07-13,U03595
2025-07-16,U03595
2025-07-19,U03595
2025-07-19,U03595
2025-07-21,U03595
2025-07-24,U03595
2025-07-25,U03595
2025-07-26,U03595
2025-06-29,U03596
2025-07-01,U03596
2025-07-03,U03596
2025-07-03,U03596
2025-07-15,U03596
2025-07-18,U03596
2025-07-19,U03597
2025-07-22,U03597
2025-07-23,U03597
2025-07-26,U03597
2025-07-31,U03597
2025-07-26,U03598
2025-08-01,U03598
2025-05-18,U03599
2025-05-19,U03599
2025-05-20,U03599
2025-05-25,U03599
2025-06-04,U03599
2025-06-10,U03599
2025-06-24,U03599
2025-06-27,U03599
2025-06-09,U03600
2025-07-19,U03601
2025-07-30,U03601
2025-06-02,U03602
2025-06-08,U03602
2025-06-18,U03602
2025-06-19,U03602
2025-06-21,U03602
2025-06-30,U03602
2025-07-04,U03602
2025-07-07,U03602
2025-07-08,U03602
2025-07-09,U03603
2025-07-11,U03603
2025-07-12,U03603
2025-07-15,U03603
2025-07-16,U03603
2025-07-17,U03603
2025-07-17,U03603
2025-07-22,U03603
2025-07-24,U03603
2025-08-20,U03603
2025-05-26,U03604
2025-05-26,U03604
2025-06-12,U03604
2025-06-13,U03604
2025-06-29,U03604
2025-07-03,U03604
2025-07-05,U03604
2025-05-24,U03605
2025-06-18,U03606
2025-06-19,U03606
2025-07-02,U03606
2025-07-02,U03606
2025-07-03,U03606
2025-07-04,U03606
2025-07-05,U03606
2025-07-10,U03606
2025-07-15,U03606
2025-06-07,U03607
2025-06-11,U03607
2025-06-16,U03607
2025-07-23,U03608
2025-07-28,U03608
2025-07-30,U03608
2025-05-22,U03609
2025-05-27,U03609
2025-05-29,U03609
2025-05-30,U03609
2025-06-10,U03609
2025-06-12,U03609
2025-05-17,U03610
2025-08-21,U03610
2025-06-23,U03611
2025-06-27,U03611
2025-06-30,U03611
2025-07-06,U03611
2025-07-09,U03611
2025-07-13,U03611
2025-07-13,U03611
2025-07-15,U03611
2025-07-18,U03611
2025-05-17,U03612
2025-07-13,U03613
2025-07-13,U03613
2025-07-14,U03613
2025-07-14,U03613
2025-07-16,U03613
2025-07-17,U03613
2025-07-28,U03613
2025-07-28,U03613
2025-07-29,U03613
2025-06-15,U03614
2025-06-24,U03614
2025-07-05,U03614
2025-07-05,U03614
2025-07-14,U03614
2025-05-18,U03615
2025-05-20,U03615
2025-06-02,U03615
2025-06-15,U03615
2025-05-17,U03616
2025-07-04,U03617
2025-07-11,U03617
2025-07-16,U03617
2025-07-18,U03617
2025-07-19,U03617
2025-07-19,U03617
2025-07-20,U03617
2025-07-21,U03617
2025-06-14,U03618
2025-05-28,U03619
2025-05-22,U03620
2025-05-27,U03620
2025-05-30,U03620
2025-06-03,U03620
2025-06-18,U03620
2025-06-19,U03620
2025-05-17,U03621
2025-05-21,U03621
2025-05-17,U03622
2025-06-29,U03623
2025-07-01,U03623
2025-07-09,U03623
2025-07-15,U03623
2025-07-19,U03623
2025-07-15,U03624
2025-07-19,U03624
2025-07-24,U03624
2025-05-21,U03625
2025-05-26,U03625
2025-05-27,U03625
2025-06-06,U03625
2025-06-08,U03625
2025-06-14,U03625
2025-06-16,U03625
2025-06-21,U03625
2025-06-22,U03625
2025-07-01,U03625
2025-08-21,U03625
2025-06-03,U03626
2025-06-04,U03626
2025-06-06,U03626
2025-06-08,U03626
2025-06-14,U03626
2025-06-17,U03626
2025-06-28,U03626
2025-07-06,U03626
2025-06-23,U03627
2025-07-03,U03627
2025-07-16,U03627
2025-05-17,U03628
2025-05-19,U03628
2025-05-23,U03628
2025-06-08,U03628
2025-06-11,U03628
2025-06-21,U03628
2025-06-24,U03628
2025-07-05,U03629
2025-07-06,U03629
2025-07-06,U03629
2025-07-15,U03629
2025-07-18,U03629
2025-07-19,U03629
2025-07-20,U03629
2025-07-21,U03629
2025-07-24,U03629
2025-07-25,U03629
2025-06-11,U03630
2025-06-12,U03630
2025-06-26,U03630
2025-06-27,U03630
2025-06-28,U03630
2025-06-30,U03630
2025-06-30,U03630
2025-07-05,U03630
2025-07-08,U03630
2025-07-11,U03630
2025-06-23,U03631
2025-06-24,U03631
2025-06-25,U03631
2025-06-25,U03631
2025-06-27,U03631
2025-07-06,U03631
2025-07-09,U03631
2025-07-14,U03631
2025-07-19,U03631
2025-07-20,U03632
2025-07-21,U03632
2025-07-26,U03632
2025-07-15,U03633
2025-07-15,U03633
2025-07-21,U03633
2025-07-21,U03633
2025-07-22,U03633
2025-07-26,U03633
2025-07-28,U03633
2025-06-13,U03634
2025-06-22,U03634
2025-07-06,U03634
2025-07-13,U03634
2025-07-14,U03634
2025-06-01,U03635
2025-06-24,U03635
2025-07-12,U03636
2025-07-16,U03636
2025-07-19,U03636
2025-07-20,U03636
2025-07-21,U03636
2025-07-21,U03636
2025-07-26,U03636
2025-07-28,U03636
2025-07-04,U03637
2025-07-10,U03637
2025-07-19,U03637
2025-06-29,U03638
2025-07-21,U03638
2025-05-17,U03639
2025-08-16,U03639
2025-05-19,U03640
2025-05-22,U03640
2025-06-11,U03640
2025-06-15,U03640
2025-06-18,U03640
2025-07-09,U03641
2025-07-14,U03641
2025-07-15,U03641
2025-07-16,U03641
2025-07-16,U03641
2025-07-17,U03641
2025-07-19,U03641
2025-07-19,U03641
2025-07-23,U03641
2025-07-26,U03641
2025-06-21,U03642
2025-06-24,U03642
2025-07-03,U03642
2025-07-12,U03642
2025-06-09,U03643
2025-06-15,U03643
2025-06-22,U03643
2025-06-25,U03643
2025-06-29,U03643
2025-06-30,U03643
2025-07-12,U03643
2025-06-16,U03644
2025-06-20,U03644
2025-07-15,U03644
2025-07-09,U03645
2025-07-13,U03645
2025-07-20,U03645
2025-07-17,U03646
2025-07-18,U03646
2025-07-19,U03646
2025-07-19,U03646
2025-07-22,U03646
2025-07-26,U03647
2025-07-27,U03647
2025-07-28,U03647
2025-07-29,U03647
2025-07-30,U03647
2025-08-01,U03647
2025-05-19,U03648
2025-05-23,U03648
2025-06-25,U03649
2025-06-25,U03649
2025-06-26,U03649
2025-06-30,U03649
2025-07-05,U03649
2025-07-17,U03649
2025-05-23,U03650
2025-06-02,U03650
2025-06-10,U03650
2025-08-15,U03650
2025-07-13,U03651
2025-07-19,U03651
2025-07-21,U03651
2025-07-21,U03651
2025-07-22,U03651
2025-07-23,U03651
2025-07-26,U03651
2025-07-27,U03651
2025-07-12,U03652
2025-07-14,U03652
2025-07-17,U03652
2025-07-21,U03652
2025-07-25,U03652
2025-05-18,U03653
2025-05-22,U03653
2025-05-24,U03653
2025-06-05,U03653
2025-06-10,U03653
2025-06-13,U03653
2025-06-23,U03653
2025-06-27,U03653
2025-06-30,U03653
2025-06-28,U03654
2025-07-19,U03654
2025-07-04,U03655
2025-07-06,U03655
2025-07-14,U03655
2025-07-20,U03655
2025-07-24,U03655
2025-07-19,U03656
2025-07-21,U03656
2025-07-21,U03656
2025-07-23,U03656
2025-07-26,U03656
2025-07-26,U03656
2025-07-30,U03656
2025-06-11,U03657
2025-06-18,U03657
2025-06-20,U03657
2025-06-22,U03657
2025-06-23,U03657
2025-07-01,U03657
2025-07-03,U03657
2025-07-08,U03657
2025-07-12,U03657
2025-05-23,U03658
2025-06-04,U03658
2025-06-14,U03658
2025-06-21,U03658
2025-06-23,U03658
2025-06-24,U03658
2025-06-20,U03659
2025-06-22,U03659
2025-06-28,U03659
2025-05-24,U03660
2025-07-03,U03660
2025-05-30,U03661
2025-06-06,U03661
2025-06-12,U03661
2025-06-13,U03661
2025-06-26,U03661
2025-06-28,U03661
2025-07-06,U03661
2025-07-15,U03662
2025-07-16,U03662
2025-07-18,U03662
2025-07-24,U03662
2025-07-28,U03662
2025-06-23,U03663
2025-06-26,U03663
2025-07-02,U03663
2025-07-07,U03663
2025-07-08,U03663
2025-07-10,U03663
2025-07-12,U03663
2025-07-14,U03663
2025-07-15,U03663
2025-07-18,U03663
2025-06-04,U03664
2025-06-07,U03664
2025-06-21,U03664
2025-06-27,U03664
2025-06-28,U03664
2025-06-23,U03665
2025-06-27,U03665
2025-06-30,U03665
2025-07-06,U03665
2025-07-10,U03665
2025-07-10,U03665
2025-07-10,U03665
2025-07-17,U03665
2025-07-10,U03666
2025-07-11,U03666
2025-07-15,U03666
2025-07-18,U03666
2025-07-21,U03666
2025-07-23,U03666
2025-07-24,U03666
2025-06-11,U03667
2025-06-18,U03667
2025-06-19,U03667
2025-06-23,U03667
2025-06-24,U03667
2025-06-25,U03667
2025-07-13,U03667
2025-05-28,U03668
2025-05-29,U03668
2025-05-31,U03668
2025-06-02,U03668
2025-06-09,U03668
2025-06-20,U03668
2025-07-02,U03668
2025-06-10,U03669
2025-07-18,U03670
2025-07-19,U03670
2025-07-20,U03670
2025-07-22,U03670
2025-07-24,U03670
2025-07-29,U03670
2025-07-31,U03670
2025-06-03,U03671
2025-06-08,U03671
2025-06-14,U03671
2025-06-15,U03671
2025-06-17,U03671
2025-06-26,U03671
2025-05-18,U03672
2025-05-23,U03672
2025-05-27,U03672
2025-06-07,U03672
2025-06-15,U03673
2025-06-20,U03673
2025-06-22,U03673
2025-06-24,U03673
2025-07-11,U03673
2025-06-18,U03674
2025-07-14,U03674
2025-07-16,U03674
2025-06-19,U03675
2025-06-27,U03675
2025-06-28,U03675
2025-07-04,U03675
2025-07-08,U03675
2025-07-09,U03675
2025-07-17,U03675
2025-06-07,U03676
2025-07-01,U03676
2025-07-10,U03676
2025-05-19,U03677
2025-05-26,U03677
2025-05-27,U03677
2025-05-29,U03677
2025-05-29,U03677
2025-06-18,U03677
2025-06-27,U03677
2025-08-20,U03677
2025-07-18,U03678
2025-07-20,U03678
2025-07-24,U03678
2025-07-26,U03678
2025-07-28,U03678
2025-07-29,U03678
2025-07-29,U03678
2025-07-30,U03678
2025-07-18,U03679
2025-07-22,U03679
2025-07-23,U03679
2025-07-24,U03679
2025-07-24,U03679
2025-07-24,U03679
2025-07-26,U03679
2025-07-26,U03679
2025-07-31,U03679
2025-07-17,U03680
2025-07-20,U03680
2025-07-20,U03680
2025-07-21,U03680
2025-07-24,U03680
2025-07-25,U03680
2025-07-26,U03680
2025-05-29,U03681
2025-05-30,U03681
2025-06-12,U03681
2025-06-24,U03681
2025-06-25,U03681
2025-06-28,U03681
2025-07-01,U03681
2025-07-04,U03681
2025-05-24,U03682
2025-06-19,U03682
2025-07-19,U03683
2025-07-19,U03683
2025-07-20,U03683
2025-07-26,U03683
2025-07-27,U03683
2025-07-28,U03683
2025-07-29,U03683
2025-07-31,U03683
2025-06-09,U03684
2025-06-29,U03684
2025-06-24,U03685
2025-06-30,U03685
2025-06-30,U03685
2025-07-01,U03685
2025-07-13,U03685
2025-07-16,U03685
2025-07-16,U03685
2025-07-17,U03685
2025-05-17,U03686
2025-07-21,U03687
2025-07-22,U03687
2025-07-28,U03687
2025-07-29,U03687
2025-08-01,U03687
2025-06-28,U03688
2025-07-01,U03688
2025-07-04,U03688
2025-07-05,U03688
2025-07-07,U03688
2025-07-15,U03688
2025-07-16,U03688
2025-07-20,U03689
2025-07-20,U03689
2025-07-23,U03689
2025-07-24,U03689
2025-07-31,U03689
2025-05-20,U03690
2025-05-31,U03690
2025-06-01,U03690
2025-06-03,U03690
2025-05-17,U03691
2025-07-23,U03692
2025-07-27,U03692
2025-07-29,U03692
2025-05-20,U03693
2025-07-22,U03694
2025-07-26,U03694
2025-07-27,U03694
2025-07-30,U03694
2025-07-31,U03694
2025-08-01,U03694
2025-07-18,U03695
2025-07-21,U03695
2025-07-22,U03695
2025-07-22,U03695
2025-07-23,U03695
2025-07-25,U03695
2025-07-27,U03695
2025-07-28,U03695
2025-07-11,U03696
2025-07-11,U03696
2025-07-12,U03696
2025-07-14,U03696
2025-07-14,U03696
2025-07-15,U03696
2025-07-24,U03696
2025-07-28,U03696
2025-05-17,U03697
2025-06-10,U03698
2025-06-22,U03698
2025-07-21,U03699
2025-07-24,U03699
2025-07-09,U03700
2025-07-09,U03700
2025-07-10,U03700
2025-07-10,U03700
2025-07-13,U03700
2025-07-16,U03700
2025-07-22,U03700
2025-06-25,U03701
2025-07-01,U03701
2025-07-06,U03701
2025-07-09,U03701
2025-07-10,U03701
2025-07-15,U03701
2025-07-18,U03701
2025-05-21,U03702
2025-06-09,U03702
2025-08-21,U03702
2025-06-22,U03703
2025-06-24,U03703
2025-07-02,U03703
2025-07-09,U03703
2025-07-16,U03703
2025-07-01,U03704
2025-07-01,U03704
2025-07-09,U03704
2025-07-09,U03704
2025-07-12,U03704
2025-07-19,U03704
2025-07-20,U03704
2025-06-17,U03705
2025-06-23,U03705
2025-07-06,U03705
2025-07-07,U03705
2025-07-08,U03705
2025-07-09,U03705
2025-07-15,U03705
2025-07-16,U03705
2025-05-18,U03706
2025-05-30,U03706
2025-06-13,U03706
2025-06-14,U03706
2025-06-23,U03706
2025-06-29,U03706
2025-07-12,U03707
2025-07-12,U03707
2025-07-21,U03707
2025-08-15,U03707
2025-06-29,U03708
2025-07-02,U03708
2025-07-06,U03708
2025-07-08,U03708
2025-07-12,U03708
2025-07-19,U03708
2025-07-22,U03708
2025-06-22,U03709
2025-06-30,U03709
2025-07-08,U03709
2025-07-09,U03709
2025-07-13,U03709
2025-07-18,U03709
2025-07-19,U03710
2025-07-20,U03710
2025-07-23,U03710
2025-07-26,U03710
2025-07-26,U03710
2025-07-29,U03710
2025-07-30,U03710
2025-07-30,U03710
2025-07-31,U03710
2025-08-19,U03710
2025-06-09,U03711
2025-06-09,U03711
2025-06-13,U03711
2025-06-16,U03711
2025-06-22,U03711
2025-06-30,U03711
2025-06-30,U03711
2025-07-01,U03711
2025-07-03,U03711
2025-07-11,U03711
2025-06-04,U03712
2025-06-27,U03712
2025-06-11,U03713
2025-06-21,U03713
2025-06-27,U03713
2025-06-28,U03713
2025-07-12,U03713
2025-05-17,U03714
2025-08-21,U03714
2025-05-21,U03715
2025-05-22,U03715
2025-05-29,U03715
2025-06-11,U03715
2025-06-12,U03715
2025-06-14,U03715
2025-06-14,U03715
2025-06-21,U03715
2025-06-23,U03715
2025-06-25,U03715
2025-06-28,U03716
2025-07-01,U03716
2025-07-07,U03716
2025-07-08,U03716
2025-07-19,U03716
2025-07-20,U03716
2025-07-21,U03716
2025-08-20,U03716
2025-05-17,U03717
2025-06-06,U03718
2025-06-08,U03718
2025-06-10,U03718
2025-07-07,U03718
2025-07-08,U03718
2025-07-08,U03719
2025-07-11,U03719
2025-07-21,U03719
2025-07-21,U03719
2025-07-25,U03719
2025-05-17,U03720
2025-08-15,U03720
2025-06-23,U03721
2025-07-03,U03721
2025-07-17,U03721
2025-05-19,U03722
2025-05-23,U03722
2025-05-24,U03722
2025-05-25,U03722
2025-05-29,U03722
2025-06-04,U03722
2025-06-07,U03722
2025-06-12,U03722
2025-06-24,U03722
2025-06-21,U03723
2025-07-09,U03723
2025-06-30,U03724
2025-07-03,U03724
2025-07-22,U03724
2025-07-17,U03725
2025-07-31,U03725
2025-05-17,U03726
2025-05-20,U03726
2025-06-05,U03726
2025-06-13,U03726
2025-06-13,U03726
2025-06-20,U03726
2025-06-25,U03726
2025-06-21,U03727
2025-06-22,U03727
2025-06-27,U03727
2025-06-28,U03727
2025-07-01,U03727
2025-07-10,U03727
2025-07-15,U03727
2025-07-16,U03727
2025-06-25,U03728
2025-07-07,U03728
2025-07-07,U03728
2025-07-10,U03728
2025-07-12,U03728
2025-07-18,U03728
2025-07-18,U03728
2025-07-20,U03728
2025-08-20,U03728
2025-06-07,U03729
2025-06-07,U03729
2025-06-09,U03729
2025-06-10,U03729
2025-06-11,U03729
2025-06-13,U03729
2025-06-27,U03729
2025-07-02,U03729
2025-07-09,U03729
2025-07-11,U03729
2025-06-25,U03730
2025-07-07,U03730
2025-07-08,U03730
2025-07-10,U03730
2025-07-15,U03730
2025-07-19,U03730
2025-07-20,U03730
2025-07-13,U03731
2025-07-18,U03731
2025-07-18,U03731
2025-07-20,U03731
2025-07-23,U03731
2025-07-25,U03731
2025-07-29,U03731
2025-07-12,U03732
2025-07-15,U03732
2025-07-16,U03732
2025-07-17,U03732
2025-07-20,U03732
2025-07-23,U03732
2025-07-05,U03733
2025-07-16,U03733
2025-05-17,U03734
2025-07-09,U03735
2025-07-18,U03735
2025-07-18,U03735
2025-07-21,U03735
2025-07-21,U03735
2025-07-24,U03735
2025-06-11,U03736
2025-06-30,U03736
2025-07-02,U03737
2025-07-04,U03737
2025-07-05,U03737
2025-07-06,U03737
2025-07-08,U03737
2025-07-17,U03737
2025-07-21,U03737
2025-07-22,U03737
2025-07-01,U03738
2025-07-02,U03738
2025-07-22,U03738
2025-07-20,U03739
2025-07-20,U03739
2025-07-22,U03739
2025-07-22,U03739
2025-07-26,U03739
2025-07-29,U03739
2025-07-31,U03739
2025-08-01,U03739
2025-05-31,U03740
2025-06-11,U03740
2025-06-11,U03740
2025-06-15,U03740
2025-06-20,U03740
2025-07-02,U03740
2025-07-04,U03740
2025-06-11,U03741
2025-06-15,U03741
2025-06-16,U03741
2025-06-18,U03741
2025-06-20,U03741
2025-06-24,U03741
2025-06-24,U03741
2025-07-13,U03741
2025-05-18,U03742
2025-06-10,U03742
2025-08-19,U03742
2025-06-07,U03743
2025-06-11,U03743
2025-06-18,U03743
2025-06-25,U03743
2025-06-27,U03743
2025-06-30,U03743
2025-07-02,U03743
2025-07-08,U03743
2025-07-09,U03743
2025-06-15,U03744
2025-06-18,U03744
2025-06-20,U03744
2025-06-25,U03744
2025-06-26,U03744
2025-07-01,U03744
2025-07-01,U03744
2025-07-02,U03744
2025-07-11,U03744
2025-07-19,U03745
2025-07-20,U03745
2025-07-24,U03745
2025-07-25,U03745
2025-07-25,U03745
2025-07-31,U03745
2025-05-17,U03746
2025-06-06,U03747
2025-06-13,U03747
2025-06-24,U03747
2025-06-26,U03747
2025-07-05,U03747
2025-07-07,U03747
2025-07-09,U03747
2025-07-10,U03747
2025-05-17,U03748
2025-06-19,U03749
2025-06-23,U03749
2025-06-28,U03749
2025-07-04,U03749
2025-07-12,U03749
2025-07-14,U03749
2025-07-28,U03750
2025-07-29,U03750
2025-06-07,U03751
2025-06-10,U03751
2025-06-16,U03751
2025-06-17,U03751
2025-06-21,U03751
2025-06-23,U03751
2025-07-03,U03751
2025-07-06,U03751
2025-07-08,U03751
2025-07-09,U03751
2025-08-21,U03751
2025-05-20,U03752
2025-06-10,U03753
2025-06-15,U03753
2025-06-15,U03753
2025-06-19,U03753
2025-06-25,U03753
2025-06-25,U03753
2025-06-27,U03753
2025-06-29,U03753
2025-07-12,U03753
2025-07-08,U03754
2025-07-21,U03754
2025-07-25,U03754
2025-07-17,U03755
2025-07-20,U03755
2025-07-23,U03755
2025-07-31,U03755
2025-07-19,U03756
2025-07-21,U03756
2025-07-21,U03756
2025-07-21,U03756
2025-07-24,U03756
2025-07-26,U03756
2025-07-29,U03756
2025-07-31,U03756
2025-08-01,U03756
2025-05-24,U03757
2025-05-30,U03757
2025-06-05,U03757
2025-06-15,U03757
2025-06-30,U03757
2025-07-02,U03757
2025-07-03,U03757
2025-07-04,U03757
2025-07-08,U03758
2025-07-12,U03758
2025-07-21,U03758
2025-07-24,U03758
2025-05-26,U03759
2025-06-08,U03759
2025-06-16,U03759
2025-07-13,U03760
2025-07-14,U03760
2025-07-19,U03760
2025-07-23,U03760
2025-07-26,U03760
2025-07-29,U03760
2025-06-26,U03761
2025-06-28,U03761
2025-07-04,U03761
2025-07-04,U03761
2025-07-09,U03761
2025-07-10,U03761
2025-07-10,U03761
2025-07-14,U03761
2025-07-15,U03761
2025-07-19,U03761
2025-07-07,U03762
2025-07-10,U03762
2025-07-10,U03762
2025-07-15,U03762
2025-07-16,U03762
2025-07-25,U03762
2025-05-19,U03763
2025-05-23,U03763
2025-06-04,U03763
2025-06-17,U03763
2025-06-26,U03764
2025-06-29,U03764
2025-07-18,U03764
2025-06-15,U03765
2025-06-16,U03765
2025-06-16,U03765
2025-06-20,U03765
2025-06-21,U03765
2025-06-28,U03765
2025-07-02,U03765
2025-07-05,U03765
2025-07-10,U03765
2025-07-15,U03765
2025-05-18,U03766
2025-05-20,U03766
2025-05-22,U03766
2025-05-23,U03766
2025-05-29,U03766
2025-06-17,U03766
2025-06-19,U03766
2025-06-25,U03766
2025-06-29,U03766
2025-07-01,U03766
2025-07-01,U03767
2025-07-03,U03767
2025-07-05,U03767
2025-07-05,U03767
2025-07-07,U03767
2025-07-12,U03767
2025-07-16,U03767
2025-07-16,U03767
2025-07-21,U03767
2025-05-17,U03768
2025-05-17,U03769
2025-05-21,U03770
2025-05-27,U03770
2025-06-08,U03770
2025-05-19,U03771
2025-05-21,U03771
2025-06-08,U03771
2025-06-08,U03771
2025-06-23,U03771
2025-06-25,U03771
2025-06-20,U03772
2025-06-21,U03772
2025-06-22,U03772
2025-06-23,U03772
2025-06-25,U03772
2025-06-30,U03772
2025-07-01,U03772
2025-07-03,U03772
2025-07-12,U03772
2025-07-16,U03772
2025-05-17,U03773
2025-05-18,U03773
2025-05-27,U03773
2025-06-08,U03773
2025-07-17,U03774
2025-07-26,U03774
2025-07-26,U03774
2025-07-31,U03774
2025-06-25,U03775
2025-07-01,U03775
2025-07-16,U03775
2025-08-16,U03775
2025-07-18,U03776
2025-07-22,U03776
2025-07-23,U03776
2025-07-25,U03776
2025-07-29,U03776
2025-06-21,U03777
2025-07-02,U03777
2025-07-03,U03777
2025-07-03,U03777
2025-07-04,U03777
2025-07-06,U03777
2025-07-06,U03777
2025-07-11,U03777
2025-07-15,U03777
2025-06-12,U03778
2025-07-04,U03779
2025-07-05,U03779
2025-07-05,U03779
2025-07-07,U03779
2025-07-09,U03779
2025-07-15,U03779
2025-07-17,U03779
2025-07-20,U03779
2025-07-24,U03779
2025-06-17,U03780
2025-07-09,U03780
2025-07-10,U03780
2025-08-18,U03780
2025-05-20,U03781
2025-05-29,U03782
2025-06-08,U03782
2025-06-25,U03782
2025-07-04,U03782
2025-05-17,U03783
2025-05-17,U03784
2025-07-07,U03785
2025-07-09,U03785
2025-07-12,U03785
2025-07-14,U03785
2025-07-26,U03785
2025-08-19,U03785
2025-06-30,U03786
2025-07-01,U03786
2025-07-04,U03786
2025-07-08,U03786
2025-07-11,U03786
2025-07-22,U03786
2025-06-08,U03787
2025-06-09,U03787
2025-06-25,U03787
2025-07-01,U03787
2025-07-01,U03787
2025-07-02,U03787
2025-07-10,U03787
2025-06-22,U03788
2025-07-07,U03788
2025-07-19,U03789
2025-07-21,U03789
2025-07-23,U03789
2025-07-28,U03789
2025-07-28,U03789
2025-07-29,U03789
2025-07-31,U03789
2025-08-01,U03789
2025-06-12,U03790
2025-06-14,U03790
2025-06-29,U03790
2025-06-29,U03790
2025-06-30,U03790
2025-07-05,U03790
2025-07-12,U03790
2025-07-13,U03790
2025-05-24,U03791
2025-05-29,U03791
2025-06-17,U03791
2025-06-26,U03791
2025-06-26,U03792
2025-06-26,U03792
2025-06-27,U03792
2025-06-28,U03792
2025-07-03,U03792
2025-07-07,U03792
2025-07-14,U03792
2025-07-16,U03792
2025-07-20,U03792
2025-07-07,U03793
2025-07-07,U03793
2025-07-07,U03793
2025-07-15,U03793
2025-07-24,U03793
2025-07-26,U03793
2025-05-31,U03794
2025-06-08,U03794
2025-06-10,U03794
2025-06-13,U03794
2025-05-17,U03795
2025-05-20,U03796
2025-05-24,U03796
2025-05-26,U03796
2025-06-05,U03796
2025-06-12,U03796
2025-06-28,U03796
2025-07-02,U03796
2025-05-17,U03797
2025-05-27,U03798
2025-06-25,U03799
2025-07-02,U03799
2025-07-12,U03799
2025-06-26,U03800
2025-07-08,U03800
2025-07-09,U03801
2025-07-22,U03801
2025-05-21,U03802
2025-05-26,U03802
2025-05-30,U03802
2025-06-13,U03802
2025-06-14,U03802
2025-06-26,U03802
2025-07-07,U03803
2025-07-09,U03803
2025-07-10,U03803
2025-07-14,U03803
2025-07-18,U03803
2025-07-19,U03803
2025-07-17,U03804
2025-07-27,U03804
2025-07-29,U03804
2025-07-14,U03805
2025-07-20,U03805
2025-05-25,U03806
2025-05-28,U03806
2025-06-06,U03806
2025-05-17,U03807
2025-06-01,U03807
2025-06-06,U03807
2025-06-09,U03807
2025-06-12,U03807
2025-06-26,U03807
2025-06-27,U03807
2025-06-10,U03808
2025-06-15,U03808
2025-06-22,U03808
2025-06-22,U03808
2025-06-26,U03808
2025-07-04,U03808
2025-07-05,U03808
2025-07-09,U03808
2025-07-11,U03808
2025-05-27,U03809
2025-05-27,U03809
2025-05-30,U03809
2025-06-16,U03809
2025-06-16,U03809
2025-06-18,U03809
2025-06-27,U03809
2025-07-01,U03809
2025-06-27,U03810
2025-06-29,U03810
2025-07-08,U03810
2025-07-09,U03810
2025-07-10,U03810
2025-07-11,U03810
2025-07-14,U03810
2025-07-15,U03810
2025-07-17,U03810
2025-05-17,U03811
2025-07-07,U03812
2025-07-08,U03812
2025-07-11,U03812
2025-07-24,U03812
2025-05-29,U03813
2025-06-07,U03813
2025-07-11,U03814
2025-07-13,U03814
2025-07-14,U03814
2025-07-16,U03814
2025-07-22,U03814
2025-07-22,U03814
2025-07-27,U03814
2025-06-30,U03815
2025-07-09,U03815
2025-07-13,U03815
2025-07-15,U03815
2025-07-18,U03815
2025-07-22,U03815
2025-07-12,U03816
2025-07-27,U03816
2025-06-27,U03817
2025-07-05,U03817
2025-07-09,U03817
2025-07-12,U03817
2025-07-15,U03817
2025-07-18,U03817
2025-07-20,U03817
2025-06-03,U03818
2025-06-25,U03818
2025-06-29,U03818
2025-07-07,U03818
2025-07-14,U03819
2025-07-21,U03819
2025-07-28,U03819
2025-06-18,U03820
2025-07-03,U03820
2025-07-04,U03820
2025-07-08,U03820
2025-07-11,U03820
2025-07-12,U03820
2025-05-23,U03821
2025-05-25,U03821
2025-05-28,U03821
2025-06-15,U03822
2025-06-17,U03822
2025-06-19,U03822
2025-06-27,U03822
2025-06-30,U03822
2025-07-03,U03822
2025-07-04,U03822
2025-07-08,U03822
2025-07-09,U03822
2025-07-14,U03822
2025-06-03,U03823
2025-05-21,U03824
2025-05-23,U03824
2025-05-29,U03824
2025-06-18,U03824
2025-07-17,U03825
2025-07-25,U03825
2025-07-27,U03825
2025-07-31,U03825
2025-06-27,U03826
2025-06-29,U03826
2025-07-06,U03826
2025-07-14,U03826
2025-07-16,U03826
2025-07-18,U03826
2025-07-21,U03826
2025-08-21,U03826
2025-06-06,U03827
2025-07-01,U03827
2025-07-07,U03827
2025-07-16,U03828
2025-07-18,U03828
2025-07-21,U03828
2025-07-23,U03828
2025-07-24,U03828
2025-07-24,U03828
2025-07-25,U03828
2025-07-29,U03828
2025-05-24,U03829
2025-06-01,U03829
2025-06-06,U03829
2025-06-08,U03829
2025-06-19,U03829
2025-08-21,U03829
2025-06-18,U03830
2025-06-26,U03830
2025-07-13,U03830
2025-07-14,U03830
2025-07-01,U03831
2025-07-02,U03831
2025-07-03,U03831
2025-07-14,U03831
2025-07-14,U03831
2025-07-16,U03831
2025-07-20,U03831
2025-05-18,U03832
2025-05-29,U03832
2025-05-31,U03832
2025-06-02,U03832
2025-06-08,U03832
2025-06-14,U03832
2025-06-25,U03832
2025-06-13,U03833
2025-06-18,U03833
2025-06-22,U03833
2025-06-27,U03833
2025-06-29,U03833
2025-06-30,U03833
2025-07-12,U03833
2025-06-17,U03834
2025-07-02,U03834
2025-05-17,U03835
2025-05-25,U03836
2025-06-09,U03836
2025-06-10,U03836
2025-06-30,U03836
2025-07-04,U03836
2025-07-17,U03837
2025-07-20,U03837
2025-07-30,U03837
2025-05-24,U03838
2025-06-02,U03838
2025-06-07,U03838
2025-06-11,U03838
2025-06-11,U03838
2025-07-02,U03838
2025-07-04,U03838
2025-07-11,U03839
2025-07-17,U03839
2025-07-19,U03839
2025-07-19,U03839
2025-07-20,U03839
2025-07-21,U03839
2025-07-22,U03839
2025-07-26,U03839
2025-06-08,U03840
2025-06-24,U03840
2025-07-04,U03841
2025-07-12,U03841
2025-07-24,U03841
2025-05-29,U03842
2025-05-31,U03842
2025-06-02,U03842
2025-06-02,U03842
2025-06-07,U03842
2025-06-10,U03842
2025-06-12,U03842
2025-06-29,U03842
2025-06-30,U03842
2025-07-04,U03842
2025-07-11,U03843
2025-07-11,U03843
2025-07-14,U03843
2025-07-18,U03843
2025-07-23,U03843
2025-07-25,U03843
2025-07-28,U03843
2025-05-17,U03844
2025-06-07,U03844
2025-06-23,U03845
2025-07-03,U03845
2025-07-06,U03845
2025-07-08,U03845
2025-07-13,U03845
2025-07-18,U03845
2025-07-27,U03846
2025-08-01,U03846
2025-07-07,U03847
2025-07-09,U03847
2025-07-10,U03847
2025-07-13,U03847
2025-07-15,U03847
2025-07-15,U03847
2025-07-20,U03847
2025-07-24,U03847
2025-06-19,U03848
2025-06-24,U03848
2025-07-16,U03848
2025-06-30,U03849
2025-07-07,U03849
2025-07-14,U03849
2025-07-17,U03849
2025-07-21,U03849
2025-07-22,U03849
2025-07-07,U03850
2025-07-14,U03850
2025-07-17,U03850
2025-07-24,U03850
2025-07-25,U03850
2025-07-01,U03851
2025-07-07,U03851
2025-06-29,U03852
2025-07-03,U03852
2025-07-03,U03852
2025-07-05,U03852
2025-07-09,U03852
2025-07-11,U03852
2025-07-12,U03852
2025-07-13,U03852
2025-07-15,U03852
2025-07-21,U03852
2025-07-03,U03853
2025-07-05,U03853
2025-07-06,U03853
2025-07-13,U03853
2025-07-15,U03853
2025-07-23,U03853
2025-06-20,U03854
2025-07-02,U03854
2025-07-06,U03854
2025-07-11,U03854
2025-07-12,U03854
2025-07-18,U03855
2025-07-31,U03855
2025-07-12,U03856
2025-07-24,U03856
2025-07-27,U03856
2025-05-17,U03857
2025-07-24,U03858
2025-07-24,U03858
2025-07-28,U03858
2025-07-30,U03858
2025-07-31,U03858
2025-07-09,U03859
2025-07-13,U03859
2025-07-21,U03859
2025-07-25,U03859
2025-07-26,U03859
2025-07-04,U03860
2025-07-24,U03860
2025-05-21,U03861
2025-05-25,U03861
2025-05-30,U03861
2025-06-07,U03861
2025-06-14,U03861
2025-06-23,U03861
2025-05-19,U03862
2025-05-24,U03862
2025-05-28,U03862
2025-06-10,U03862
2025-06-12,U03862
2025-06-29,U03863
2025-07-10,U03863
2025-07-11,U03863
2025-07-15,U03863
2025-07-17,U03863
2025-07-19,U03863
2025-07-21,U03863
2025-05-20,U03864
2025-05-26,U03864
2025-06-06,U03865
2025-06-13,U03865
2025-06-14,U03865
2025-06-17,U03865
2025-06-30,U03865
2025-07-02,U03866
2025-07-06,U03866
2025-07-06,U03866
2025-07-10,U03866
2025-07-11,U03866
2025-07-14,U03866
2025-07-15,U03866
2025-07-18,U03866
2025-07-21,U03866
2025-06-26,U03867
2025-07-13,U03867
2025-07-15,U03867
2025-07-16,U03867
2025-07-17,U03867
2025-05-17,U03868
2025-05-26,U03869
2025-05-26,U03869
2025-05-28,U03869
2025-06-24,U03870
2025-07-01,U03870
2025-07-02,U03870
2025-07-09,U03870
2025-07-09,U03870
2025-07-12,U03870
2025-07-16,U03870
2025-07-18,U03870
2025-05-20,U03871
2025-06-11,U03871
2025-05-17,U03872
2025-07-19,U03873
2025-07-19,U03873
2025-07-20,U03873
2025-07-23,U03873
2025-07-24,U03873
2025-07-26,U03873
2025-07-27,U03873
2025-07-27,U03873
2025-07-31,U03873
2025-08-01,U03873
2025-06-18,U03874
2025-07-14,U03874
2025-07-09,U03875
2025-07-10,U03875
2025-07-12,U03875
2025-07-16,U03875
2025-07-18,U03875
2025-07-23,U03875
2025-07-19,U03876
2025-07-20,U03876
2025-07-20,U03876
2025-07-22,U03876
2025-07-23,U03876
2025-07-27,U03876
2025-07-27,U03876
2025-07-29,U03876
2025-07-30,U03876
2025-08-01,U03876
2025-08-16,U03876
2025-07-21,U03877
2025-07-21,U03877
2025-07-23,U03877
2025-07-28,U03877
2025-07-30,U03877
2025-05-20,U03878
2025-05-25,U03878
2025-05-25,U03878
2025-05-26,U03878
2025-05-26,U03878
2025-06-12,U03878
2025-06-15,U03878
2025-06-18,U03878
2025-06-21,U03878
2025-06-29,U03878
2025-06-22,U03879
2025-07-17,U03879
2025-07-20,U03880
2025-07-27,U03880
2025-08-01,U03880
2025-07-07,U03881
2025-07-09,U03881
2025-07-09,U03881
2025-07-14,U03881
2025-07-24,U03881
2025-05-25,U03882
2025-06-07,U03882
2025-06-10,U03882
2025-06-22,U03882
2025-07-04,U03882
2025-05-20,U03883
2025-05-26,U03884
2025-06-05,U03884
2025-06-06,U03884
2025-06-07,U03884
2025-06-13,U03884
2025-06-20,U03884
2025-06-27,U03884
2025-07-02,U03884
2025-07-03,U03884
2025-07-23,U03885
2025-07-24,U03885
2025-07-28,U03885
2025-08-01,U03885
2025-06-08,U03886
2025-06-30,U03886
2025-06-24,U03887
2025-07-18,U03887
2025-07-18,U03888
2025-07-25,U03888
2025-05-24,U03889
2025-05-29,U03889
2025-06-14,U03889
2025-06-30,U03889
2025-07-01,U03889
2025-07-12,U03890
2025-07-17,U03890
2025-07-24,U03890
2025-07-27,U03890
2025-07-25,U03891
2025-07-30,U03891
2025-05-17,U03892
2025-06-10,U03893
2025-06-18,U03893
2025-07-22,U03894
2025-07-23,U03894
2025-07-27,U03894
2025-07-28,U03894
2025-07-30,U03894
2025-07-30,U03894
2025-07-31,U03894
2025-06-11,U03895
2025-05-17,U03896
2025-05-26,U03897
2025-05-28,U03897
2025-07-07,U03898
2025-07-10,U03898
2025-07-16,U03898
2025-06-29,U03899
2025-07-14,U03899
2025-07-20,U03900
2025-07-25,U03900
2025-07-26,U03900
2025-07-27,U03900
2025-07-29,U03900
2025-07-30,U03900
2025-08-01,U03900
2025-05-30,U03901
2025-06-06,U03901
2025-06-12,U03901
2025-06-17,U03901
2025-06-18,U03901
2025-06-22,U03901
2025-07-07,U03901
2025-08-17,U03901
2025-06-18,U03902
2025-06-26,U03902
2025-06-26,U03902
2025-07-09,U03902
2025-07-09,U03902
2025-07-11,U03902
2025-07-12,U03902
2025-07-12,U03902
2025-07-16,U03902
2025-05-18,U03903
2025-05-18,U03903
2025-05-22,U03903
2025-06-04,U03903
2025-06-22,U03904
2025-07-01,U03905
2025-07-02,U03905
2025-07-16,U03905
2025-07-19,U03905
2025-07-23,U03905
2025-07-07,U03906
2025-07-25,U03906
2025-06-11,U03907
2025-06-15,U03907
2025-06-18,U03907
2025-07-06,U03907
2025-07-13,U03907
2025-07-03,U03908
2025-07-04,U03908
2025-07-10,U03908
2025-07-21,U03908
2025-07-24,U03908
2025-07-12,U03909
2025-07-14,U03909
2025-07-14,U03909
2025-07-15,U03909
2025-07-16,U03909
2025-07-17,U03909
2025-07-17,U03909
2025-07-18,U03909
2025-07-24,U03909
2025-07-25,U03909
2025-07-11,U03910
2025-07-12,U03910
2025-07-18,U03910
2025-07-20,U03910
2025-07-20,U03910
2025-07-23,U03910
2025-07-26,U03910
2025-05-17,U03911
2025-06-17,U03912
2025-06-22,U03912
2025-06-26,U03912
2025-06-29,U03912
2025-07-11,U03912
2025-06-14,U03913
2025-06-16,U03913
2025-06-25,U03913
2025-07-02,U03913
2025-07-09,U03913
2025-07-11,U03913
2025-07-12,U03913
2025-07-14,U03913
2025-05-21,U03914
2025-06-05,U03914
2025-06-09,U03914
2025-06-11,U03914
2025-06-14,U03915
2025-06-15,U03916
2025-07-04,U03916
2025-07-08,U03916
2025-06-24,U03917
2025-06-26,U03917
2025-06-30,U03917
2025-07-10,U03917
2025-07-12,U03917
2025-07-19,U03917
2025-05-20,U03918
2025-06-16,U03918
2025-05-17,U03919
2025-06-02,U03919
2025-06-05,U03919
2025-06-03,U03920
2025-06-09,U03920
2025-06-11,U03920
2025-05-26,U03921
2025-06-03,U03921
2025-06-07,U03922
2025-06-09,U03922
2025-06-11,U03922
2025-06-17,U03922
2025-07-05,U03922
2025-07-07,U03922
2025-07-11,U03922
2025-05-23,U03923
2025-06-08,U03923
2025-06-16,U03923
2025-06-19,U03924
2025-06-24,U03924
2025-07-10,U03924
2025-07-06,U03925
2025-07-24,U03925
2025-07-11,U03926
2025-07-12,U03926
2025-07-17,U03926
2025-07-17,U03926
2025-07-20,U03926
2025-07-22,U03926
2025-07-25,U03926
2025-07-27,U03926
2025-06-03,U03927
2025-06-21,U03927
2025-06-23,U03928
2025-06-24,U03928
2025-07-15,U03928
2025-07-21,U03929
2025-07-26,U03929
2025-05-31,U03930
2025-06-01,U03930
2025-06-15,U03930
2025-06-24,U03930
2025-07-01,U03930
2025-07-07,U03930
2025-06-12,U03931
2025-06-23,U03931
2025-06-28,U03931
2025-05-24,U03932
2025-05-30,U03932
2025-06-02,U03932
2025-06-05,U03932
2025-06-12,U03932
2025-06-22,U03932
2025-06-25,U03932
2025-06-29,U03932
2025-06-27,U03933
2025-06-29,U03933
2025-07-16,U03933
2025-07-16,U03933
2025-07-18,U03933
2025-07-21,U03933
2025-07-03,U03934
2025-07-12,U03934
2025-07-14,U03934
2025-07-21,U03934
2025-07-05,U03935
2025-07-06,U03935
2025-07-09,U03935
2025-07-12,U03935
2025-07-17,U03935
2025-07-18,U03935
2025-07-20,U03935
2025-07-25,U03935
2025-06-11,U03936
2025-06-13,U03936
2025-06-23,U03936
2025-06-26,U03936
2025-06-29,U03936
2025-07-03,U03936
2025-07-13,U03936
2025-06-08,U03937
2025-06-20,U03937
2025-06-22,U03937
2025-07-02,U03937
2025-07-10,U03937
2025-05-27,U03938
2025-06-03,U03938
2025-07-23,U03939
2025-07-24,U03939
2025-08-01,U03939
2025-06-22,U03940
2025-07-07,U03940
2025-07-09,U03940
2025-07-09,U03940
2025-07-10,U03940
2025-07-13,U03940
2025-07-15,U03940
2025-07-17,U03940
2025-07-17,U03940
2025-07-18,U03940
2025-07-09,U03941
2025-07-13,U03941
2025-07-13,U03941
2025-07-16,U03941
2025-07-17,U03941
2025-07-19,U03941
2025-07-20,U03941
2025-07-21,U03941
2025-07-21,U03941
2025-07-25,U03941
2025-08-19,U03941
2025-05-20,U03942
2025-05-21,U03942
2025-05-22,U03942
2025-06-08,U03942
2025-06-30,U03942
2025-06-30,U03942
2025-07-01,U03942
2025-07-13,U03943
2025-07-15,U03943
2025-07-16,U03943
2025-07-17,U03943
2025-07-17,U03943
2025-07-23,U03943
2025-07-24,U03943
2025-07-29,U03943
2025-05-19,U03944
2025-06-24,U03944
2025-06-30,U03944
2025-05-17,U03945
2025-07-17,U03946
2025-07-22,U03946
2025-07-27,U03946
2025-07-28,U03946
2025-05-24,U03947
2025-05-25,U03947
2025-07-17,U03948
2025-07-23,U03948
2025-07-27,U03948
2025-07-30,U03948
2025-07-31,U03948
2025-05-17,U03949
2025-07-15,U03950
2025-07-18,U03950
2025-07-23,U03950
2025-07-24,U03950
2025-07-28,U03950
2025-06-07,U03951
2025-06-17,U03951
2025-07-01,U03951
2025-07-03,U03951
2025-07-05,U03951
2025-06-23,U03952
2025-06-24,U03952
2025-06-26,U03952
2025-06-26,U03952
2025-07-10,U03952
2025-07-11,U03952
2025-07-18,U03952
2025-07-04,U03953
2025-07-07,U03953
2025-07-17,U03953
2025-07-20,U03953
2025-07-10,U03954
2025-07-17,U03954
2025-07-18,U03954
2025-07-18,U03954
2025-07-26,U03954
2025-07-27,U03954
2025-06-13,U03955
2025-06-15,U03955
2025-06-25,U03955
2025-07-10,U03955
2025-07-14,U03955
2025-06-05,U03956
2025-07-05,U03956
2025-07-21,U03957
2025-07-23,U03957
2025-07-28,U03957
2025-07-25,U03958
2025-07-27,U03958
2025-07-21,U03959
2025-07-30,U03959
2025-07-01,U03960
2025-07-04,U03960
2025-07-05,U03960
2025-07-05,U03960
2025-07-11,U03960
2025-07-12,U03960
2025-07-22,U03960
2025-08-18,U03960
2025-07-07,U03961
2025-07-09,U03961
2025-07-11,U03961
2025-07-15,U03961
2025-07-17,U03961
2025-07-19,U03961
2025-07-21,U03961
2025-07-25,U03961
2025-07-26,U03961
2025-06-12,U03962
2025-07-10,U03962
2025-05-18,U03963
2025-05-18,U03963
2025-05-24,U03963
2025-05-25,U03963
2025-06-01,U03963
2025-06-25,U03963
2025-06-27,U03963
2025-07-01,U03963
2025-06-12,U03964
2025-06-24,U03965
2025-07-08,U03965
2025-05-23,U03966
2025-05-26,U03966
2025-06-05,U03966
2025-06-17,U03966
2025-07-17,U03967
2025-07-24,U03967
2025-07-27,U03967
2025-08-21,U03967
2025-07-01,U03968
2025-07-04,U03968
2025-07-05,U03968
2025-07-18,U03968
2025-07-19,U03968
2025-07-22,U03968
2025-06-09,U03969
2025-06-19,U03969
2025-06-22,U03969
2025-07-18,U03970
2025-07-25,U03970
2025-07-25,U03970
2025-07-30,U03970
2025-07-16,U03971
2025-07-21,U03971
2025-07-23,U03971
2025-07-24,U03971
2025-07-27,U03971
2025-07-30,U03971
2025-06-27,U03972
2025-06-28,U03972
2025-07-11,U03972
2025-07-12,U03972
2025-07-14,U03972
2025-07-15,U03972
2025-07-17,U03972
2025-07-19,U03972
2025-07-20,U03972
2025-07-07,U03973
2025-07-08,U03973
2025-07-09,U03973
2025-07-19,U03973
2025-07-19,U03973
2025-07-26,U03973
2025-08-17,U03973
2025-05-22,U03974
2025-06-22,U03974
2025-07-05,U03975
2025-07-05,U03975
2025-07-14,U03975
2025-07-15,U03975
2025-07-19,U03975
2025-07-21,U03975
2025-07-21,U03975
2025-07-22,U03975
2025-07-01,U03976
2025-07-04,U03976
2025-07-04,U03976
2025-07-08,U03976
2025-07-13,U03976
2025-07-16,U03976
2025-07-16,U03976
2025-07-18,U03976
2025-07-23,U03976
2025-07-09,U03977
2025-07-16,U03977
2025-07-21,U03977
2025-06-04,U03978
2025-06-06,U03978
2025-06-07,U03978
2025-06-08,U03978
2025-06-23,U03978
2025-06-28,U03978
2025-06-30,U03978
2025-07-05,U03978
2025-07-07,U03978
2025-05-26,U03979
2025-05-26,U03979
2025-06-02,U03979
2025-06-05,U03979
2025-06-20,U03979
2025-06-25,U03979
2025-06-26,U03979
2025-07-03,U03979
2025-07-04,U03979
2025-05-29,U03980
2025-06-10,U03980
2025-06-19,U03980
2025-06-23,U03980
2025-06-27,U03980
2025-06-30,U03980
2025-07-06,U03980
2025-07-21,U03981
2025-07-25,U03981
2025-07-25,U03981
2025-07-27,U03981
2025-07-30,U03981
2025-07-12,U03982
2025-07-13,U03982
2025-07-16,U03982
2025-07-16,U03982
2025-07-20,U03982
2025-07-23,U03982
2025-07-27,U03982
2025-06-26,U03983
2025-06-27,U03983
2025-07-04,U03983
2025-07-05,U03983
2025-07-07,U03983
2025-07-10,U03983
2025-07-17,U03983
2025-07-18,U03983
2025-06-20,U03984
2025-06-21,U03984
2025-06-22,U03984
2025-06-24,U03984
2025-06-28,U03984
2025-07-02,U03984
2025-07-10,U03984
2025-07-14,U03984
2025-07-06,U03985
2025-07-08,U03985
2025-07-14,U03985
2025-07-17,U03985
2025-07-20,U03985
2025-07-22,U03985
2025-07-23,U03985
2025-07-24,U03985
2025-06-08,U03986
2025-06-15,U03986
2025-06-23,U03986
2025-07-07,U03986
2025-07-14,U03987
2025-07-17,U03987
2025-07-21,U03987
2025-07-21,U03987
2025-07-22,U03987
2025-07-23,U03987
2025-07-24,U03987
2025-07-27,U03987
2025-07-28,U03987
2025-07-24,U03988
2025-07-25,U03988
2025-07-31,U03988
2025-06-10,U03989
2025-06-13,U03989
2025-06-24,U03989
2025-07-11,U03989
2025-06-09,U03990
2025-06-22,U03990
2025-05-25,U03991
2025-05-27,U03991
2025-06-04,U03991
2025-06-06,U03991
2025-06-18,U03991
2025-05-18,U03992
2025-05-31,U03992
2025-06-03,U03992
2025-06-12,U03992
2025-06-24,U03992
2025-07-12,U03993
2025-07-15,U03993
2025-07-19,U03993
2025-07-23,U03993
2025-07-26,U03993
2025-07-26,U03993
2025-07-27,U03993
2025-07-28,U03993
2025-06-25,U03994
2025-07-03,U03994
2025-07-10,U03994
2025-07-16,U03994
2025-08-15,U03994
2025-05-31,U03995
2025-06-15,U03995
2025-06-15,U03995
2025-06-16,U03995
2025-06-20,U03995
2025-07-06,U03995
2025-07-07,U03995
2025-05-26,U03996
2025-06-23,U03997
2025-06-26,U03997
2025-07-13,U03997
2025-05-31,U03998
2025-06-08,U03998
2025-06-25,U03998
2025-05-20,U03999
2025-05-21,U03999
2025-07-07,U04000
2025-07-15,U04000
2025-07-15,U04000
2025-07-20,U04000
2025-07-20,U04000
2025-07-23,U04000
2025-07-25,U04000
2025-07-26,U04000
2025-05-22,U04001
2025-05-25,U04001
2025-06-06,U04001
2025-06-12,U04001
2025-06-13,U04001
2025-06-21,U04001
2025-05-28,U04002
2025-06-05,U04002
2025-06-10,U04002
2025-06-16,U04002
2025-06-17,U04002
2025-06-21,U04002
2025-06-29,U04002
2025-07-05,U04002
2025-07-15,U04003
2025-07-21,U04003
2025-07-25,U04003
2025-07-26,U04003
2025-07-27,U04003
2025-07-30,U04003
2025-07-09,U04004
2025-07-24,U04004
2025-06-27,U04005
2025-07-02,U04005
2025-07-15,U04005
2025-07-18,U04005
2025-05-24,U04006
2025-06-10,U04006
2025-06-12,U04006
2025-06-17,U04006
2025-06-21,U04006
2025-06-15,U04007
2025-06-28,U04007
2025-07-03,U04008
2025-07-04,U04008
2025-07-06,U04008
2025-07-13,U04008
2025-07-16,U04008
2025-07-20,U04008
2025-07-03,U04009
2025-07-05,U04009
2025-07-12,U04009
2025-07-13,U04009
2025-07-15,U04009
2025-07-21,U04009
2025-07-24,U04009
2025-07-17,U04010
2025-07-18,U04010
2025-07-21,U04010
2025-07-25,U04010
2025-07-30,U04010
2025-07-31,U04010
2025-05-18,U04011
2025-05-28,U04011
2025-08-20,U04011
2025-05-20,U04012
2025-05-23,U04012
2025-05-28,U04012
2025-06-07,U04012
2025-05-17,U04013
2025-06-26,U04013
2025-05-20,U04014
2025-05-24,U04014
2025-06-14,U04014
2025-06-15,U04014
2025-06-17,U04014
2025-08-21,U04014
2025-06-10,U04015
2025-06-13,U04015
2025-06-29,U04015
2025-06-30,U04015
2025-07-03,U04015
2025-07-07,U04015
2025-07-11,U04015
2025-07-12,U04015
2025-06-25,U04016
2025-07-02,U04016
2025-07-02,U04016
2025-07-04,U04016
2025-07-06,U04016
2025-07-09,U04016
2025-07-20,U04016
2025-05-19,U04017
2025-06-17,U04018
2025-06-21,U04018
2025-06-21,U04018
2025-06-22,U04018
2025-06-30,U04018
2025-06-30,U04018
2025-06-30,U04018
2025-07-04,U04018
2025-07-11,U04018
2025-05-17,U04019
2025-07-04,U04020
2025-07-07,U04020
2025-07-13,U04021
2025-07-19,U04021
2025-07-26,U04021
2025-07-09,U04022
2025-07-11,U04022
2025-07-13,U04022
2025-07-17,U04022
2025-07-18,U04022
2025-07-21,U04022
2025-07-22,U04022
2025-07-26,U04022
2025-07-27,U04022
2025-07-12,U04023
2025-07-24,U04023
2025-07-28,U04023
2025-07-14,U04024
2025-07-19,U04024
2025-07-19,U04024
2025-07-22,U04024
2025-07-22,U04024
2025-07-25,U04024
2025-07-27,U04024
2025-07-29,U04024
2025-06-01,U04025
2025-08-16,U04025
2025-05-30,U04026
2025-06-22,U04026
2025-06-01,U04027
2025-06-21,U04027
2025-06-21,U04027
2025-06-23,U04027
2025-05-24,U04028
2025-07-14,U04029
2025-07-14,U04029
2025-07-17,U04029
2025-07-28,U04029
2025-07-10,U04030
2025-07-26,U04030
2025-06-13,U04031
2025-06-17,U04031
2025-06-18,U04031
2025-06-29,U04031
2025-06-03,U04032
2025-06-07,U04032
2025-06-18,U04032
2025-06-27,U04032
2025-07-05,U04032
2025-07-01,U04033
2025-07-01,U04033
2025-07-04,U04033
2025-07-07,U04033
2025-07-07,U04033
2025-07-16,U04033
2025-07-17,U04033
2025-07-20,U04033
2025-07-23,U04033
2025-05-17,U04034
2025-07-20,U04035
2025-07-22,U04035
2025-07-25,U04035
2025-07-29,U04036
2025-07-30,U04036
2025-07-02,U04037
2025-07-04,U04037
2025-07-04,U04037
2025-07-07,U04037
2025-07-09,U04037
2025-07-10,U04037
2025-07-17,U04037
2025-07-17,U04037
2025-07-19,U04037
2025-07-22,U04037
2025-07-18,U04038
2025-07-19,U04038
2025-07-24,U04038
2025-06-19,U04039
2025-06-21,U04039
2025-06-22,U04039
2025-06-30,U04039
2025-07-03,U04039
2025-07-03,U04039
2025-07-06,U04039
2025-07-07,U04039
2025-07-13,U04039
2025-07-17,U04039
2025-06-22,U04040
2025-06-23,U04040
2025-06-23,U04040
2025-06-27,U04040
2025-07-02,U04040
2025-07-04,U04040
2025-07-06,U04040
2025-07-10,U04040
2025-07-13,U04040
2025-07-16,U04040
2025-05-17,U04041
2025-05-29,U04042
2025-06-15,U04042
2025-06-15,U04042
2025-06-18,U04042
2025-06-20,U04042
2025-06-20,U04043
2025-06-26,U04043
2025-07-01,U04043
2025-07-12,U04043
2025-07-13,U04043
2025-05-24,U04044
2025-06-10,U04045
2025-06-26,U04045
2025-07-01,U04045
2025-07-11,U04045
2025-07-12,U04045
2025-07-05,U04046
2025-07-08,U04046
2025-07-09,U04046
2025-07-21,U04046
2025-07-25,U04046
2025-05-19,U04047
2025-05-23,U04048
2025-06-17,U04048
2025-08-19,U04048
2025-05-24,U04049
2025-05-19,U04050
2025-05-23,U04050
2025-06-09,U04050
2025-06-17,U04050
2025-06-29,U04051
2025-07-09,U04051
2025-07-13,U04051
2025-07-20,U04051
2025-07-07,U04052
2025-07-10,U04052
2025-07-12,U04052
2025-07-13,U04052
2025-07-14,U04052
2025-07-18,U04052
2025-07-21,U04052
2025-07-23,U04052
2025-07-26,U04052
2025-06-20,U04053
2025-07-07,U04053
2025-07-05,U04054
2025-07-06,U04054
2025-07-12,U04054
2025-07-13,U04054
2025-07-17,U04054
2025-07-18,U04054
2025-07-20,U04054
2025-07-25,U04054
2025-07-11,U04055
2025-07-18,U04055
2025-06-07,U04056
2025-06-19,U04056
2025-07-07,U04056
2025-06-29,U04057
2025-07-06,U04057
2025-07-20,U04057
2025-07-21,U04057
2025-07-04,U04058
2025-07-07,U04058
2025-07-12,U04058
2025-07-14,U04058
2025-07-21,U04058
2025-07-22,U04058
2025-08-19,U04058
2025-06-07,U04059
2025-06-20,U04059
2025-06-01,U04060
2025-07-19,U04061
2025-07-30,U04061
2025-08-21,U04061
2025-07-04,U04062
2025-07-15,U04062
2025-07-20,U04062
2025-07-05,U04063
2025-07-06,U04063
2025-07-09,U04063
2025-07-10,U04063
2025-07-11,U04063
2025-07-17,U04063
2025-07-24,U04063
2025-05-27,U04064
2025-05-29,U04064
2025-06-05,U04064
2025-06-07,U04064
2025-06-13,U04064
2025-06-16,U04064
2025-06-19,U04064
2025-06-22,U04064
2025-06-25,U04064
2025-05-21,U04065
2025-05-25,U04065
2025-06-06,U04065
2025-06-11,U04065
2025-06-13,U04066
2025-06-14,U04066
2025-06-15,U04066
2025-05-17,U04067
2025-05-29,U04068
2025-06-04,U04068
2025-06-05,U04068
2025-06-06,U04068
2025-06-17,U04068
2025-06-28,U04068
2025-07-17,U04069
2025-07-26,U04069
2025-07-21,U04070
2025-07-26,U04070
2025-07-06,U04071
2025-07-06,U04071
2025-07-08,U04071
2025-07-11,U04071
2025-07-13,U04071
2025-07-13,U04071
2025-07-22,U04071
2025-07-25,U04071
2025-06-18,U04072
2025-06-24,U04072
2025-06-26,U04072
2025-07-11,U04072
2025-07-15,U04072
2025-07-16,U04072
2025-06-09,U04073
2025-06-14,U04073
2025-06-16,U04073
2025-07-04,U04073
2025-07-09,U04073
2025-07-11,U04073
2025-07-05,U04074
2025-07-08,U04074
2025-07-16,U04074
2025-07-19,U04074
2025-07-19,U04074
2025-07-25,U04074
2025-05-19,U04075
2025-05-29,U04075
2025-06-03,U04075
2025-06-19,U04075
2025-05-17,U04076
2025-06-20,U04077
2025-07-11,U04077
2025-05-26,U04078
2025-05-28,U04078
2025-05-29,U04078
2025-06-02,U04078
2025-06-20,U04078
2025-06-25,U04078
2025-07-04,U04078
2025-07-14,U04079
2025-07-15,U04079
2025-07-15,U04079
2025-07-15,U04079
2025-07-17,U04079
2025-07-22,U04079
2025-07-24,U04079
2025-07-27,U04079
2025-07-27,U04079
2025-07-29,U04079
2025-05-17,U04080
2025-07-01,U04081
2025-07-11,U04081
2025-07-05,U04082
2025-07-18,U04082
2025-07-24,U04083
2025-07-29,U04083
2025-07-30,U04083
2025-05-17,U04084
2025-06-15,U04084
2025-07-22,U04085
2025-07-29,U04085
2025-07-01,U04086
2025-07-02,U04086
2025-07-07,U04086
2025-07-10,U04086
2025-07-17,U04086
2025-07-17,U04086
2025-07-19,U04086
2025-06-17,U04087
2025-06-22,U04087
2025-06-24,U04087
2025-07-03,U04087
2025-07-04,U04087
2025-07-06,U04087
2025-07-10,U04087
2025-07-12,U04087
2025-07-13,U04087
2025-07-15,U04087
2025-06-23,U04088
2025-07-01,U04088
2025-07-03,U04088
2025-07-09,U04088
2025-07-11,U04088
2025-07-13,U04088
2025-07-16,U04088
2025-08-19,U04088
2025-07-14,U04089
2025-07-15,U04089
2025-07-16,U04089
2025-07-16,U04089
2025-07-18,U04089
2025-07-19,U04089
2025-07-23,U04089
2025-07-28,U04089
2025-07-19,U04090
2025-07-21,U04090
2025-07-23,U04090
2025-07-24,U04090
2025-07-24,U04090
2025-07-27,U04090
2025-07-28,U04090
2025-08-01,U04090
2025-05-18,U04091
2025-05-25,U04091
2025-06-19,U04091
2025-06-23,U04091
2025-06-23,U04091
2025-06-25,U04091
2025-06-27,U04091
2025-06-11,U04092
2025-06-16,U04092
2025-06-19,U04092
2025-06-24,U04092
2025-06-26,U04092
2025-07-07,U04092
2025-07-07,U04092
2025-07-11,U04092
2025-05-30,U04093
2025-06-06,U04093
2025-06-12,U04093
2025-06-16,U04093
2025-05-17,U04094
2025-05-23,U04094
2025-06-07,U04094
2025-06-15,U04094
2025-06-18,U04094
2025-06-19,U04095
2025-07-04,U04095
2025-07-12,U04095
2025-07-14,U04095
2025-07-15,U04095
2025-07-16,U04095
2025-07-17,U04095
2025-06-28,U04096
2025-06-29,U04096
2025-07-02,U04096
2025-07-03,U04096
2025-07-06,U04096
2025-07-06,U04096
2025-07-08,U04096
2025-07-11,U04096
2025-07-13,U04096
2025-07-21,U04096
2025-05-29,U04097
2025-05-29,U04097
2025-05-29,U04097
2025-06-03,U04097
2025-06-30,U04097
2025-05-26,U04098
2025-06-25,U04099
2025-07-03,U04099
2025-07-04,U04099
2025-07-13,U04099
2025-07-13,U04099
2025-07-20,U04099
2025-06-07,U04100
2025-06-11,U04100
2025-06-14,U04100
2025-07-01,U04100
2025-07-03,U04100
2025-07-04,U04100
2025-07-06,U04100
2025-07-13,U04101
2025-07-15,U04101
2025-07-24,U04101
2025-05-24,U04102
2025-06-07,U04102
2025-08-15,U04102
2025-07-18,U04103
2025-07-21,U04103
2025-07-21,U04103
2025-07-31,U04103
2025-06-10,U04104
2025-08-15,U04104
2025-07-20,U04105
2025-07-20,U04105
2025-07-21,U04105
2025-07-23,U04105
2025-07-28,U04105
2025-07-29,U04105
2025-07-29,U04105
2025-07-30,U04105
2025-07-31,U04105
2025-07-06,U04106
2025-07-07,U04106
2025-07-07,U04106
2025-07-14,U04106
2025-07-15,U04106
2025-07-21,U04106
2025-07-22,U04106
2025-07-22,U04106
2025-07-25,U04106
2025-05-17,U04107
2025-06-29,U04108
2025-07-05,U04108
2025-07-10,U04108
2025-07-11,U04108
2025-07-14,U04108
2025-07-16,U04108
2025-05-17,U04109
2025-05-26,U04110
2025-06-01,U04110
2025-06-14,U04110
2025-06-17,U04110
2025-05-23,U04111
2025-06-11,U04111
2025-06-13,U04111
2025-05-25,U04112
2025-05-31,U04112
2025-06-03,U04112
2025-06-06,U04112
2025-06-21,U04112
2025-07-15,U04113
2025-07-24,U04113
2025-07-28,U04113
2025-05-27,U04114
2025-06-02,U04114
2025-06-07,U04114
2025-06-14,U04114
2025-06-19,U04115
2025-06-20,U04115
2025-06-22,U04115
2025-06-23,U04115
2025-06-26,U04115
2025-06-30,U04115
2025-06-30,U04115
2025-07-02,U04115
2025-07-10,U04115
2025-07-17,U04115
2025-07-18,U04116
2025-07-19,U04116
2025-07-20,U04116
2025-07-20,U04116
2025-07-24,U04116
2025-07-24,U04116
2025-07-25,U04116
2025-07-28,U04116
2025-07-09,U04117
2025-07-10,U04117
2025-07-14,U04117
2025-07-17,U04117
2025-07-17,U04117
2025-07-22,U04117
2025-07-24,U04117
2025-07-27,U04117
2025-05-22,U04118
2025-06-02,U04118
2025-06-06,U04118
2025-06-14,U04118
2025-06-19,U04118
2025-06-22,U04118
2025-06-26,U04118
2025-05-20,U04119
2025-05-30,U04119
2025-06-03,U04119
2025-06-09,U04119
2025-06-13,U04119
2025-06-11,U04120
2025-06-22,U04120
2025-05-17,U04121
2025-06-16,U04122
2025-06-17,U04122
2025-06-19,U04122
2025-06-21,U04122
2025-06-23,U04122
2025-06-25,U04122
2025-07-07,U04122
2025-07-13,U04122
2025-07-14,U04122
2025-07-04,U04123
2025-07-08,U04123
2025-07-15,U04123
2025-07-18,U04123
2025-07-19,U04123
2025-07-19,U04123
2025-07-22,U04123
2025-07-03,U04124
2025-07-04,U04124
2025-07-19,U04124
2025-06-29,U04125
2025-06-30,U04125
2025-06-30,U04125
2025-07-01,U04125
2025-07-04,U04125
2025-07-06,U04125
2025-07-07,U04125
2025-07-17,U04125
2025-07-19,U04125
2025-07-20,U04125
2025-05-18,U04126
2025-05-18,U04126
2025-05-31,U04126
2025-06-14,U04126
2025-06-21,U04126
2025-06-21,U04126
2025-06-29,U04126
2025-07-22,U04127
2025-07-23,U04127
2025-07-24,U04127
2025-07-24,U04127
2025-07-27,U04127
2025-08-01,U04127
2025-05-17,U04128
2025-05-18,U04129
2025-07-19,U04130
2025-07-25,U04130
2025-07-28,U04130
2025-07-15,U04131
2025-07-19,U04131
2025-08-15,U04131
2025-05-23,U04132
2025-05-29,U04132
2025-06-04,U04132
2025-06-05,U04132
2025-06-17,U04133
2025-07-03,U04133
2025-07-16,U04133
2025-05-17,U04134
2025-05-23,U04134
2025-05-28,U04135
2025-06-06,U04135
2025-06-17,U04136
2025-07-01,U04136
2025-07-04,U04136
2025-07-04,U04136
2025-07-06,U04136
2025-07-07,U04136
2025-07-08,U04136
2025-07-14,U04136
2025-07-15,U04136
2025-06-03,U04137
2025-06-05,U04137
2025-06-14,U04137
2025-06-20,U04137
2025-06-21,U04137
2025-06-21,U04137
2025-06-24,U04137
2025-07-07,U04137
2025-05-17,U04138
2025-08-19,U04138
2025-07-05,U04139
2025-07-05,U04139
2025-07-06,U04139
2025-07-06,U04139
2025-07-08,U04139
2025-07-12,U04139
2025-07-19,U04139
2025-07-21,U04139
2025-07-24,U04139
2025-07-05,U04140
2025-07-09,U04140
2025-07-09,U04140
2025-07-11,U04140
2025-07-17,U04140
2025-07-24,U04140
2025-07-25,U04140
2025-05-31,U04141
2025-06-13,U04141
2025-06-18,U04141
2025-06-19,U04141
2025-06-23,U04141
2025-05-18,U04142
2025-07-13,U04143
2025-07-26,U04143
2025-06-14,U04144
2025-06-23,U04144
2025-07-11,U04144
2025-07-08,U04145
2025-07-08,U04145
2025-07-12,U04145
2025-07-16,U04145
2025-07-20,U04145
2025-07-21,U04145
2025-07-25,U04145
2025-05-25,U04146
2025-05-26,U04146
2025-06-07,U04146
2025-06-14,U04146
2025-06-26,U04146
2025-08-20,U04146
2025-05-17,U04147
2025-05-26,U04148
2025-06-30,U04148
2025-07-02,U04149
2025-07-02,U04149
2025-07-05,U04149
2025-07-07,U04149
2025-07-15,U04149
2025-07-20,U04149
2025-07-23,U04149
2025-06-06,U04150
2025-06-09,U04150
2025-06-19,U04150
2025-07-04,U04150
2025-07-09,U04150
2025-06-01,U04151
2025-06-01,U04151
2025-06-05,U04151
2025-06-05,U04151
2025-06-16,U04151
2025-06-26,U04151
2025-06-30,U04151
2025-07-05,U04151
2025-07-06,U04151
2025-07-07,U04151
2025-06-22,U04152
2025-06-26,U04152
2025-06-28,U04152
2025-07-01,U04152
2025-07-01,U04152
2025-07-13,U04152
2025-07-18,U04152
2025-06-14,U04153
2025-06-28,U04153
2025-07-02,U04153
2025-07-12,U04153
2025-07-13,U04153
2025-06-26,U04154
2025-06-27,U04154
2025-06-28,U04154
2025-07-01,U04154
2025-07-02,U04154
2025-07-12,U04154
2025-07-20,U04154
2025-07-14,U04155
2025-07-24,U04155
2025-06-29,U04156
2025-07-02,U04156
2025-07-10,U04156
2025-07-13,U04156
2025-07-14,U04156
2025-07-15,U04156
2025-07-18,U04156
2025-07-21,U04156
2025-05-17,U04157
2025-06-23,U04158
2025-06-23,U04158
2025-06-25,U04158
2025-06-26,U04158
2025-07-01,U04158
2025-07-03,U04158
2025-07-15,U04158
2025-07-16,U04158
2025-07-19,U04158
2025-05-28,U04159
2025-06-16,U04159
2025-06-26,U04159
2025-06-27,U04159
2025-06-15,U04160
2025-06-16,U04160
2025-06-21,U04160
2025-06-26,U04160
2025-06-30,U04160
2025-07-14,U04160
2025-05-27,U04161
2025-06-04,U04161
2025-07-16,U04162
2025-07-20,U04162
2025-07-19,U04163
2025-07-20,U04163
2025-07-23,U04163
2025-07-25,U04163
2025-07-26,U04163
2025-07-28,U04163
2025-07-29,U04163
2025-07-31,U04163
2025-05-24,U04164
2025-07-11,U04165
2025-07-12,U04165
2025-07-18,U04165
2025-07-21,U04165
2025-07-23,U04165
2025-07-24,U04165
2025-07-25,U04165
2025-07-27,U04165
2025-07-28,U04165
2025-06-28,U04166
2025-06-29,U04166
2025-06-29,U04166
2025-07-03,U04166
2025-07-04,U04166
2025-07-05,U04166
2025-07-11,U04166
2025-07-20,U04166
2025-07-21,U04166
2025-06-02,U04167
2025-06-27,U04167
2025-05-25,U04168
2025-05-26,U04168
2025-05-26,U04168
2025-06-04,U04168
2025-06-13,U04168
2025-06-14,U04168
2025-06-14,U04168
2025-06-18,U04168
2025-06-21,U04168
2025-07-03,U04168
2025-07-02,U04169
2025-07-06,U04169
2025-07-11,U04169
2025-07-19,U04169
2025-06-01,U04170
2025-06-16,U04170
2025-06-21,U04170
2025-06-23,U04170
2025-06-26,U04170
2025-06-26,U04170
2025-06-27,U04170
2025-06-29,U04170
2025-07-04,U04170
2025-07-08,U04170
2025-05-17,U04171
2025-07-01,U04172
2025-07-02,U04172
2025-07-04,U04172
2025-07-05,U04172
2025-07-07,U04172
2025-07-08,U04172
2025-07-13,U04172
2025-07-21,U04172
2025-07-21,U04172
2025-07-22,U04172
2025-07-23,U04173
2025-07-26,U04173
2025-07-28,U04173
2025-07-29,U04173
2025-07-30,U04173
2025-07-31,U04173
2025-08-01,U04173
2025-07-18,U04174
2025-07-21,U04174
2025-07-28,U04174
2025-06-30,U04175
2025-07-05,U04175
2025-07-20,U04175
2025-06-28,U04176
2025-07-02,U04176
2025-07-08,U04176
2025-07-18,U04176
2025-05-17,U04177
2025-05-18,U04178
2025-06-01,U04178
2025-06-07,U04178
2025-06-08,U04178
2025-06-13,U04178
2025-05-23,U04179
2025-06-03,U04179
2025-06-04,U04179
2025-06-05,U04179
2025-06-09,U04179
2025-06-10,U04179
2025-06-12,U04179
2025-06-30,U04179
2025-05-17,U04180
2025-06-29,U04181
2025-06-30,U04181
2025-07-02,U04181
2025-07-03,U04181
2025-07-07,U04181
2025-07-13,U04181
2025-07-13,U04181
2025-07-18,U04181
2025-07-20,U04181
2025-05-24,U04182
2025-06-01,U04182
2025-06-07,U04182
2025-06-28,U04182
2025-05-25,U04183
2025-05-30,U04183
2025-06-10,U04183
2025-06-13,U04183
2025-05-23,U04184
2025-06-11,U04184
2025-06-13,U04184
2025-06-27,U04184
2025-06-28,U04184
2025-06-28,U04184
2025-07-03,U04184
2025-08-15,U04184
2025-05-23,U04185
2025-05-29,U04185
2025-06-04,U04185
2025-06-20,U04185
2025-06-29,U04185
2025-07-02,U04185
2025-05-22,U04186
2025-06-14,U04186
2025-06-15,U04186
2025-06-05,U04187
2025-07-01,U04187
2025-05-29,U04188
2025-06-23,U04188
2025-07-02,U04188
2025-07-03,U04188
2025-06-13,U04189
2025-06-22,U04189
2025-06-23,U04189
2025-06-24,U04189
2025-07-05,U04189
2025-07-09,U04189
2025-07-11,U04189
2025-07-01,U04190
2025-07-06,U04190
2025-07-12,U04190
2025-07-16,U04190
2025-07-20,U04190
2025-06-30,U04191
2025-07-16,U04191
2025-07-20,U04191
2025-07-22,U04191
2025-07-03,U04192
2025-07-06,U04192
2025-07-08,U04192
2025-07-10,U04192
2025-07-12,U04192
2025-07-18,U04192
2025-07-20,U04192
2025-07-23,U04192
2025-07-24,U04192
2025-05-22,U04193
2025-06-03,U04193
2025-06-04,U04193
2025-06-11,U04193
2025-07-14,U04194
2025-07-14,U04194
2025-07-15,U04194
2025-07-17,U04194
2025-07-21,U04194
2025-07-23,U04194
2025-07-27,U04194
2025-05-29,U04195
2025-06-27,U04195
2025-05-28,U04196
2025-06-03,U04196
2025-06-04,U04196
2025-06-09,U04196
2025-06-22,U04196
2025-06-29,U04196
2025-07-05,U04196
2025-07-06,U04197
2025-07-07,U04197
2025-07-07,U04197
2025-07-11,U04197
2025-07-18,U04197
2025-07-21,U04197
2025-07-25,U04197
2025-05-31,U04198
2025-06-08,U04198
2025-06-13,U04198
2025-06-29,U04198
2025-05-24,U04199
2025-05-25,U04199
2025-05-25,U04199
2025-05-30,U04199
2025-06-02,U04199
2025-06-10,U04199
2025-06-12,U04199
2025-07-06,U04200
2025-07-25,U04200
2025-05-17,U04201
2025-06-08,U04202
2025-06-09,U04202
2025-06-12,U04202
2025-06-16,U04202
2025-06-26,U04202
2025-07-07,U04202
2025-07-09,U04202
2025-06-15,U04203
2025-07-09,U04203
2025-07-12,U04203
2025-07-22,U04204
2025-07-23,U04204
2025-07-31,U04204
2025-07-05,U04205
2025-07-05,U04205
2025-07-07,U04205
2025-07-08,U04205
2025-07-08,U04205
2025-07-12,U04205
2025-07-14,U04205
2025-07-22,U04205
2025-07-25,U04205
2025-05-17,U04206
2025-05-18,U04206
2025-05-27,U04206
2025-06-19,U04206
2025-07-10,U04207
2025-07-13,U04207
2025-07-15,U04207
2025-07-17,U04207
2025-07-18,U04207
2025-07-22,U04207
2025-07-22,U04207
2025-07-26,U04207
2025-06-27,U04208
2025-06-29,U04208
2025-07-01,U04208
2025-07-06,U04208
2025-07-06,U04208
2025-07-09,U04208
2025-07-20,U04208
2025-07-12,U04209
2025-07-27,U04209
2025-06-16,U04210
2025-07-01,U04210
2025-07-03,U04210
2025-07-09,U04210
2025-07-11,U04210
2025-07-14,U04210
2025-07-12,U04211
2025-07-12,U04211
2025-07-18,U04211
2025-07-19,U04211
2025-07-21,U04211
2025-07-22,U04211
2025-07-22,U04211
2025-07-24,U04211
2025-07-26,U04211
2025-06-21,U04212
2025-06-23,U04212
2025-06-28,U04212
2025-06-30,U04212
2025-07-01,U04212
2025-07-07,U04212
2025-07-08,U04212
2025-07-15,U04212
2025-07-15,U04212
2025-07-18,U04212
2025-06-07,U04213
2025-06-13,U04213
2025-06-17,U04213
2025-07-05,U04213
2025-07-21,U04214
2025-07-24,U04214
2025-07-25,U04214
2025-07-25,U04214
2025-08-01,U04214
2025-07-15,U04215
2025-07-22,U04215
2025-07-22,U04215
2025-07-22,U04215
2025-07-22,U04215
2025-07-22,U04215
2025-07-23,U04215
2025-07-28,U04215
2025-07-29,U04215
2025-06-03,U04216
2025-05-17,U04217
2025-06-19,U04218
2025-06-20,U04218
2025-06-22,U04218
2025-06-29,U04218
2025-07-04,U04218
2025-07-05,U04218
2025-07-11,U04218
2025-07-13,U04218
2025-07-14,U04218
2025-07-17,U04218
2025-06-29,U04219
2025-07-01,U04219
2025-07-04,U04219
2025-07-06,U04219
2025-07-09,U04219
2025-07-11,U04219
2025-07-12,U04219
2025-07-22,U04219
2025-07-09,U04220
2025-07-11,U04220
2025-07-21,U04220
2025-07-23,U04220
2025-05-17,U04221
2025-07-08,U04222
2025-07-19,U04222
2025-07-21,U04222
2025-07-25,U04222
2025-06-27,U04223
2025-06-30,U04223
2025-07-01,U04223
2025-07-07,U04223
2025-07-10,U04223
2025-07-12,U04223
2025-07-16,U04223
2025-07-21,U04223
2025-07-05,U04224
2025-07-18,U04224
2025-07-20,U04224
2025-07-08,U04225
2025-07-20,U04225
2025-06-08,U04226
2025-06-13,U04226
2025-06-14,U04226
2025-06-20,U04226
2025-06-29,U04226
2025-07-05,U04226
2025-07-06,U04226
2025-05-17,U04227
2025-06-18,U04227
2025-06-20,U04227
2025-06-30,U04227
2025-05-21,U04228
2025-05-26,U04228
2025-05-26,U04228
2025-06-03,U04228
2025-06-09,U04229
2025-06-09,U04229
2025-06-15,U04229
2025-06-23,U04229
2025-06-25,U04229
2025-07-06,U04229
2025-07-07,U04229
2025-08-19,U04229
2025-05-17,U04230
2025-08-15,U04230
2025-07-24,U04231
2025-07-29,U04231
2025-08-01,U04231
2025-07-04,U04232
2025-07-05,U04232
2025-07-07,U04232
2025-07-08,U04232
2025-07-17,U04232
2025-07-19,U04232
2025-07-23,U04232
2025-06-18,U04233
2025-06-29,U04233
2025-08-16,U04233
2025-07-09,U04234
2025-07-21,U04234
2025-07-21,U04234
2025-07-25,U04234
2025-07-27,U04234
2025-05-17,U04235
2025-07-17,U04236
2025-07-18,U04236
2025-07-21,U04236
2025-07-25,U04236
2025-07-26,U04236
2025-05-27,U04237
2025-06-01,U04237
2025-06-03,U04237
2025-06-12,U04237
2025-06-20,U04237
2025-08-21,U04237
2025-06-14,U04238
2025-06-14,U04238
2025-06-16,U04238
2025-06-29,U04238
2025-07-01,U04238
2025-07-06,U04238
2025-07-06,U04238
2025-07-09,U04238
2025-07-10,U04238
2025-07-11,U04238
2025-05-18,U04239
2025-06-13,U04239
2025-06-21,U04240
2025-06-27,U04240
2025-07-03,U04240
2025-07-06,U04240
2025-07-10,U04240
2025-07-17,U04240
2025-06-02,U04241
2025-06-24,U04241
2025-07-03,U04241
2025-06-05,U04242
2025-06-25,U04242
2025-06-03,U04243
2025-06-14,U04243
2025-07-08,U04243
2025-07-11,U04244
2025-07-26,U04244
2025-07-14,U04245
2025-07-16,U04245
2025-07-17,U04245
2025-07-19,U04245
2025-07-20,U04245
2025-07-21,U04245
2025-07-24,U04245
2025-07-24,U04245
2025-07-24,U04245
2025-07-29,U04245
2025-07-16,U04246
2025-07-21,U04246
2025-05-17,U04247
2025-05-26,U04247
2025-05-27,U04247
2025-05-30,U04247
2025-06-30,U04248
2025-07-04,U04248
2025-07-05,U04248
2025-07-08,U04248
2025-07-15,U04248
2025-07-15,U04248
2025-07-22,U04248
2025-07-13,U04249
2025-07-15,U04249
2025-07-18,U04249
2025-07-24,U04249
2025-07-25,U04249
2025-07-26,U04249
2025-07-27,U04249
2025-07-28,U04249
2025-07-29,U04249
2025-06-06,U04250
2025-06-13,U04250
2025-06-20,U04250
2025-07-10,U04250
2025-06-28,U04251
2025-07-05,U04251
2025-07-16,U04251
2025-05-30,U04252
2025-06-05,U04252
2025-05-27,U04253
2025-06-06,U04253
2025-06-14,U04253
2025-06-19,U04253
2025-07-19,U04254
2025-07-28,U04254
2025-05-17,U04255
2025-05-26,U04255
2025-06-11,U04255
2025-07-05,U04256
2025-07-24,U04256
2025-08-19,U04256
2025-07-07,U04257
2025-07-10,U04257
2025-07-10,U04257
2025-07-12,U04257
2025-07-18,U04257
2025-07-19,U04257
2025-07-19,U04257
2025-07-25,U04257
2025-07-10,U04258
2025-07-11,U04258
2025-07-22,U04258
2025-07-23,U04258
2025-07-25,U04258
2025-07-26,U04258
2025-07-27,U04258
2025-07-15,U04259
2025-07-18,U04259
2025-07-20,U04259
2025-07-21,U04259
2025-07-21,U04259
2025-07-23,U04259
2025-07-24,U04259
2025-07-24,U04259
2025-07-30,U04259
2025-05-25,U04260
2025-05-26,U04260
2025-05-29,U04260
2025-06-18,U04260
2025-07-19,U04261
2025-07-23,U04261
2025-07-26,U04261
2025-07-29,U04261
2025-07-30,U04261
2025-07-30,U04261
2025-07-30,U04261
2025-08-01,U04261
2025-06-14,U04262
2025-06-19,U04262
2025-08-16,U04262
2025-05-22,U04263
2025-05-25,U04263
2025-06-02,U04263
2025-06-06,U04263
2025-06-13,U04263
2025-07-19,U04264
2025-07-19,U04264
2025-07-21,U04264
2025-07-23,U04264
2025-07-25,U04264
2025-07-31,U04264
2025-07-31,U04264
2025-07-31,U04264
2025-08-01,U04264
2025-06-03,U04265
2025-07-19,U04266
2025-07-29,U04266
2025-07-31,U04266
2025-07-19,U04267
2025-07-21,U04267
2025-07-21,U04267
2025-07-25,U04267
2025-07-26,U04267
2025-07-27,U04267
2025-07-27,U04267
2025-07-30,U04267
2025-07-31,U04267
2025-08-01,U04267
2025-06-18,U04268
2025-06-19,U04268
2025-06-22,U04268
2025-06-22,U04268
2025-06-24,U04268
2025-06-30,U04268
2025-07-14,U04268
2025-07-16,U04268
2025-06-18,U04269
2025-06-23,U04269
2025-06-24,U04269
2025-07-03,U04269
2025-07-09,U04269
2025-07-14,U04269
2025-05-18,U04270
2025-05-21,U04270
2025-05-25,U04270
2025-05-25,U04270
2025-06-28,U04270
2025-05-17,U04271
2025-05-24,U04272
2025-06-14,U04272
2025-06-29,U04272
2025-06-30,U04272
2025-06-27,U04273
2025-06-29,U04273
2025-06-30,U04273
2025-06-30,U04273
2025-07-07,U04273
2025-07-14,U04273
2025-07-14,U04273
2025-07-18,U04273
2025-07-07,U04274
2025-07-10,U04274
2025-07-10,U04274
2025-07-15,U04274
2025-07-22,U04274
2025-07-24,U04274
2025-07-24,U04274
2025-07-25,U04274
2025-06-28,U04275
2025-07-05,U04275
2025-07-08,U04275
2025-07-16,U04275
2025-05-22,U04276
2025-05-25,U04276
2025-05-26,U04276
2025-06-05,U04276
2025-06-11,U04276
2025-06-22,U04276
2025-05-17,U04277
2025-06-04,U04278
2025-06-05,U04278
2025-07-05,U04278
2025-07-05,U04278
2025-07-06,U04278
2025-06-07,U04279
2025-06-19,U04279
2025-06-22,U04279
2025-06-23,U04279
2025-06-23,U04279
2025-06-24,U04279
2025-06-30,U04279
2025-07-02,U04279
2025-07-02,U04279
2025-07-11,U04279
2025-05-24,U04280
2025-05-24,U04280
2025-06-04,U04280
2025-06-30,U04280
2025-05-18,U04281
2025-06-11,U04282
2025-08-18,U04282
2025-07-14,U04283
2025-07-18,U04283
2025-07-25,U04283
2025-07-25,U04283
2025-07-26,U04283
2025-07-27,U04283
2025-05-20,U04284
2025-05-20,U04284
2025-05-25,U04284
2025-05-31,U04284
2025-06-07,U04284
2025-06-18,U04284
2025-07-13,U04285
2025-07-13,U04285
2025-07-17,U04285
2025-07-25,U04285
2025-07-27,U04285
2025-07-29,U04285
2025-08-19,U04285
2025-07-12,U04286
2025-07-15,U04286
2025-07-17,U04286
2025-07-17,U04286
2025-07-22,U04286
2025-07-23,U04286
2025-07-28,U04286
2025-06-27,U04287
2025-06-28,U04287
2025-07-03,U04287
2025-07-07,U04287
2025-07-16,U04287
2025-07-17,U04287
2025-07-09,U04288
2025-07-11,U04288
2025-07-13,U04288
2025-07-19,U04288
2025-05-20,U04289
2025-05-22,U04289
2025-07-18,U04290
2025-07-19,U04290
2025-07-23,U04290
2025-07-25,U04290
2025-07-27,U04290
2025-07-28,U04290
2025-07-29,U04290
2025-07-30,U04290
2025-06-25,U04291
2025-07-06,U04291
2025-07-06,U04291
2025-07-09,U04291
2025-07-14,U04291
2025-07-16,U04291
2025-06-28,U04292
2025-06-29,U04292
2025-07-04,U04292
2025-07-04,U04292
2025-07-13,U04292
2025-05-28,U04293
2025-08-15,U04293
2025-07-18,U04294
2025-07-20,U04294
2025-07-21,U04294
2025-07-22,U04294
2025-07-22,U04294
2025-07-23,U04294
2025-07-25,U04294
2025-07-26,U04294
2025-07-28,U04294
2025-07-31,U04294
2025-07-26,U04295
2025-07-30,U04295
2025-06-17,U04296
2025-07-12,U04296
2025-06-30,U04297
2025-07-06,U04297
2025-07-15,U04297
2025-07-18,U04297
2025-06-27,U04298
2025-07-07,U04298
2025-07-08,U04298
2025-07-08,U04298
2025-07-21,U04298
2025-05-17,U04299
2025-06-27,U04300
2025-06-27,U04300
2025-06-28,U04300
2025-07-19,U04300
2025-08-20,U04300
2025-06-18,U04301
2025-06-26,U04301
2025-07-03,U04301
2025-07-16,U04301
2025-05-25,U04302
2025-06-03,U04302
2025-06-04,U04302
2025-06-11,U04302
2025-06-15,U04302
2025-06-22,U04302
2025-06-27,U04302
2025-07-02,U04302
2025-07-12,U04303
2025-07-25,U04303
2025-07-11,U04304
2025-07-15,U04304
2025-07-19,U04304
2025-07-24,U04304
2025-07-25,U04304
2025-07-26,U04304
2025-07-28,U04304
2025-08-20,U04304
2025-07-11,U04305
2025-07-21,U04305
2025-07-22,U04305
2025-07-26,U04305
2025-07-27,U04305
2025-06-30,U04306
2025-06-30,U04306
2025-07-03,U04306
2025-07-11,U04306
2025-07-12,U04306
2025-06-08,U04307
2025-06-23,U04307
2025-06-25,U04307
2025-07-05,U04307
2025-05-19,U04308
2025-07-14,U04309
2025-07-16,U04309
2025-07-18,U04309
2025-07-19,U04309
2025-07-19,U04309
2025-07-20,U04309
2025-07-21,U04309
2025-07-24,U04309
2025-07-26,U04309
2025-07-27,U04309
2025-06-06,U04310
2025-06-09,U04310
2025-06-22,U04310
2025-06-27,U04310
2025-07-09,U04310
2025-05-24,U04311
2025-05-28,U04312
2025-05-30,U04312
2025-06-05,U04313
2025-06-10,U04313
2025-06-29,U04313
2025-05-31,U04314
2025-06-03,U04314
2025-06-14,U04314
2025-06-21,U04314
2025-07-05,U04314
2025-06-01,U04315
2025-06-24,U04315
2025-06-30,U04315
2025-06-30,U04315
2025-07-03,U04315
2025-06-02,U04316
2025-06-06,U04316
2025-06-07,U04316
2025-06-09,U04316
2025-06-12,U04316
2025-06-25,U04316
2025-06-28,U04316
2025-07-08,U04316
2025-05-19,U04317
2025-05-19,U04317
2025-05-26,U04317
2025-07-07,U04318
2025-07-08,U04318
2025-07-20,U04318
2025-07-21,U04318
2025-07-22,U04318
2025-07-19,U04319
2025-07-19,U04319
2025-07-23,U04319
2025-07-28,U04319
2025-07-28,U04319
2025-08-01,U04319
2025-06-13,U04320
2025-07-04,U04320
2025-07-09,U04320
2025-05-17,U04321
2025-07-14,U04322
2025-07-20,U04322
2025-06-22,U04323
2025-07-13,U04323
2025-05-17,U04324
2025-05-17,U04325
2025-05-22,U04326
2025-05-27,U04326
2025-06-06,U04326
2025-06-25,U04326
2025-07-06,U04327
2025-07-20,U04327
2025-07-23,U04327
2025-05-26,U04328
2025-06-07,U04328
2025-06-09,U04328
2025-06-12,U04328
2025-06-19,U04328
2025-06-24,U04328
2025-06-26,U04328
2025-07-03,U04328
2025-07-05,U04328
2025-06-25,U04329
2025-06-30,U04329
2025-07-03,U04329
2025-07-06,U04329
2025-07-10,U04329
2025-07-15,U04329
2025-07-15,U04329
2025-07-19,U04329
2025-06-05,U04330
2025-05-29,U04331
2025-06-13,U04332
2025-07-14,U04332
2025-07-17,U04333
2025-07-19,U04333
2025-07-20,U04333
2025-07-21,U04333
2025-07-26,U04333
2025-07-26,U04333
2025-07-27,U04333
2025-07-30,U04333
2025-07-30,U04333
2025-07-31,U04333
2025-06-27,U04334
2025-06-29,U04334
2025-06-30,U04334
2025-07-04,U04334
2025-07-07,U04334
2025-07-09,U04334
2025-07-14,U04334
2025-07-19,U04334
2025-07-21,U04334
2025-07-17,U04335
2025-07-17,U04335
2025-07-18,U04335
2025-07-21,U04335
2025-07-22,U04335
2025-07-25,U04335
2025-07-31,U04335
2025-06-20,U04336
2025-06-23,U04336
2025-06-24,U04336
2025-06-24,U04336
2025-06-24,U04336
2025-06-25,U04336
2025-07-05,U04336
2025-07-17,U04336
2025-07-15,U04337
2025-07-15,U04337
2025-07-16,U04337
2025-07-19,U04337
2025-07-23,U04337
2025-07-24,U04337
2025-07-27,U04337
2025-07-27,U04337
2025-07-30,U04337
2025-07-15,U04338
2025-07-16,U04338
2025-07-16,U04338
2025-07-24,U04338
2025-07-28,U04338
2025-07-30,U04338
2025-08-18,U04338
2025-05-21,U04339
2025-05-24,U04339
2025-06-10,U04339
2025-06-14,U04339
2025-05-17,U04340
2025-06-27,U04341
2025-06-29,U04341
2025-06-29,U04341
2025-07-03,U04341
2025-07-07,U04341
2025-07-11,U04341
2025-07-11,U04341
2025-07-15,U04341
2025-07-21,U04341
2025-05-26,U04342
2025-05-29,U04342
2025-05-30,U04342
2025-06-19,U04342
2025-07-14,U04343
2025-07-20,U04343
2025-07-29,U04343
2025-05-17,U04344
2025-05-18,U04344
2025-05-21,U04344
2025-06-10,U04344
2025-06-13,U04344
2025-06-22,U04344
2025-05-30,U04345
2025-05-31,U04345
2025-06-17,U04345
2025-06-24,U04345
2025-06-27,U04345
2025-06-29,U04345
2025-06-30,U04345
2025-07-01,U04345
2025-05-20,U04346
2025-05-22,U04346
2025-06-03,U04346
2025-06-06,U04347
2025-06-12,U04347
2025-06-13,U04347
2025-06-25,U04347
2025-06-30,U04347
2025-07-05,U04347
2025-07-06,U04347
2025-07-09,U04347
2025-07-10,U04347
2025-05-20,U04348
2025-05-23,U04348
2025-05-30,U04348
2025-06-02,U04348
2025-06-07,U04348
2025-07-01,U04349
2025-07-02,U04349
2025-07-04,U04349
2025-07-06,U04349
2025-07-13,U04349
2025-07-14,U04349
2025-07-15,U04349
2025-07-17,U04349
2025-07-23,U04349
2025-05-20,U04350
2025-05-20,U04350
2025-05-25,U04350
2025-05-31,U04350
2025-06-02,U04350
2025-06-15,U04350
2025-06-20,U04350
2025-05-25,U04351
2025-05-26,U04351
2025-05-28,U04351
2025-06-12,U04351
2025-06-19,U04351
2025-07-19,U04352
2025-07-19,U04352
2025-07-22,U04352
2025-07-24,U04352
2025-07-25,U04352
2025-08-01,U04352
2025-05-21,U04353
2025-05-28,U04353
2025-06-06,U04353
2025-06-09,U04353
2025-06-16,U04353
2025-06-25,U04353
2025-07-20,U04354
2025-07-21,U04354
2025-07-22,U04354
2025-07-24,U04354
2025-07-25,U04354
2025-07-31,U04354
2025-08-01,U04354
2025-05-23,U04355
2025-05-28,U04355
2025-05-29,U04355
2025-05-30,U04355
2025-06-11,U04355
2025-07-08,U04356
2025-07-08,U04356
2025-07-17,U04356
2025-07-21,U04356
2025-06-27,U04357
2025-07-07,U04357
2025-07-13,U04357
2025-07-26,U04358
2025-07-30,U04358
2025-07-06,U04359
2025-07-07,U04359
2025-07-13,U04359
2025-07-18,U04359
2025-07-19,U04359
2025-07-19,U04359
2025-07-21,U04359
2025-07-25,U04359
2025-05-21,U04360
2025-06-27,U04360
2025-05-21,U04361
2025-06-13,U04361
2025-06-21,U04361
2025-06-28,U04361
2025-06-29,U04361
2025-06-30,U04361
2025-07-02,U04361
2025-05-23,U04362
2025-05-27,U04362
2025-05-30,U04362
2025-06-22,U04362
2025-08-21,U04362
2025-07-26,U04363
2025-07-27,U04363
2025-07-31,U04363
2025-08-01,U04363
2025-05-22,U04364
2025-05-19,U04365
2025-05-24,U04365
2025-05-26,U04365
2025-05-30,U04365
2025-06-30,U04365
2025-06-26,U04366
2025-07-16,U04366
2025-05-30,U04367
2025-06-19,U04367
2025-06-24,U04367
2025-06-27,U04367
2025-06-29,U04367
2025-07-05,U04367
2025-07-07,U04367
2025-07-18,U04368
2025-07-28,U04368
2025-07-30,U04368
2025-05-21,U04369
2025-05-21,U04369
2025-05-25,U04369
2025-06-12,U04369
2025-06-15,U04369
2025-06-21,U04369
2025-06-27,U04370
2025-07-04,U04370
2025-07-14,U04370
2025-07-16,U04370
2025-07-20,U04370
2025-05-17,U04371
2025-07-19,U04372
2025-07-20,U04372
2025-07-21,U04372
2025-07-21,U04372
2025-07-24,U04372
2025-07-26,U04372
2025-07-28,U04372
2025-07-30,U04372
2025-08-01,U04372
2025-07-18,U04373
2025-07-22,U04373
2025-06-14,U04374
2025-06-24,U04374
2025-06-24,U04374
2025-06-29,U04374
2025-06-30,U04374
2025-07-04,U04374
2025-07-10,U04374
2025-06-09,U04375
2025-06-15,U04375
2025-06-16,U04375
2025-06-21,U04375
2025-06-28,U04375
2025-07-10,U04375
2025-06-15,U04376
2025-06-20,U04376
2025-06-25,U04376
2025-06-25,U04376
2025-07-05,U04376
2025-07-12,U04376
2025-05-20,U04377
2025-05-31,U04377
2025-05-23,U04378
2025-06-09,U04379
2025-06-11,U04379
2025-06-13,U04379
2025-05-17,U04380
2025-05-30,U04381
2025-06-10,U04381
2025-07-14,U04382
2025-07-19,U04382
2025-08-15,U04382
2025-07-07,U04383
2025-07-16,U04383
2025-07-11,U04384
2025-07-20,U04384
2025-07-24,U04384
2025-07-28,U04384
2025-05-21,U04385
2025-06-05,U04385
2025-06-20,U04385
2025-05-27,U04386
2025-06-07,U04386
2025-07-07,U04387
2025-07-11,U04387
2025-07-13,U04387
2025-07-16,U04387
2025-07-20,U04387
2025-07-25,U04387
2025-07-17,U04388
2025-07-19,U04388
2025-07-20,U04388
2025-07-21,U04388
2025-07-25,U04388
2025-07-27,U04388
2025-07-28,U04388
2025-07-28,U04388
2025-07-31,U04388
2025-05-21,U04389
2025-06-09,U04389
2025-06-15,U04389
2025-05-31,U04390
2025-06-06,U04390
2025-06-26,U04391
2025-07-01,U04391
2025-07-04,U04391
2025-07-15,U04391
2025-07-19,U04391
2025-05-22,U04392
2025-05-23,U04392
2025-05-23,U04393
2025-06-06,U04393
2025-06-10,U04393
2025-06-17,U04393
2025-06-20,U04393
2025-07-01,U04394
2025-07-06,U04394
2025-07-10,U04394
2025-07-12,U04394
2025-07-15,U04394
2025-07-16,U04394
2025-06-15,U04395
2025-06-17,U04395
2025-07-22,U04396
2025-07-23,U04396
2025-07-31,U04396
2025-05-24,U04397
2025-06-03,U04397
2025-06-12,U04397
2025-05-17,U04398
2025-05-17,U04398
2025-05-17,U04398
2025-05-18,U04398
2025-05-28,U04398
2025-06-14,U04398
2025-06-25,U04398
2025-06-17,U04399
2025-07-01,U04399
2025-07-13,U04399
2025-07-09,U04400
2025-07-10,U04400
2025-07-15,U04400
2025-07-15,U04400
2025-07-19,U04400
2025-07-22,U04400
2025-07-26,U04400
2025-07-27,U04400
2025-07-17,U04401
2025-07-17,U04401
2025-07-22,U04401
2025-07-23,U04401
2025-07-27,U04401
2025-07-28,U04401
2025-07-28,U04401
2025-07-30,U04401
2025-07-19,U04402
2025-07-24,U04402
2025-05-27,U04403
2025-05-30,U04403
2025-06-19,U04403
2025-07-13,U04404
2025-07-23,U04404
2025-07-28,U04404
2025-07-13,U04405
2025-07-23,U04405
2025-08-21,U04405
2025-05-17,U04406
2025-06-04,U04407
2025-07-22,U04408
2025-07-26,U04408
2025-07-27,U04408
2025-07-28,U04408
2025-08-01,U04408
2025-06-16,U04409
2025-06-18,U04410
2025-07-09,U04410
2025-07-15,U04411
2025-07-21,U04411
2025-07-23,U04411
2025-07-24,U04411
2025-07-25,U04411
2025-07-29,U04411
2025-07-30,U04411
2025-07-01,U04412
2025-07-02,U04412
2025-07-08,U04412
2025-07-10,U04412
2025-07-12,U04412
2025-07-15,U04412
2025-07-15,U04412
2025-07-17,U04412
2025-07-21,U04412
2025-07-22,U04412
2025-05-20,U04413
2025-05-21,U04413
2025-05-27,U04413
2025-06-11,U04413
2025-07-10,U04414
2025-07-15,U04414
2025-07-19,U04414
2025-07-25,U04414
2025-07-26,U04414
2025-07-22,U04415
2025-07-23,U04415
2025-07-29,U04415
2025-07-30,U04415
2025-07-31,U04415
2025-06-20,U04416
2025-06-29,U04416
2025-06-30,U04416
2025-07-01,U04416
2025-07-02,U04416
2025-07-10,U04416
2025-05-17,U04417
2025-06-14,U04418
2025-07-09,U04418
2025-07-11,U04418
2025-06-20,U04419
2025-06-29,U04419
2025-07-02,U04419
2025-07-04,U04419
2025-07-05,U04419
2025-07-14,U04419
2025-06-10,U04420
2025-06-16,U04420
2025-06-19,U04420
2025-06-19,U04420
2025-07-07,U04420
2025-07-07,U04421
2025-07-11,U04421
2025-07-11,U04421
2025-07-21,U04421
2025-07-22,U04421
2025-07-24,U04421
2025-07-22,U04422
2025-07-22,U04422
2025-07-28,U04422
2025-07-29,U04422
2025-06-29,U04423
2025-06-30,U04423
2025-07-05,U04423
2025-07-09,U04423
2025-07-11,U04423
2025-07-12,U04423
2025-07-20,U04423
2025-06-01,U04424
2025-06-03,U04424
2025-06-30,U04424
2025-05-29,U04425
2025-06-15,U04425
2025-06-18,U04425
2025-06-21,U04425
2025-07-05,U04425
2025-06-12,U04426
2025-06-13,U04426
2025-06-20,U04426
2025-06-30,U04426
2025-05-23,U04427
2025-06-01,U04427
2025-06-08,U04427
2025-07-20,U04428
2025-07-21,U04428
2025-07-24,U04428
2025-07-25,U04428
2025-06-05,U04429
2025-06-28,U04429
2025-07-04,U04429
2025-07-07,U04429
2025-07-10,U04429
2025-07-06,U04430
2025-07-08,U04430
2025-07-13,U04430
2025-07-20,U04430
2025-07-21,U04430
2025-07-22,U04430
2025-07-25,U04430
2025-05-20,U04431
2025-05-21,U04431
2025-05-28,U04431
2025-05-31,U04431
2025-05-31,U04431
2025-06-08,U04431
2025-06-19,U04431
2025-06-26,U04431
2025-06-30,U04431
2025-07-02,U04431
2025-05-20,U04432
2025-06-02,U04432
2025-06-13,U04432
2025-05-24,U04433
2025-06-18,U04433
2025-07-21,U04434
2025-07-26,U04434
2025-07-28,U04434
2025-07-31,U04434
2025-05-17,U04435
2025-06-20,U04436
2025-06-22,U04436
2025-06-22,U04436
2025-06-28,U04436
2025-06-29,U04436
2025-07-13,U04436
2025-07-14,U04436
2025-07-17,U04436
2025-05-24,U04437
2025-05-25,U04437
2025-05-26,U04438
2025-05-28,U04438
2025-06-25,U04438
2025-06-15,U04439
2025-06-15,U04439
2025-06-27,U04439
2025-07-05,U04439
2025-05-22,U04440
2025-06-09,U04440
2025-06-12,U04441
2025-06-13,U04441
2025-06-20,U04441
2025-06-21,U04441
2025-06-22,U04441
2025-06-28,U04441
2025-06-29,U04441
2025-07-03,U04441
2025-07-08,U04441
2025-07-10,U04441
2025-08-21,U04441
2025-06-11,U04442
2025-06-22,U04442
2025-07-09,U04442
2025-06-04,U04443
2025-06-07,U04443
2025-06-15,U04443
2025-06-15,U04443
2025-06-22,U04443
2025-06-27,U04443
2025-07-05,U04443
2025-07-09,U04443
2025-05-17,U04444
2025-06-09,U04445
2025-06-10,U04445
2025-06-12,U04445
2025-06-17,U04445
2025-06-19,U04445
2025-06-22,U04445
2025-06-23,U04445
2025-07-03,U04445
2025-07-12,U04445
2025-07-06,U04446
2025-07-18,U04446
2025-06-19,U04447
2025-06-23,U04447
2025-06-24,U04447
2025-06-25,U04447
2025-07-03,U04447
2025-07-12,U04447
2025-07-15,U04447
2025-07-17,U04448
2025-07-22,U04448
2025-07-29,U04448
2025-07-30,U04448
2025-07-31,U04448
2025-05-21,U04449
2025-07-14,U04450
2025-07-17,U04450
2025-07-20,U04450
2025-07-21,U04450
2025-07-23,U04450
2025-07-27,U04450
2025-07-28,U04450
2025-07-29,U04450
2025-05-23,U04451
2025-06-09,U04451
2025-06-14,U04452
2025-06-20,U04452
2025-06-23,U04452
2025-06-26,U04452
2025-06-28,U04452
2025-07-08,U04452
2025-07-08,U04452
2025-07-12,U04452
2025-07-14,U04452
2025-07-15,U04453
2025-07-28,U04453
2025-07-14,U04454
2025-07-14,U04454
2025-07-15,U04454
2025-07-25,U04454
2025-07-26,U04454
2025-06-02,U04455
2025-06-07,U04455
2025-07-03,U04455
2025-07-05,U04456
2025-07-13,U04456
2025-08-17,U04456
2025-06-08,U04457
2025-06-18,U04457
2025-06-19,U04457
2025-06-21,U04457
2025-06-29,U04457
2025-07-10,U04457
2025-07-17,U04458
2025-07-19,U04458
2025-07-22,U04458
2025-07-25,U04458
2025-07-26,U04458
2025-07-28,U04458
2025-07-30,U04458
2025-06-05,U04459
2025-06-09,U04459
2025-06-10,U04459
2025-06-14,U04459
2025-07-08,U04459
2025-05-17,U04460
2025-06-09,U04461
2025-06-14,U04461
2025-06-21,U04461
2025-06-25,U04461
2025-06-30,U04461
2025-07-02,U04461
2025-07-03,U04461
2025-07-08,U04461
2025-07-10,U04461
2025-07-12,U04461
2025-08-21,U04461
2025-06-01,U04462
2025-06-04,U04462
2025-06-05,U04462
2025-06-07,U04462
2025-06-01,U04463
2025-06-08,U04463
2025-06-10,U04463
2025-06-22,U04463
2025-08-18,U04463
2025-05-19,U04464
2025-05-29,U04464
2025-06-12,U04464
2025-06-28,U04464
2025-06-26,U04465
2025-06-27,U04465
2025-07-07,U04465
2025-07-17,U04465
2025-07-19,U04465
2025-07-20,U04465
2025-05-18,U04466
2025-05-24,U04466
2025-05-26,U04466
2025-05-27,U04466
2025-05-26,U04467
2025-05-26,U04467
2025-06-05,U04467
2025-06-05,U04467
2025-06-09,U04467
2025-06-11,U04467
2025-06-12,U04467
2025-06-16,U04467
2025-06-23,U04467
2025-07-04,U04467
2025-07-22,U04468
2025-07-25,U04468
2025-07-25,U04468
2025-07-25,U04468
2025-07-26,U04468
2025-07-30,U04468
2025-08-01,U04468
2025-05-19,U04469
2025-06-07,U04469
2025-06-11,U04469
2025-06-15,U04469
2025-06-18,U04469
2025-07-15,U04470
2025-07-23,U04470
2025-07-23,U04470
2025-07-29,U04470
2025-07-16,U04471
2025-07-21,U04471
2025-07-21,U04471
2025-07-27,U04471
2025-06-06,U04472
2025-07-03,U04473
2025-07-17,U04473
2025-05-17,U04474
2025-07-14,U04475
2025-07-21,U04475
2025-07-13,U04476
2025-07-15,U04476
2025-07-26,U04476
2025-07-27,U04476
2025-05-18,U04477
2025-05-18,U04477
2025-05-25,U04477
2025-05-27,U04477
2025-06-15,U04477
2025-06-18,U04477
2025-06-19,U04477
2025-06-05,U04478
2025-06-11,U04478
2025-06-11,U04478
2025-06-12,U04478
2025-06-19,U04478
2025-07-07,U04478
2025-06-05,U04479
2025-06-12,U04479
2025-06-12,U04479
2025-06-15,U04479
2025-06-19,U04479
2025-06-27,U04479
2025-07-04,U04479
2025-07-05,U04479
2025-07-10,U04479
2025-07-07,U04480
2025-07-11,U04480
2025-07-13,U04480
2025-07-16,U04480
2025-07-20,U04480
2025-07-25,U04480
2025-08-16,U04480
2025-07-08,U04481
2025-07-09,U04481
2025-07-11,U04481
2025-07-13,U04481
2025-07-13,U04481
2025-07-13,U04481
2025-07-14,U04481
2025-07-16,U04481
2025-07-20,U04481
2025-07-26,U04481
2025-06-06,U04482
2025-06-07,U04482
2025-06-21,U04482
2025-07-15,U04483
2025-07-16,U04483
2025-07-22,U04483
2025-07-22,U04483
2025-07-27,U04483
2025-08-16,U04483
2025-07-06,U04484
2025-07-09,U04484
2025-07-14,U04484
2025-07-15,U04484
2025-07-17,U04484
2025-07-19,U04484
2025-07-25,U04484
2025-05-17,U04485
2025-05-20,U04486
2025-05-23,U04486
2025-06-05,U04486
2025-06-09,U04486
2025-06-11,U04486
2025-08-21,U04486
2025-07-23,U04487
2025-08-01,U04487
2025-05-25,U04488
2025-06-14,U04488
2025-06-18,U04488
2025-07-10,U04489
2025-07-10,U04489
2025-07-26,U04489
2025-07-09,U04490
2025-07-11,U04490
2025-07-14,U04490
2025-07-15,U04490
2025-07-16,U04490
2025-07-22,U04490
2025-07-23,U04490
2025-07-24,U04490
2025-07-26,U04490
2025-07-27,U04490
2025-07-14,U04491
2025-07-20,U04491
2025-07-21,U04491
2025-07-27,U04491
2025-07-27,U04491
2025-07-28,U04491
2025-08-16,U04491
2025-06-13,U04492
2025-06-19,U04492
2025-07-04,U04492
2025-07-04,U04492
2025-07-09,U04492
2025-07-11,U04492
2025-07-13,U04492
2025-07-25,U04493
2025-08-01,U04493
2025-05-20,U04494
2025-05-25,U04494
2025-06-14,U04494
2025-06-15,U04494
2025-06-15,U04494
2025-06-26,U04494
2025-06-28,U04494
2025-05-30,U04495
2025-06-08,U04495
2025-06-16,U04495
2025-06-18,U04495
2025-06-24,U04495
2025-06-26,U04495
2025-07-03,U04495
2025-07-05,U04495
2025-07-07,U04495
2025-05-24,U04496
2025-05-27,U04496
2025-06-05,U04496
2025-06-06,U04496
2025-06-10,U04496
2025-06-13,U04496
2025-06-21,U04496
2025-05-17,U04497
2025-07-17,U04498
2025-07-18,U04498
2025-07-18,U04498
2025-07-20,U04498
2025-07-21,U04498
2025-07-26,U04498
2025-07-26,U04498
2025-07-28,U04498
2025-07-31,U04498
2025-06-26,U04499
2025-06-28,U04499
2025-07-09,U04499
2025-07-03,U04500
2025-07-22,U04500
2025-07-24,U04500
2025-06-21,U04501
2025-07-21,U04502
2025-07-30,U04502
2025-05-17,U04503
2025-06-04,U04503
2025-06-05,U04503
2025-06-14,U04503
2025-06-08,U04504
2025-06-17,U04504
2025-07-01,U04504
2025-07-02,U04504
2025-07-06,U04504
2025-07-07,U04504
2025-06-13,U04505
2025-07-14,U04505
2025-05-28,U04506
2025-06-09,U04506
2025-06-19,U04507
2025-06-29,U04507
2025-07-04,U04507
2025-07-06,U04507
2025-07-09,U04507
2025-06-06,U04508
2025-06-21,U04508
2025-07-27,U04509
2025-07-31,U04509
2025-05-18,U04510
2025-05-21,U04510
2025-05-21,U04510
2025-06-02,U04510
2025-06-08,U04510
2025-06-15,U04510
2025-06-30,U04510
2025-07-13,U04511
2025-07-17,U04511
2025-07-17,U04511
2025-07-20,U04511
2025-07-24,U04511
2025-07-27,U04511
2025-07-28,U04511
2025-07-20,U04512
2025-07-20,U04512
2025-07-20,U04512
2025-07-21,U04512
2025-07-24,U04512
2025-07-25,U04512
2025-07-31,U04512
2025-08-01,U04512
2025-07-06,U04513
2025-07-07,U04513
2025-06-19,U04514
2025-06-22,U04514
2025-07-02,U04514
2025-07-09,U04514
2025-07-10,U04514
2025-07-14,U04514
2025-07-17,U04514
2025-07-20,U04515
2025-07-24,U04515
2025-07-28,U04515
2025-07-30,U04515
2025-05-17,U04516
2025-06-15,U04517
2025-06-21,U04517
2025-06-29,U04517
2025-07-02,U04517
2025-07-04,U04517
2025-07-05,U04517
2025-07-08,U04517
2025-07-15,U04517
2025-05-31,U04518
2025-06-04,U04518
2025-06-17,U04518
2025-07-06,U04518
2025-05-18,U04519
2025-06-01,U04519
2025-08-15,U04519
2025-05-29,U04520
2025-06-05,U04520
2025-06-06,U04520
2025-06-06,U04520
2025-06-08,U04520
2025-06-18,U04520
2025-06-25,U04520
2025-06-27,U04520
2025-07-02,U04521
2025-07-03,U04521
2025-07-16,U04521
2025-07-16,U04521
2025-07-19,U04521
2025-07-21,U04521
2025-07-21,U04521
2025-07-23,U04521
2025-07-21,U04522
2025-07-24,U04522
2025-07-25,U04522
2025-07-26,U04522
2025-05-30,U04523
2025-06-29,U04523
2025-07-05,U04523
2025-05-31,U04524
2025-06-28,U04524
2025-05-25,U04525
2025-05-27,U04525
2025-05-27,U04525
2025-06-14,U04525
2025-06-18,U04525
2025-06-24,U04525
2025-06-28,U04525
2025-07-02,U04525
2025-07-04,U04525
2025-06-22,U04526
2025-06-25,U04526
2025-07-06,U04526
2025-07-15,U04526
2025-06-28,U04527
2025-06-30,U04527
2025-07-05,U04527
2025-07-07,U04527
2025-07-07,U04527
2025-07-10,U04527
2025-07-16,U04527
2025-07-17,U04527
2025-08-19,U04527
2025-05-17,U04528
2025-05-19,U04529
2025-05-19,U04529
2025-05-19,U04529
2025-05-21,U04529
2025-06-02,U04529
2025-06-02,U04529
2025-06-16,U04529
2025-06-20,U04529
2025-08-16,U04529
2025-06-01,U04530
2025-07-04,U04530
2025-07-08,U04530
2025-05-21,U04531
2025-07-01,U04531
2025-07-08,U04532
2025-07-11,U04532
2025-07-16,U04532
2025-07-17,U04532
2025-07-22,U04532
2025-08-20,U04532
2025-05-23,U04533
2025-05-28,U04533
2025-05-30,U04533
2025-06-13,U04533
2025-07-06,U04534
2025-07-06,U04534
2025-07-08,U04534
2025-07-16,U04534
2025-07-16,U04534
2025-07-18,U04534
2025-07-21,U04534
2025-07-23,U04534
2025-07-24,U04534
2025-07-25,U04534
2025-06-29,U04535
2025-07-10,U04535
2025-07-21,U04535
2025-06-22,U04536
2025-07-12,U04536
2025-07-15,U04536
2025-06-06,U04537
2025-06-27,U04537
2025-05-17,U04538
2025-05-24,U04539
2025-05-26,U04539
2025-05-27,U04539
2025-06-03,U04539
2025-07-11,U04540
2025-07-14,U04540
2025-07-19,U04540
2025-07-21,U04540
2025-07-23,U04540
2025-07-24,U04540
2025-07-26,U04540
2025-06-14,U04541
2025-06-15,U04541
2025-06-16,U04541
2025-06-16,U04541
2025-06-21,U04541
2025-06-24,U04541
2025-06-26,U04541
2025-06-29,U04541
2025-07-03,U04541
2025-07-11,U04541
2025-06-29,U04542
2025-06-30,U04542
2025-07-01,U04542
2025-07-01,U04542
2025-07-03,U04542
2025-07-08,U04542
2025-07-10,U04542
2025-07-16,U04542
2025-07-17,U04542
2025-07-20,U04542
2025-06-09,U04543
2025-06-11,U04543
2025-06-19,U04543
2025-06-25,U04543
2025-06-30,U04543
2025-07-06,U04543
2025-07-08,U04543
2025-07-11,U04543
2025-06-19,U04544
2025-07-12,U04544
2025-07-11,U04545
2025-07-13,U04545
2025-07-14,U04545
2025-07-16,U04545
2025-07-22,U04545
2025-07-25,U04545
2025-07-27,U04545
2025-07-28,U04545
2025-08-19,U04545
2025-05-17,U04546
2025-05-20,U04546
2025-06-17,U04546
2025-06-22,U04546
2025-06-24,U04546
2025-06-24,U04546
2025-06-27,U04546
2025-07-15,U04547
2025-07-16,U04547
2025-07-17,U04547
2025-07-19,U04547
2025-07-21,U04547
2025-07-23,U04547
2025-07-23,U04547
2025-07-24,U04547
2025-07-27,U04547
2025-07-28,U04547
2025-07-18,U04548
2025-07-19,U04548
2025-07-23,U04548
2025-07-28,U04548
2025-07-31,U04548
2025-07-24,U04549
2025-07-26,U04549
2025-06-20,U04550
2025-07-04,U04550
2025-07-07,U04550
2025-07-11,U04550
2025-07-14,U04550
2025-07-17,U04550
2025-06-08,U04551
2025-06-09,U04551
2025-06-16,U04551
2025-06-16,U04551
2025-06-18,U04551
2025-06-28,U04551
2025-07-02,U04551
2025-07-11,U04551
2025-07-09,U04552
2025-07-11,U04552
2025-07-11,U04552
2025-07-15,U04552
2025-07-15,U04552
2025-07-16,U04552
2025-07-18,U04552
2025-07-20,U04552
2025-07-20,U04552
2025-07-27,U04552
2025-08-16,U04552
2025-06-18,U04553
2025-06-21,U04553
2025-06-22,U04553
2025-06-23,U04553
2025-06-25,U04553
2025-06-28,U04553
2025-05-17,U04554
2025-06-23,U04555
2025-06-28,U04555
2025-06-29,U04555
2025-07-06,U04555
2025-07-07,U04555
2025-07-10,U04555
2025-07-12,U04555
2025-07-15,U04555
2025-07-19,U04555
2025-05-17,U04556
2025-08-20,U04556
2025-05-27,U04557
2025-06-05,U04557
2025-06-05,U04557
2025-06-10,U04557
2025-06-10,U04557
2025-06-30,U04557
2025-06-22,U04558
2025-07-09,U04558
2025-07-17,U04558
2025-06-08,U04559
2025-06-09,U04559
2025-06-20,U04559
2025-07-01,U04559
2025-07-06,U04560
2025-07-07,U04560
2025-07-09,U04560
2025-07-09,U04560
2025-07-16,U04560
2025-07-21,U04560
2025-07-21,U04560
2025-07-24,U04560
2025-07-25,U04560
2025-06-25,U04561
2025-06-27,U04561
2025-06-30,U04561
2025-07-10,U04561
2025-07-11,U04561
2025-07-16,U04561
2025-07-18,U04561
2025-05-17,U04562
2025-06-17,U04563
2025-06-25,U04563
2025-06-26,U04563
2025-06-27,U04563
2025-07-05,U04563
2025-07-08,U04563
2025-07-09,U04563
2025-08-15,U04563
2025-07-12,U04564
2025-07-14,U04564
2025-07-15,U04564
2025-07-15,U04564
2025-07-20,U04564
2025-07-26,U04564
2025-06-01,U04565
2025-07-03,U04565
2025-07-04,U04565
2025-05-17,U04566
2025-05-25,U04567
2025-05-29,U04567
2025-06-23,U04567
2025-06-06,U04568
2025-06-10,U04568
2025-06-16,U04568
2025-06-23,U04568
2025-06-25,U04568
2025-06-29,U04568
2025-07-02,U04568
2025-07-08,U04568
2025-07-09,U04568
2025-08-21,U04568
2025-05-19,U04569
2025-05-26,U04569
2025-05-27,U04569
2025-08-20,U04569
2025-06-05,U04570
2025-05-30,U04571
2025-06-12,U04571
2025-06-16,U04571
2025-06-19,U04571
2025-06-19,U04571
2025-07-07,U04571
2025-08-16,U04571
2025-07-12,U04572
2025-07-14,U04572
2025-07-14,U04572
2025-07-18,U04572
2025-07-19,U04572
2025-07-20,U04572
2025-07-22,U04572
2025-07-23,U04572
2025-07-28,U04572
2025-07-16,U04573
2025-07-18,U04573
2025-07-20,U04573
2025-07-20,U04573
2025-07-20,U04573
2025-07-25,U04573
2025-07-28,U04573
2025-07-29,U04573
2025-07-29,U04573
2025-07-30,U04573
2025-06-25,U04574
2025-06-29,U04574
2025-07-03,U04574
2025-07-09,U04574
2025-07-14,U04574
2025-07-15,U04574
2025-07-16,U04574
2025-07-20,U04574
2025-06-05,U04575
2025-06-09,U04575
2025-06-21,U04575
2025-06-26,U04575
2025-07-05,U04575
2025-07-07,U04575
2025-07-17,U04576
2025-07-18,U04576
2025-07-20,U04576
2025-07-20,U04576
2025-07-22,U04576
2025-07-25,U04576
2025-07-25,U04576
2025-07-27,U04576
2025-07-28,U04576
2025-07-31,U04576
2025-06-28,U04577
2025-07-20,U04577
2025-07-08,U04578
2025-07-10,U04578
2025-07-15,U04578
2025-07-24,U04578
2025-07-26,U04578
2025-05-17,U04579
2025-07-21,U04580
2025-07-23,U04580
2025-07-23,U04580
2025-07-29,U04580
2025-07-31,U04580
2025-05-18,U04581
2025-05-21,U04581
2025-05-25,U04581
2025-05-25,U04581
2025-06-02,U04581
2025-06-04,U04581
2025-06-09,U04581
2025-06-15,U04581
2025-06-19,U04581
2025-06-21,U04581
2025-05-26,U04582
2025-05-28,U04582
2025-05-20,U04583
2025-06-18,U04583
2025-06-03,U04584
2025-06-06,U04584
2025-06-08,U04584
2025-06-09,U04584
2025-06-09,U04584
2025-06-18,U04584
2025-06-28,U04584
2025-07-07,U04584
2025-07-08,U04584
2025-07-09,U04584
2025-07-07,U04585
2025-07-10,U04585
2025-07-11,U04585
2025-07-14,U04585
2025-07-17,U04585
2025-07-21,U04585
2025-07-26,U04585
2025-08-19,U04585
2025-07-03,U04586
2025-07-03,U04586
2025-07-08,U04586
2025-07-10,U04586
2025-07-14,U04586
2025-07-19,U04586
2025-07-20,U04586
2025-07-22,U04586
2025-07-23,U04586
2025-05-28,U04587
2025-05-30,U04587
2025-06-02,U04587
2025-06-03,U04587
2025-06-09,U04587
2025-06-11,U04587
2025-06-12,U04587
2025-07-06,U04587
2025-05-27,U04588
2025-05-17,U04589
2025-06-26,U04590
2025-07-10,U04590
2025-07-18,U04590
2025-05-17,U04591
2025-06-11,U04592
2025-06-15,U04592
2025-06-27,U04592
2025-07-03,U04592
2025-07-05,U04592
2025-07-06,U04592
2025-07-11,U04592
2025-05-28,U04593
2025-06-05,U04593
2025-06-08,U04593
2025-06-21,U04593
2025-06-27,U04593
2025-06-29,U04593
2025-07-01,U04593
2025-07-06,U04593
2025-08-18,U04593
2025-05-19,U04594
2025-05-21,U04594
2025-05-23,U04594
2025-05-23,U04594
2025-05-23,U04594
2025-06-04,U04594
2025-05-24,U04595
2025-06-05,U04595
2025-06-10,U04595
2025-06-27,U04595
2025-06-29,U04595
2025-07-03,U04595
2025-06-27,U04596
2025-07-05,U04596
2025-07-07,U04596
2025-07-17,U04596
2025-05-19,U04597
2025-05-27,U04597
2025-05-27,U04597
2025-06-21,U04597
2025-07-17,U04598
2025-07-19,U04598
2025-07-21,U04598
2025-07-22,U04598
2025-07-24,U04598
2025-07-27,U04598
2025-07-30,U04598
2025-07-31,U04598
2025-06-05,U04599
2025-07-10,U04600
2025-07-18,U04600
2025-07-18,U04601
2025-07-26,U04601
2025-07-31,U04601
2025-07-20,U04602
2025-07-23,U04602
2025-07-26,U04602
2025-07-30,U04602
2025-08-01,U04602
2025-07-07,U04603
2025-07-09,U04603
2025-07-13,U04603
2025-07-15,U04603
2025-07-18,U04603
2025-07-18,U04603
2025-07-21,U04603
2025-07-22,U04603
2025-07-26,U04603
2025-05-18,U04604
2025-06-13,U04604
2025-06-23,U04604
2025-06-25,U04604
2025-05-17,U04605
2025-06-04,U04606
2025-06-20,U04606
2025-06-22,U04606
2025-06-23,U04606
2025-05-21,U04607
2025-05-26,U04607
2025-06-02,U04607
2025-06-08,U04607
2025-06-23,U04607
2025-06-27,U04608
2025-07-12,U04608
2025-07-13,U04608
2025-07-16,U04608
2025-07-18,U04608
2025-07-07,U04609
2025-07-07,U04609
2025-07-09,U04609
2025-07-10,U04609
2025-07-12,U04609
2025-07-22,U04609
2025-07-22,U04609
2025-07-24,U04609
2025-07-25,U04609
2025-07-26,U04609
2025-07-06,U04610
2025-07-13,U04610
2025-07-13,U04610
2025-07-13,U04610
2025-07-14,U04610
2025-07-18,U04610
2025-07-20,U04610
2025-07-22,U04610
2025-07-23,U04610
2025-05-24,U04611
2025-05-26,U04611
2025-05-26,U04611
2025-06-06,U04611
2025-06-21,U04611
2025-06-23,U04611
2025-06-26,U04611
2025-06-28,U04611
2025-05-17,U04612
2025-05-17,U04613
2025-07-03,U04614
2025-07-11,U04614
2025-07-11,U04614
2025-07-14,U04614
2025-07-17,U04614
2025-07-21,U04614
2025-07-23,U04614
2025-05-17,U04615
2025-06-28,U04616
2025-06-30,U04616
2025-07-11,U04616
2025-07-16,U04616
2025-07-17,U04616
2025-07-20,U04616
2025-07-20,U04616
2025-07-21,U04616
2025-07-09,U04617
2025-07-11,U04617
2025-07-13,U04617
2025-07-18,U04617
2025-07-18,U04617
2025-07-24,U04617
2025-07-25,U04617
2025-05-17,U04618
2025-05-29,U04619
2025-06-02,U04619
2025-06-06,U04619
2025-06-07,U04619
2025-07-04,U04620
2025-07-17,U04620
2025-05-30,U04621
2025-06-18,U04621
2025-06-16,U04622
2025-05-31,U04623
2025-06-21,U04623
2025-07-03,U04623
2025-05-17,U04624
2025-05-29,U04625
2025-07-02,U04625
2025-05-18,U04626
2025-05-17,U04627
2025-07-18,U04628
2025-07-18,U04628
2025-07-20,U04628
2025-07-20,U04628
2025-07-20,U04628
2025-07-23,U04628
2025-07-27,U04628
2025-07-29,U04628
2025-05-17,U04629
2025-05-31,U04630
2025-05-24,U04631
2025-06-02,U04631
2025-06-22,U04631
2025-06-13,U04632
2025-06-19,U04632
2025-06-25,U04632
2025-06-27,U04632
2025-06-30,U04632
2025-07-01,U04632
2025-07-06,U04632
2025-07-13,U04632
2025-07-13,U04632
2025-07-14,U04632
2025-06-28,U04633
2025-07-08,U04633
2025-07-12,U04633
2025-07-14,U04633
2025-07-20,U04633
2025-07-18,U04634
2025-07-20,U04634
2025-07-28,U04634
2025-07-29,U04634
2025-06-08,U04635
2025-07-07,U04636
2025-07-08,U04636
2025-07-10,U04636
2025-07-11,U04636
2025-07-13,U04636
2025-07-16,U04636
2025-07-18,U04636
2025-07-19,U04636
2025-07-20,U04636
2025-07-23,U04636
2025-06-30,U04637
2025-07-06,U04637
2025-07-09,U04637
2025-07-09,U04637
2025-07-11,U04637
2025-07-13,U04637
2025-07-19,U04637
2025-07-20,U04637
2025-07-15,U04638
2025-07-16,U04638
2025-07-19,U04638
2025-07-21,U04638
2025-07-24,U04638
2025-07-27,U04638
2025-07-28,U04638
2025-07-29,U04638
2025-07-15,U04639
2025-07-17,U04639
2025-07-17,U04639
2025-07-19,U04639
2025-07-19,U04639
2025-07-20,U04639
2025-07-25,U04639
2025-07-27,U04639
2025-07-27,U04639
2025-07-29,U04639
2025-05-19,U04640
2025-05-30,U04640
2025-05-30,U04640
2025-06-07,U04640
2025-06-08,U04640
2025-07-18,U04641
2025-07-19,U04641
2025-07-19,U04641
2025-07-21,U04641
2025-07-21,U04641
2025-07-22,U04641
2025-07-26,U04641
2025-07-27,U04641
2025-07-29,U04641
2025-07-31,U04641
2025-07-19,U04642
2025-07-19,U04642
2025-07-21,U04642
2025-07-22,U04642
2025-07-23,U04642
2025-07-26,U04642
2025-07-28,U04642
2025-07-29,U04642
2025-07-30,U04642
2025-08-01,U04642
2025-06-05,U04643
2025-06-18,U04643
2025-07-09,U04643
2025-07-10,U04643
2025-07-22,U04644
2025-07-28,U04644
2025-07-29,U04644
2025-07-30,U04644
2025-07-31,U04644
2025-06-03,U04645
2025-06-08,U04645
2025-06-08,U04645
2025-06-15,U04645
2025-06-18,U04645
2025-06-25,U04645
2025-07-08,U04645
2025-05-17,U04646
2025-05-18,U04647
2025-05-21,U04647
2025-05-30,U04647
2025-06-03,U04647
2025-06-08,U04647
2025-06-10,U04647
2025-06-20,U04647
2025-06-23,U04647
2025-06-25,U04647
2025-06-27,U04647
2025-07-15,U04648
2025-07-17,U04648
2025-07-22,U04648
2025-07-24,U04648
2025-07-25,U04648
2025-07-26,U04648
2025-07-29,U04648
2025-07-30,U04648
2025-07-21,U04649
2025-07-22,U04649
2025-05-30,U04650
2025-06-16,U04650
2025-06-23,U04650
2025-05-17,U04651
2025-07-21,U04652
2025-07-21,U04652
2025-07-27,U04652
2025-07-30,U04652
2025-06-12,U04653
2025-06-16,U04653
2025-06-20,U04653
2025-06-25,U04653
2025-06-28,U04653
2025-07-02,U04653
2025-07-12,U04653
2025-05-25,U04654
2025-07-13,U04655
2025-07-14,U04655
2025-07-17,U04655
2025-07-17,U04655
2025-07-19,U04655
2025-07-21,U04655
2025-07-23,U04655
2025-07-25,U04655
2025-07-26,U04655
2025-07-29,U04655
2025-06-12,U04656
2025-06-19,U04656
2025-07-02,U04656
2025-07-05,U04656
2025-07-07,U04656
2025-07-12,U04656
2025-06-09,U04657
2025-06-19,U04657
2025-06-20,U04657
2025-06-21,U04657
2025-06-26,U04657
2025-06-28,U04657
2025-07-03,U04657
2025-07-11,U04657
2025-06-26,U04658
2025-07-01,U04658
2025-07-04,U04658
2025-07-10,U04658
2025-07-13,U04658
2025-07-15,U04658
2025-07-17,U04658
2025-07-19,U04658
2025-07-19,U04658
2025-07-20,U04658
2025-05-26,U04659
2025-05-26,U04659
2025-05-27,U04659
2025-08-15,U04659
2025-05-21,U04660
2025-05-28,U04660
2025-05-31,U04660
2025-06-03,U04660
2025-06-14,U04660
2025-06-15,U04660
2025-06-26,U04660
2025-07-02,U04661
2025-07-11,U04661
2025-07-13,U04661
2025-08-18,U04661
2025-06-16,U04662
2025-06-29,U04662
2025-07-15,U04662
2025-07-19,U04663
2025-07-27,U04663
2025-07-30,U04663
2025-07-31,U04663
2025-05-31,U04664
2025-06-04,U04664
2025-06-13,U04664
2025-06-15,U04664
2025-06-17,U04664
2025-06-20,U04664
2025-06-26,U04664
2025-06-29,U04664
2025-07-07,U04664
2025-07-18,U04665
2025-07-20,U04665
2025-07-31,U04665
2025-06-30,U04666
2025-06-30,U04666
2025-07-05,U04666
2025-07-06,U04666
2025-07-07,U04666
2025-07-09,U04666
2025-07-10,U04666
2025-07-10,U04666
2025-07-21,U04666
2025-08-16,U04666
2025-05-24,U04667
2025-06-11,U04667
2025-06-13,U04667
2025-06-15,U04667
2025-06-17,U04667
2025-06-18,U04667
2025-06-28,U04667
2025-07-17,U04668
2025-07-17,U04668
2025-07-18,U04668
2025-07-23,U04668
2025-07-25,U04668
2025-07-25,U04668
2025-07-28,U04668
2025-07-29,U04668
2025-05-23,U04669
2025-06-04,U04669
2025-05-29,U04670
2025-07-04,U04671
2025-07-06,U04671
2025-07-16,U04671
2025-07-16,U04671
2025-07-19,U04671
2025-06-04,U04672
2025-06-09,U04672
2025-06-21,U04672
2025-06-30,U04672
2025-07-05,U04672
2025-07-09,U04673
2025-07-14,U04673
2025-07-24,U04673
2025-07-25,U04673
2025-07-27,U04673
2025-05-31,U04674
2025-06-05,U04674
2025-06-06,U04674
2025-06-24,U04674
2025-06-25,U04674
2025-07-03,U04674
2025-07-03,U04674
2025-07-05,U04674
2025-07-06,U04674
2025-06-18,U04675
2025-06-23,U04675
2025-07-01,U04675
2025-07-01,U04675
2025-07-03,U04675
2025-07-11,U04675
2025-07-04,U04676
2025-07-21,U04676
2025-07-24,U04676
2025-06-19,U04677
2025-06-21,U04677
2025-06-22,U04677
2025-07-01,U04677
2025-07-05,U04677
2025-07-12,U04677
2025-07-14,U04677
2025-07-17,U04677
2025-05-17,U04678
2025-07-10,U04679
2025-07-14,U04679
2025-07-21,U04679
2025-07-24,U04680
2025-07-24,U04680
2025-07-24,U04680
2025-07-27,U04680
2025-07-27,U04680
2025-07-29,U04680
2025-07-31,U04680
2025-08-15,U04680
2025-05-30,U04681
2025-06-02,U04681
2025-06-12,U04681
2025-06-23,U04681
2025-06-24,U04681
2025-07-04,U04681
2025-07-04,U04681
2025-07-07,U04681
2025-05-17,U04682
2025-07-18,U04683
2025-07-24,U04683
2025-07-24,U04683
2025-07-27,U04683
2025-07-29,U04683
2025-07-31,U04683
2025-07-14,U04684
2025-07-16,U04684
2025-07-16,U04684
2025-07-22,U04684
2025-07-24,U04684
2025-07-25,U04684
2025-07-27,U04684
2025-07-28,U04684
2025-06-21,U04685
2025-06-24,U04685
2025-06-28,U04685
2025-07-11,U04685
2025-07-13,U04685
2025-07-13,U04685
2025-07-13,U04685
2025-07-16,U04685
2025-07-17,U04685
2025-06-21,U04686
2025-07-03,U04686
2025-07-09,U04686
2025-07-16,U04686
2025-06-11,U04687
2025-06-20,U04687
2025-07-12,U04687
2025-06-19,U04688
2025-06-21,U04688
2025-06-27,U04688
2025-06-27,U04688
2025-06-27,U04688
2025-06-28,U04688
2025-07-01,U04688
2025-07-17,U04688
2025-07-19,U04689
2025-07-20,U04689
2025-07-21,U04689
2025-07-22,U04689
2025-07-24,U04689
2025-07-25,U04689
2025-07-29,U04689
2025-07-29,U04689
2025-08-01,U04689
2025-07-17,U04690
2025-07-19,U04690
2025-07-24,U04690
2025-07-25,U04690
2025-07-27,U04690
2025-07-27,U04690
2025-07-30,U04690
2025-07-08,U04691
2025-07-12,U04691
2025-07-16,U04691
2025-07-17,U04691
2025-07-24,U04691
2025-07-16,U04692
2025-07-18,U04692
2025-07-18,U04692
2025-07-20,U04692
2025-07-22,U04692
2025-07-24,U04692
2025-07-25,U04692
2025-07-27,U04692
2025-07-28,U04692
2025-07-30,U04692
2025-05-29,U04693
2025-05-26,U04694
2025-06-14,U04694
2025-06-20,U04694
2025-07-21,U04695
2025-07-31,U04695
2025-08-21,U04695
2025-05-28,U04696
2025-06-29,U04697
2025-07-02,U04697
2025-07-06,U04697
2025-07-07,U04697
2025-07-15,U04697
2025-07-17,U04697
2025-06-01,U04698
2025-06-11,U04698
2025-06-13,U04698
2025-06-27,U04698
2025-05-28,U04699
2025-05-29,U04699
2025-06-05,U04699
2025-06-21,U04699
2025-07-02,U04699
2025-07-14,U04700
2025-07-20,U04700
2025-07-20,U04700
2025-07-21,U04700
2025-07-22,U04700
2025-07-23,U04700
2025-07-25,U04700
2025-07-27,U04700
2025-07-28,U04700
2025-08-21,U04700
2025-07-21,U04701
2025-07-21,U04701
2025-07-25,U04701
2025-07-28,U04701
2025-07-29,U04701
2025-06-27,U04702
2025-07-04,U04702
2025-07-20,U04703
2025-07-25,U04703
2025-07-30,U04703
2025-06-28,U04704
2025-07-06,U04704
2025-07-08,U04704
2025-07-13,U04704
2025-07-14,U04704
2025-07-16,U04704
2025-07-19,U04704
2025-07-21,U04704
2025-07-17,U04705
2025-07-29,U04705
2025-06-10,U04706
2025-05-19,U04707
2025-05-19,U04707
2025-05-21,U04707
2025-05-22,U04707
2025-06-07,U04707
2025-06-17,U04707
2025-08-16,U04707
2025-05-27,U04708
2025-06-01,U04708
2025-06-11,U04708
2025-06-13,U04708
2025-06-17,U04708
2025-07-05,U04708
2025-07-15,U04709
2025-07-16,U04709
2025-07-18,U04709
2025-07-20,U04709
2025-07-25,U04709
2025-07-26,U04709
2025-07-26,U04709
2025-07-28,U04709
2025-07-29,U04709
2025-07-30,U04709
2025-06-04,U04710
2025-06-15,U04710
2025-06-22,U04710
2025-06-29,U04710
2025-07-07,U04710
2025-06-27,U04711
2025-07-05,U04711
2025-07-09,U04711
2025-07-12,U04711
2025-07-17,U04711
2025-06-24,U04712
2025-06-28,U04712
2025-07-02,U04712
2025-07-05,U04712
2025-07-06,U04712
2025-07-11,U04712
2025-07-15,U04712
2025-07-17,U04712
2025-07-19,U04712
2025-06-08,U04713
2025-08-17,U04713
2025-06-11,U04714
2025-06-21,U04714
2025-06-23,U04714
2025-07-04,U04714
2025-07-13,U04714
2025-05-21,U04715
2025-05-24,U04715
2025-06-02,U04715
2025-06-05,U04716
2025-06-13,U04716
2025-06-16,U04716
2025-06-20,U04716
2025-06-21,U04716
2025-06-23,U04716
2025-06-27,U04716
2025-06-29,U04716
2025-07-06,U04716
2025-07-07,U04716
2025-06-03,U04717
2025-06-06,U04717
2025-06-07,U04717
2025-06-30,U04717
2025-07-07,U04717
2025-07-08,U04717
2025-07-09,U04717
2025-06-24,U04718
2025-05-18,U04719
2025-05-21,U04719
2025-05-22,U04719
2025-05-29,U04719
2025-06-05,U04719
2025-06-21,U04719
2025-06-22,U04719
2025-06-28,U04719
2025-05-20,U04720
2025-06-18,U04720
2025-06-21,U04720
2025-06-13,U04721
2025-06-24,U04721
2025-06-27,U04721
2025-06-27,U04721
2025-07-02,U04721
2025-07-11,U04721
2025-07-12,U04721
2025-07-14,U04721
2025-07-19,U04722
2025-07-25,U04722
2025-07-28,U04722
2025-07-29,U04722
2025-08-01,U04722
2025-07-06,U04723
2025-07-17,U04723
2025-07-08,U04724
2025-07-10,U04724
2025-07-12,U04724
2025-07-13,U04724
2025-07-15,U04724
2025-07-20,U04724
2025-07-23,U04724
2025-07-24,U04724
2025-07-25,U04724
2025-07-26,U04724
2025-05-17,U04725
2025-05-18,U04725
2025-07-06,U04726
2025-07-07,U04726
2025-07-09,U04726
2025-07-14,U04726
2025-07-17,U04726
2025-07-17,U04726
2025-07-19,U04726
2025-07-22,U04726
2025-07-23,U04726
2025-07-25,U04726
2025-07-07,U04727
2025-07-15,U04727
2025-07-20,U04727
2025-07-20,U04727
2025-07-22,U04727
2025-05-17,U04728
2025-07-08,U04729
2025-07-14,U04729
2025-07-20,U04729
2025-07-25,U04729
2025-05-27,U04730
2025-05-27,U04730
2025-06-07,U04730
2025-06-07,U04730
2025-06-09,U04730
2025-06-21,U04730
2025-06-27,U04730
2025-06-28,U04730
2025-07-05,U04730
2025-05-17,U04731
2025-06-20,U04732
2025-06-23,U04732
2025-07-10,U04732
2025-07-11,U04732
2025-07-12,U04732
2025-07-14,U04732
2025-07-17,U04732
2025-05-27,U04733
2025-05-27,U04733
2025-05-29,U04733
2025-06-06,U04733
2025-06-14,U04733
2025-06-21,U04733
2025-06-28,U04733
2025-06-29,U04733
2025-07-03,U04733
2025-07-04,U04733
2025-05-21,U04734
2025-05-21,U04734
2025-05-22,U04734
2025-05-31,U04734
2025-06-09,U04735
2025-06-16,U04735
2025-06-24,U04735
2025-06-27,U04735
2025-06-28,U04735
2025-07-10,U04735
2025-07-15,U04736
2025-07-15,U04736
2025-07-22,U04736
2025-07-23,U04736
2025-07-23,U04736
2025-07-23,U04736
2025-07-24,U04736
2025-07-28,U04736
2025-07-29,U04736
2025-07-30,U04736
2025-05-17,U04737
2025-07-11,U04738
2025-07-12,U04738
2025-07-12,U04738
2025-07-13,U04738
2025-07-16,U04738
2025-07-20,U04738
2025-07-22,U04738
2025-07-23,U04738
2025-07-25,U04738
2025-07-28,U04738
2025-06-01,U04739
2025-06-01,U04739
2025-06-04,U04739
2025-06-10,U04739
2025-06-17,U04740
2025-06-17,U04740
2025-06-29,U04740
2025-07-04,U04740
2025-07-08,U04740
2025-07-09,U04741
2025-07-11,U04741
2025-07-14,U04741
2025-07-17,U04741
2025-07-26,U04741
2025-06-22,U04742
2025-06-25,U04742
2025-08-18,U04742
2025-05-17,U04743
2025-05-22,U04743
2025-05-30,U04744
2025-06-05,U04744
2025-07-03,U04744
2025-06-02,U04745
2025-06-12,U04745
2025-06-14,U04745
2025-06-14,U04745
2025-06-19,U04745
2025-06-24,U04745
2025-06-24,U04745
2025-07-07,U04745
2025-07-08,U04745
2025-06-21,U04746
2025-06-23,U04746
2025-06-24,U04746
2025-06-25,U04746
2025-07-05,U04746
2025-07-06,U04746
2025-07-12,U04746
2025-07-15,U04746
2025-05-18,U04747
2025-05-20,U04747
2025-05-31,U04747
2025-07-13,U04748
2025-07-17,U04748
2025-07-19,U04748
2025-07-20,U04748
2025-07-20,U04748
2025-07-21,U04748
2025-07-27,U04748
2025-07-28,U04748
2025-05-22,U04749
2025-05-22,U04749
2025-05-26,U04749
2025-05-26,U04749
2025-06-05,U04749
2025-06-08,U04749
2025-06-14,U04749
2025-06-19,U04749
2025-06-28,U04749
2025-06-29,U04749
2025-06-09,U04750
2025-06-15,U04750
2025-06-17,U04750
2025-06-19,U04750
2025-06-19,U04750
2025-06-21,U04750
2025-07-11,U04750
2025-06-16,U04751
2025-06-23,U04751
2025-07-15,U04751
2025-07-17,U04752
2025-07-20,U04752
2025-07-22,U04752
2025-07-23,U04752
2025-07-25,U04752
2025-07-25,U04752
2025-07-29,U04752
2025-07-31,U04752
2025-06-26,U04753
2025-07-03,U04753
2025-07-06,U04753
2025-07-07,U04753
2025-07-13,U04753
2025-07-13,U04753
2025-07-15,U04753
2025-07-18,U04753
2025-07-20,U04753
2025-06-11,U04754
2025-06-29,U04754
2025-07-05,U04754
2025-07-09,U04754
2025-07-12,U04754
2025-05-17,U04755
2025-05-19,U04756
2025-05-24,U04756
2025-05-27,U04756
2025-05-27,U04756
2025-06-07,U04756
2025-07-17,U04757
2025-07-22,U04757
2025-07-23,U04757
2025-07-25,U04757
2025-07-25,U04757
2025-07-25,U04757
2025-07-28,U04757
2025-07-29,U04757
2025-07-14,U04758
2025-07-26,U04758
2025-05-17,U04759
2025-05-17,U04760
2025-06-30,U04761
2025-07-17,U04761
2025-07-18,U04761
2025-06-17,U04762
2025-06-28,U04762
2025-06-29,U04762
2025-07-06,U04762
2025-07-12,U04762
2025-07-15,U04762
2025-07-16,U04762
2025-07-19,U04763
2025-07-28,U04763
2025-06-08,U04764
2025-06-08,U04764
2025-06-09,U04764
2025-06-11,U04764
2025-06-12,U04764
2025-06-14,U04764
2025-06-22,U04764
2025-07-08,U04764
2025-07-11,U04764
2025-07-07,U04765
2025-07-09,U04765
2025-07-16,U04765
2025-07-21,U04765
2025-06-26,U04766
2025-07-06,U04766
2025-08-19,U04766
2025-05-23,U04767
2025-06-13,U04767
2025-06-20,U04767
2025-05-17,U04768
2025-06-01,U04768
2025-06-07,U04768
2025-06-30,U04769
2025-07-20,U04769
2025-08-15,U04769
2025-07-12,U04770
2025-07-26,U04770
2025-05-17,U04771
2025-07-28,U04772
2025-07-29,U04772
2025-05-19,U04773
2025-05-28,U04773
2025-06-05,U04773
2025-06-07,U04773
2025-08-20,U04773
2025-06-09,U04774
2025-06-26,U04774
2025-07-04,U04774
2025-07-10,U04774
2025-07-08,U04775
2025-07-09,U04775
2025-07-14,U04775
2025-07-14,U04775
2025-07-20,U04775
2025-07-21,U04775
2025-07-22,U04775
2025-07-23,U04775
2025-07-24,U04775
2025-07-25,U04775
2025-06-11,U04776
2025-06-12,U04776
2025-06-15,U04776
2025-06-28,U04776
2025-07-03,U04776
2025-07-10,U04776
2025-07-13,U04776
2025-07-08,U04777
2025-07-09,U04777
2025-07-12,U04777
2025-07-14,U04777
2025-07-14,U04777
2025-07-21,U04777
2025-07-23,U04777
2025-07-26,U04777
2025-06-06,U04778
2025-06-15,U04778
2025-05-17,U04779
2025-07-10,U04780
2025-07-11,U04780
2025-07-12,U04780
2025-07-20,U04780
2025-07-27,U04780
2025-05-29,U04781
2025-06-14,U04781
2025-06-24,U04781
2025-06-28,U04781
2025-06-30,U04781
2025-07-05,U04781
2025-07-21,U04782
2025-07-21,U04782
2025-07-21,U04782
2025-07-25,U04782
2025-07-26,U04782
2025-07-27,U04782
2025-08-01,U04782
2025-08-16,U04782
2025-05-31,U04783
2025-06-06,U04783
2025-06-08,U04783
2025-06-10,U04784
2025-06-19,U04785
2025-07-09,U04785
2025-07-15,U04785
2025-07-27,U04786
2025-07-31,U04786
2025-07-14,U04787
2025-07-21,U04787
2025-07-21,U04787
2025-07-23,U04787
2025-07-24,U04787
2025-07-24,U04787
2025-07-29,U04787
2025-07-15,U04788
2025-07-17,U04788
2025-07-24,U04788
2025-07-25,U04788
2025-07-28,U04788
2025-07-29,U04788
2025-07-30,U04788
2025-05-29,U04789
2025-06-09,U04789
2025-06-13,U04789
2025-06-22,U04789
2025-05-19,U04790
2025-05-22,U04790
2025-06-08,U04790
2025-06-09,U04790
2025-06-12,U04790
2025-06-13,U04790
2025-06-14,U04790
2025-06-23,U04791
2025-06-30,U04791
2025-07-10,U04791
2025-07-15,U04791
2025-07-17,U04791
2025-07-17,U04791
2025-07-19,U04791
2025-08-19,U04791
2025-05-20,U04792
2025-06-09,U04792
2025-06-08,U04793
2025-06-29,U04793
2025-07-05,U04793
2025-07-09,U04793
2025-08-20,U04793
2025-07-20,U04794
2025-07-23,U04794
2025-06-27,U04795
2025-06-29,U04795
2025-07-08,U04795
2025-07-08,U04795
2025-07-10,U04795
2025-07-11,U04795
2025-07-14,U04795
2025-07-18,U04795
2025-07-18,U04795
2025-07-21,U04795
2025-07-12,U04796
2025-07-21,U04796
2025-05-18,U04797
2025-06-01,U04797
2025-06-07,U04797
2025-06-29,U04797
2025-05-18,U04798
2025-05-20,U04798
2025-05-25,U04798
2025-05-27,U04798
2025-08-19,U04798
2025-07-20,U04799
2025-07-21,U04799
2025-07-22,U04799
2025-07-27,U04799
2025-07-31,U04799
2025-06-05,U04800
2025-06-13,U04800
2025-06-21,U04801
2025-06-21,U04801
2025-07-01,U04801
2025-07-11,U04801
2025-07-13,U04801
2025-07-16,U04801
2025-07-16,U04801
2025-07-18,U04801
2025-05-17,U04802
2025-07-15,U04803
2025-07-16,U04803
2025-07-16,U04803
2025-07-18,U04803
2025-07-21,U04803
2025-07-24,U04803
2025-07-27,U04803
2025-07-28,U04803
2025-07-29,U04803
2025-07-30,U04803
2025-05-30,U04804
2025-07-23,U04805
2025-07-25,U04805
2025-07-30,U04805
2025-07-18,U04806
2025-07-28,U04806
2025-07-29,U04806
2025-07-29,U04806
2025-07-31,U04806
2025-05-17,U04807
2025-06-15,U04808
2025-06-16,U04808
2025-06-22,U04808
2025-06-23,U04808
2025-07-12,U04808
2025-07-15,U04808
2025-08-21,U04808
2025-05-18,U04809
2025-05-23,U04809
2025-05-30,U04809
2025-06-06,U04809
2025-06-15,U04809
2025-07-25,U04810
2025-07-27,U04810
2025-08-21,U04810
2025-07-05,U04811
2025-07-06,U04811
2025-07-07,U04811
2025-07-14,U04811
2025-07-17,U04811
2025-07-17,U04811
2025-07-25,U04811
2025-07-18,U04812
2025-07-27,U04812
2025-05-17,U04813
2025-07-05,U04814
2025-07-07,U04814
2025-07-09,U04814
2025-07-11,U04814
2025-07-17,U04814
2025-07-24,U04814
2025-07-25,U04814
2025-08-18,U04814
2025-07-20,U04815
2025-07-24,U04815
2025-07-24,U04815
2025-07-25,U04815
2025-07-28,U04815
2025-07-31,U04815
2025-07-31,U04815
2025-08-01,U04815
2025-06-15,U04816
2025-06-25,U04816
2025-06-29,U04816
2025-07-12,U04816
2025-07-15,U04816
2025-05-28,U04817
2025-06-21,U04817
2025-06-17,U04818
2025-06-22,U04818
2025-07-04,U04818
2025-07-05,U04818
2025-07-09,U04818
2025-07-12,U04818
2025-07-12,U04818
2025-07-14,U04818
2025-05-22,U04819
2025-05-28,U04819
2025-06-27,U04819
2025-06-03,U04820
2025-06-05,U04820
2025-06-10,U04820
2025-06-25,U04820
2025-07-08,U04820
2025-07-09,U04820
2025-05-26,U04821
2025-06-18,U04821
2025-06-28,U04821
2025-06-30,U04821
2025-07-01,U04821
2025-07-05,U04821
2025-06-01,U04822
2025-08-21,U04822
2025-06-18,U04823
2025-06-20,U04823
2025-06-22,U04823
2025-06-30,U04823
2025-06-30,U04823
2025-07-03,U04823
2025-07-10,U04823
2025-07-12,U04823
2025-06-02,U04824
2025-06-14,U04824
2025-06-20,U04824
2025-06-24,U04824
2025-06-30,U04825
2025-07-09,U04825
2025-07-11,U04825
2025-07-14,U04825
2025-07-21,U04825
2025-07-22,U04825
2025-05-20,U04826
2025-05-23,U04826
2025-06-04,U04826
2025-06-25,U04826
2025-05-27,U04827
2025-05-31,U04827
2025-06-11,U04827
2025-06-14,U04827
2025-07-04,U04828
2025-07-17,U04828
2025-07-20,U04828
2025-06-16,U04829
2025-07-12,U04829
2025-05-19,U04830
2025-06-01,U04830
2025-06-03,U04830
2025-06-15,U04830
2025-06-20,U04830
2025-06-20,U04830
2025-06-29,U04830
2025-08-16,U04830
2025-06-11,U04831
2025-06-30,U04831
2025-08-16,U04831
2025-07-03,U04832
2025-07-04,U04832
2025-07-08,U04832
2025-07-16,U04832
2025-07-20,U04832
2025-05-17,U04833
2025-05-17,U04833
2025-05-21,U04833
2025-05-21,U04833
2025-06-09,U04833
2025-06-12,U04833
2025-06-15,U04833
2025-05-17,U04834
2025-06-20,U04835
2025-06-23,U04835
2025-06-24,U04835
2025-06-24,U04835
2025-06-25,U04835
2025-06-28,U04835
2025-07-06,U04835
2025-07-07,U04835
2025-07-07,U04835
2025-07-12,U04835
2025-05-18,U04836
2025-05-18,U04836
2025-05-20,U04836
2025-05-29,U04836
2025-06-05,U04836
2025-07-14,U04837
2025-07-26,U04837
2025-07-04,U04838
2025-07-23,U04838
2025-06-30,U04839
2025-07-03,U04839
2025-07-07,U04839
2025-07-08,U04839
2025-07-10,U04839
2025-07-14,U04839
2025-07-18,U04839
2025-07-20,U04839
2025-07-22,U04839
2025-05-17,U04840
2025-05-17,U04841
2025-05-22,U04842
2025-06-07,U04842
2025-06-14,U04842
2025-05-22,U04843
2025-06-11,U04844
2025-06-17,U04844
2025-06-18,U04844
2025-06-27,U04844
2025-06-27,U04844
2025-06-29,U04844
2025-07-01,U04844
2025-07-07,U04844
2025-07-11,U04844
2025-07-13,U04844
2025-08-18,U04844
2025-06-29,U04845
2025-07-09,U04845
2025-07-21,U04845
2025-06-19,U04846
2025-06-23,U04846
2025-06-28,U04846
2025-07-04,U04846
2025-07-05,U04846
2025-07-08,U04846
2025-07-06,U04847
2025-07-14,U04847
2025-05-24,U04848
2025-05-25,U04848
2025-06-02,U04848
2025-06-05,U04848
2025-06-18,U04848
2025-07-12,U04849
2025-07-12,U04849
2025-07-13,U04849
2025-07-14,U04849
2025-07-21,U04849
2025-07-21,U04849
2025-07-22,U04849
2025-07-22,U04849
2025-07-24,U04849
2025-07-28,U04849
2025-05-27,U04850
2025-06-03,U04850
2025-06-15,U04850
2025-06-17,U04850
2025-06-22,U04850
2025-06-24,U04850
2025-05-21,U04851
2025-06-08,U04851
2025-06-08,U04851
2025-06-14,U04851
2025-06-16,U04851
2025-06-19,U04851
2025-06-21,U04851
2025-07-20,U04852
2025-07-25,U04852
2025-07-25,U04852
2025-07-30,U04852
2025-05-22,U04853
2025-05-26,U04854
2025-05-30,U04854
2025-07-24,U04855
2025-07-25,U04855
2025-06-15,U04856
2025-06-17,U04856
2025-06-20,U04856
2025-06-20,U04856
2025-06-29,U04856
2025-07-05,U04856
2025-07-07,U04856
2025-07-08,U04856
2025-07-13,U04856
2025-07-15,U04856
2025-05-22,U04857
2025-05-24,U04857
2025-05-30,U04857
2025-06-13,U04857
2025-06-13,U04857
2025-06-19,U04857
2025-06-26,U04857
2025-07-10,U04858
2025-07-14,U04858
2025-07-17,U04858
2025-07-19,U04858
2025-07-20,U04858
2025-07-20,U04858
2025-07-20,U04858
2025-07-23,U04858
2025-07-27,U04858
2025-08-20,U04858
2025-07-10,U04859
2025-07-12,U04859
2025-07-13,U04859
2025-07-14,U04859
2025-07-18,U04859
2025-07-21,U04859
2025-07-07,U04860
2025-07-12,U04860
2025-07-14,U04860
2025-07-21,U04860
2025-07-22,U04860
2025-05-30,U04861
2025-07-01,U04861
2025-06-22,U04862
2025-07-04,U04862
2025-07-04,U04862
2025-07-06,U04862
2025-07-08,U04862
2025-07-11,U04862
2025-05-17,U04863
2025-06-05,U04864
2025-06-11,U04864
2025-06-17,U04864
2025-06-20,U04864
2025-06-27,U04864
2025-06-30,U04864
2025-07-08,U04864
2025-07-09,U04864
2025-06-17,U04865
2025-06-19,U04865
2025-06-20,U04865
2025-06-23,U04865
2025-07-15,U04865
2025-07-13,U04866
2025-07-16,U04866
2025-07-16,U04866
2025-07-25,U04866
2025-06-22,U04867
2025-06-23,U04867
2025-06-29,U04867
2025-07-09,U04867
2025-07-18,U04867
2025-07-21,U04868
2025-07-21,U04868
2025-07-22,U04868
2025-07-22,U04868
2025-07-22,U04868
2025-07-23,U04868
2025-07-23,U04868
2025-07-26,U04868
2025-07-26,U04868
2025-08-01,U04868
2025-07-09,U04869
2025-07-11,U04869
2025-07-12,U04869
2025-07-12,U04869
2025-07-16,U04869
2025-07-16,U04869
2025-07-18,U04869
2025-07-26,U04869
2025-06-16,U04870
2025-06-17,U04870
2025-08-18,U04870
2025-05-26,U04871
2025-05-28,U04871
2025-06-17,U04871
2025-07-20,U04872
2025-07-23,U04872
2025-07-24,U04872
2025-08-01,U04872
2025-05-19,U04873
2025-05-28,U04873
2025-06-03,U04873
2025-06-05,U04873
2025-06-12,U04873
2025-06-22,U04873
2025-07-20,U04874
2025-07-23,U04874
2025-07-24,U04874
2025-07-28,U04874
2025-07-29,U04874
2025-07-31,U04874
2025-05-28,U04875
2025-05-28,U04875
2025-06-07,U04875
2025-06-09,U04875
2025-06-13,U04875
2025-06-14,U04875
2025-06-24,U04875
2025-06-25,U04875
2025-06-28,U04875
2025-07-01,U04875
2025-06-29,U04876
2025-07-01,U04876
2025-07-02,U04876
2025-07-03,U04876
2025-07-07,U04876
2025-07-15,U04876
2025-07-17,U04876
2025-07-19,U04876
2025-07-21,U04876
2025-07-22,U04876
2025-08-20,U04876
2025-05-17,U04877
2025-05-18,U04878
2025-05-18,U04878
2025-05-22,U04878
2025-05-24,U04878
2025-06-10,U04878
2025-06-08,U04879
2025-06-18,U04879
2025-06-20,U04879
2025-06-21,U04879
2025-06-26,U04879
2025-06-27,U04879
2025-06-27,U04879
2025-07-08,U04879
2025-07-09,U04879
2025-08-19,U04879
2025-05-31,U04880
2025-06-07,U04880
2025-07-02,U04881
2025-07-14,U04881
2025-07-15,U04881
2025-07-15,U04881
2025-07-19,U04881
2025-07-21,U04881
2025-06-23,U04882
2025-06-26,U04882
2025-07-03,U04882
2025-07-07,U04882
2025-07-08,U04882
2025-07-13,U04882
2025-07-14,U04882
2025-07-16,U04882
2025-06-15,U04883
2025-06-20,U04883
2025-07-09,U04884
2025-07-14,U04884
2025-07-23,U04884
2025-07-26,U04885
2025-07-31,U04885
2025-07-17,U04886
2025-07-22,U04886
2025-07-22,U04886
2025-07-29,U04886
2025-07-30,U04886
2025-08-19,U04886
2025-05-19,U04887
2025-05-24,U04887
2025-06-01,U04887
2025-06-04,U04887
2025-06-06,U04887
2025-06-09,U04887
2025-06-19,U04887
2025-07-01,U04887
2025-07-18,U04888
2025-07-21,U04888
2025-07-26,U04888
2025-07-30,U04888
2025-07-21,U04889
2025-07-21,U04889
2025-07-24,U04889
2025-07-25,U04889
2025-07-26,U04889
2025-07-27,U04889
2025-07-29,U04889
2025-07-29,U04889
2025-07-31,U04889
2025-05-26,U04890
2025-05-27,U04890
2025-05-27,U04890
2025-05-27,U04890
2025-05-29,U04890
2025-05-30,U04890
2025-06-19,U04890
2025-06-22,U04890
2025-06-28,U04890
2025-07-05,U04890
2025-08-19,U04890
2025-05-17,U04891
2025-05-22,U04891
2025-05-22,U04891
2025-06-19,U04891
2025-06-20,U04891
2025-06-23,U04891
2025-08-21,U04891
2025-05-26,U04892
2025-06-08,U04893
2025-06-11,U04893
2025-06-15,U04893
2025-06-15,U04893
2025-07-01,U04893
2025-07-03,U04893
2025-07-05,U04893
2025-07-10,U04893
2025-05-27,U04894
2025-05-27,U04894
2025-06-02,U04894
2025-06-13,U04894
2025-06-14,U04894
2025-06-15,U04894
2025-06-28,U04894
2025-06-29,U04894
2025-07-02,U04894
2025-07-10,U04895
2025-07-10,U04895
2025-07-15,U04895
2025-07-15,U04895
2025-07-18,U04895
2025-07-18,U04895
2025-07-19,U04895
2025-07-21,U04895
2025-07-22,U04895
2025-07-24,U04895
2025-07-12,U04896
2025-07-15,U04896
2025-07-15,U04896
2025-07-16,U04896
2025-07-19,U04896
2025-07-25,U04896
2025-07-25,U04896
2025-07-26,U04896
2025-07-26,U04896
2025-07-28,U04896
2025-06-11,U04897
2025-06-25,U04897
2025-06-24,U04898
2025-07-10,U04898
2025-07-11,U04899
2025-07-17,U04899
2025-07-17,U04899
2025-07-24,U04899
2025-07-26,U04899
2025-07-28,U04899
2025-05-26,U04900
2025-05-28,U04900
2025-05-30,U04900
2025-06-04,U04900
2025-06-08,U04900
2025-06-11,U04900
2025-06-18,U04900
2025-06-21,U04900
2025-06-24,U04900
2025-07-02,U04900
2025-08-20,U04900
2025-06-25,U04901
2025-06-26,U04901
2025-06-27,U04901
2025-07-03,U04901
2025-07-03,U04901
2025-07-04,U04901
2025-07-10,U04901
2025-07-15,U04901
2025-07-17,U04901
2025-07-20,U04901
2025-05-21,U04902
2025-05-30,U04902
2025-06-04,U04902
2025-06-10,U04902
2025-06-24,U04902
2025-06-26,U04902
2025-07-02,U04903
2025-07-09,U04903
2025-07-16,U04903
2025-07-10,U04904
2025-07-11,U04904
2025-07-16,U04904
2025-07-26,U04904
2025-05-20,U04905
2025-05-24,U04905
2025-05-25,U04905
2025-05-29,U04905
2025-05-31,U04905
2025-06-05,U04905
2025-06-09,U04905
2025-06-10,U04905
2025-07-02,U04905
2025-07-05,U04906
2025-07-17,U04906
2025-07-17,U04906
2025-07-18,U04906
2025-07-19,U04906
2025-07-20,U04906
2025-07-21,U04906
2025-07-24,U04906
2025-07-04,U04907
2025-07-07,U04907
2025-07-09,U04907
2025-07-10,U04907
2025-07-12,U04907
2025-07-16,U04907
2025-07-20,U04907
2025-07-19,U04908
2025-07-28,U04908
2025-06-24,U04909
2025-07-11,U04909
2025-05-31,U04910
2025-06-01,U04910
2025-06-01,U04910
2025-06-02,U04910
2025-08-18,U04910
2025-05-25,U04911
2025-05-28,U04911
2025-05-29,U04911
2025-06-02,U04911
2025-06-04,U04911
2025-06-04,U04911
2025-06-24,U04911
2025-06-25,U04911
2025-05-26,U04912
2025-06-11,U04912
2025-06-16,U04912
2025-06-29,U04912
2025-06-21,U04913
2025-06-21,U04913
2025-06-28,U04913
2025-07-01,U04913
2025-07-07,U04913
2025-07-13,U04913
2025-07-15,U04913
2025-07-16,U04913
2025-07-03,U04914
2025-07-15,U04914
2025-07-19,U04914
2025-07-20,U04914
2025-07-20,U04914
2025-07-21,U04914
2025-07-10,U04915
2025-07-18,U04915
2025-07-23,U04915
2025-07-26,U04915
2025-05-17,U04916
2025-05-17,U04917
2025-06-21,U04918
2025-07-05,U04918
2025-07-05,U04918
2025-07-08,U04918
2025-07-09,U04918
2025-07-06,U04919
2025-07-24,U04919
2025-08-21,U04919
2025-06-29,U04920
2025-06-30,U04920
2025-07-04,U04920
2025-07-13,U04920
2025-07-14,U04920
2025-07-17,U04920
2025-07-21,U04920
2025-07-22,U04920
2025-06-27,U04921
2025-07-05,U04921
2025-07-07,U04921
2025-07-09,U04921
2025-07-13,U04921
2025-07-16,U04921
2025-06-20,U04922
2025-06-21,U04922
2025-06-25,U04922
2025-06-25,U04922
2025-06-28,U04922
2025-07-01,U04922
2025-07-04,U04922
2025-07-09,U04922
2025-07-09,U04922
2025-07-17,U04922
2025-05-29,U04923
2025-05-31,U04923
2025-06-02,U04923
2025-08-15,U04923
2025-05-17,U04924
2025-06-26,U04924
2025-06-29,U04924
2025-05-20,U04925
2025-06-06,U04925
2025-06-09,U04925
2025-06-24,U04925
2025-05-17,U04926
2025-05-17,U04927
2025-08-16,U04927
2025-06-18,U04928
2025-06-19,U04928
2025-05-25,U04929
2025-05-28,U04929
2025-06-01,U04929
2025-06-04,U04929
2025-06-12,U04929
2025-06-23,U04929
2025-07-13,U04930
2025-07-28,U04930
2025-07-11,U04931
2025-07-21,U04931
2025-07-24,U04932
2025-07-31,U04932
2025-08-17,U04932
2025-07-11,U04933
2025-07-22,U04933
2025-07-22,U04933
2025-07-24,U04933
2025-06-27,U04934
2025-06-27,U04934
2025-07-04,U04934
2025-07-13,U04934
2025-07-15,U04934
2025-07-19,U04934
2025-05-17,U04935
2025-06-23,U04936
2025-06-28,U04936
2025-06-30,U04936
2025-07-07,U04936
2025-07-10,U04936
2025-07-10,U04936
2025-07-13,U04936
2025-07-15,U04936
2025-07-19,U04936
2025-05-17,U04937
2025-05-17,U04938
2025-07-17,U04939
2025-07-19,U04939
2025-07-19,U04939
2025-07-23,U04939
2025-07-24,U04939
2025-07-24,U04939
2025-07-29,U04939
2025-07-29,U04939
2025-07-30,U04939
2025-07-31,U04939
2025-07-10,U04940
2025-07-26,U04940
2025-06-25,U04941
2025-08-18,U04941
2025-05-29,U04942
2025-06-28,U04942
2025-05-22,U04943
2025-05-27,U04943
2025-05-27,U04943
2025-06-03,U04943
2025-06-04,U04943
2025-05-17,U04944
2025-05-29,U04944
2025-05-24,U04945
2025-05-25,U04945
2025-05-28,U04945
2025-05-30,U04945
2025-06-04,U04945
2025-06-08,U04945
2025-06-22,U04945
2025-06-29,U04945
2025-06-16,U04946
2025-06-18,U04946
2025-06-30,U04946
2025-07-01,U04946
2025-07-02,U04946
2025-07-11,U04946
2025-07-13,U04946
2025-07-15,U04946
2025-07-18,U04947
2025-07-18,U04947
2025-07-19,U04947
2025-07-19,U04947
2025-07-27,U04947
2025-07-28,U04947
2025-08-15,U04947
2025-06-01,U04948
2025-06-01,U04948
2025-06-03,U04948
2025-06-13,U04948
2025-06-15,U04948
2025-07-04,U04948
2025-07-07,U04948
2025-07-08,U04948
2025-08-19,U04948
2025-06-20,U04949
2025-06-29,U04949
2025-07-03,U04949
2025-07-06,U04949
2025-07-10,U04949
2025-07-10,U04949
2025-07-17,U04949
2025-06-02,U04950
2025-06-14,U04951
2025-06-18,U04951
2025-06-28,U04951
2025-06-29,U04951
2025-07-05,U04951
2025-07-05,U04951
2025-07-14,U04951
2025-05-20,U04952
2025-05-20,U04952
2025-06-03,U04952
2025-06-07,U04952
2025-06-07,U04953
2025-06-07,U04953
2025-06-07,U04953
2025-06-09,U04953
2025-06-10,U04953
2025-06-18,U04953
2025-06-18,U04953
2025-06-27,U04953
2025-07-09,U04953
2025-07-05,U04954
2025-07-24,U04954
2025-06-07,U04955
2025-06-28,U04955
2025-07-13,U04956
2025-07-14,U04956
2025-07-19,U04956
2025-07-21,U04956
2025-07-23,U04956
2025-07-24,U04956
2025-07-25,U04956
2025-07-26,U04956
2025-07-28,U04956
2025-07-29,U04956
2025-05-23,U04957
2025-05-24,U04957
2025-05-31,U04957
2025-06-04,U04957
2025-06-06,U04957
2025-06-28,U04957
2025-07-13,U04958
2025-07-17,U04958
2025-07-04,U04959
2025-07-06,U04959
2025-07-06,U04959
2025-07-14,U04959
2025-07-19,U04959
2025-07-23,U04959
2025-07-24,U04959
2025-07-18,U04960
2025-07-22,U04960
2025-07-24,U04960
2025-07-25,U04960
2025-07-26,U04960
2025-07-29,U04960
2025-05-18,U04961
2025-06-01,U04961
2025-06-10,U04961
2025-07-01,U04962
2025-07-03,U04962
2025-07-04,U04962
2025-07-09,U04962
2025-07-10,U04962
2025-07-12,U04962
2025-07-13,U04962
2025-07-14,U04962
2025-07-22,U04962
2025-08-17,U04962
2025-05-22,U04963
2025-08-20,U04963
2025-05-25,U04964
2025-05-21,U04965
2025-05-25,U04965
2025-05-26,U04965
2025-06-10,U04965
2025-06-21,U04965
2025-06-22,U04965
2025-06-17,U04966
2025-07-21,U04967
2025-07-21,U04967
2025-07-25,U04967
2025-07-29,U04967
2025-06-01,U04968
2025-06-16,U04968
2025-06-16,U04968
2025-06-17,U04968
2025-06-20,U04968
2025-07-17,U04969
2025-07-31,U04969
2025-06-13,U04970
2025-07-16,U04971
2025-07-21,U04971
2025-07-26,U04971
2025-07-26,U04971
2025-07-30,U04971
2025-06-13,U04972
2025-07-07,U04972
2025-07-04,U04973
2025-07-04,U04973
2025-07-07,U04973
2025-07-09,U04973
2025-07-12,U04973
2025-07-20,U04973
2025-07-21,U04973
2025-07-21,U04973
2025-07-22,U04973
2025-07-24,U04973
2025-05-20,U04974
2025-05-22,U04974
2025-05-26,U04974
2025-05-26,U04974
2025-06-19,U04974
2025-08-15,U04974
2025-05-20,U04975
2025-06-17,U04976
2025-06-20,U04976
2025-06-23,U04976
2025-06-29,U04976
2025-07-03,U04976
2025-07-03,U04976
2025-07-11,U04976
2025-07-13,U04976
2025-07-15,U04976
2025-07-16,U04976
2025-06-10,U04977
2025-06-16,U04977
2025-06-20,U04977
2025-06-26,U04977
2025-06-27,U04977
2025-06-27,U04977
2025-07-01,U04977
2025-07-02,U04977
2025-07-09,U04977
2025-07-12,U04977
2025-05-17,U04978
2025-06-23,U04979
2025-06-27,U04979
2025-07-04,U04979
2025-07-09,U04979
2025-07-17,U04980
2025-07-21,U04980
2025-07-22,U04980
2025-07-25,U04980
2025-07-26,U04980
2025-07-28,U04980
2025-05-22,U04981
2025-05-28,U04981
2025-06-19,U04981
2025-06-19,U04981
2025-06-23,U04981
2025-06-13,U04982
2025-06-19,U04982
2025-06-24,U04982
2025-06-30,U04982
2025-07-10,U04982
2025-06-09,U04983
2025-06-09,U04983
2025-06-12,U04983
2025-06-15,U04983
2025-06-30,U04983
2025-07-04,U04983
2025-07-05,U04983
2025-07-08,U04983
2025-07-10,U04983
2025-07-22,U04984
2025-07-23,U04984
2025-07-31,U04984
2025-08-01,U04984
2025-06-26,U04985
2025-06-26,U04985
2025-07-03,U04985
2025-07-05,U04985
2025-07-06,U04985
2025-07-07,U04985
2025-07-13,U04985
2025-07-16,U04985
2025-07-17,U04985
2025-07-19,U04985
2025-07-19,U04986
2025-07-23,U04986
2025-07-26,U04986
2025-07-28,U04986
2025-07-28,U04986
2025-07-28,U04986
2025-07-31,U04986
2025-08-01,U04986
2025-05-25,U04987
2025-05-29,U04987
2025-06-04,U04987
2025-07-04,U04988
2025-07-07,U04988
2025-07-12,U04988
2025-07-14,U04988
2025-07-18,U04988
2025-07-23,U04988
2025-07-05,U04989
2025-07-08,U04989
2025-05-17,U04990
2025-07-01,U04991
2025-07-23,U04991
2025-06-26,U04992
2025-06-28,U04992
2025-07-09,U04992
2025-07-19,U04992
2025-05-28,U04993
2025-05-31,U04993
2025-06-29,U04994
2025-07-05,U04994
2025-07-06,U04994
2025-07-13,U04994
2025-07-20,U04994
2025-08-19,U04994
2025-05-30,U04995
2025-06-01,U04995
2025-06-02,U04995
2025-06-03,U04995
2025-06-06,U04995
2025-06-07,U04995
2025-07-03,U04995
2025-07-06,U04995
2025-08-18,U04995
2025-07-16,U04996
2025-07-17,U04996
2025-07-21,U04996
2025-07-25,U04996
2025-07-25,U04996
2025-07-25,U04996
2025-07-26,U04996
2025-07-27,U04996
2025-07-29,U04996
2025-06-29,U04997
2025-06-29,U04997
2025-06-30,U04997
2025-06-30,U04997
2025-07-08,U04997
2025-07-13,U04997
2025-07-22,U04997
2025-06-08,U04998
2025-07-20,U04999
2025-07-24,U04999
2025-07-24,U04999
2025-07-25,U04999
2025-07-28,U04999
2025-05-21,U05000
2025-06-16,U05000
2025-06-18,U05000
2025-06-22,U05000
2025-08-19,U05000
2025-05-17,U05001
2025-07-17,U05002
2025-07-19,U05002
2025-07-20,U05002
2025-07-22,U05002
2025-07-23,U05002
2025-07-25,U05002
2025-07-26,U05002
2025-07-27,U05002
2025-07-29,U05002
2025-07-30,U05002
2025-07-06,U05003
2025-07-09,U05003
2025-07-14,U05003
2025-07-21,U05003
2025-07-24,U05003
2025-05-23,U05004
2025-05-25,U05004
2025-07-17,U05005
2025-07-19,U05005
2025-07-29,U05005
2025-07-31,U05005
2025-05-31,U05006
2025-06-15,U05006
2025-06-28,U05006
2025-07-06,U05006
2025-05-20,U05007
2025-05-22,U05007
2025-05-26,U05007
2025-05-30,U05007
2025-05-30,U05007
2025-06-06,U05007
2025-06-06,U05007
2025-06-10,U05007
2025-06-27,U05007
2025-07-12,U05008
2025-07-14,U05008
2025-07-16,U05008
2025-07-16,U05008
2025-07-17,U05008
2025-07-17,U05008
2025-07-25,U05008
2025-07-25,U05008
2025-07-25,U05008
2025-07-27,U05008
2025-08-17,U05008
2025-06-12,U05009
2025-06-30,U05009
2025-07-06,U05009
2025-07-09,U05009
2025-07-09,U05009
2025-07-10,U05009
2025-07-12,U05009
2025-07-12,U05009
2025-07-13,U05009
2025-06-21,U05010
2025-06-23,U05010
2025-06-25,U05010
2025-06-25,U05010
2025-06-29,U05010
2025-07-01,U05010
2025-07-03,U05010
2025-07-05,U05010
2025-07-16,U05010
2025-07-19,U05011
2025-07-30,U05011
2025-05-29,U05012
2025-06-04,U05012
2025-06-18,U05012
2025-06-18,U05012
2025-06-18,U05012
2025-06-19,U05012
2025-06-22,U05012
2025-06-30,U05012
2025-07-05,U05012
2025-07-06,U05012
2025-06-09,U05013
2025-06-16,U05013
2025-06-17,U05013
2025-06-22,U05013
2025-06-26,U05013
2025-08-17,U05013
2025-05-30,U05014
2025-05-31,U05014
2025-06-15,U05014
2025-07-01,U05014
2025-05-21,U05015
2025-06-09,U05015
2025-07-01,U05015
2025-06-01,U05016
2025-05-17,U05017
2025-07-07,U05018
2025-07-10,U05018
2025-07-11,U05018
2025-07-26,U05018
2025-08-19,U05018
2025-07-09,U05019
2025-07-13,U05019
2025-07-15,U05019
2025-07-22,U05019
2025-07-24,U05019
2025-07-25,U05019
2025-05-22,U05020
2025-05-23,U05020
2025-06-04,U05020
2025-06-09,U05020
2025-07-19,U05021
2025-07-19,U05021
2025-07-19,U05021
2025-07-23,U05021
2025-07-26,U05021
2025-07-29,U05021
2025-07-29,U05021
2025-07-30,U05021
2025-08-01,U05021
2025-06-18,U05022
2025-07-08,U05022
2025-08-19,U05022
2025-05-22,U05023
2025-05-23,U05023
2025-06-12,U05023
2025-06-28,U05023
2025-07-02,U05023
2025-08-18,U05023
2025-06-29,U05024
2025-07-10,U05024
2025-07-19,U05024
2025-07-20,U05024
2025-05-18,U05025
2025-05-23,U05025
2025-07-15,U05026
2025-07-16,U05026
2025-07-17,U05026
2025-07-20,U05026
2025-07-21,U05026
2025-07-22,U05026
2025-07-24,U05026
2025-07-26,U05026
2025-07-27,U05026
2025-07-28,U05026
2025-08-21,U05026
2025-06-20,U05027
2025-07-14,U05028
2025-07-15,U05028
2025-07-19,U05028
2025-07-21,U05028
2025-07-24,U05028
2025-07-26,U05028
2025-07-26,U05028
2025-07-28,U05028
2025-07-28,U05028
2025-07-29,U05028
2025-07-01,U05029
2025-07-17,U05029
2025-07-11,U05030
2025-07-12,U05030
2025-07-12,U05030
2025-07-13,U05030
2025-07-17,U05030
2025-07-21,U05030
2025-07-26,U05030
2025-07-28,U05030
2025-06-07,U05031
2025-06-11,U05031
2025-06-13,U05031
2025-06-18,U05031
2025-06-24,U05031
2025-06-29,U05031
2025-07-06,U05031
2025-07-06,U05031
2025-07-11,U05031
2025-06-10,U05032
2025-06-12,U05032
2025-06-15,U05032
2025-06-15,U05032
2025-06-21,U05032
2025-06-26,U05032
2025-06-30,U05032
2025-07-10,U05032
2025-07-11,U05032
2025-07-17,U05033
2025-07-18,U05033
2025-07-21,U05033
2025-07-23,U05033
2025-07-28,U05033
2025-07-29,U05033
2025-05-22,U05034
2025-05-24,U05034
2025-08-15,U05034
2025-05-29,U05035
2025-06-09,U05035
2025-06-20,U05035
2025-06-30,U05036
2025-06-30,U05036
2025-07-04,U05036
2025-07-06,U05036
2025-07-09,U05036
2025-07-13,U05036
2025-07-13,U05036
2025-07-15,U05036
2025-07-20,U05036
2025-07-22,U05036
2025-08-21,U05036
2025-07-20,U05037
2025-07-22,U05037
2025-07-23,U05037
2025-07-23,U05037
2025-07-24,U05037
2025-07-24,U05037
2025-07-27,U05037
2025-07-27,U05037
2025-08-01,U05037
2025-05-20,U05038
2025-05-27,U05038
2025-06-03,U05038
2025-06-04,U05038
2025-06-07,U05038
2025-06-20,U05038
2025-05-19,U05039
2025-06-09,U05039
2025-06-16,U05039
2025-06-19,U05039
2025-06-23,U05039
2025-06-27,U05039
2025-07-21,U05040
2025-07-23,U05040
2025-07-23,U05040
2025-07-24,U05040
2025-07-27,U05040
2025-07-29,U05040
2025-07-31,U05040
2025-06-06,U05041
2025-06-16,U05041
2025-06-29,U05041
2025-07-02,U05041
2025-07-04,U05041
2025-07-07,U05041
2025-07-09,U05042
2025-07-15,U05042
2025-07-16,U05042
2025-07-20,U05042
2025-07-22,U05042
2025-07-26,U05042
2025-07-27,U05042
2025-08-21,U05042
2025-07-09,U05043
2025-07-12,U05043
2025-07-13,U05043
2025-07-17,U05043
2025-07-18,U05043
2025-07-19,U05043
2025-07-21,U05043
2025-07-25,U05043
2025-07-26,U05043
2025-05-23,U05044
2025-05-24,U05044
2025-05-31,U05044
2025-05-17,U05045
2025-05-28,U05046
2025-06-23,U05046
2025-06-28,U05046
2025-06-28,U05046
2025-07-04,U05046
2025-06-28,U05047
2025-07-16,U05047
2025-06-21,U05048
2025-07-02,U05048
2025-07-04,U05048
2025-07-05,U05048
2025-07-08,U05048
2025-07-10,U05048
2025-07-10,U05048
2025-07-15,U05048
2025-07-17,U05048
2025-07-01,U05049
2025-07-11,U05049
2025-07-13,U05049
2025-07-20,U05049
2025-07-21,U05049
2025-07-22,U05049
2025-07-22,U05049
2025-07-23,U05049
2025-07-15,U05050
2025-07-16,U05050
2025-07-20,U05050
2025-07-20,U05050
2025-07-29,U05050
2025-08-17,U05050
2025-06-10,U05051
2025-06-14,U05051
2025-06-20,U05051
2025-07-03,U05051
2025-07-07,U05051
2025-07-07,U05051
2025-07-10,U05051
2025-07-12,U05051
2025-08-15,U05051
2025-06-17,U05052
2025-06-17,U05052
2025-06-23,U05052
2025-06-28,U05052
2025-07-02,U05052
2025-07-02,U05052
2025-07-08,U05052
2025-07-16,U05052
2025-07-08,U05053
2025-07-16,U05053
2025-07-22,U05053
2025-07-24,U05053
2025-07-26,U05053
2025-08-16,U05053
2025-06-29,U05054
2025-07-04,U05054
2025-07-12,U05054
2025-07-13,U05054
2025-06-09,U05055
2025-06-08,U05056
2025-06-17,U05056
2025-07-08,U05056
2025-06-24,U05057
2025-07-07,U05057
2025-07-17,U05057
2025-07-18,U05057
2025-08-15,U05057
2025-05-26,U05058
2025-06-23,U05059
2025-06-23,U05059
2025-06-27,U05059
2025-07-07,U05059
2025-07-11,U05059
2025-07-19,U05059
2025-08-16,U05059
2025-06-28,U05060
2025-06-29,U05060
2025-07-01,U05060
2025-07-05,U05060
2025-07-09,U05060
2025-07-12,U05060
2025-07-14,U05060
2025-07-18,U05060
2025-07-06,U05061
2025-07-12,U05061
2025-07-13,U05061
2025-07-15,U05061
2025-07-19,U05061
2025-07-22,U05061
2025-06-24,U05062
2025-06-26,U05062
2025-06-26,U05062
2025-06-28,U05062
2025-06-29,U05062
2025-07-01,U05062
2025-07-04,U05062
2025-07-05,U05062
2025-07-17,U05062
2025-07-18,U05062
2025-07-15,U05063
2025-07-22,U05063
2025-05-24,U05064
2025-06-09,U05064
2025-06-15,U05064
2025-06-17,U05064
2025-06-21,U05064
2025-06-21,U05064
2025-06-23,U05064
2025-06-09,U05065
2025-06-15,U05065
2025-06-15,U05065
2025-06-20,U05065
2025-06-21,U05065
2025-06-24,U05065
2025-06-28,U05065
2025-07-07,U05065
2025-07-12,U05065
2025-05-18,U05066
2025-05-25,U05066
2025-05-27,U05066
2025-06-02,U05066
2025-06-06,U05066
2025-06-10,U05066
2025-06-27,U05066
2025-06-28,U05066
2025-06-30,U05066
2025-06-06,U05067
2025-06-07,U05067
2025-06-09,U05067
2025-06-18,U05067
2025-06-27,U05067
2025-06-27,U05067
2025-07-07,U05067
2025-05-17,U05068
2025-05-22,U05068
2025-06-24,U05068
2025-06-26,U05068
2025-06-27,U05068
2025-06-25,U05069
2025-07-01,U05069
2025-07-03,U05069
2025-07-19,U05069
2025-07-22,U05070
2025-07-29,U05070
2025-08-16,U05070
2025-06-06,U05071
2025-06-15,U05071
2025-06-16,U05071
2025-06-18,U05071
2025-06-19,U05071
2025-06-26,U05071
2025-06-28,U05071
2025-07-03,U05071
2025-07-04,U05071
2025-07-09,U05072
2025-07-10,U05072
2025-07-12,U05072
2025-07-18,U05072
2025-07-19,U05072
2025-07-20,U05072
2025-07-21,U05072
2025-07-22,U05072
2025-07-24,U05072
2025-07-27,U05072
2025-06-17,U05073
2025-07-01,U05073
2025-07-05,U05073
2025-07-08,U05073
2025-07-12,U05073
2025-05-19,U05074
2025-05-20,U05074
2025-05-22,U05074
2025-05-24,U05074
2025-06-25,U05074
2025-08-19,U05074
2025-05-17,U05075
2025-05-24,U05076
2025-06-28,U05076
2025-07-07,U05077
2025-07-09,U05077
2025-07-10,U05077
2025-07-16,U05077
2025-07-20,U05077
2025-07-23,U05077
2025-06-25,U05078
2025-06-27,U05078
2025-07-02,U05078
2025-07-07,U05078
2025-07-10,U05078
2025-07-10,U05078
2025-07-15,U05078
2025-07-17,U05078
2025-07-18,U05078
2025-07-10,U05079
2025-07-20,U05079
2025-07-21,U05079
2025-07-22,U05079
2025-07-23,U05079
2025-07-26,U05079
2025-06-18,U05080
2025-06-23,U05080
2025-06-25,U05080
2025-07-05,U05080
2025-07-10,U05080
2025-07-24,U05081
2025-08-01,U05081
2025-06-13,U05082
2025-06-13,U05082
2025-07-14,U05082
2025-05-30,U05083
2025-06-05,U05084
2025-06-13,U05084
2025-06-18,U05084
2025-06-23,U05084
2025-06-30,U05084
2025-07-02,U05084
2025-07-03,U05084
2025-07-06,U05084
2025-07-08,U05084
2025-06-30,U05085
2025-07-05,U05085
2025-07-08,U05085
2025-07-08,U05085
2025-07-09,U05085
2025-07-11,U05085
2025-07-13,U05085
2025-07-16,U05085
2025-07-20,U05085
2025-07-31,U05086
2025-08-01,U05086
2025-07-13,U05087
2025-07-22,U05087
2025-07-22,U05087
2025-07-22,U05087
2025-07-26,U05087
2025-07-26,U05087
2025-07-27,U05087
2025-07-27,U05087
2025-07-28,U05087
2025-07-01,U05088
2025-07-03,U05088
2025-07-04,U05088
2025-07-06,U05088
2025-07-09,U05088
2025-07-15,U05088
2025-07-19,U05088
2025-07-22,U05088
2025-07-21,U05089
2025-07-28,U05089
2025-05-17,U05090
2025-05-17,U05090
2025-06-06,U05090
2025-06-12,U05090
2025-06-12,U05090
2025-06-15,U05090
2025-06-18,U05091
2025-06-26,U05091
2025-07-03,U05091
2025-07-04,U05091
2025-07-04,U05091
2025-07-07,U05091
2025-07-11,U05091
2025-07-15,U05091
2025-07-15,U05092
2025-07-16,U05092
2025-07-16,U05092
2025-07-16,U05092
2025-07-18,U05092
2025-07-20,U05092
2025-07-21,U05092
2025-07-22,U05092
2025-07-23,U05092
2025-07-30,U05092
2025-07-03,U05093
2025-07-08,U05093
2025-07-12,U05093
2025-07-16,U05093
2025-07-22,U05093
2025-07-24,U05093
2025-07-06,U05094
2025-07-06,U05094
2025-07-09,U05094
2025-07-11,U05094
2025-07-13,U05094
2025-07-15,U05094
2025-07-21,U05094
2025-07-24,U05094
2025-07-24,U05094
2025-07-25,U05094
2025-07-05,U05095
2025-07-11,U05095
2025-07-13,U05095
2025-07-19,U05095
2025-07-19,U05095
2025-07-25,U05095
2025-05-24,U05096
2025-06-02,U05096
2025-07-22,U05097
2025-07-25,U05097
2025-07-29,U05097
2025-08-01,U05097
2025-05-17,U05098
2025-06-08,U05098
2025-06-17,U05098
2025-06-19,U05098
2025-06-27,U05098
2025-07-09,U05099
2025-07-20,U05099
2025-07-09,U05100
2025-07-16,U05100
2025-07-20,U05100
2025-07-24,U05100
2025-07-09,U05101
2025-07-11,U05101
2025-07-24,U05101
2025-07-25,U05101
2025-06-25,U05102
2025-06-26,U05102
2025-07-01,U05102
2025-07-06,U05102
2025-07-07,U05102
2025-07-10,U05102
2025-07-13,U05102
2025-07-14,U05102
2025-07-20,U05102
2025-07-17,U05103
2025-07-20,U05103
2025-07-22,U05103
2025-07-23,U05103
2025-07-23,U05103
2025-07-24,U05103
2025-07-29,U05103
2025-05-24,U05104
2025-05-30,U05104
2025-06-07,U05104
2025-06-09,U05104
2025-06-11,U05104
2025-06-15,U05104
2025-06-19,U05104
2025-07-01,U05104
2025-06-06,U05105
2025-06-12,U05105
2025-06-13,U05105
2025-06-17,U05105
2025-06-19,U05105
2025-06-27,U05105
2025-06-29,U05105
2025-07-01,U05105
2025-07-03,U05105
2025-07-07,U05105
2025-07-11,U05106
2025-07-16,U05106
2025-07-16,U05106
2025-07-17,U05106
2025-07-21,U05106
2025-07-21,U05106
2025-07-28,U05106
2025-06-24,U05107
2025-06-26,U05107
2025-06-07,U05108
2025-07-03,U05109
2025-07-03,U05109
2025-07-05,U05109
2025-07-14,U05109
2025-07-15,U05109
2025-07-24,U05109
2025-06-20,U05110
2025-08-20,U05110
2025-07-05,U05111
2025-07-15,U05111
2025-08-20,U05111
2025-07-15,U05112
2025-07-24,U05112
2025-07-24,U05112
2025-07-26,U05112
2025-07-27,U05112
2025-07-28,U05112
2025-07-30,U05112
2025-05-20,U05113
2025-05-22,U05113
2025-05-28,U05113
2025-05-29,U05113
2025-06-05,U05113
2025-06-07,U05113
2025-06-23,U05113
2025-06-28,U05114
2025-07-05,U05114
2025-07-09,U05114
2025-07-12,U05114
2025-07-13,U05114
2025-07-15,U05114
2025-07-15,U05114
2025-07-18,U05114
2025-07-20,U05114
2025-08-15,U05114
2025-07-21,U05115
2025-07-21,U05115
2025-07-24,U05115
2025-07-29,U05115
2025-07-09,U05116
2025-07-19,U05116
2025-06-06,U05117
2025-06-12,U05117
2025-06-14,U05117
2025-06-14,U05117
2025-06-22,U05117
2025-06-10,U05118
2025-06-14,U05118
2025-06-17,U05118
2025-06-24,U05118
2025-06-26,U05118
2025-07-02,U05118
2025-07-05,U05118
2025-07-06,U05118
2025-07-06,U05118
2025-07-07,U05118
2025-05-19,U05119
2025-06-10,U05119
2025-05-22,U05120
2025-06-27,U05120
2025-06-29,U05121
2025-06-30,U05121
2025-07-18,U05121
2025-07-19,U05121
2025-07-21,U05121
2025-07-22,U05121
2025-05-19,U05122
2025-05-28,U05122
2025-06-02,U05123
2025-05-17,U05124
2025-07-10,U05125
2025-07-20,U05125
2025-07-27,U05125
2025-06-23,U05126
2025-06-24,U05126
2025-06-25,U05126
2025-07-08,U05126
2025-07-16,U05126
2025-07-19,U05126
2025-06-18,U05127
2025-06-20,U05127
2025-06-20,U05127
2025-06-23,U05127
2025-06-25,U05127
2025-06-27,U05127
2025-06-28,U05127
2025-06-30,U05127
2025-07-14,U05127
2025-06-15,U05128
2025-06-20,U05128
2025-06-23,U05128
2025-07-07,U05128
2025-07-15,U05128
2025-06-24,U05129
2025-07-18,U05129
2025-07-06,U05130
2025-07-07,U05130
2025-07-08,U05130
2025-07-15,U05130
2025-07-20,U05130
2025-07-21,U05130
2025-07-25,U05130
2025-06-13,U05131
2025-06-30,U05132
2025-07-08,U05132
2025-07-10,U05132
2025-07-10,U05132
2025-07-11,U05132
2025-07-14,U05132
2025-07-16,U05132
2025-07-21,U05132
2025-08-18,U05132
2025-05-26,U05133
2025-05-26,U05133
2025-05-30,U05133
2025-06-28,U05133
2025-07-05,U05133
2025-08-19,U05133
2025-07-10,U05134
2025-07-12,U05134
2025-07-13,U05134
2025-07-16,U05134
2025-07-17,U05134
2025-07-18,U05134
2025-07-22,U05134
2025-07-23,U05134
2025-07-26,U05134
2025-07-27,U05134
2025-07-02,U05135
2025-07-09,U05135
2025-07-09,U05135
2025-07-10,U05135
2025-07-12,U05135
2025-07-14,U05135
2025-07-20,U05135
2025-05-29,U05136
2025-05-17,U05137
2025-06-30,U05138
2025-07-01,U05138
2025-07-03,U05138
2025-07-09,U05138
2025-07-14,U05138
2025-07-14,U05138
2025-07-18,U05138
2025-07-21,U05138
2025-07-22,U05138
2025-05-17,U05139
2025-06-01,U05140
2025-06-29,U05140
2025-06-15,U05141
2025-06-26,U05141
2025-07-08,U05141
2025-07-10,U05141
2025-06-23,U05142
2025-06-27,U05142
2025-06-29,U05142
2025-07-05,U05142
2025-07-13,U05142
2025-07-15,U05142
2025-07-15,U05142
2025-07-15,U05142
2025-07-19,U05142
2025-06-16,U05143
2025-07-11,U05143
2025-05-21,U05144
2025-06-27,U05144
2025-06-29,U05144
2025-07-18,U05145
2025-07-18,U05145
2025-07-19,U05145
2025-07-22,U05145
2025-07-22,U05145
2025-07-26,U05145
2025-07-27,U05145
2025-07-30,U05145
2025-05-31,U05146
2025-06-06,U05146
2025-06-07,U05146
2025-06-10,U05146
2025-06-17,U05146
2025-06-19,U05146
2025-07-16,U05147
2025-07-17,U05147
2025-07-23,U05147
2025-07-29,U05147
2025-05-21,U05148
2025-05-30,U05148
2025-05-20,U05149
2025-06-01,U05149
2025-06-01,U05149
2025-06-18,U05149
2025-06-18,U05149
2025-06-25,U05149
2025-06-25,U05149
2025-06-26,U05149
2025-08-16,U05149
2025-07-03,U05150
2025-07-05,U05150
2025-07-10,U05150
2025-07-12,U05150
2025-07-15,U05150
2025-07-17,U05150
2025-07-18,U05150
2025-07-19,U05150
2025-07-21,U05150
2025-07-24,U05150
2025-07-15,U05151
2025-07-16,U05151
2025-07-20,U05151
2025-07-23,U05151
2025-07-26,U05151
2025-07-26,U05151
2025-07-26,U05151
2025-07-27,U05151
2025-07-30,U05151
2025-06-12,U05152
2025-07-08,U05152
2025-07-21,U05153
2025-07-25,U05153
2025-07-29,U05153
2025-07-30,U05153
2025-05-24,U05154
2025-06-01,U05154
2025-06-11,U05154
2025-06-16,U05154
2025-06-15,U05155
2025-06-20,U05155
2025-06-24,U05155
2025-06-25,U05155
2025-06-29,U05155
2025-07-07,U05155
2025-07-12,U05155
2025-07-14,U05155
2025-07-15,U05155
2025-06-27,U05156
2025-07-17,U05156
2025-07-17,U05157
2025-07-20,U05157
2025-07-20,U05157
2025-07-22,U05157
2025-07-23,U05157
2025-07-26,U05157
2025-07-26,U05157
2025-07-29,U05157
2025-07-30,U05157
2025-07-31,U05157
2025-07-14,U05158
2025-07-15,U05158
2025-07-16,U05158
2025-07-19,U05158
2025-07-22,U05158
2025-07-23,U05158
2025-07-24,U05158
2025-07-27,U05158
2025-07-28,U05158
2025-07-29,U05158
2025-05-31,U05159
2025-06-04,U05159
2025-06-20,U05159
2025-06-30,U05159
2025-07-03,U05159
2025-07-03,U05159
2025-07-07,U05159
2025-07-14,U05160
2025-07-15,U05160
2025-07-16,U05160
2025-07-18,U05160
2025-07-21,U05160
2025-07-22,U05160
2025-07-24,U05160
2025-07-27,U05160
2025-06-12,U05161
2025-06-12,U05161
2025-06-13,U05161
2025-06-15,U05161
2025-06-20,U05161
2025-06-23,U05161
2025-07-05,U05161
2025-07-10,U05161
2025-07-01,U05162
2025-07-03,U05162
2025-07-12,U05162
2025-07-16,U05162
2025-07-23,U05162
2025-07-11,U05163
2025-07-25,U05163
2025-06-10,U05164
2025-06-20,U05164
2025-06-26,U05164
2025-06-20,U05165
2025-06-29,U05165
2025-06-30,U05165
2025-07-03,U05165
2025-07-05,U05165
2025-07-09,U05165
2025-07-11,U05165
2025-07-11,U05165
2025-07-14,U05165
2025-07-21,U05166
2025-07-21,U05166
2025-07-27,U05166
2025-07-29,U05166
2025-07-21,U05167
2025-07-22,U05167
2025-07-23,U05167
2025-07-23,U05167
2025-07-25,U05167
2025-07-30,U05167
2025-08-17,U05167
2025-05-25,U05168
2025-06-19,U05168
2025-06-14,U05169
2025-06-25,U05169
2025-06-26,U05169
2025-06-30,U05169
2025-07-01,U05169
2025-07-03,U05169
2025-07-07,U05169
2025-07-12,U05169
2025-07-13,U05169
2025-07-14,U05169
2025-05-17,U05170
2025-05-27,U05170
2025-06-15,U05170
2025-06-29,U05170
2025-06-04,U05171
2025-06-10,U05171
2025-06-16,U05171
2025-07-06,U05171
2025-07-07,U05171
2025-06-25,U05172
2025-07-02,U05172
2025-07-07,U05172
2025-07-17,U05172
2025-07-20,U05172
2025-06-01,U05173
2025-06-23,U05173
2025-06-30,U05173
2025-08-18,U05173
2025-06-11,U05174
2025-06-13,U05174
2025-06-18,U05174
2025-07-11,U05174
2025-05-27,U05175
2025-06-26,U05175
2025-06-29,U05175
2025-07-06,U05176
2025-07-06,U05176
2025-07-07,U05176
2025-07-09,U05176
2025-07-10,U05176
2025-07-11,U05176
2025-07-22,U05176
2025-06-19,U05177
2025-06-23,U05177
2025-06-25,U05177
2025-06-29,U05177
2025-07-04,U05177
2025-07-06,U05177
2025-07-10,U05177
2025-07-12,U05177
2025-07-14,U05177
2025-07-17,U05177
2025-05-17,U05178
2025-05-18,U05178
2025-05-18,U05179
2025-05-19,U05179
2025-05-25,U05179
2025-06-08,U05180
2025-06-20,U05180
2025-06-28,U05180
2025-05-18,U05181
2025-05-26,U05181
2025-05-31,U05181
2025-05-26,U05182
2025-08-20,U05182
2025-06-24,U05183
2025-06-28,U05183
2025-07-02,U05183
2025-07-02,U05183
2025-07-07,U05183
2025-07-12,U05183
2025-07-14,U05183
2025-07-18,U05183
2025-07-18,U05183
2025-07-19,U05183
2025-06-29,U05184
2025-07-19,U05184
2025-06-29,U05185
2025-07-07,U05185
2025-07-08,U05185
2025-07-09,U05185
2025-07-12,U05185
2025-07-17,U05185
2025-07-22,U05185
2025-07-07,U05186
2025-07-15,U05186
2025-06-24,U05187
2025-07-09,U05187
2025-05-28,U05188
2025-06-10,U05188
2025-06-13,U05188
2025-07-16,U05189
2025-07-26,U05189
2025-07-02,U05190
2025-07-07,U05190
2025-07-09,U05190
2025-07-10,U05190
2025-07-10,U05190
2025-07-13,U05190
2025-07-14,U05190
2025-07-23,U05190
2025-07-05,U05191
2025-07-10,U05191
2025-07-12,U05191
2025-07-25,U05191
2025-05-20,U05192
2025-05-29,U05192
2025-05-30,U05192
2025-06-10,U05192
2025-06-18,U05192
2025-06-24,U05192
2025-06-26,U05192
2025-07-01,U05192
2025-07-01,U05192
2025-07-02,U05192
2025-07-06,U05193
2025-07-14,U05193
2025-07-16,U05193
2025-07-16,U05193
2025-07-17,U05193
2025-07-25,U05193
2025-06-01,U05194
2025-06-19,U05194
2025-05-17,U05195
2025-05-17,U05196
2025-06-09,U05197
2025-06-15,U05197
2025-06-17,U05197
2025-06-19,U05197
2025-06-23,U05197
2025-07-12,U05197
2025-05-25,U05198
2025-05-26,U05198
2025-05-28,U05198
2025-06-02,U05198
2025-06-04,U05198
2025-06-09,U05198
2025-06-11,U05198
2025-06-14,U05198
2025-06-25,U05198
2025-07-01,U05198
2025-05-17,U05199
2025-05-29,U05199
2025-06-02,U05199
2025-06-05,U05199
2025-06-22,U05199
2025-07-02,U05200
2025-07-09,U05200
2025-07-20,U05200
2025-07-21,U05200
2025-07-13,U05201
2025-07-14,U05201
2025-07-14,U05201
2025-07-17,U05201
2025-07-20,U05201
2025-07-21,U05201
2025-07-23,U05201
2025-07-23,U05201
2025-07-29,U05201
2025-07-12,U05202
2025-07-14,U05202
2025-07-18,U05202
2025-07-20,U05202
2025-07-20,U05202
2025-07-23,U05202
2025-07-27,U05202
2025-08-19,U05202
2025-06-20,U05203
2025-06-24,U05203
2025-06-26,U05203
2025-07-01,U05203
2025-07-02,U05203
2025-07-07,U05203
2025-07-08,U05203
2025-07-11,U05204
2025-07-15,U05204
2025-07-18,U05204
2025-07-25,U05204
2025-07-16,U05205
2025-07-17,U05205
2025-07-18,U05205
2025-07-21,U05205
2025-07-23,U05205
2025-07-24,U05205
2025-07-26,U05205
2025-07-27,U05205
2025-07-30,U05205
2025-07-15,U05206
2025-07-16,U05206
2025-07-19,U05206
2025-07-23,U05206
2025-07-24,U05206
2025-07-24,U05206
2025-07-26,U05206
2025-07-30,U05206
2025-05-20,U05207
2025-05-20,U05208
2025-05-20,U05208
2025-05-30,U05208
2025-06-02,U05208
2025-06-03,U05208
2025-06-19,U05208
2025-06-20,U05208
2025-06-05,U05209
2025-06-17,U05209
2025-06-22,U05209
2025-07-06,U05209
2025-05-17,U05210
2025-07-14,U05211
2025-07-15,U05211
2025-07-19,U05211
2025-07-19,U05211
2025-07-22,U05211
2025-07-23,U05211
2025-07-25,U05211
2025-07-27,U05211
2025-07-28,U05211
2025-07-29,U05211
2025-06-14,U05212
2025-06-14,U05212
2025-06-19,U05212
2025-06-20,U05212
2025-07-10,U05212
2025-07-22,U05213
2025-07-29,U05213
2025-07-24,U05214
2025-07-31,U05214
2025-06-09,U05215
2025-06-12,U05215
2025-06-22,U05215
2025-06-22,U05215
2025-06-27,U05215
2025-06-28,U05215
2025-07-03,U05215
2025-07-04,U05215
2025-07-09,U05216
2025-07-09,U05216
2025-07-10,U05216
2025-07-12,U05216
2025-07-13,U05216
2025-07-14,U05216
2025-07-17,U05216
2025-07-17,U05216
2025-07-21,U05216
2025-07-25,U05216
2025-07-03,U05217
2025-07-14,U05217
2025-07-20,U05217
2025-07-18,U05218
2025-07-19,U05218
2025-07-21,U05218
2025-07-23,U05218
2025-07-23,U05218
2025-07-25,U05218
2025-07-26,U05218
2025-07-29,U05218
2025-07-31,U05218
2025-06-11,U05219
2025-06-14,U05219
2025-06-17,U05219
2025-06-18,U05219
2025-06-27,U05219
2025-07-07,U05219
2025-07-09,U05219
2025-07-11,U05219
2025-08-17,U05219
2025-07-06,U05220
2025-07-20,U05220
2025-06-01,U05221
2025-06-07,U05221
2025-06-15,U05221
2025-05-17,U05222
2025-05-21,U05222
2025-05-29,U05222
2025-06-17,U05222
2025-06-17,U05222
2025-06-22,U05222
2025-06-17,U05223
2025-06-22,U05223
2025-06-26,U05223
2025-07-01,U05223
2025-07-03,U05223
2025-07-06,U05223
2025-07-11,U05223
2025-06-24,U05224
2025-07-14,U05224
2025-07-18,U05224
2025-05-22,U05225
2025-05-22,U05225
2025-05-31,U05225
2025-06-03,U05225
2025-06-09,U05225
2025-06-19,U05225
2025-06-22,U05225
2025-07-03,U05225
2025-05-30,U05226
2025-06-04,U05226
2025-06-30,U05226
2025-06-03,U05227
2025-06-05,U05228
2025-06-11,U05228
2025-06-14,U05228
2025-06-28,U05228
2025-07-10,U05228
2025-07-05,U05229
2025-07-07,U05229
2025-07-12,U05229
2025-07-13,U05229
2025-07-13,U05229
2025-07-24,U05229
2025-07-20,U05230
2025-07-22,U05230
2025-07-23,U05230
2025-07-24,U05230
2025-07-26,U05230
2025-07-30,U05230
2025-07-31,U05230
2025-06-28,U05231
2025-07-01,U05231
2025-07-05,U05231
2025-07-09,U05231
2025-07-11,U05231
2025-07-20,U05231
2025-08-19,U05231
2025-05-18,U05232
2025-05-30,U05232
2025-06-20,U05232
2025-07-17,U05233
2025-07-21,U05233
2025-07-22,U05233
2025-07-22,U05233
2025-07-24,U05233
2025-07-25,U05233
2025-07-26,U05233
2025-07-27,U05233
2025-07-31,U05233
2025-06-17,U05234
2025-06-18,U05234
2025-06-20,U05234
2025-06-23,U05234
2025-06-24,U05234
2025-06-26,U05234
2025-07-04,U05234
2025-07-08,U05234
2025-07-09,U05234
2025-07-15,U05234
2025-06-17,U05235
2025-06-18,U05235
2025-06-20,U05235
2025-06-21,U05235
2025-06-28,U05235
2025-06-30,U05235
2025-07-08,U05235
2025-07-09,U05235
2025-07-10,U05235
2025-07-13,U05235
2025-07-13,U05236
2025-07-19,U05236
2025-06-13,U05237
2025-06-24,U05237
2025-06-27,U05237
2025-06-30,U05237
2025-07-14,U05237
2025-06-23,U05238
2025-06-29,U05238
2025-06-30,U05238
2025-07-06,U05238
2025-07-12,U05238
2025-07-13,U05238
2025-07-17,U05238
2025-07-18,U05238
2025-07-17,U05239
2025-07-18,U05239
2025-07-27,U05239
2025-08-21,U05239
2025-06-14,U05240
2025-06-30,U05240
2025-07-14,U05240
2025-06-17,U05241
2025-07-11,U05241
2025-07-13,U05242
2025-07-14,U05242
2025-07-14,U05242
2025-07-16,U05242
2025-07-17,U05242
2025-07-23,U05242
2025-07-25,U05242
2025-07-28,U05242
2025-07-29,U05242
2025-05-18,U05243
2025-05-28,U05243
2025-06-03,U05243
2025-06-25,U05244
2025-07-09,U05244
2025-07-18,U05244
2025-05-30,U05245
2025-06-04,U05245
2025-06-07,U05245
2025-06-12,U05245
2025-06-12,U05245
2025-06-15,U05245
2025-06-19,U05245
2025-06-20,U05245
2025-07-04,U05245
2025-07-06,U05245
2025-05-21,U05246
2025-05-23,U05246
2025-05-28,U05246
2025-05-28,U05246
2025-06-04,U05246
2025-06-15,U05246
2025-06-24,U05246
2025-05-18,U05247
2025-05-25,U05247
2025-07-11,U05248
2025-07-17,U05248
2025-06-26,U05249
2025-06-28,U05249
2025-06-29,U05249
2025-07-04,U05249
2025-07-09,U05249
2025-07-12,U05249
2025-07-13,U05249
2025-07-14,U05249
2025-07-17,U05249
2025-07-20,U05249
2025-06-27,U05250
2025-06-29,U05250
2025-06-29,U05250
2025-07-03,U05250
2025-07-03,U05250
2025-07-03,U05250
2025-07-06,U05250
2025-07-11,U05250
2025-07-21,U05250
2025-07-19,U05251
2025-07-22,U05251
2025-07-23,U05251
2025-07-25,U05251
2025-07-27,U05251
2025-07-29,U05251
2025-07-29,U05251
2025-07-29,U05251
2025-07-31,U05251
2025-08-01,U05251
2025-08-19,U05251
2025-05-17,U05252
2025-05-22,U05252
2025-05-24,U05252
2025-05-26,U05252
2025-06-05,U05252
2025-06-07,U05252
2025-06-09,U05252
2025-06-21,U05252
2025-06-28,U05252
2025-05-24,U05253
2025-06-04,U05253
2025-06-15,U05253
2025-06-16,U05253
2025-07-17,U05254
2025-07-29,U05254
2025-07-31,U05254
2025-06-30,U05255
2025-06-30,U05255
2025-07-02,U05255
2025-07-04,U05255
2025-07-06,U05255
2025-07-06,U05255
2025-07-12,U05255
2025-07-16,U05255
2025-07-22,U05255
2025-07-19,U05256
2025-07-21,U05256
2025-07-25,U05256
2025-07-26,U05256
2025-07-28,U05256
2025-07-28,U05256
2025-08-01,U05256
2025-07-13,U05257
2025-07-24,U05257
2025-07-26,U05257
2025-07-13,U05258
2025-07-18,U05258
2025-07-19,U05258
2025-07-25,U05258
2025-07-25,U05258
2025-07-27,U05258
2025-05-17,U05259
2025-08-17,U05259
2025-06-29,U05260
2025-07-01,U05260
2025-07-03,U05260
2025-07-05,U05260
2025-07-08,U05260
2025-07-12,U05260
2025-07-18,U05260
2025-07-20,U05260
2025-07-07,U05261
2025-07-09,U05261
2025-07-14,U05261
2025-07-16,U05261
2025-07-17,U05261
2025-07-20,U05261
2025-07-24,U05261
2025-07-25,U05261
2025-05-30,U05262
2025-05-31,U05262
2025-06-06,U05262
2025-06-12,U05262
2025-06-14,U05262
2025-06-17,U05262
2025-06-27,U05262
2025-05-17,U05263
2025-07-05,U05264
2025-07-07,U05264
2025-07-10,U05264
2025-07-10,U05264
2025-07-11,U05264
2025-07-18,U05264
2025-07-18,U05264
2025-07-20,U05264
2025-07-23,U05264
2025-07-25,U05264
2025-07-28,U05265
2025-07-31,U05265
2025-06-14,U05266
2025-06-14,U05266
2025-07-07,U05266
2025-05-30,U05267
2025-06-07,U05267
2025-06-24,U05267
2025-06-22,U05268
2025-07-03,U05268
2025-07-06,U05268
2025-07-13,U05268
2025-07-29,U05269
2025-07-30,U05269
2025-08-19,U05269
2025-06-19,U05270
2025-07-02,U05270
2025-07-10,U05270
2025-07-16,U05270
2025-07-17,U05270
2025-08-17,U05270
2025-06-28,U05271
2025-07-02,U05271
2025-07-04,U05271
2025-07-16,U05271
2025-07-17,U05271
2025-07-08,U05272
2025-07-09,U05272
2025-07-11,U05272
2025-07-12,U05272
2025-07-13,U05272
2025-07-20,U05272
2025-07-21,U05272
2025-07-23,U05272
2025-07-23,U05272
2025-07-25,U05272
2025-05-31,U05273
2025-06-01,U05273
2025-06-07,U05273
2025-06-17,U05273
2025-06-21,U05273
2025-06-28,U05273
2025-07-07,U05273
2025-05-18,U05274
2025-08-15,U05274
2025-07-10,U05275
2025-07-11,U05275
2025-07-11,U05275
2025-07-14,U05275
2025-07-25,U05275
2025-07-26,U05275
2025-07-27,U05275
2025-07-26,U05276
2025-07-26,U05276
2025-07-28,U05276
2025-07-29,U05276
2025-07-31,U05276
2025-07-17,U05277
2025-07-25,U05277
2025-07-26,U05277
2025-07-29,U05277
2025-07-30,U05277
2025-07-31,U05277
2025-05-29,U05278
2025-06-15,U05278
2025-06-23,U05278
2025-06-24,U05278
2025-07-01,U05278
2025-07-02,U05278
2025-07-04,U05278
2025-05-17,U05279
2025-05-18,U05280
2025-06-04,U05280
2025-06-15,U05280
2025-06-16,U05280
2025-06-23,U05280
2025-06-27,U05280
2025-06-30,U05280
2025-06-11,U05281
2025-06-14,U05281
2025-06-16,U05281
2025-06-17,U05281
2025-06-18,U05281
2025-06-18,U05281
2025-06-21,U05281
2025-06-23,U05281
2025-07-09,U05281
2025-07-13,U05281
2025-07-13,U05282
2025-07-14,U05282
2025-07-13,U05283
2025-07-29,U05283
2025-06-09,U05284
2025-06-12,U05284
2025-07-10,U05284
2025-07-10,U05284
2025-07-12,U05284
2025-08-16,U05284
2025-05-24,U05285
2025-05-24,U05285
2025-05-29,U05285
2025-08-20,U05285
2025-05-30,U05286
2025-05-17,U05287
2025-08-18,U05287
2025-07-20,U05288
2025-07-21,U05288
2025-07-10,U05289
2025-07-12,U05289
2025-07-13,U05289
2025-07-16,U05289
2025-07-19,U05289
2025-07-27,U05289
2025-05-17,U05290
2025-05-24,U05291
2025-05-17,U05292
2025-05-17,U05292
2025-05-20,U05292
2025-06-05,U05292
2025-06-09,U05292
2025-06-15,U05292
2025-06-26,U05292
2025-06-27,U05292
2025-06-16,U05293
2025-06-16,U05293
2025-06-18,U05293
2025-06-21,U05293
2025-06-21,U05293
2025-06-26,U05293
2025-07-06,U05293
2025-07-13,U05293
2025-07-13,U05293
2025-07-15,U05293
2025-08-18,U05293
2025-07-07,U05294
2025-07-22,U05294
2025-05-18,U05295
2025-05-25,U05295
2025-05-28,U05295
2025-05-28,U05296
2025-05-31,U05296
2025-07-06,U05296
2025-06-07,U05297
2025-06-20,U05297
2025-06-30,U05297
2025-07-07,U05297
2025-07-09,U05297
2025-07-11,U05297
2025-08-16,U05297
2025-05-17,U05298
2025-06-02,U05299
2025-06-12,U05299
2025-07-06,U05299
2025-06-17,U05300
2025-06-20,U05300
2025-06-24,U05300
2025-07-01,U05300
2025-07-04,U05300
2025-07-06,U05300
2025-07-11,U05300
2025-07-12,U05300
2025-05-17,U05301
2025-05-17,U05302
2025-05-22,U05302
2025-06-03,U05302
2025-06-19,U05303
2025-06-25,U05303
2025-07-06,U05303
2025-07-09,U05303
2025-07-14,U05303
2025-07-15,U05303
2025-07-28,U05304
2025-07-31,U05304
2025-06-26,U05305
2025-07-15,U05305
2025-06-03,U05306
2025-08-16,U05306
2025-05-25,U05307
2025-05-31,U05307
2025-06-08,U05307
2025-08-21,U05307
2025-05-18,U05308
2025-05-31,U05308
2025-05-31,U05308
2025-06-16,U05308
2025-06-20,U05308
2025-06-24,U05308
2025-06-20,U05309
2025-06-30,U05309
2025-07-17,U05309
2025-08-17,U05309
2025-06-06,U05310
2025-06-11,U05310
2025-06-13,U05310
2025-06-22,U05310
2025-06-28,U05310
2025-07-10,U05310
2025-06-10,U05311
2025-06-21,U05311
2025-07-11,U05311
2025-05-17,U05312
2025-05-22,U05312
2025-06-13,U05312
2025-06-29,U05313
2025-06-30,U05313
2025-07-15,U05313
2025-07-16,U05313
2025-08-20,U05313
2025-05-24,U05314
2025-05-25,U05314
2025-06-12,U05314
2025-06-13,U05314
2025-06-13,U05314
2025-06-15,U05314
2025-07-03,U05314
2025-07-05,U05315
2025-07-06,U05315
2025-07-11,U05315
2025-07-25,U05315
2025-07-19,U05316
2025-07-27,U05316
2025-08-01,U05316
2025-05-17,U05317
2025-06-21,U05317
2025-06-22,U05317
2025-07-21,U05318
2025-07-26,U05318
2025-07-14,U05319
2025-07-28,U05319
2025-05-24,U05320
2025-06-03,U05320
2025-06-09,U05320
2025-06-09,U05320
2025-06-10,U05320
2025-06-18,U05320
2025-06-25,U05320
2025-06-26,U05321
2025-06-29,U05321
2025-07-08,U05321
2025-07-12,U05321
2025-07-14,U05321
2025-07-17,U05321
2025-07-19,U05321
2025-05-17,U05322
2025-08-18,U05322
2025-05-28,U05323
2025-06-02,U05323
2025-06-06,U05323
2025-07-05,U05324
2025-07-07,U05324
2025-07-08,U05324
2025-07-10,U05324
2025-07-15,U05324
2025-07-18,U05324
2025-07-18,U05324
2025-07-20,U05324
2025-07-22,U05324
2025-08-17,U05324
2025-07-14,U05325
2025-07-15,U05325
2025-07-16,U05325
2025-07-17,U05325
2025-07-18,U05325
2025-07-21,U05325
2025-07-23,U05325
2025-07-23,U05325
2025-07-29,U05325
2025-06-06,U05326
2025-06-07,U05327
2025-06-08,U05327
2025-06-11,U05327
2025-06-17,U05327
2025-06-30,U05327
2025-07-08,U05327
2025-05-17,U05328
2025-06-06,U05328
2025-06-14,U05328
2025-06-18,U05328
2025-06-21,U05328
2025-08-18,U05328
2025-07-05,U05329
2025-07-08,U05329
2025-07-16,U05329
2025-07-23,U05329
2025-07-25,U05329
2025-07-19,U05330
2025-07-23,U05330
2025-07-26,U05330
2025-07-27,U05330
2025-08-01,U05330
2025-07-02,U05331
2025-07-04,U05331
2025-07-07,U05331
2025-07-10,U05331
2025-07-10,U05331
2025-07-13,U05331
2025-07-20,U05331
2025-07-23,U05331
2025-05-28,U05332
2025-06-02,U05332
2025-06-11,U05332
2025-06-11,U05332
2025-06-16,U05332
2025-06-18,U05332
2025-06-20,U05332
2025-06-26,U05332
2025-06-26,U05332
2025-07-02,U05332
2025-05-23,U05333
2025-06-04,U05333
2025-06-11,U05333
2025-06-15,U05333
2025-06-15,U05333
2025-06-18,U05333
2025-07-01,U05334
2025-07-02,U05334
2025-07-03,U05334
2025-07-07,U05334
2025-07-10,U05334
2025-07-12,U05334
2025-07-12,U05334
2025-07-22,U05334
2025-07-07,U05335
2025-07-09,U05335
2025-07-16,U05335
2025-07-18,U05335
2025-07-20,U05335
2025-07-21,U05335
2025-07-23,U05335
2025-08-15,U05335
2025-07-04,U05336
2025-07-14,U05336
2025-07-17,U05336
2025-07-18,U05336
2025-06-08,U05337
2025-06-13,U05337
2025-06-18,U05337
2025-06-19,U05337
2025-06-30,U05337
2025-06-30,U05337
2025-07-02,U05337
2025-07-08,U05337
2025-05-30,U05338
2025-06-01,U05338
2025-06-09,U05338
2025-06-14,U05338
2025-06-28,U05338
2025-06-10,U05339
2025-06-11,U05339
2025-06-14,U05339
2025-06-16,U05339
2025-06-27,U05339
2025-06-28,U05339
2025-07-01,U05339
2025-07-02,U05339
2025-07-05,U05339
2025-07-12,U05339
2025-06-15,U05340
2025-06-19,U05340
2025-06-22,U05340
2025-06-23,U05340
2025-06-30,U05340
2025-07-01,U05340
2025-07-02,U05340
2025-07-11,U05340
2025-07-14,U05340
2025-06-13,U05341
2025-06-26,U05342
2025-06-28,U05342
2025-07-02,U05342
2025-07-07,U05342
2025-07-13,U05342
2025-07-16,U05342
2025-07-19,U05342
2025-06-03,U05343
2025-06-03,U05344
2025-06-07,U05344
2025-07-04,U05344
2025-05-28,U05345
2025-05-31,U05345
2025-06-13,U05345
2025-06-16,U05345
2025-06-17,U05345
2025-06-18,U05345
2025-06-19,U05345
2025-07-01,U05345
2025-07-26,U05346
2025-07-27,U05346
2025-08-01,U05346
2025-06-23,U05347
2025-06-24,U05347
2025-06-27,U05347
2025-07-01,U05347
2025-07-15,U05347
2025-07-19,U05347
2025-06-13,U05348
2025-06-21,U05348
2025-06-21,U05348
2025-06-22,U05348
2025-06-26,U05348
2025-06-27,U05348
2025-07-11,U05348
2025-07-11,U05349
2025-07-12,U05349
2025-07-17,U05349
2025-07-17,U05349
2025-07-18,U05349
2025-07-20,U05349
2025-07-20,U05349
2025-07-22,U05349
2025-07-22,U05349
2025-07-28,U05349
2025-06-11,U05350
2025-06-15,U05350
2025-06-28,U05350
2025-07-24,U05351
2025-07-25,U05351
2025-07-28,U05351
2025-07-29,U05351
2025-08-01,U05351
2025-07-06,U05352
2025-07-10,U05352
2025-07-13,U05352
2025-07-18,U05352
2025-07-20,U05352
2025-07-25,U05352
2025-06-23,U05353
2025-07-03,U05353
2025-07-06,U05353
2025-07-09,U05353
2025-07-13,U05353
2025-07-15,U05353
2025-07-19,U05353
2025-06-26,U05354
2025-07-05,U05354
2025-07-16,U05354
2025-05-21,U05355
2025-05-25,U05355
2025-06-22,U05355
2025-06-26,U05355
2025-06-27,U05355
2025-06-04,U05356
2025-06-08,U05356
2025-06-15,U05356
2025-06-25,U05356
2025-06-28,U05356
2025-06-30,U05356
2025-07-02,U05356
2025-07-03,U05356
2025-07-04,U05356
2025-07-01,U05357
2025-07-07,U05357
2025-07-10,U05357
2025-07-10,U05357
2025-07-15,U05357
2025-07-16,U05357
2025-07-19,U05357
2025-07-19,U05357
2025-07-20,U05357
2025-07-21,U05357
2025-05-23,U05358
2025-05-27,U05358
2025-06-11,U05358
2025-06-12,U05358
2025-06-13,U05358
2025-06-18,U05358
2025-06-23,U05358
2025-06-03,U05359
2025-06-08,U05359
2025-06-11,U05359
2025-06-30,U05359
2025-06-30,U05359
2025-07-06,U05359
2025-07-13,U05360
2025-07-17,U05360
2025-07-18,U05360
2025-07-23,U05360
2025-07-27,U05360
2025-06-07,U05361
2025-06-14,U05361
2025-06-18,U05361
2025-06-18,U05361
2025-06-20,U05361
2025-06-22,U05361
2025-06-30,U05361
2025-07-04,U05361
2025-07-11,U05361
2025-07-16,U05362
2025-07-22,U05362
2025-05-30,U05363
2025-07-22,U05364
2025-07-22,U05364
2025-07-26,U05364
2025-07-29,U05364
2025-07-16,U05365
2025-07-25,U05365
2025-07-08,U05366
2025-07-09,U05366
2025-07-10,U05366
2025-07-12,U05366
2025-07-15,U05366
2025-07-15,U05366
2025-07-15,U05366
2025-07-17,U05366
2025-07-24,U05366
2025-07-25,U05366
2025-05-23,U05367
2025-06-05,U05367
2025-06-26,U05367
2025-06-01,U05368
2025-06-04,U05368
2025-06-06,U05368
2025-06-07,U05368
2025-06-13,U05368
2025-06-17,U05368
2025-06-18,U05368
2025-06-22,U05368
2025-07-05,U05368
2025-07-08,U05368
2025-05-17,U05369
2025-05-20,U05369
2025-06-10,U05370
2025-06-24,U05370
2025-07-04,U05370
2025-05-17,U05371
2025-07-15,U05372
2025-07-15,U05372
2025-07-19,U05372
2025-07-27,U05372
2025-07-29,U05372
2025-05-28,U05373
2025-05-28,U05373
2025-06-02,U05373
2025-06-03,U05373
2025-06-10,U05373
2025-06-23,U05373
2025-06-24,U05373
2025-06-11,U05374
2025-06-22,U05374
2025-06-26,U05374
2025-06-27,U05374
2025-06-01,U05375
2025-06-06,U05375
2025-06-23,U05376
2025-06-29,U05376
2025-06-29,U05376
2025-07-16,U05376
2025-05-27,U05377
2025-05-28,U05377
2025-06-05,U05377
2025-06-08,U05377
2025-06-09,U05377
2025-06-19,U05377
2025-06-21,U05377
2025-07-05,U05377
2025-06-15,U05378
2025-07-08,U05378
2025-06-11,U05379
2025-06-12,U05379
2025-06-19,U05379
2025-06-24,U05379
2025-06-25,U05379
2025-06-29,U05379
2025-07-04,U05379
2025-07-11,U05379
2025-07-12,U05379
2025-05-17,U05380
2025-06-27,U05381
2025-06-27,U05381
2025-06-28,U05381
2025-06-28,U05381
2025-06-28,U05381
2025-07-02,U05381
2025-07-02,U05381
2025-07-14,U05381
2025-07-17,U05381
2025-07-18,U05381
2025-05-17,U05382
2025-05-17,U05383
2025-08-21,U05383
2025-05-26,U05384
2025-07-20,U05385
2025-07-21,U05385
2025-07-23,U05385
2025-07-23,U05385
2025-07-25,U05385
2025-07-28,U05385
2025-07-31,U05385
2025-08-01,U05385
2025-07-19,U05386
2025-07-19,U05386
2025-07-25,U05386
2025-07-29,U05386
2025-07-31,U05386
2025-05-20,U05387
2025-06-13,U05387
2025-06-14,U05387
2025-06-15,U05387
2025-08-16,U05387
2025-07-05,U05388
2025-07-07,U05388
2025-07-08,U05388
2025-07-17,U05388
2025-07-18,U05388
2025-07-24,U05388
2025-06-11,U05389
2025-06-24,U05389
2025-06-26,U05389
2025-07-11,U05389
2025-05-22,U05390
2025-06-18,U05390
2025-05-18,U05391
2025-06-11,U05391
2025-06-11,U05391
2025-06-12,U05391
2025-06-28,U05391
2025-05-17,U05392
2025-06-29,U05393
2025-07-18,U05393
2025-05-31,U05394
2025-06-03,U05394
2025-05-24,U05395
2025-06-10,U05395
2025-06-17,U05395
2025-06-29,U05395
2025-06-30,U05395
2025-06-10,U05396
2025-06-21,U05396
2025-06-27,U05396
2025-07-01,U05396
2025-07-07,U05396
2025-07-12,U05396
2025-05-17,U05397
2025-05-31,U05398
2025-06-01,U05398
2025-06-04,U05398
2025-06-08,U05398
2025-06-11,U05398
2025-06-23,U05398
2025-06-24,U05398
2025-07-07,U05398
2025-06-15,U05399
2025-06-24,U05399
2025-06-29,U05399
2025-07-01,U05399
2025-07-03,U05399
2025-07-04,U05399
2025-07-08,U05399
2025-07-08,U05399
2025-07-09,U05399
2025-07-10,U05399
2025-06-14,U05400
2025-06-22,U05400
2025-06-26,U05400
2025-06-30,U05400
2025-07-10,U05400
2025-07-13,U05400
2025-07-14,U05400
2025-07-05,U05401
2025-07-05,U05401
2025-07-06,U05401
2025-07-09,U05401
2025-07-09,U05401
2025-07-15,U05401
2025-07-22,U05401
2025-07-24,U05401
2025-07-25,U05401
2025-05-20,U05402
2025-05-25,U05402
2025-05-25,U05402
2025-06-07,U05402
2025-06-28,U05403
2025-07-02,U05403
2025-07-05,U05403
2025-07-09,U05403
2025-07-09,U05403
2025-07-13,U05403
2025-07-20,U05403
2025-07-20,U05403
2025-07-21,U05403
2025-06-20,U05404
2025-06-24,U05404
2025-06-27,U05404
2025-07-01,U05404
2025-07-05,U05404
2025-07-11,U05404
2025-07-14,U05404
2025-07-16,U05404
2025-07-05,U05405
2025-07-13,U05405
2025-07-15,U05405
2025-07-18,U05405
2025-07-22,U05405
2025-07-25,U05405
2025-07-16,U05406
2025-07-20,U05406
2025-07-22,U05406
2025-07-23,U05406
2025-07-25,U05406
2025-07-27,U05406
2025-07-28,U05406
2025-07-29,U05406
2025-07-29,U05406
2025-07-30,U05406
2025-07-01,U05407
2025-07-05,U05407
2025-05-18,U05408
2025-06-07,U05409
2025-06-21,U05409
2025-07-01,U05409
2025-07-05,U05409
2025-05-25,U05410
2025-07-01,U05410
2025-05-17,U05411
2025-07-13,U05412
2025-07-15,U05412
2025-07-19,U05412
2025-07-27,U05412
2025-08-20,U05412
2025-07-03,U05413
2025-07-12,U05413
2025-07-13,U05413
2025-07-22,U05413
2025-07-15,U05414
2025-07-20,U05414
2025-07-20,U05414
2025-07-25,U05414
2025-07-25,U05414
2025-07-30,U05414
2025-08-16,U05414
2025-07-11,U05415
2025-07-12,U05415
2025-07-13,U05415
2025-07-17,U05415
2025-07-18,U05415
2025-07-19,U05415
2025-07-26,U05415
2025-06-25,U05416
2025-06-26,U05416
2025-07-03,U05416
2025-07-06,U05416
2025-07-12,U05416
2025-07-17,U05416
2025-06-01,U05417
2025-06-21,U05417
2025-06-27,U05417
2025-06-29,U05417
2025-06-30,U05417
2025-07-05,U05417
2025-07-06,U05417
2025-06-19,U05418
2025-06-22,U05418
2025-06-24,U05418
2025-06-25,U05418
2025-07-02,U05418
2025-07-04,U05418
2025-07-08,U05418
2025-07-14,U05418
2025-07-14,U05418
2025-07-16,U05418
2025-07-06,U05419
2025-07-13,U05419
2025-07-15,U05419
2025-07-19,U05419
2025-07-19,U05419
2025-07-22,U05419
2025-07-09,U05420
2025-07-10,U05420
2025-07-12,U05420
2025-07-15,U05420
2025-07-16,U05420
2025-07-17,U05420
2025-07-18,U05420
2025-07-20,U05420
2025-07-22,U05420
2025-07-27,U05420
2025-05-24,U05421
2025-06-01,U05421
2025-06-16,U05421
2025-06-19,U05421
2025-06-22,U05421
2025-06-26,U05421
2025-06-28,U05421
2025-05-25,U05422
2025-05-28,U05422
2025-06-05,U05422
2025-06-07,U05422
2025-05-17,U05423
2025-08-21,U05423
2025-05-28,U05424
2025-06-01,U05424
2025-06-04,U05424
2025-06-09,U05424
2025-06-16,U05424
2025-06-22,U05424
2025-06-27,U05424
2025-06-30,U05424
2025-07-01,U05424
2025-07-06,U05424
2025-05-17,U05425
2025-07-13,U05426
2025-07-15,U05426
2025-07-22,U05426
2025-07-24,U05426
2025-07-24,U05426
2025-07-26,U05426
2025-07-29,U05426
2025-05-21,U05427
2025-06-10,U05427
2025-06-11,U05427
2025-06-19,U05427
2025-06-23,U05427
2025-06-26,U05427
2025-05-18,U05428
2025-05-23,U05428
2025-05-25,U05428
2025-05-30,U05428
2025-05-31,U05428
2025-06-08,U05428
2025-06-20,U05428
2025-06-20,U05429
2025-07-01,U05429
2025-07-06,U05429
2025-07-07,U05429
2025-05-18,U05430
2025-05-19,U05430
2025-05-26,U05430
2025-06-15,U05430
2025-06-21,U05430
2025-07-01,U05430
2025-07-05,U05431
2025-07-09,U05431
2025-07-10,U05431
2025-07-12,U05431
2025-07-15,U05431
2025-07-16,U05431
2025-07-22,U05431
2025-07-23,U05431
2025-05-17,U05432
2025-08-19,U05432
2025-05-25,U05433
2025-05-25,U05433
2025-05-28,U05433
2025-05-31,U05433
2025-06-10,U05433
2025-06-14,U05433
2025-06-27,U05433
2025-06-27,U05434
2025-07-08,U05434
2025-06-18,U05435
2025-07-12,U05435
2025-05-20,U05436
2025-06-17,U05437
2025-06-23,U05437
2025-07-09,U05438
2025-07-11,U05438
2025-07-25,U05438
2025-07-26,U05438
2025-07-08,U05439
2025-07-21,U05439
2025-06-13,U05440
2025-06-23,U05440
2025-07-02,U05440
2025-07-06,U05440
2025-07-12,U05440
2025-07-15,U05441
2025-07-16,U05441
2025-07-28,U05441
2025-06-06,U05442
2025-06-11,U05442
2025-06-12,U05442
2025-06-12,U05442
2025-06-15,U05442
2025-06-20,U05442
2025-06-30,U05442
2025-06-09,U05443
2025-06-13,U05443
2025-05-18,U05444
2025-05-23,U05444
2025-05-24,U05444
2025-06-07,U05444
2025-06-14,U05444
2025-07-08,U05445
2025-07-14,U05445
2025-07-14,U05445
2025-07-21,U05445
2025-07-26,U05445
2025-07-13,U05446
2025-07-13,U05446
2025-07-14,U05446
2025-07-28,U05446
2025-07-29,U05446
2025-07-25,U05447
2025-07-27,U05447
2025-07-28,U05447
2025-05-23,U05448
2025-06-08,U05448
2025-06-09,U05448
2025-06-11,U05448
2025-06-12,U05448
2025-06-17,U05448
2025-06-19,U05448
2025-06-25,U05448
2025-07-06,U05449
2025-07-07,U05449
2025-07-08,U05449
2025-07-08,U05449
2025-07-10,U05449
2025-07-11,U05449
2025-07-16,U05449
2025-07-17,U05449
2025-07-20,U05449
2025-07-25,U05449
2025-05-17,U05450
2025-05-20,U05451
2025-05-28,U05451
2025-06-05,U05451
2025-06-11,U05451
2025-05-18,U05452
2025-05-21,U05452
2025-06-03,U05452
2025-06-05,U05452
2025-06-08,U05452
2025-06-26,U05452
2025-08-16,U05452
2025-06-01,U05453
2025-06-13,U05453
2025-08-17,U05453
2025-06-24,U05454
2025-07-08,U05454
2025-06-21,U05455
2025-06-24,U05455
2025-06-28,U05455
2025-07-01,U05455
2025-07-14,U05455
2025-07-15,U05455
2025-07-16,U05455
2025-07-17,U05455
2025-06-26,U05456
2025-06-26,U05456
2025-06-30,U05456
2025-06-30,U05456
2025-07-01,U05456
2025-07-04,U05456
2025-07-11,U05456
2025-07-13,U05456
2025-07-16,U05456
2025-07-19,U05456
2025-05-17,U05457
2025-06-25,U05458
2025-06-27,U05458
2025-06-30,U05458
2025-06-30,U05458
2025-07-02,U05458
2025-07-04,U05458
2025-07-12,U05458
2025-07-13,U05458
2025-07-17,U05458
2025-07-19,U05458
2025-05-31,U05459
2025-05-30,U05460
2025-06-05,U05460
2025-05-17,U05461
2025-07-13,U05462
2025-07-17,U05462
2025-07-17,U05462
2025-07-26,U05462
2025-07-29,U05462
2025-05-28,U05463
2025-06-13,U05463
2025-07-02,U05463
2025-07-04,U05463
2025-07-21,U05464
2025-07-23,U05464
2025-07-31,U05464
2025-08-01,U05464
2025-05-17,U05465
2025-05-17,U05466
2025-07-21,U05467
2025-07-22,U05467
2025-07-22,U05467
2025-07-26,U05467
2025-07-28,U05467
2025-07-29,U05467
2025-07-30,U05467
2025-08-01,U05467
2025-05-17,U05468
2025-06-13,U05469
2025-06-15,U05469
2025-06-17,U05469
2025-06-25,U05469
2025-06-26,U05469
2025-06-29,U05469
2025-06-29,U05469
2025-07-02,U05469
2025-07-12,U05469
2025-05-17,U05470
2025-06-05,U05471
2025-06-07,U05471
2025-06-09,U05471
2025-05-29,U05472
2025-06-03,U05472
2025-07-11,U05473
2025-07-14,U05473
2025-07-24,U05473
2025-07-26,U05473
2025-07-27,U05473
2025-05-28,U05474
2025-07-02,U05475
2025-07-04,U05475
2025-07-12,U05475
2025-07-17,U05475
2025-07-21,U05475
2025-05-17,U05476
2025-05-26,U05476
2025-05-27,U05476
2025-06-24,U05476
2025-06-30,U05476
2025-05-22,U05477
2025-06-22,U05477
2025-06-09,U05478
2025-06-22,U05478
2025-06-25,U05478
2025-06-30,U05478
2025-07-05,U05478
2025-07-07,U05478
2025-06-09,U05479
2025-08-20,U05479
2025-06-22,U05480
2025-07-05,U05480
2025-07-12,U05480
2025-07-17,U05480
2025-06-30,U05481
2025-07-05,U05481
2025-07-17,U05481
2025-07-04,U05482
2025-07-05,U05482
2025-07-09,U05482
2025-07-16,U05482
2025-07-21,U05482
2025-07-23,U05482
2025-07-24,U05482
2025-07-20,U05483
2025-07-22,U05483
2025-07-24,U05483
2025-07-25,U05483
2025-07-31,U05483
2025-08-17,U05483
2025-07-08,U05484
2025-07-11,U05484
2025-07-18,U05484
2025-05-30,U05485
2025-06-22,U05486
2025-06-23,U05486
2025-06-28,U05486
2025-07-02,U05486
2025-07-06,U05486
2025-07-08,U05486
2025-07-09,U05486
2025-07-09,U05486
2025-07-14,U05486
2025-07-22,U05487
2025-07-28,U05487
2025-07-30,U05487
2025-08-01,U05487
2025-05-17,U05488
2025-06-22,U05488
2025-06-30,U05488
2025-08-18,U05488
2025-05-30,U05489
2025-06-27,U05489
2025-06-28,U05489
2025-06-12,U05490
2025-06-20,U05490
2025-06-30,U05490
2025-07-04,U05490
2025-07-08,U05490
2025-07-09,U05490
2025-08-15,U05490
2025-06-10,U05491
2025-06-11,U05491
2025-06-11,U05491
2025-06-19,U05491
2025-06-23,U05491
2025-06-27,U05491
2025-06-29,U05491
2025-07-02,U05491
2025-07-03,U05491
2025-07-12,U05491
2025-07-29,U05492
2025-07-30,U05492
2025-08-01,U05492
2025-06-02,U05493
2025-06-08,U05493
2025-06-20,U05493
2025-06-25,U05493
2025-07-03,U05493
2025-07-05,U05493
2025-07-11,U05494
2025-07-11,U05494
2025-07-16,U05494
2025-07-19,U05494
2025-07-21,U05494
2025-07-24,U05494
2025-07-28,U05494
2025-07-07,U05495
2025-07-09,U05495
2025-07-09,U05495
2025-07-09,U05495
2025-07-18,U05495
2025-07-23,U05495
2025-07-23,U05495
2025-07-26,U05495
2025-05-23,U05496
2025-06-04,U05496
2025-06-13,U05496
2025-05-17,U05497
2025-06-20,U05498
2025-06-30,U05498
2025-06-08,U05499
2025-06-09,U05499
2025-06-10,U05499
2025-06-10,U05499
2025-06-19,U05499
2025-06-26,U05499
2025-07-08,U05499
2025-07-08,U05499
2025-07-11,U05499
2025-07-10,U05500
2025-07-18,U05500
2025-06-07,U05501
2025-06-16,U05501
2025-06-19,U05501
2025-06-26,U05501
2025-06-30,U05501
2025-07-10,U05501
2025-07-06,U05502
2025-07-07,U05502
2025-07-07,U05502
2025-07-12,U05502
2025-07-23,U05502
2025-05-21,U05503
2025-05-21,U05503
2025-05-28,U05503
2025-05-30,U05503
2025-05-30,U05503
2025-06-12,U05503
2025-05-17,U05504
2025-07-14,U05505
2025-07-19,U05505
2025-07-19,U05505
2025-07-20,U05505
2025-07-21,U05505
2025-07-23,U05505
2025-07-29,U05505
2025-06-17,U05506
2025-06-18,U05506
2025-06-21,U05506
2025-06-29,U05506
2025-07-02,U05506
2025-07-09,U05506
2025-07-09,U05506
2025-07-12,U05506
2025-07-16,U05506
2025-05-28,U05507
2025-05-29,U05507
2025-05-29,U05507
2025-05-30,U05507
2025-06-07,U05507
2025-06-07,U05507
2025-06-12,U05507
2025-06-18,U05507
2025-06-24,U05507
2025-07-17,U05508
2025-07-19,U05508
2025-07-19,U05508
2025-07-22,U05508
2025-07-22,U05508
2025-07-23,U05508
2025-07-25,U05508
2025-07-30,U05508
2025-07-31,U05508
2025-07-17,U05509
2025-07-18,U05509
2025-07-18,U05509
2025-07-19,U05509
2025-07-23,U05509
2025-07-26,U05509
2025-07-26,U05509
2025-07-27,U05509
2025-07-29,U05509
2025-07-31,U05509
2025-06-05,U05510
2025-06-13,U05510
2025-07-10,U05510
2025-06-30,U05511
2025-07-11,U05511
2025-07-24,U05512
2025-07-25,U05512
2025-07-26,U05512
2025-07-28,U05512
2025-05-17,U05513
2025-05-18,U05514
2025-05-27,U05514
2025-05-28,U05514
2025-06-21,U05515
2025-07-07,U05515
2025-07-09,U05515
2025-07-18,U05516
2025-07-28,U05516
2025-07-28,U05517
2025-07-29,U05517
2025-08-01,U05517
2025-07-05,U05518
2025-07-14,U05518
2025-07-14,U05518
2025-07-23,U05518
2025-05-19,U05519
2025-05-26,U05519
2025-06-14,U05519
2025-07-01,U05519
2025-07-18,U05520
2025-07-20,U05520
2025-07-26,U05520
2025-07-27,U05520
2025-07-31,U05520
2025-05-17,U05521
2025-06-05,U05521
2025-06-10,U05521
2025-06-28,U05521
2025-07-14,U05522
2025-07-15,U05522
2025-07-23,U05522
2025-07-26,U05522
2025-07-28,U05522
2025-07-29,U05522
2025-05-30,U05523
2025-06-26,U05523
2025-06-28,U05523
2025-06-29,U05523
2025-06-30,U05523
2025-06-30,U05523
2025-07-05,U05523
2025-06-02,U05524
2025-05-22,U05525
2025-05-24,U05525
2025-05-24,U05525
2025-06-30,U05525
2025-07-01,U05525
2025-05-17,U05526
2025-06-19,U05527
2025-06-26,U05527
2025-06-28,U05527
2025-06-30,U05527
2025-07-01,U05527
2025-07-08,U05527
2025-07-13,U05527
2025-07-16,U05527
2025-07-17,U05527
2025-07-24,U05528
2025-07-31,U05528
2025-05-27,U05529
2025-05-29,U05529
2025-06-03,U05529
2025-06-14,U05529
2025-06-16,U05530
2025-06-22,U05530
2025-07-05,U05530
2025-07-10,U05530
2025-07-13,U05530
2025-06-29,U05531
2025-07-13,U05531
2025-07-15,U05531
2025-07-19,U05531
2025-07-20,U05531
2025-07-20,U05531
2025-07-21,U05531
2025-07-22,U05531
2025-07-03,U05532
2025-07-09,U05532
2025-07-10,U05532
2025-07-11,U05532
2025-07-16,U05532
2025-07-24,U05532
2025-07-17,U05533
2025-07-17,U05533
2025-07-17,U05533
2025-07-19,U05533
2025-07-21,U05533
2025-07-22,U05533
2025-07-24,U05533
2025-07-28,U05533
2025-07-14,U05534
2025-07-14,U05534
2025-07-23,U05534
2025-07-29,U05534
2025-07-19,U05535
2025-07-19,U05535
2025-07-20,U05535
2025-07-21,U05535
2025-07-26,U05535
2025-07-30,U05535
2025-05-23,U05536
2025-07-08,U05537
2025-07-10,U05537
2025-07-12,U05537
2025-07-21,U05537
2025-07-21,U05537
2025-07-26,U05537
2025-06-30,U05538
2025-07-12,U05538
2025-07-18,U05538
2025-05-25,U05539
2025-05-27,U05539
2025-05-27,U05539
2025-05-28,U05539
2025-06-07,U05539
2025-06-21,U05539
2025-06-24,U05539
2025-06-25,U05539
2025-06-30,U05539
2025-07-02,U05539
2025-08-19,U05539
2025-06-11,U05540
2025-06-16,U05540
2025-06-21,U05540
2025-07-10,U05540
2025-07-13,U05540
2025-05-23,U05541
2025-05-25,U05541
2025-05-28,U05541
2025-06-03,U05541
2025-06-18,U05541
2025-06-22,U05541
2025-06-30,U05541
2025-07-03,U05541
2025-05-22,U05542
2025-05-17,U05543
2025-05-17,U05544
2025-05-25,U05544
2025-05-28,U05544
2025-05-30,U05544
2025-06-06,U05544
2025-06-11,U05544
2025-07-20,U05545
2025-07-30,U05545
2025-07-07,U05546
2025-07-18,U05546
2025-07-18,U05546
2025-07-22,U05546
2025-07-24,U05546
2025-08-21,U05546
2025-07-21,U05547
2025-07-26,U05547
2025-07-29,U05547
2025-05-17,U05548
2025-07-09,U05549
2025-07-25,U05549
2025-06-15,U05550
2025-06-23,U05550
2025-06-24,U05550
2025-07-04,U05550
2025-07-05,U05550
2025-07-11,U05550
2025-06-10,U05551
2025-06-12,U05551
2025-06-14,U05551
2025-06-15,U05551
2025-06-19,U05551
2025-06-21,U05551
2025-06-23,U05551
2025-06-26,U05551
2025-07-10,U05551
2025-07-09,U05552
2025-07-19,U05552
2025-05-17,U05553
2025-08-15,U05553
2025-07-17,U05554
2025-07-20,U05554
2025-07-21,U05554
2025-07-20,U05555
2025-07-25,U05555
2025-07-13,U05556
2025-07-15,U05556
2025-07-15,U05556
2025-07-16,U05556
2025-07-16,U05556
2025-07-22,U05556
2025-07-24,U05556
2025-07-27,U05556
2025-07-29,U05556
2025-05-31,U05557
2025-06-29,U05558
2025-07-03,U05558
2025-07-03,U05558
2025-07-04,U05558
2025-07-06,U05558
2025-07-13,U05558
2025-07-15,U05558
2025-07-18,U05558
2025-07-21,U05558
2025-08-20,U05558
2025-07-14,U05559
2025-07-26,U05559
2025-07-27,U05559
2025-07-22,U05560
2025-07-27,U05560
2025-07-28,U05560
2025-05-21,U05561
2025-06-02,U05561
2025-08-20,U05561
2025-06-17,U05562
2025-07-02,U05562
2025-07-03,U05562
2025-07-08,U05562
2025-07-14,U05562
2025-07-16,U05563
2025-07-17,U05563
2025-07-26,U05563
2025-07-26,U05563
2025-07-27,U05563
2025-07-29,U05563
2025-07-29,U05563
2025-07-30,U05563
2025-07-13,U05564
2025-07-21,U05564
2025-06-24,U05565
2025-08-21,U05565
2025-05-17,U05566
2025-06-04,U05566
2025-06-04,U05566
2025-06-24,U05566
2025-05-20,U05567
2025-06-04,U05567
2025-06-07,U05567
2025-06-28,U05567
2025-06-30,U05567
2025-07-17,U05568
2025-07-18,U05568
2025-07-23,U05568
2025-07-23,U05568
2025-07-24,U05568
2025-07-27,U05568
2025-07-31,U05568
2025-05-31,U05569
2025-06-24,U05570
2025-07-16,U05570
2025-07-16,U05570
2025-07-19,U05570
2025-05-20,U05571
2025-05-21,U05571
2025-05-30,U05571
2025-06-02,U05571
2025-05-22,U05572
2025-05-23,U05572
2025-06-04,U05572
2025-06-05,U05572
2025-06-16,U05572
2025-06-11,U05573
2025-06-16,U05573
2025-06-21,U05573
2025-06-22,U05573
2025-07-02,U05573
2025-07-09,U05573
2025-07-10,U05573
2025-06-20,U05574
2025-06-20,U05574
2025-06-24,U05574
2025-06-26,U05574
2025-07-02,U05574
2025-07-03,U05574
2025-07-03,U05574
2025-07-04,U05574
2025-07-15,U05574
2025-07-17,U05574
2025-05-24,U05575
2025-05-28,U05575
2025-06-23,U05575
2025-07-10,U05576
2025-07-23,U05576
2025-08-16,U05576
2025-05-20,U05577
2025-05-30,U05577
2025-06-07,U05577
2025-06-30,U05578
2025-07-02,U05578
2025-07-21,U05578
2025-07-22,U05578
2025-05-26,U05579
2025-06-08,U05579
2025-05-17,U05580
2025-05-17,U05581
2025-05-17,U05582
2025-06-12,U05582
2025-07-22,U05583
2025-07-23,U05583
2025-07-24,U05583
2025-08-21,U05583
2025-05-23,U05584
2025-05-25,U05584
2025-05-28,U05584
2025-05-31,U05584
2025-06-03,U05584
2025-06-07,U05584
2025-06-23,U05584
2025-06-24,U05584
2025-05-17,U05585
2025-07-13,U05586
2025-07-15,U05586
2025-07-15,U05586
2025-07-21,U05586
2025-07-27,U05586
2025-07-28,U05586
2025-05-21,U05587
2025-05-28,U05587
2025-06-06,U05587
2025-06-12,U05587
2025-06-13,U05587
2025-06-18,U05587
2025-06-25,U05587
2025-06-29,U05587
2025-07-05,U05588
2025-07-05,U05588
2025-07-06,U05588
2025-07-07,U05588
2025-07-07,U05588
2025-07-17,U05588
2025-07-21,U05588
2025-07-23,U05588
2025-07-24,U05588
2025-07-25,U05588
2025-06-27,U05589
2025-06-28,U05589
2025-07-01,U05589
2025-07-04,U05589
2025-07-09,U05589
2025-07-16,U05589
2025-07-20,U05589
2025-07-04,U05590
2025-07-06,U05590
2025-07-07,U05590
2025-07-20,U05590
2025-07-21,U05590
2025-05-17,U05591
2025-07-12,U05592
2025-07-20,U05592
2025-07-28,U05592
2025-08-16,U05592
2025-07-02,U05593
2025-07-15,U05593
2025-07-18,U05593
2025-08-20,U05593
2025-07-15,U05594
2025-07-19,U05594
2025-07-22,U05594
2025-07-23,U05594
2025-07-27,U05594
2025-07-28,U05594
2025-07-14,U05595
2025-07-15,U05595
2025-07-22,U05595
2025-07-23,U05595
2025-07-24,U05595
2025-07-28,U05595
2025-06-01,U05596
2025-06-03,U05596
2025-06-07,U05596
2025-06-20,U05596
2025-06-22,U05596
2025-07-01,U05596
2025-07-04,U05596
2025-07-05,U05596
2025-07-16,U05597
2025-07-16,U05597
2025-07-20,U05597
2025-07-21,U05597
2025-07-22,U05597
2025-07-22,U05597
2025-07-25,U05597
2025-07-28,U05597
2025-07-29,U05597
2025-06-21,U05598
2025-06-24,U05598
2025-06-25,U05598
2025-06-25,U05598
2025-06-28,U05598
2025-07-02,U05598
2025-07-05,U05598
2025-07-05,U05598
2025-07-08,U05598
2025-07-13,U05598
2025-05-27,U05599
2025-06-23,U05599
2025-06-27,U05599
2025-06-28,U05599
2025-06-29,U05599
2025-05-18,U05600
2025-05-20,U05600
2025-06-01,U05600
2025-06-08,U05600
2025-06-11,U05600
2025-06-12,U05600
2025-06-26,U05600
2025-06-28,U05601
2025-06-29,U05601
2025-06-30,U05601
2025-07-03,U05601
2025-07-08,U05601
2025-07-18,U05601
2025-07-19,U05601
2025-05-30,U05602
2025-06-10,U05602
2025-06-15,U05602
2025-06-18,U05602
2025-06-24,U05602
2025-07-05,U05602
2025-07-07,U05602
2025-07-25,U05603
2025-07-27,U05603
2025-06-24,U05604
2025-06-25,U05604
2025-06-27,U05604
2025-06-29,U05604
2025-06-30,U05604
2025-07-02,U05604
2025-07-05,U05604
2025-07-12,U05604
2025-07-13,U05604
2025-07-19,U05604
2025-05-19,U05605
2025-05-22,U05605
2025-06-18,U05605
2025-06-20,U05605
2025-06-29,U05605
2025-07-01,U05605
2025-08-21,U05605
2025-06-20,U05606
2025-07-03,U05606
2025-07-04,U05606
2025-07-09,U05606
2025-07-11,U05607
2025-07-12,U05607
2025-07-15,U05607
2025-07-15,U05607
2025-07-19,U05607
2025-07-21,U05607
2025-07-21,U05607
2025-07-28,U05607
2025-06-26,U05608
2025-06-30,U05608
2025-07-20,U05608
2025-07-21,U05609
2025-07-24,U05609
2025-07-24,U05610
2025-07-28,U05610
2025-07-22,U05611
2025-07-30,U05611
2025-08-01,U05611
2025-07-21,U05612
2025-07-24,U05612
2025-07-24,U05612
2025-07-25,U05612
2025-07-26,U05612
2025-07-30,U05612
2025-07-30,U05612
2025-08-01,U05612
2025-08-21,U05612
2025-05-17,U05613
2025-07-19,U05614
2025-07-21,U05614
2025-07-21,U05614
2025-07-22,U05614
2025-07-24,U05614
2025-07-25,U05614
2025-07-26,U05614
2025-07-28,U05614
2025-07-30,U05614
2025-08-01,U05614
2025-07-09,U05615
2025-07-11,U05615
2025-07-22,U05615
2025-07-22,U05615
2025-07-27,U05615
2025-07-30,U05616
2025-07-31,U05616
2025-08-01,U05616
2025-06-05,U05617
2025-06-06,U05617
2025-06-09,U05617
2025-06-20,U05617
2025-06-22,U05617
2025-06-27,U05617
2025-06-28,U05617
2025-07-06,U05617
2025-07-08,U05617
2025-07-10,U05617
2025-06-02,U05618
2025-07-05,U05618
2025-06-28,U05619
2025-06-29,U05619
2025-07-09,U05619
2025-07-09,U05619
2025-07-14,U05619
2025-07-15,U05619
2025-07-18,U05619
2025-06-11,U05620
2025-06-14,U05620
2025-06-24,U05620
2025-06-26,U05620
2025-06-29,U05620
2025-07-02,U05620
2025-07-04,U05620
2025-07-09,U05620
2025-08-19,U05620
2025-07-20,U05621
2025-07-25,U05621
2025-07-28,U05621
2025-07-03,U05622
2025-07-04,U05622
2025-07-05,U05622
2025-07-06,U05622
2025-07-08,U05622
2025-07-14,U05622
2025-07-17,U05622
2025-07-20,U05622
2025-07-22,U05622
2025-07-24,U05622
2025-06-23,U05623
2025-07-02,U05623
2025-07-05,U05623
2025-07-09,U05623
2025-07-17,U05623
2025-05-17,U05624
2025-06-01,U05624
2025-06-02,U05624
2025-06-08,U05624
2025-08-17,U05624
2025-05-24,U05625
2025-06-12,U05625
2025-07-04,U05626
2025-07-10,U05626
2025-07-15,U05626
2025-08-18,U05626
2025-07-14,U05627
2025-07-15,U05627
2025-07-19,U05627
2025-07-19,U05627
2025-07-21,U05627
2025-07-26,U05627
2025-07-03,U05628
2025-07-05,U05628
2025-07-11,U05628
2025-07-14,U05628
2025-07-22,U05628
2025-08-20,U05628
2025-05-20,U05629
2025-05-22,U05629
2025-05-22,U05629
2025-05-24,U05629
2025-06-07,U05629
2025-05-18,U05630
2025-05-31,U05630
2025-06-03,U05630
2025-06-07,U05630
2025-06-26,U05630
2025-06-27,U05630
2025-05-29,U05631
2025-06-01,U05631
2025-07-19,U05632
2025-07-21,U05632
2025-07-22,U05632
2025-07-22,U05632
2025-07-23,U05632
2025-07-24,U05632
2025-07-29,U05632
2025-07-31,U05632
2025-08-01,U05632
2025-05-17,U05633
2025-06-18,U05634
2025-07-02,U05634
2025-07-03,U05634
2025-05-26,U05635
2025-06-02,U05635
2025-06-12,U05635
2025-06-17,U05635
2025-06-17,U05635
2025-06-18,U05635
2025-06-24,U05635
2025-07-02,U05635
2025-06-09,U05636
2025-06-22,U05636
2025-07-12,U05636
2025-07-16,U05637
2025-07-29,U05637
2025-05-26,U05638
2025-05-30,U05638
2025-06-05,U05638
2025-06-18,U05638
2025-06-28,U05639
2025-07-16,U05639
2025-08-16,U05639
2025-05-17,U05640
2025-05-28,U05641
2025-06-03,U05641
2025-06-05,U05641
2025-06-13,U05641
2025-07-02,U05641
2025-07-30,U05642
2025-07-31,U05642
2025-06-21,U05643
2025-06-24,U05643
2025-06-25,U05643
2025-06-26,U05643
2025-07-07,U05643
2025-07-11,U05643
2025-07-17,U05643
2025-07-04,U05644
2025-07-06,U05644
2025-07-14,U05644
2025-07-14,U05644
2025-07-16,U05644
2025-07-22,U05644
2025-06-07,U05645
2025-06-16,U05645
2025-06-27,U05645
2025-06-30,U05645
2025-07-05,U05645
2025-07-08,U05645
2025-07-10,U05645
2025-05-27,U05646
2025-06-01,U05646
2025-06-10,U05646
2025-06-22,U05646
2025-07-02,U05646
2025-06-01,U05647
2025-06-06,U05647
2025-06-10,U05647
2025-06-12,U05647
2025-06-19,U05647
2025-06-24,U05648
2025-06-26,U05648
2025-06-29,U05648
2025-07-03,U05648
2025-07-04,U05648
2025-07-09,U05648
2025-07-09,U05648
2025-07-15,U05648
2025-07-16,U05648
2025-06-06,U05649
2025-06-08,U05649
2025-06-14,U05649
2025-06-15,U05649
2025-06-16,U05649
2025-06-21,U05649
2025-06-24,U05649
2025-07-09,U05649
2025-07-11,U05650
2025-07-11,U05650
2025-07-12,U05650
2025-07-20,U05650
2025-07-22,U05650
2025-07-23,U05650
2025-07-24,U05650
2025-07-26,U05650
2025-07-25,U05651
2025-07-30,U05651
2025-07-12,U05652
2025-07-15,U05652
2025-07-24,U05652
2025-07-25,U05652
2025-07-27,U05652
2025-07-28,U05652
2025-08-20,U05652
2025-06-29,U05653
2025-07-13,U05653
2025-08-15,U05653
2025-07-19,U05654
2025-07-22,U05654
2025-07-27,U05654
2025-07-29,U05654
2025-07-12,U05655
2025-07-14,U05655
2025-07-18,U05655
2025-07-22,U05655
2025-07-23,U05655
2025-07-25,U05655
2025-07-26,U05655
2025-08-18,U05655
2025-05-25,U05656
2025-06-23,U05656
2025-07-17,U05657
2025-07-17,U05657
2025-07-18,U05657
2025-07-20,U05657
2025-07-22,U05657
2025-07-26,U05657
2025-07-29,U05657
2025-07-29,U05657
2025-07-30,U05657
2025-07-31,U05657
2025-06-13,U05658
2025-06-16,U05658
2025-06-26,U05658
2025-07-05,U05658
2025-07-09,U05658
2025-07-14,U05658
2025-05-17,U05659
2025-06-03,U05659
2025-06-11,U05659
2025-06-12,U05659
2025-06-19,U05659
2025-06-19,U05659
2025-06-24,U05659
2025-06-28,U05659
2025-07-08,U05660
2025-07-09,U05660
2025-06-11,U05661
2025-06-14,U05661
2025-07-01,U05661
2025-07-08,U05661
2025-07-11,U05661
2025-07-19,U05662
2025-07-20,U05662
2025-07-22,U05662
2025-07-24,U05662
2025-07-31,U05662
2025-08-01,U05662
2025-05-24,U05663
2025-06-07,U05663
2025-06-11,U05663
2025-06-15,U05663
2025-07-04,U05663
2025-07-10,U05664
2025-07-11,U05664
2025-07-27,U05664
2025-05-18,U05665
2025-05-19,U05665
2025-05-20,U05665
2025-05-22,U05665
2025-05-24,U05665
2025-05-30,U05665
2025-06-14,U05665
2025-07-03,U05666
2025-07-06,U05666
2025-07-09,U05666
2025-07-11,U05666
2025-07-14,U05666
2025-07-15,U05666
2025-07-15,U05666
2025-07-22,U05666
2025-07-23,U05666
2025-06-13,U05667
2025-07-01,U05667
2025-07-12,U05667
2025-07-03,U05668
2025-07-06,U05668
2025-07-08,U05668
2025-07-17,U05668
2025-07-17,U05668
2025-07-21,U05668
2025-07-22,U05668
2025-07-22,U05668
2025-07-23,U05668
2025-07-24,U05668
2025-05-28,U05669
2025-06-05,U05669
2025-06-29,U05669
2025-06-09,U05670
2025-06-14,U05670
2025-06-23,U05670
2025-06-27,U05670
2025-07-10,U05670
2025-07-11,U05670
2025-06-12,U05671
2025-07-01,U05671
2025-07-05,U05671
2025-07-11,U05671
2025-05-17,U05672
2025-05-17,U05673
2025-05-17,U05674
2025-06-02,U05675
2025-05-19,U05676
2025-05-20,U05677
2025-05-23,U05677
2025-05-29,U05677
2025-06-02,U05677
2025-06-09,U05677
2025-06-18,U05677
2025-06-17,U05678
2025-06-25,U05678
2025-06-27,U05678
2025-06-28,U05678
2025-06-28,U05678
2025-06-30,U05678
2025-07-05,U05678
2025-07-16,U05678
2025-06-29,U05679
2025-07-10,U05679
2025-07-11,U05679
2025-07-13,U05679
2025-07-14,U05679
2025-07-14,U05679
2025-07-15,U05679
2025-07-18,U05679
2025-07-18,U05679
2025-07-21,U05679
2025-05-17,U05680
2025-06-28,U05681
2025-06-28,U05681
2025-07-05,U05681
2025-07-07,U05681
2025-07-11,U05681
2025-07-12,U05681
2025-07-15,U05681
2025-07-20,U05681
2025-07-21,U05681
2025-07-01,U05682
2025-07-06,U05682
2025-07-13,U05683
2025-07-15,U05683
2025-07-16,U05683
2025-07-21,U05683
2025-07-25,U05683
2025-07-25,U05683
2025-07-28,U05683
2025-07-29,U05683
2025-07-09,U05684
2025-07-12,U05684
2025-07-15,U05684
2025-07-15,U05684
2025-07-16,U05684
2025-07-25,U05684
2025-07-26,U05684
2025-07-27,U05684
2025-08-20,U05684
2025-06-20,U05685
2025-07-01,U05685
2025-07-02,U05685
2025-07-16,U05685
2025-06-14,U05686
2025-06-17,U05686
2025-06-30,U05686
2025-07-05,U05686
2025-07-11,U05686
2025-07-12,U05686
2025-08-15,U05686
2025-07-30,U05687
2025-08-01,U05687
2025-06-11,U05688
2025-06-12,U05688
2025-06-12,U05688
2025-06-19,U05688
2025-07-11,U05688
2025-07-23,U05689
2025-07-26,U05689
2025-07-30,U05689
2025-07-18,U05690
2025-07-19,U05690
2025-07-22,U05690
2025-07-24,U05690
2025-07-26,U05690
2025-07-26,U05690
2025-07-28,U05690
2025-07-31,U05690
2025-06-29,U05691
2025-07-08,U05691
2025-07-12,U05691
2025-08-16,U05691
2025-06-12,U05692
2025-06-22,U05692
2025-06-29,U05692
2025-06-30,U05692
2025-07-12,U05692
2025-08-21,U05692
2025-07-22,U05693
2025-07-24,U05693
2025-07-26,U05693
2025-08-01,U05693
2025-07-26,U05694
2025-07-29,U05694
2025-05-28,U05695
2025-05-31,U05695
2025-06-02,U05695
2025-06-10,U05695
2025-06-15,U05695
2025-06-25,U05695
2025-07-05,U05695
2025-07-06,U05695
2025-05-21,U05696
2025-05-24,U05696
2025-06-03,U05696
2025-06-26,U05697
2025-06-27,U05697
2025-07-06,U05697
2025-07-18,U05697
2025-07-18,U05698
2025-07-31,U05698
2025-05-17,U05699
2025-06-18,U05699
2025-06-24,U05699
2025-06-20,U05700
2025-06-20,U05700
2025-06-21,U05700
2025-06-22,U05700
2025-06-27,U05700
2025-07-04,U05700
2025-07-07,U05700
2025-07-10,U05700
2025-07-11,U05700
2025-07-17,U05700
2025-07-18,U05701
2025-07-20,U05701
2025-07-25,U05701
2025-07-27,U05701
2025-07-28,U05701
2025-07-28,U05701
2025-07-29,U05701
2025-07-29,U05701
2025-07-30,U05701
2025-07-31,U05701
2025-07-19,U05702
2025-07-20,U05702
2025-07-24,U05702
2025-07-26,U05702
2025-07-26,U05702
2025-07-26,U05702
2025-07-30,U05702
2025-07-31,U05702
2025-07-06,U05703
2025-07-18,U05703
2025-05-24,U05704
2025-05-24,U05704
2025-06-04,U05704
2025-06-08,U05704
2025-07-06,U05705
2025-07-09,U05705
2025-07-12,U05705
2025-07-17,U05705
2025-07-19,U05705
2025-07-21,U05705
2025-07-22,U05705
2025-07-23,U05705
2025-05-28,U05706
2025-06-01,U05706
2025-06-04,U05706
2025-06-22,U05707
2025-06-24,U05707
2025-07-03,U05707
2025-07-06,U05707
2025-07-10,U05707
2025-07-17,U05708
2025-07-17,U05708
2025-07-18,U05708
2025-07-23,U05708
2025-07-26,U05708
2025-07-26,U05708
2025-07-31,U05708
2025-05-24,U05709
2025-05-26,U05709
2025-07-01,U05709
2025-06-01,U05710
2025-06-28,U05710
2025-06-28,U05711
2025-07-02,U05711
2025-07-02,U05711
2025-07-05,U05711
2025-07-06,U05711
2025-07-07,U05711
2025-07-14,U05711
2025-07-18,U05711
2025-07-19,U05711
2025-07-20,U05711
2025-05-17,U05712
2025-05-17,U05713
2025-07-16,U05714
2025-07-25,U05714
2025-07-25,U05714
2025-07-28,U05714
2025-07-29,U05714
2025-07-24,U05715
2025-07-29,U05715
2025-07-31,U05715
2025-07-05,U05716
2025-07-05,U05716
2025-07-10,U05716
2025-07-11,U05716
2025-07-13,U05716
2025-07-13,U05716
2025-07-18,U05716
2025-07-23,U05716
2025-07-25,U05716
2025-07-08,U05717
2025-07-09,U05717
2025-07-16,U05717
2025-07-20,U05717
2025-07-16,U05718
2025-07-17,U05718
2025-07-19,U05718
2025-07-20,U05718
2025-07-25,U05718
2025-07-26,U05718
2025-07-29,U05718
2025-07-30,U05718
2025-07-10,U05719
2025-07-10,U05719
2025-07-16,U05719
2025-07-19,U05720
2025-07-20,U05720
2025-07-20,U05720
2025-07-20,U05720
2025-07-22,U05720
2025-07-26,U05720
2025-07-26,U05720
2025-07-28,U05720
2025-08-01,U05720
2025-05-17,U05721
2025-05-30,U05721
2025-05-30,U05721
2025-06-16,U05721
2025-06-18,U05721
2025-06-22,U05721
2025-05-18,U05722
2025-05-24,U05722
2025-06-03,U05722
2025-06-04,U05722
2025-06-15,U05722
2025-06-16,U05722
2025-07-01,U05722
2025-07-09,U05723
2025-07-12,U05723
2025-07-13,U05723
2025-07-21,U05723
2025-07-21,U05723
2025-07-26,U05723
2025-05-17,U05724
2025-05-23,U05724
2025-05-23,U05724
2025-06-09,U05724
2025-06-11,U05724
2025-05-22,U05725
2025-05-31,U05725
2025-06-01,U05725
2025-06-12,U05725
2025-06-26,U05725
2025-06-29,U05725
2025-06-14,U05726
2025-06-20,U05726
2025-06-30,U05726
2025-07-03,U05726
2025-07-12,U05726
2025-07-20,U05727
2025-07-23,U05727
2025-07-26,U05727
2025-07-28,U05727
2025-06-20,U05728
2025-06-21,U05728
2025-06-26,U05728
2025-07-14,U05728
2025-07-17,U05728
2025-07-08,U05729
2025-07-15,U05729
2025-07-19,U05729
2025-05-17,U05730
2025-05-20,U05731
2025-05-22,U05731
2025-05-29,U05731
2025-06-18,U05731
2025-06-18,U05731
2025-06-22,U05731
2025-06-23,U05731
2025-05-21,U05732
2025-05-26,U05732
2025-06-05,U05732
2025-06-06,U05732
2025-06-16,U05732
2025-06-18,U05732
2025-06-19,U05732
2025-05-17,U05733
2025-05-29,U05734
2025-05-19,U05735
2025-05-24,U05735
2025-06-07,U05735
2025-06-11,U05735
2025-06-18,U05735
2025-06-22,U05735
2025-06-25,U05735
2025-06-28,U05735
2025-05-21,U05736
2025-06-09,U05737
2025-06-17,U05737
2025-07-01,U05737
2025-07-02,U05737
2025-07-09,U05737
2025-06-18,U05738
2025-06-24,U05738
2025-07-01,U05738
2025-07-03,U05738
2025-07-15,U05738
2025-07-11,U05739
2025-07-15,U05739
2025-07-26,U05739
2025-07-28,U05739
2025-05-17,U05740
2025-07-15,U05741
2025-07-16,U05741
2025-07-18,U05741
2025-07-24,U05741
2025-07-25,U05741
2025-07-26,U05741
2025-07-29,U05741
2025-07-30,U05741
2025-06-03,U05742
2025-07-05,U05742
2025-07-07,U05742
2025-05-25,U05743
2025-05-27,U05743
2025-06-08,U05743
2025-06-14,U05743
2025-06-17,U05743
2025-06-17,U05743
2025-06-23,U05743
2025-07-02,U05743
2025-07-17,U05744
2025-07-29,U05744
2025-06-28,U05745
2025-06-29,U05745
2025-07-11,U05745
2025-07-14,U05745
2025-07-19,U05745
2025-07-20,U05745
2025-07-01,U05746
2025-07-17,U05746
2025-07-21,U05746
2025-07-05,U05747
2025-07-14,U05747
2025-07-15,U05747
2025-07-25,U05747
2025-07-04,U05748
2025-07-06,U05748
2025-07-14,U05748
2025-07-14,U05748
2025-07-24,U05748
2025-08-16,U05748
2025-06-26,U05749
2025-07-18,U05749
2025-05-31,U05750
2025-06-06,U05750
2025-06-07,U05750
2025-06-18,U05750
2025-06-22,U05750
2025-06-28,U05750
2025-07-03,U05750
2025-07-05,U05750
2025-07-07,U05750
2025-07-22,U05751
2025-07-27,U05751
2025-07-28,U05751
2025-07-30,U05751
2025-07-31,U05751
2025-08-01,U05751
2025-06-11,U05752
2025-06-25,U05752
2025-07-08,U05752
2025-05-25,U05753
2025-07-08,U05754
2025-07-10,U05754
2025-07-10,U05754
2025-07-11,U05754
2025-07-12,U05754
2025-07-24,U05754
2025-07-26,U05754
2025-07-02,U05755
2025-07-03,U05755
2025-07-04,U05755
2025-07-07,U05755
2025-07-08,U05755
2025-07-09,U05755
2025-07-13,U05755
2025-07-16,U05755
2025-07-22,U05755
2025-07-23,U05755
2025-06-30,U05756
2025-07-21,U05756
2025-05-18,U05757
2025-05-31,U05757
2025-06-05,U05757
2025-06-11,U05757
2025-06-14,U05757
2025-06-14,U05757
2025-06-17,U05757
2025-06-27,U05757
2025-06-18,U05758
2025-06-25,U05758
2025-06-28,U05758
2025-06-28,U05758
2025-07-10,U05758
2025-07-11,U05758
2025-05-29,U05759
2025-05-31,U05759
2025-06-24,U05759
2025-07-05,U05760
2025-07-06,U05760
2025-07-09,U05760
2025-07-10,U05760
2025-07-10,U05760
2025-07-20,U05760
2025-07-24,U05760
2025-07-25,U05760
2025-06-22,U05761
2025-06-29,U05761
2025-07-09,U05761
2025-07-10,U05762
2025-07-13,U05762
2025-07-17,U05762
2025-07-18,U05762
2025-07-20,U05762
2025-07-27,U05762
2025-07-22,U05763
2025-07-27,U05763
2025-06-30,U05764
2025-07-04,U05764
2025-07-12,U05764
2025-05-27,U05765
2025-05-30,U05765
2025-06-01,U05765
2025-06-03,U05765
2025-06-10,U05765
2025-06-12,U05765
2025-06-14,U05765
2025-06-25,U05765
2025-07-03,U05765
2025-06-07,U05766
2025-06-12,U05766
2025-05-17,U05767
2025-05-31,U05768
2025-06-20,U05768
2025-06-24,U05769
2025-06-26,U05769
2025-06-29,U05769
2025-06-29,U05769
2025-07-02,U05769
2025-07-02,U05769
2025-07-07,U05769
2025-07-07,U05769
2025-07-13,U05769
2025-07-15,U05769
2025-06-18,U05770
2025-06-23,U05770
2025-06-24,U05770
2025-06-25,U05770
2025-06-26,U05770
2025-07-08,U05770
2025-07-05,U05771
2025-07-12,U05771
2025-07-02,U05772
2025-07-08,U05772
2025-07-15,U05772
2025-07-17,U05772
2025-07-20,U05773
2025-07-25,U05773
2025-07-25,U05773
2025-07-27,U05773
2025-07-27,U05773
2025-07-28,U05773
2025-07-10,U05774
2025-07-15,U05774
2025-07-15,U05774
2025-07-23,U05774
2025-07-23,U05774
2025-07-24,U05774
2025-07-27,U05774
2025-07-18,U05775
2025-07-21,U05775
2025-06-22,U05776
2025-07-06,U05776
2025-07-07,U05776
2025-07-09,U05776
2025-07-15,U05776
2025-06-21,U05777
2025-06-27,U05777
2025-05-17,U05778
2025-05-27,U05779
2025-05-28,U05779
2025-05-31,U05779
2025-05-31,U05779
2025-06-04,U05779
2025-06-27,U05780
2025-07-03,U05780
2025-07-04,U05780
2025-07-05,U05780
2025-07-07,U05780
2025-07-11,U05780
2025-07-14,U05780
2025-07-17,U05780
2025-07-20,U05780
2025-07-25,U05781
2025-07-29,U05781
2025-05-18,U05782
2025-05-27,U05782
2025-06-18,U05782
2025-06-19,U05782
2025-06-21,U05782
2025-06-16,U05783
2025-06-21,U05783
2025-06-24,U05783
2025-06-25,U05783
2025-06-25,U05783
2025-06-25,U05783
2025-07-03,U05783
2025-07-06,U05783
2025-07-07,U05783
2025-07-15,U05783
2025-07-10,U05784
2025-07-18,U05784
2025-07-18,U05784
2025-07-21,U05784
2025-07-23,U05784
2025-07-23,U05784
2025-07-27,U05784
2025-05-21,U05785
2025-05-21,U05785
2025-05-24,U05785
2025-06-06,U05785
2025-06-08,U05785
2025-06-29,U05786
2025-06-30,U05786
2025-07-12,U05786
2025-07-14,U05786
2025-07-20,U05786
2025-07-12,U05787
2025-07-12,U05787
2025-07-12,U05787
2025-07-15,U05787
2025-07-20,U05787
2025-07-24,U05787
2025-07-26,U05787
2025-07-26,U05787
2025-07-27,U05787
2025-07-28,U05787
2025-05-22,U05788
2025-06-21,U05789
2025-06-30,U05789
2025-07-02,U05789
2025-07-11,U05789
2025-08-18,U05789
2025-07-22,U05790
2025-07-23,U05790
2025-07-25,U05790
2025-07-28,U05790
2025-07-29,U05790
2025-06-11,U05791
2025-06-20,U05791
2025-06-25,U05791
2025-06-30,U05791
2025-07-02,U05791
2025-07-05,U05791
2025-07-09,U05791
2025-07-13,U05791
2025-05-24,U05792
2025-05-31,U05792
2025-07-17,U05793
2025-07-17,U05793
2025-07-21,U05793
2025-07-21,U05793
2025-07-23,U05793
2025-07-24,U05793
2025-07-28,U05793
2025-08-20,U05793
2025-06-12,U05794
2025-06-30,U05794
2025-06-30,U05794
2025-07-11,U05794
2025-07-17,U05795
2025-07-18,U05795
2025-07-28,U05795
2025-06-06,U05796
2025-06-08,U05796
2025-06-10,U05796
2025-05-17,U05797
2025-05-26,U05798
2025-05-28,U05798
2025-05-21,U05799
2025-05-22,U05799
2025-05-30,U05799
2025-06-22,U05799
2025-06-23,U05800
2025-07-06,U05800
2025-07-19,U05800
2025-07-03,U05801
2025-07-13,U05801
2025-07-14,U05801
2025-07-16,U05801
2025-07-17,U05801
2025-07-23,U05801
2025-07-21,U05802
2025-07-25,U05802
2025-07-25,U05802
2025-07-29,U05802
2025-07-30,U05802
2025-08-01,U05802
2025-07-06,U05803
2025-07-15,U05803
2025-07-16,U05803
2025-07-20,U05803
2025-07-22,U05803
2025-07-24,U05803
2025-07-07,U05804
2025-07-10,U05804
2025-07-11,U05804
2025-07-26,U05804
2025-07-15,U05805
2025-07-18,U05805
2025-07-27,U05805
2025-07-29,U05805
2025-06-16,U05806
2025-07-11,U05806
2025-06-29,U05807
2025-07-02,U05807
2025-07-05,U05807
2025-07-05,U05807
2025-07-07,U05807
2025-07-07,U05807
2025-07-10,U05807
2025-07-14,U05807
2025-07-16,U05807
2025-07-20,U05807
2025-06-02,U05808
2025-06-14,U05808
2025-07-02,U05808
2025-07-07,U05808
2025-06-07,U05809
2025-06-14,U05809
2025-06-18,U05809
2025-06-19,U05809
2025-07-08,U05809
2025-07-06,U05810
2025-07-06,U05810
2025-07-08,U05810
2025-07-10,U05810
2025-07-10,U05810
2025-07-12,U05810
2025-07-18,U05810
2025-07-21,U05810
2025-06-26,U05811
2025-06-27,U05811
2025-06-28,U05811
2025-06-29,U05811
2025-07-01,U05811
2025-07-03,U05811
2025-07-06,U05811
2025-07-07,U05811
2025-07-14,U05811
2025-07-18,U05811
2025-06-14,U05812
2025-06-16,U05812
2025-06-18,U05812
2025-06-20,U05812
2025-06-20,U05812
2025-06-21,U05812
2025-07-09,U05812
2025-06-10,U05813
2025-06-30,U05813
2025-07-05,U05813
2025-06-15,U05814
2025-06-19,U05814
2025-06-25,U05814
2025-06-27,U05814
2025-07-01,U05814
2025-07-05,U05814
2025-07-06,U05814
2025-07-10,U05814
2025-07-10,U05814
2025-07-12,U05814
2025-05-17,U05815
2025-05-18,U05815
2025-05-28,U05815
2025-05-29,U05815
2025-06-04,U05815
2025-06-11,U05815
2025-05-17,U05816
2025-07-21,U05817
2025-07-29,U05817
2025-07-30,U05817
2025-05-25,U05818
2025-05-29,U05818
2025-06-08,U05818
2025-06-11,U05818
2025-06-18,U05818
2025-06-21,U05818
2025-06-24,U05818
2025-06-28,U05818
2025-07-01,U05818
2025-07-03,U05818
2025-08-21,U05818
2025-06-04,U05819
2025-07-01,U05819
2025-05-17,U05820
2025-05-20,U05820
2025-05-25,U05820
2025-05-29,U05820
2025-06-11,U05820
2025-06-12,U05820
2025-06-20,U05820
2025-06-28,U05820
2025-07-19,U05821
2025-07-21,U05821
2025-07-21,U05821
2025-07-22,U05821
2025-07-24,U05821
2025-07-26,U05821
2025-07-28,U05821
2025-07-28,U05821
2025-07-29,U05821
2025-08-01,U05821
2025-07-04,U05822
2025-07-07,U05822
2025-07-10,U05822
2025-07-19,U05822
2025-07-23,U05822
2025-07-01,U05823
2025-07-11,U05823
2025-07-12,U05823
2025-07-06,U05824
2025-07-12,U05824
2025-07-15,U05824
2025-07-20,U05824
2025-07-18,U05825
2025-07-21,U05825
2025-07-22,U05825
2025-07-23,U05825
2025-07-23,U05825
2025-07-24,U05825
2025-07-25,U05825
2025-07-27,U05825
2025-07-28,U05825
2025-07-31,U05825
2025-05-21,U05826
2025-05-25,U05827
2025-07-17,U05828
2025-07-18,U05828
2025-07-18,U05828
2025-07-18,U05828
2025-07-20,U05828
2025-07-25,U05828
2025-07-28,U05828
2025-07-29,U05828
2025-07-31,U05828
2025-06-18,U05829
2025-06-19,U05829
2025-06-23,U05829
2025-06-24,U05829
2025-06-26,U05829
2025-06-26,U05829
2025-07-01,U05829
2025-07-06,U05829
2025-07-13,U05829
2025-05-29,U05830
2025-05-30,U05830
2025-05-30,U05830
2025-06-06,U05830
2025-06-10,U05830
2025-06-23,U05830
2025-05-22,U05831
2025-06-01,U05831
2025-06-06,U05831
2025-07-13,U05832
2025-07-16,U05832
2025-07-19,U05832
2025-07-21,U05832
2025-07-25,U05832
2025-07-04,U05833
2025-07-04,U05833
2025-07-15,U05833
2025-07-19,U05833
2025-07-21,U05833
2025-07-24,U05833
2025-06-20,U05834
2025-06-24,U05834
2025-06-17,U05835
2025-06-23,U05835
2025-05-19,U05836
2025-05-30,U05836
2025-06-14,U05836
2025-06-11,U05837
2025-06-14,U05837
2025-06-20,U05837
2025-06-21,U05837
2025-07-02,U05837
2025-07-06,U05837
2025-05-17,U05838
2025-05-17,U05839
2025-07-05,U05840
2025-07-07,U05840
2025-07-09,U05840
2025-07-16,U05840
2025-07-18,U05840
2025-07-22,U05840
2025-07-24,U05840
2025-05-28,U05841
2025-06-02,U05841
2025-06-03,U05841
2025-06-20,U05841
2025-05-17,U05842
2025-06-12,U05843
2025-06-13,U05843
2025-06-15,U05843
2025-06-24,U05843
2025-06-25,U05843
2025-07-12,U05843
2025-07-13,U05843
2025-05-23,U05844
2025-05-25,U05844
2025-05-30,U05844
2025-05-31,U05844
2025-06-01,U05844
2025-06-07,U05844
2025-06-10,U05844
2025-06-14,U05844
2025-06-22,U05844
2025-07-11,U05845
2025-07-12,U05845
2025-07-17,U05845
2025-07-17,U05845
2025-07-26,U05845
2025-07-28,U05845
2025-08-21,U05845
2025-07-18,U05846
2025-07-20,U05846
2025-07-21,U05846
2025-07-24,U05846
2025-07-24,U05846
2025-07-26,U05846
2025-07-27,U05846
2025-07-28,U05846
2025-07-28,U05846
2025-07-30,U05846
2025-07-06,U05847
2025-07-13,U05847
2025-07-14,U05847
2025-07-15,U05847
2025-07-23,U05847
2025-07-09,U05848
2025-07-11,U05848
2025-07-14,U05848
2025-07-18,U05848
2025-07-25,U05848
2025-07-12,U05849
2025-07-14,U05849
2025-07-18,U05849
2025-07-23,U05849
2025-07-25,U05849
2025-05-17,U05850
2025-05-17,U05851
2025-05-20,U05852
2025-06-21,U05852
2025-06-24,U05852
2025-07-01,U05852
2025-06-20,U05853
2025-06-21,U05853
2025-07-01,U05853
2025-07-08,U05853
2025-07-08,U05853
2025-07-11,U05853
2025-07-12,U05853
2025-07-16,U05853
2025-07-17,U05853
2025-05-17,U05854
2025-05-24,U05854
2025-07-12,U05855
2025-07-13,U05855
2025-07-15,U05855
2025-07-15,U05855
2025-07-17,U05855
2025-07-18,U05855
2025-07-21,U05855
2025-07-21,U05855
2025-07-22,U05855
2025-06-10,U05856
2025-06-16,U05856
2025-06-20,U05856
2025-06-23,U05856
2025-07-02,U05856
2025-07-04,U05856
2025-07-09,U05856
2025-05-21,U05857
2025-06-04,U05857
2025-05-24,U05858
2025-05-24,U05858
2025-06-02,U05858
2025-06-03,U05859
2025-06-11,U05859
2025-06-15,U05859
2025-06-27,U05859
2025-07-24,U05860
2025-07-31,U05860
2025-06-23,U05861
2025-06-26,U05861
2025-06-28,U05861
2025-07-04,U05861
2025-07-04,U05861
2025-07-14,U05861
2025-07-18,U05861
2025-07-19,U05861
2025-07-01,U05862
2025-07-01,U05862
2025-07-01,U05862
2025-07-11,U05862
2025-07-11,U05862
2025-07-17,U05862
2025-07-17,U05862
2025-07-22,U05862
2025-05-23,U05863
2025-06-04,U05863
2025-06-08,U05863
2025-06-25,U05863
2025-08-16,U05863
2025-07-05,U05864
2025-07-06,U05864
2025-07-10,U05864
2025-07-12,U05864
2025-07-15,U05864
2025-07-15,U05864
2025-07-19,U05864
2025-07-22,U05864
2025-07-23,U05864
2025-07-25,U05864
2025-08-21,U05864
2025-06-06,U05865
2025-07-01,U05865
2025-07-09,U05865
2025-05-19,U05866
2025-06-21,U05866
2025-06-25,U05866
2025-05-18,U05867
2025-05-21,U05867
2025-05-23,U05867
2025-05-26,U05867
2025-05-28,U05867
2025-06-10,U05867
2025-06-11,U05867
2025-06-27,U05867
2025-07-20,U05868
2025-07-24,U05868
2025-07-25,U05868
2025-07-29,U05868
2025-07-31,U05868
2025-07-02,U05869
2025-07-03,U05869
2025-07-04,U05869
2025-07-06,U05869
2025-07-12,U05869
2025-07-15,U05869
2025-07-17,U05869
2025-07-19,U05869
2025-07-20,U05869
2025-07-21,U05869
2025-06-14,U05870
2025-06-20,U05870
2025-06-21,U05870
2025-05-19,U05871
2025-05-24,U05871
2025-05-29,U05871
2025-05-31,U05871
2025-07-01,U05871
2025-07-07,U05872
2025-07-09,U05872
2025-07-13,U05872
2025-07-13,U05872
2025-07-20,U05872
2025-07-25,U05872
2025-07-26,U05872
2025-07-03,U05873
2025-07-06,U05873
2025-06-10,U05874
2025-06-17,U05874
2025-06-27,U05874
2025-06-30,U05874
2025-06-30,U05874
2025-07-10,U05874
2025-07-11,U05874
2025-05-20,U05875
2025-05-28,U05875
2025-06-05,U05875
2025-05-17,U05876
2025-06-17,U05877
2025-06-20,U05877
2025-06-29,U05877
2025-06-29,U05877
2025-07-06,U05877
2025-07-06,U05877
2025-07-06,U05877
2025-07-12,U05877
2025-05-24,U05878
2025-06-07,U05878
2025-06-26,U05879
2025-07-10,U05879
2025-07-16,U05879
2025-05-21,U05880
2025-06-01,U05880
2025-06-08,U05880
2025-06-20,U05880
2025-05-21,U05881
2025-05-23,U05881
2025-07-08,U05882
2025-07-10,U05882
2025-07-12,U05882
2025-07-12,U05882
2025-07-13,U05882
2025-07-17,U05882
2025-07-20,U05882
2025-07-22,U05882
2025-07-24,U05882
2025-07-11,U05883
2025-07-14,U05883
2025-07-14,U05883
2025-07-15,U05883
2025-07-22,U05883
2025-07-25,U05883
2025-07-27,U05883
2025-07-28,U05883
2025-07-21,U05884
2025-07-24,U05884
2025-07-29,U05884
2025-05-17,U05885
2025-07-12,U05886
2025-07-13,U05886
2025-07-13,U05886
2025-07-23,U05886
2025-07-04,U05887
2025-07-04,U05887
2025-07-13,U05887
2025-07-18,U05887
2025-07-23,U05887
2025-05-17,U05888
2025-07-08,U05889
2025-07-09,U05889
2025-07-09,U05889
2025-07-10,U05889
2025-07-14,U05889
2025-07-16,U05889
2025-07-18,U05889
2025-07-21,U05889
2025-07-14,U05890
2025-07-15,U05890
2025-07-15,U05890
2025-07-19,U05890
2025-07-22,U05890
2025-07-29,U05890
2025-06-23,U05891
2025-06-30,U05891
2025-06-29,U05892
2025-06-30,U05892
2025-07-16,U05892
2025-06-01,U05893
2025-06-15,U05893
2025-06-19,U05893
2025-06-12,U05894
2025-06-18,U05894
2025-06-19,U05894
2025-06-29,U05894
2025-07-06,U05894
2025-07-13,U05894
2025-07-05,U05895
2025-07-08,U05895
2025-07-12,U05895
2025-07-12,U05895
2025-07-13,U05895
2025-07-13,U05895
2025-07-16,U05895
2025-07-19,U05895
2025-07-19,U05895
2025-07-23,U05895
2025-05-22,U05896
2025-06-07,U05896
2025-06-17,U05896
2025-06-20,U05896
2025-06-25,U05896
2025-08-16,U05896
2025-07-07,U05897
2025-07-09,U05897
2025-07-11,U05897
2025-07-15,U05897
2025-07-22,U05897
2025-07-25,U05897
2025-06-08,U05898
2025-06-17,U05898
2025-06-21,U05898
2025-06-30,U05898
2025-07-06,U05898
2025-07-11,U05898
2025-08-21,U05898
2025-05-22,U05899
2025-05-27,U05899
2025-06-10,U05899
2025-06-14,U05899
2025-07-01,U05899
2025-07-04,U05900
2025-07-05,U05900
2025-07-22,U05900
2025-07-22,U05900
2025-07-23,U05900
2025-07-13,U05901
2025-07-21,U05901
2025-05-21,U05902
2025-05-29,U05902
2025-06-01,U05902
2025-06-09,U05902
2025-06-11,U05902
2025-05-25,U05903
2025-05-28,U05903
2025-06-13,U05903
2025-06-15,U05903
2025-06-16,U05903
2025-06-17,U05903
2025-06-20,U05903
2025-06-22,U05903
2025-06-23,U05903
2025-07-05,U05904
2025-07-08,U05904
2025-07-25,U05904
2025-05-24,U05905
2025-06-19,U05905
2025-06-30,U05905
2025-06-30,U05906
2025-06-30,U05906
2025-07-02,U05906
2025-07-04,U05906
2025-07-12,U05906
2025-07-17,U05906
2025-07-18,U05906
2025-07-19,U05906
2025-08-15,U05906
2025-07-03,U05907
2025-07-05,U05907
2025-07-07,U05907
2025-07-11,U05907
2025-07-14,U05907
2025-07-18,U05907
2025-07-22,U05907
2025-07-23,U05907
2025-06-25,U05908
2025-07-04,U05908
2025-07-16,U05908
2025-07-17,U05908
2025-06-24,U05909
2025-06-25,U05909
2025-06-29,U05909
2025-07-14,U05909
2025-07-15,U05909
2025-07-18,U05909
2025-06-26,U05910
2025-07-02,U05910
2025-07-07,U05910
2025-07-19,U05910
2025-06-25,U05911
2025-06-27,U05911
2025-07-03,U05911
2025-07-03,U05911
2025-07-10,U05911
2025-07-16,U05911
2025-07-17,U05911
2025-07-18,U05911
2025-05-29,U05912
2025-06-30,U05912
2025-07-04,U05912
2025-05-29,U05913
2025-06-02,U05913
2025-06-05,U05913
2025-06-13,U05913
2025-06-14,U05913
2025-07-01,U05913
2025-07-02,U05914
2025-07-07,U05914
2025-07-07,U05914
2025-07-08,U05914
2025-07-23,U05914
2025-05-23,U05915
2025-07-01,U05916
2025-07-15,U05916
2025-07-23,U05916
2025-07-05,U05917
2025-07-06,U05917
2025-07-10,U05917
2025-07-13,U05917
2025-07-23,U05917
2025-05-21,U05918
2025-05-22,U05918
2025-05-23,U05918
2025-06-01,U05918
2025-06-18,U05918
2025-07-25,U05919
2025-08-01,U05919
2025-05-23,U05920
2025-05-27,U05920
2025-06-23,U05920
2025-06-25,U05920
2025-06-27,U05920
2025-06-28,U05920
2025-07-01,U05920
2025-05-19,U05921
2025-05-25,U05921
2025-05-29,U05921
2025-06-10,U05921
2025-07-01,U05921
2025-07-06,U05922
2025-07-22,U05922
2025-07-25,U05922
2025-07-13,U05923
2025-07-13,U05923
2025-07-17,U05923
2025-07-18,U05923
2025-07-23,U05923
2025-07-25,U05923
2025-07-27,U05923
2025-07-29,U05923
2025-06-19,U05924
2025-06-30,U05924
2025-07-12,U05924
2025-05-18,U05925
2025-05-20,U05925
2025-05-30,U05925
2025-06-01,U05925
2025-06-05,U05925
2025-06-06,U05925
2025-06-11,U05925
2025-06-16,U05925
2025-07-01,U05925
2025-05-17,U05926
2025-05-17,U05927
2025-07-15,U05928
2025-07-17,U05928
2025-07-21,U05928
2025-07-26,U05928
2025-07-27,U05928
2025-07-28,U05928
2025-07-28,U05928
2025-07-30,U05928
2025-06-11,U05929
2025-06-13,U05929
2025-06-14,U05929
2025-06-15,U05929
2025-06-15,U05929
2025-06-17,U05929
2025-06-25,U05929
2025-07-08,U05929
2025-06-08,U05930
2025-06-08,U05930
2025-06-13,U05930
2025-06-14,U05930
2025-06-15,U05930
2025-06-18,U05930
2025-06-19,U05930
2025-07-03,U05930
2025-07-05,U05931
2025-07-06,U05931
2025-07-10,U05931
2025-07-10,U05931
2025-07-16,U05931
2025-07-17,U05931
2025-07-18,U05931
2025-07-19,U05931
2025-07-22,U05931
2025-07-24,U05931
2025-05-25,U05932
2025-05-29,U05932
2025-06-02,U05932
2025-06-06,U05932
2025-06-15,U05932
2025-06-15,U05932
2025-06-16,U05932
2025-06-23,U05932
2025-07-03,U05932
2025-05-17,U05933
2025-06-29,U05934
2025-06-30,U05934
2025-07-01,U05934
2025-07-05,U05934
2025-07-11,U05934
2025-07-12,U05934
2025-07-18,U05934
2025-07-20,U05934
2025-07-16,U05935
2025-07-17,U05935
2025-07-18,U05935
2025-07-19,U05935
2025-07-19,U05935
2025-07-24,U05935
2025-07-27,U05935
2025-07-30,U05935
2025-07-24,U05936
2025-07-31,U05936
2025-07-17,U05937
2025-07-18,U05937
2025-07-20,U05937
2025-07-20,U05937
2025-07-21,U05937
2025-07-24,U05937
2025-07-25,U05937
2025-07-28,U05937
2025-07-30,U05937
2025-05-19,U05938
2025-05-20,U05938
2025-05-24,U05938
2025-05-28,U05938
2025-06-04,U05938
2025-06-06,U05938
2025-06-17,U05938
2025-07-10,U05939
2025-07-13,U05939
2025-07-15,U05939
2025-07-20,U05939
2025-07-23,U05939
2025-07-26,U05939
2025-07-27,U05939
2025-06-13,U05940
2025-06-15,U05940
2025-06-16,U05940
2025-06-16,U05940
2025-06-24,U05940
2025-06-26,U05940
2025-07-06,U05940
2025-07-09,U05940
2025-07-12,U05940
2025-05-23,U05941
2025-05-27,U05941
2025-06-06,U05941
2025-06-06,U05941
2025-06-11,U05941
2025-06-12,U05941
2025-06-16,U05941
2025-06-19,U05941
2025-06-27,U05941
2025-06-09,U05942
2025-06-15,U05942
2025-06-16,U05942
2025-07-06,U05942
2025-06-17,U05943
2025-07-13,U05943
2025-05-23,U05944
2025-05-22,U05945
2025-06-01,U05945
2025-06-05,U05946
2025-06-19,U05946
2025-06-21,U05946
2025-06-24,U05946
2025-07-10,U05947
2025-07-26,U05947
2025-05-30,U05948
2025-05-17,U05949
2025-05-17,U05950
2025-06-27,U05951
2025-06-28,U05951
2025-07-06,U05951
2025-07-08,U05951
2025-07-10,U05951
2025-07-13,U05951
2025-07-15,U05951
2025-07-16,U05951
2025-07-20,U05951
2025-07-21,U05951
2025-05-20,U05952
2025-06-04,U05952
2025-05-20,U05953
2025-05-22,U05953
2025-06-13,U05953
2025-06-30,U05953
2025-08-18,U05953
2025-05-18,U05954
2025-05-24,U05954
2025-05-26,U05954
2025-05-27,U05954
2025-05-27,U05954
2025-06-20,U05954
2025-07-07,U05955
2025-07-07,U05955
2025-07-12,U05955
2025-07-16,U05955
2025-07-21,U05955
2025-07-24,U05955
2025-07-25,U05955
2025-07-26,U05955
2025-05-17,U05956
2025-06-02,U05956
2025-06-17,U05956
2025-06-07,U05957
2025-06-09,U05957
2025-06-12,U05957
2025-06-13,U05957
2025-06-17,U05957
2025-06-17,U05957
2025-07-06,U05957
2025-07-07,U05957
2025-07-09,U05957
2025-07-10,U05957
2025-05-20,U05958
2025-05-17,U05959
2025-07-02,U05960
2025-07-14,U05960
2025-07-23,U05960
2025-08-15,U05960
2025-05-18,U05961
2025-05-23,U05961
2025-05-26,U05961
2025-06-01,U05961
2025-07-11,U05962
2025-07-12,U05962
2025-07-14,U05962
2025-07-20,U05962
2025-07-23,U05962
2025-07-27,U05962
2025-08-15,U05962
2025-06-01,U05963
2025-06-06,U05963
2025-06-11,U05963
2025-06-27,U05964
2025-07-03,U05964
2025-07-10,U05964
2025-07-11,U05964
2025-07-11,U05964
2025-07-14,U05964
2025-07-16,U05964
2025-07-20,U05964
2025-06-18,U05965
2025-06-24,U05965
2025-06-26,U05965
2025-06-26,U05965
2025-07-03,U05965
2025-07-05,U05965
2025-07-07,U05965
2025-07-16,U05965
2025-07-01,U05966
2025-07-01,U05966
2025-07-15,U05966
2025-07-18,U05966
2025-07-19,U05966
2025-07-23,U05966
2025-07-17,U05967
2025-07-17,U05967
2025-07-25,U05967
2025-07-25,U05967
2025-07-26,U05967
2025-07-27,U05967
2025-07-29,U05967
2025-07-29,U05967
2025-07-31,U05967
2025-06-25,U05968
2025-07-05,U05968
2025-07-14,U05968
2025-07-16,U05968
2025-07-20,U05968
2025-08-18,U05968
2025-07-07,U05969
2025-07-11,U05969
2025-07-15,U05969
2025-07-16,U05969
2025-07-17,U05969
2025-07-19,U05969
2025-07-20,U05969
2025-07-21,U05969
2025-07-21,U05969
2025-07-25,U05969
2025-05-27,U05970
2025-07-06,U05971
2025-07-11,U05971
2025-07-16,U05971
2025-07-17,U05971
2025-07-17,U05971
2025-07-25,U05971
2025-05-23,U05972
2025-06-16,U05972
2025-06-25,U05973
2025-07-02,U05973
2025-07-05,U05973
2025-07-06,U05973
2025-07-11,U05973
2025-07-20,U05973
2025-06-08,U05974
2025-06-23,U05974
2025-07-11,U05974
2025-05-17,U05975
2025-07-06,U05976
2025-07-12,U05976
2025-07-13,U05976
2025-07-14,U05976
2025-07-14,U05976
2025-07-16,U05976
2025-07-17,U05976
2025-07-18,U05976
2025-07-21,U05976
2025-07-25,U05976
2025-06-14,U05977
2025-06-27,U05977
2025-07-01,U05977
2025-07-14,U05977
2025-05-26,U05978
2025-06-03,U05978
2025-06-03,U05978
2025-06-07,U05978
2025-06-09,U05978
2025-05-29,U05979
2025-05-30,U05979
2025-07-28,U05980
2025-07-31,U05980
2025-07-11,U05981
2025-07-16,U05981
2025-08-17,U05981
2025-05-17,U05982
2025-05-31,U05982
2025-05-19,U05983
2025-05-19,U05983
2025-05-31,U05983
2025-06-07,U05983
2025-06-10,U05983
2025-06-21,U05983
2025-06-23,U05983
2025-06-29,U05983
2025-07-01,U05983
2025-06-22,U05984
2025-06-26,U05984
2025-06-27,U05984
2025-06-30,U05984
2025-06-30,U05984
2025-07-16,U05984
2025-05-30,U05985
2025-06-02,U05985
2025-06-14,U05985
2025-07-03,U05985
2025-07-07,U05985
2025-06-20,U05986
2025-06-24,U05986
2025-06-24,U05986
2025-07-05,U05986
2025-07-15,U05986
2025-05-22,U05987
2025-05-25,U05987
2025-05-28,U05987
2025-06-04,U05987
2025-05-17,U05988
2025-05-23,U05988
2025-07-19,U05989
2025-07-24,U05989
2025-07-24,U05989
2025-07-24,U05989
2025-07-29,U05989
2025-07-29,U05989
2025-08-01,U05989
2025-07-02,U05990
2025-07-06,U05990
2025-07-07,U05990
2025-07-10,U05990
2025-07-12,U05990
2025-07-12,U05990
2025-07-16,U05990
2025-07-20,U05990
2025-07-20,U05990
2025-07-23,U05990
2025-06-21,U05991
2025-06-26,U05991
2025-06-17,U05992
2025-07-09,U05992
2025-06-08,U05993
2025-06-11,U05993
2025-06-13,U05993
2025-07-12,U05994
2025-07-12,U05994
2025-07-15,U05994
2025-07-28,U05994
2025-06-23,U05995
2025-07-08,U05995
2025-07-15,U05995
2025-05-22,U05996
2025-05-27,U05996
2025-06-04,U05996
2025-06-14,U05996
2025-06-16,U05996
2025-06-22,U05996
2025-06-06,U05997
2025-06-17,U05997
2025-06-26,U05997
2025-06-30,U05997
2025-07-03,U05997
2025-07-04,U05997
2025-07-05,U05997
2025-07-10,U05997
2025-07-17,U05998
2025-07-19,U05998
2025-07-23,U05998
2025-07-25,U05998
2025-07-26,U05998
2025-07-05,U05999
2025-07-09,U05999
2025-07-13,U05999
2025-07-26,U06000
2025-07-31,U06000
2025-07-06,U06001
2025-07-06,U06001
2025-07-07,U06001
2025-07-10,U06001
2025-07-10,U06001
2025-07-12,U06001
2025-07-16,U06001
2025-07-21,U06001
2025-07-24,U06001
2025-05-17,U06002
2025-05-31,U06003
2025-06-12,U06004
2025-06-28,U06004
2025-07-04,U06004
2025-06-02,U06005
2025-06-04,U06005
2025-06-17,U06005
2025-06-17,U06005
2025-07-08,U06005
2025-06-03,U06006
2025-07-13,U06007
2025-07-14,U06007
2025-07-14,U06007
2025-07-15,U06007
2025-07-29,U06007
2025-07-28,U06008
2025-07-31,U06008
2025-06-23,U06009
2025-06-26,U06009
2025-07-06,U06009
2025-07-17,U06009
2025-06-27,U06010
2025-06-27,U06010
2025-06-28,U06010
2025-07-02,U06010
2025-07-05,U06010
2025-07-13,U06010
2025-07-21,U06010
2025-05-20,U06011
2025-06-06,U06011
2025-06-16,U06012
2025-06-20,U06012
2025-06-25,U06012
2025-06-26,U06012
2025-06-28,U06012
2025-06-29,U06012
2025-07-06,U06012
2025-07-10,U06012
2025-07-14,U06012
2025-07-15,U06012
2025-05-19,U06013
2025-05-21,U06013
2025-06-01,U06013
2025-06-19,U06013
2025-06-24,U06013
2025-07-01,U06014
2025-07-13,U06014
2025-07-18,U06014
2025-05-20,U06015
2025-05-21,U06015
2025-05-30,U06015
2025-05-31,U06015
2025-07-07,U06016
2025-07-10,U06016
2025-07-11,U06016
2025-07-15,U06016
2025-07-18,U06016
2025-07-19,U06016
2025-07-23,U06016
2025-07-26,U06016
2025-05-17,U06017
2025-07-07,U06018
2025-07-10,U06018
2025-05-24,U06019
2025-06-02,U06019
2025-06-17,U06019
2025-06-21,U06019
2025-06-23,U06020
2025-06-29,U06020
2025-07-09,U06020
2025-07-15,U06020
2025-07-16,U06020
2025-07-19,U06020
2025-07-20,U06021
2025-07-21,U06021
2025-07-27,U06021
2025-07-30,U06021
2025-05-26,U06022
2025-05-27,U06022
2025-05-29,U06022
2025-05-31,U06022
2025-07-14,U06023
2025-07-14,U06023
2025-07-14,U06023
2025-07-15,U06023
2025-07-17,U06023
2025-07-18,U06023
2025-07-20,U06023
2025-07-21,U06023
2025-07-23,U06023
2025-07-26,U06023
2025-07-11,U06024
2025-07-17,U06024
2025-07-20,U06024
2025-07-07,U06025
2025-07-08,U06025
2025-07-09,U06025
2025-07-14,U06025
2025-07-15,U06025
2025-07-15,U06025
2025-07-16,U06025
2025-07-20,U06025
2025-07-21,U06025
2025-07-25,U06025
2025-07-05,U06026
2025-07-07,U06026
2025-07-12,U06026
2025-07-12,U06026
2025-07-15,U06026
2025-07-20,U06026
2025-07-25,U06026
2025-07-20,U06027
2025-07-21,U06027
2025-07-22,U06027
2025-07-24,U06027
2025-07-24,U06027
2025-07-28,U06027
2025-07-31,U06027
2025-06-02,U06028
2025-07-03,U06029
2025-07-06,U06029
2025-07-16,U06029
2025-07-17,U06029
2025-05-17,U06030
2025-06-05,U06031
2025-06-10,U06031
2025-06-16,U06031
2025-06-21,U06031
2025-06-24,U06031
2025-06-30,U06031
2025-06-30,U06031
2025-07-04,U06031
2025-07-17,U06032
2025-07-17,U06032
2025-07-19,U06032
2025-07-19,U06032
2025-07-20,U06032
2025-07-22,U06032
2025-07-22,U06032
2025-07-24,U06032
2025-07-30,U06032
2025-07-31,U06032
2025-07-15,U06033
2025-07-15,U06033
2025-07-27,U06033
2025-07-28,U06033
2025-07-30,U06033
2025-06-28,U06034
2025-07-02,U06034
2025-05-17,U06035
2025-06-21,U06036
2025-06-21,U06036
2025-06-22,U06036
2025-06-24,U06036
2025-06-25,U06036
2025-07-06,U06036
2025-07-11,U06036
2025-07-12,U06036
2025-07-18,U06036
2025-07-07,U06037
2025-07-15,U06037
2025-07-15,U06037
2025-07-19,U06037
2025-07-23,U06037
2025-06-04,U06038
2025-06-09,U06038
2025-06-09,U06038
2025-06-15,U06038
2025-06-19,U06038
2025-06-27,U06038
2025-06-30,U06038
2025-07-04,U06038
2025-07-04,U06038
2025-07-05,U06038
2025-05-17,U06039
2025-06-04,U06039
2025-06-11,U06039
2025-07-19,U06040
2025-07-22,U06040
2025-07-24,U06040
2025-07-27,U06040
2025-07-29,U06040
2025-07-30,U06040
2025-07-30,U06040
2025-07-31,U06040
2025-08-01,U06040
2025-07-17,U06041
2025-07-20,U06041
2025-07-20,U06041
2025-07-21,U06041
2025-07-22,U06041
2025-07-24,U06041
2025-07-25,U06041
2025-07-27,U06041
2025-07-31,U06041
2025-07-29,U06042
2025-07-31,U06042
2025-07-08,U06043
2025-07-09,U06043
2025-07-09,U06043
2025-07-11,U06043
2025-07-13,U06043
2025-07-15,U06043
2025-07-20,U06043
2025-07-24,U06043
2025-07-25,U06043
2025-05-25,U06044
2025-06-01,U06044
2025-06-05,U06044
2025-08-20,U06044
2025-06-01,U06045
2025-06-06,U06045
2025-06-16,U06045
2025-06-28,U06045
2025-06-20,U06046
2025-06-21,U06046
2025-06-21,U06046
2025-06-27,U06046
2025-07-12,U06046
2025-07-03,U06047
2025-07-11,U06047
2025-07-13,U06047
2025-05-17,U06048
2025-06-07,U06049
2025-06-18,U06049
2025-07-03,U06049
2025-05-23,U06050
2025-05-23,U06050
2025-06-04,U06050
2025-07-01,U06050
2025-06-11,U06051
2025-06-17,U06051
2025-06-23,U06051
2025-07-09,U06051
2025-05-19,U06052
2025-05-24,U06052
2025-05-26,U06053
2025-06-23,U06053
2025-05-19,U06054
2025-06-02,U06054
2025-06-14,U06054
2025-06-18,U06054
2025-06-21,U06054
2025-06-22,U06054
2025-05-25,U06055
2025-05-27,U06055
2025-06-05,U06055
2025-06-12,U06055
2025-06-13,U06055
2025-06-22,U06055
2025-06-24,U06055
2025-06-24,U06055
2025-06-28,U06055
2025-07-02,U06055
2025-06-10,U06056
2025-06-21,U06056
2025-06-21,U06056
2025-06-24,U06056
2025-06-26,U06056
2025-07-03,U06056
2025-07-10,U06056
2025-07-11,U06056
2025-08-21,U06056
2025-05-20,U06057
2025-05-22,U06057
2025-05-26,U06057
2025-06-08,U06057
2025-06-15,U06057
2025-08-18,U06057
2025-06-10,U06058
2025-06-12,U06058
2025-06-15,U06058
2025-07-07,U06058
2025-07-03,U06059
2025-07-11,U06059
2025-07-18,U06059
2025-05-24,U06060
2025-06-13,U06060
2025-07-15,U06061
2025-07-15,U06061
2025-07-17,U06061
2025-07-21,U06061
2025-07-23,U06061
2025-07-23,U06061
2025-07-25,U06061
2025-07-26,U06061
2025-07-28,U06061
2025-07-30,U06061
2025-05-19,U06062
2025-06-04,U06062
2025-06-16,U06062
2025-05-20,U06063
2025-05-21,U06063
2025-05-23,U06063
2025-06-07,U06063
2025-06-08,U06063
2025-07-18,U06064
2025-07-19,U06064
2025-07-24,U06064
2025-07-28,U06064
2025-07-31,U06064
2025-06-24,U06065
2025-06-26,U06065
2025-06-29,U06065
2025-07-05,U06065
2025-07-09,U06065
2025-07-11,U06065
2025-07-14,U06065
2025-07-14,U06065
2025-07-16,U06065
2025-07-19,U06065
2025-05-17,U06066
2025-05-25,U06066
2025-06-15,U06066
2025-06-19,U06066
2025-06-21,U06066
2025-06-21,U06066
2025-06-22,U06066
2025-06-25,U06066
2025-06-28,U06066
2025-06-14,U06067
2025-06-15,U06067
2025-06-23,U06067
2025-06-24,U06067
2025-06-24,U06067
2025-06-25,U06067
2025-06-28,U06067
2025-06-30,U06067
2025-07-04,U06067
2025-07-14,U06067
2025-05-27,U06068
2025-06-30,U06068
2025-07-05,U06068
2025-05-26,U06069
2025-06-15,U06069
2025-06-26,U06070
2025-07-06,U06070
2025-07-10,U06070
2025-07-13,U06070
2025-07-18,U06070
2025-07-19,U06070
2025-07-07,U06071
2025-07-15,U06071
2025-07-23,U06071
2025-07-24,U06071
2025-07-11,U06072
2025-07-12,U06072
2025-07-20,U06072
2025-07-24,U06072
2025-07-27,U06072
2025-07-27,U06072
2025-07-27,U06072
2025-07-28,U06072
2025-05-21,U06073
2025-05-26,U06074
2025-05-18,U06075
2025-07-14,U06076
2025-07-14,U06076
2025-07-15,U06076
2025-07-18,U06076
2025-07-28,U06076
2025-06-07,U06077
2025-06-11,U06077
2025-06-16,U06077
2025-06-16,U06077
2025-06-20,U06077
2025-06-20,U06077
2025-06-23,U06077
2025-07-06,U06077
2025-07-06,U06077
2025-07-08,U06077
2025-05-30,U06078
2025-06-08,U06079
2025-06-11,U06079
2025-07-07,U06079
2025-07-11,U06080
2025-07-12,U06080
2025-07-14,U06080
2025-07-14,U06080
2025-07-16,U06080
2025-07-19,U06080
2025-07-21,U06080
2025-07-22,U06080
2025-07-24,U06080
2025-07-28,U06080
2025-06-20,U06081
2025-06-24,U06081
2025-06-24,U06081
2025-06-29,U06081
2025-07-12,U06081
2025-07-14,U06081
2025-05-28,U06082
2025-05-29,U06082
2025-06-21,U06083
2025-06-24,U06083
2025-06-27,U06083
2025-06-30,U06083
2025-07-12,U06083
2025-07-13,U06083
2025-07-10,U06084
2025-07-24,U06084
2025-06-03,U06085
2025-06-16,U06085
2025-06-17,U06085
2025-06-24,U06085
2025-06-25,U06085
2025-06-29,U06085
2025-07-02,U06085
2025-07-04,U06085
2025-07-07,U06085
2025-08-17,U06085
2025-07-07,U06086
2025-07-12,U06086
2025-07-19,U06086
2025-08-18,U06086
2025-05-19,U06087
2025-05-23,U06087
2025-05-28,U06087
2025-06-07,U06087
2025-06-17,U06087
2025-07-19,U06088
2025-07-19,U06088
2025-07-21,U06088
2025-07-21,U06088
2025-07-24,U06088
2025-07-24,U06088
2025-07-28,U06088
2025-07-29,U06088
2025-07-31,U06088
2025-08-01,U06088
2025-06-21,U06089
2025-06-23,U06089
2025-07-03,U06089
2025-07-06,U06089
2025-07-07,U06089
2025-07-14,U06089
2025-07-18,U06089
2025-06-25,U06090
2025-06-26,U06090
2025-06-27,U06090
2025-07-02,U06090
2025-07-04,U06090
2025-07-05,U06090
2025-07-15,U06090
2025-07-18,U06090
2025-07-20,U06090
2025-07-20,U06091
2025-07-24,U06091
2025-07-25,U06091
2025-07-27,U06091
2025-08-01,U06091
2025-07-06,U06092
2025-07-11,U06092
2025-08-20,U06092
2025-05-30,U06093
2025-06-27,U06093
2025-07-05,U06093
2025-07-11,U06094
2025-07-12,U06094
2025-07-18,U06094
2025-07-23,U06094
2025-07-24,U06094
2025-07-26,U06094
2025-06-02,U06095
2025-06-16,U06096
2025-06-17,U06096
2025-06-24,U06096
2025-07-05,U06096
2025-07-06,U06096
2025-07-09,U06096
2025-07-11,U06096
2025-07-14,U06096
2025-06-15,U06097
2025-06-27,U06097
2025-07-04,U06097
2025-05-17,U06098
2025-05-25,U06098
2025-05-27,U06098
2025-05-29,U06098
2025-06-11,U06098
2025-06-12,U06098
2025-06-15,U06098
2025-06-20,U06098
2025-06-14,U06099
2025-06-19,U06099
2025-06-26,U06099
2025-07-08,U06099
2025-05-28,U06100
2025-06-02,U06100
2025-06-02,U06100
2025-06-04,U06100
2025-06-07,U06100
2025-06-17,U06100
2025-06-22,U06100
2025-06-26,U06100
2025-07-06,U06100
2025-07-19,U06101
2025-07-20,U06101
2025-07-24,U06101
2025-07-29,U06101
2025-07-31,U06101
2025-07-01,U06102
2025-07-12,U06102
2025-07-20,U06102
2025-06-10,U06103
2025-08-17,U06103
2025-07-04,U06104
2025-07-09,U06104
2025-07-10,U06104
2025-07-24,U06104
2025-07-17,U06105
2025-07-17,U06105
2025-07-19,U06105
2025-07-29,U06105
2025-07-09,U06106
2025-07-10,U06106
2025-07-11,U06106
2025-07-11,U06106
2025-07-21,U06106
2025-07-26,U06106
2025-06-15,U06107
2025-06-22,U06107
2025-06-23,U06107
2025-06-27,U06107
2025-07-06,U06107
2025-07-09,U06107
2025-07-12,U06107
2025-07-14,U06107
2025-06-13,U06108
2025-06-18,U06108
2025-06-30,U06108
2025-07-02,U06108
2025-07-04,U06108
2025-07-08,U06108
2025-07-10,U06108
2025-07-11,U06108
2025-07-12,U06108
2025-05-19,U06109
2025-05-23,U06109
2025-05-31,U06109
2025-06-12,U06110
2025-06-15,U06110
2025-05-24,U06111
2025-05-31,U06111
2025-06-04,U06111
2025-06-12,U06111
2025-06-20,U06111
2025-08-15,U06111
2025-05-17,U06112
2025-05-31,U06113
2025-08-17,U06113
2025-06-30,U06114
2025-07-01,U06114
2025-07-01,U06114
2025-07-11,U06114
2025-07-16,U06114
2025-07-17,U06114
2025-07-19,U06114
2025-06-01,U06115
2025-06-05,U06115
2025-06-07,U06115
2025-06-15,U06115
2025-06-19,U06115
2025-06-20,U06115
2025-06-24,U06115
2025-06-29,U06115
2025-07-08,U06115
2025-06-24,U06116
2025-07-04,U06116
2025-07-05,U06116
2025-07-08,U06116
2025-07-09,U06116
2025-07-10,U06116
2025-07-12,U06116
2025-07-13,U06116
2025-07-16,U06116
2025-07-10,U06117
2025-07-13,U06117
2025-07-17,U06117
2025-07-19,U06117
2025-07-19,U06117
2025-07-19,U06117
2025-07-19,U06117
2025-07-26,U06117
2025-07-26,U06117
2025-07-27,U06117
2025-05-17,U06118
2025-05-24,U06118
2025-07-04,U06119
2025-07-10,U06119
2025-07-11,U06119
2025-07-15,U06119
2025-07-17,U06119
2025-07-19,U06119
2025-07-19,U06119
2025-07-24,U06119
2025-05-18,U06120
2025-05-21,U06120
2025-05-31,U06120
2025-06-16,U06120
2025-05-23,U06121
2025-05-26,U06121
2025-06-19,U06121
2025-06-20,U06121
2025-05-20,U06122
2025-05-22,U06122
2025-06-21,U06122
2025-06-29,U06122
2025-06-21,U06123
2025-06-22,U06123
2025-06-23,U06123
2025-06-24,U06123
2025-06-26,U06123
2025-07-05,U06123
2025-07-18,U06123
2025-06-27,U06124
2025-06-27,U06124
2025-06-28,U06124
2025-06-29,U06124
2025-06-30,U06124
2025-07-03,U06124
2025-07-05,U06124
2025-07-07,U06124
2025-07-17,U06124
2025-07-14,U06125
2025-07-16,U06125
2025-07-18,U06125
2025-07-22,U06125
2025-07-23,U06125
2025-07-23,U06125
2025-07-29,U06125
2025-06-19,U06126
2025-06-24,U06126
2025-06-24,U06126
2025-06-25,U06126
2025-06-28,U06126
2025-07-01,U06126
2025-07-02,U06126
2025-07-12,U06126
2025-07-14,U06126
2025-07-16,U06126
2025-08-19,U06126
2025-06-16,U06127
2025-06-20,U06127
2025-06-24,U06127
2025-07-01,U06127
2025-07-09,U06127
2025-07-11,U06127
2025-07-14,U06128
2025-07-20,U06128
2025-07-23,U06128
2025-07-25,U06128
2025-07-29,U06128
2025-07-09,U06129
2025-07-14,U06129
2025-07-18,U06129
2025-07-18,U06129
2025-07-19,U06129
2025-07-19,U06129
2025-07-23,U06129
2025-06-06,U06130
2025-06-09,U06130
2025-06-28,U06130
2025-05-28,U06131
2025-07-09,U06132
2025-07-17,U06132
2025-07-17,U06132
2025-07-22,U06132
2025-07-24,U06132
2025-07-25,U06132
2025-07-05,U06133
2025-07-06,U06133
2025-07-09,U06133
2025-07-13,U06133
2025-07-13,U06133
2025-07-13,U06133
2025-07-14,U06133
2025-07-21,U06133
2025-07-21,U06133
2025-07-25,U06133
2025-07-14,U06134
2025-07-18,U06134
2025-07-24,U06134
2025-07-26,U06134
2025-07-29,U06134
2025-06-17,U06135
2025-06-30,U06135
2025-07-06,U06136
2025-07-15,U06136
2025-07-16,U06136
2025-07-18,U06136
2025-05-24,U06137
2025-06-17,U06137
2025-06-24,U06137
2025-06-28,U06137
2025-07-04,U06138
2025-07-09,U06138
2025-07-10,U06138
2025-07-16,U06138
2025-07-19,U06138
2025-05-27,U06139
2025-05-28,U06139
2025-05-29,U06139
2025-06-03,U06139
2025-06-12,U06139
2025-06-13,U06139
2025-06-19,U06139
2025-06-23,U06139
2025-06-30,U06139
2025-07-02,U06139
2025-07-13,U06140
2025-07-16,U06140
2025-07-17,U06140
2025-07-19,U06140
2025-07-19,U06140
2025-07-21,U06140
2025-07-23,U06140
2025-07-26,U06140
2025-07-29,U06140
2025-05-20,U06141
2025-05-28,U06141
2025-05-28,U06141
2025-06-19,U06141
2025-06-19,U06141
2025-06-21,U06141
2025-06-22,U06141
2025-06-29,U06141
2025-06-30,U06141
2025-08-15,U06141
2025-06-06,U06142
2025-06-22,U06142
2025-06-24,U06142
2025-05-31,U06143
2025-06-01,U06143
2025-06-17,U06143
2025-06-20,U06143
2025-06-26,U06143
2025-07-02,U06143
2025-07-03,U06143
2025-07-05,U06143
2025-07-15,U06144
2025-07-27,U06144
2025-07-29,U06144
2025-07-12,U06145
2025-07-16,U06145
2025-07-18,U06145
2025-07-19,U06145
2025-07-28,U06145
2025-06-04,U06146
2025-06-18,U06146
2025-06-26,U06146
2025-07-06,U06146
2025-05-27,U06147
2025-05-29,U06147
2025-06-02,U06147
2025-06-12,U06147
2025-06-21,U06147
2025-06-19,U06148
2025-07-01,U06148
2025-07-01,U06148
2025-07-06,U06148
2025-07-14,U06148
2025-05-25,U06149
2025-06-02,U06149
2025-06-03,U06149
2025-06-13,U06149
2025-06-16,U06150
2025-06-17,U06150
2025-06-29,U06150
2025-07-01,U06150
2025-07-11,U06150
2025-07-14,U06150
2025-07-19,U06151
2025-07-28,U06151
2025-07-31,U06151
2025-07-14,U06152
2025-07-24,U06152
2025-07-27,U06152
2025-06-08,U06153
2025-06-17,U06153
2025-06-21,U06153
2025-06-23,U06153
2025-06-24,U06153
2025-06-28,U06153
2025-07-02,U06153
2025-07-05,U06153
2025-07-09,U06153
2025-06-03,U06154
2025-06-21,U06154
2025-08-21,U06154
2025-07-17,U06155
2025-07-22,U06155
2025-07-28,U06155
2025-07-17,U06156
2025-07-29,U06156
2025-07-07,U06157
2025-07-21,U06157
2025-05-17,U06158
2025-07-09,U06159
2025-07-21,U06159
2025-07-24,U06159
2025-07-27,U06159
2025-06-10,U06160
2025-06-14,U06160
2025-06-19,U06160
2025-06-25,U06160
2025-07-04,U06160
2025-07-05,U06160
2025-07-12,U06160
2025-07-01,U06161
2025-07-03,U06161
2025-07-04,U06161
2025-07-10,U06161
2025-07-12,U06161
2025-07-13,U06161
2025-07-16,U06161
2025-07-18,U06161
2025-07-21,U06161
2025-06-07,U06162
2025-06-09,U06162
2025-06-09,U06162
2025-07-02,U06162
2025-07-04,U06162
2025-07-10,U06162
2025-06-28,U06163
2025-06-29,U06163
2025-07-02,U06163
2025-07-05,U06163
2025-07-06,U06163
2025-07-08,U06163
2025-07-11,U06163
2025-07-13,U06163
2025-07-21,U06163
2025-05-17,U06164
2025-05-20,U06165
2025-05-20,U06165
2025-05-20,U06165
2025-05-23,U06165
2025-05-23,U06165
2025-06-05,U06165
2025-06-13,U06165
2025-06-13,U06166
2025-06-14,U06166
2025-06-18,U06166
2025-06-28,U06166
2025-06-30,U06166
2025-07-10,U06166
2025-06-16,U06167
2025-05-22,U06168
2025-05-30,U06168
2025-06-08,U06168
2025-06-13,U06168
2025-06-14,U06168
2025-06-15,U06168
2025-07-02,U06168
2025-07-03,U06168
2025-05-22,U06169
2025-06-05,U06169
2025-05-21,U06170
2025-05-29,U06170
2025-05-31,U06170
2025-06-03,U06170
2025-06-17,U06170
2025-06-19,U06170
2025-07-05,U06171
2025-07-08,U06171
2025-07-08,U06171
2025-07-23,U06171
2025-07-07,U06172
2025-07-13,U06172
2025-07-25,U06172
2025-05-19,U06173
2025-05-29,U06173
2025-06-08,U06173
2025-06-15,U06173
2025-06-21,U06173
2025-07-07,U06174
2025-07-07,U06174
2025-07-14,U06174
2025-07-16,U06174
2025-07-24,U06174
2025-07-26,U06174
2025-07-10,U06175
2025-07-20,U06175
2025-07-25,U06175
2025-07-05,U06176
2025-07-21,U06176
2025-07-21,U06176
2025-07-24,U06176
2025-05-30,U06177
2025-06-14,U06177
2025-05-17,U06178
2025-05-19,U06178
2025-06-07,U06178
2025-06-14,U06178
2025-06-19,U06178
2025-07-14,U06179
2025-07-17,U06179
2025-07-24,U06179
2025-07-28,U06179
2025-07-17,U06180
2025-07-17,U06180
2025-07-22,U06180
2025-07-26,U06180
2025-07-27,U06180
2025-07-28,U06180
2025-07-30,U06180
2025-07-31,U06180
2025-05-17,U06181
2025-07-06,U06182
2025-07-23,U06182
2025-07-27,U06183
2025-07-30,U06183
2025-06-07,U06184
2025-06-27,U06184
2025-06-11,U06185
2025-06-14,U06185
2025-06-16,U06185
2025-06-26,U06185
2025-07-01,U06185
2025-07-04,U06185
2025-05-23,U06186
2025-05-24,U06186
2025-06-02,U06186
2025-06-05,U06186
2025-06-23,U06186
2025-06-28,U06186
2025-07-03,U06187
2025-07-23,U06187
2025-05-18,U06188
2025-05-28,U06188
2025-06-05,U06188
2025-06-20,U06188
2025-06-20,U06188
2025-06-27,U06188
2025-06-21,U06189
2025-06-21,U06189
2025-06-23,U06189
2025-06-23,U06189
2025-06-24,U06189
2025-07-16,U06189
2025-05-17,U06190
2025-07-15,U06191
2025-07-17,U06191
2025-07-23,U06191
2025-07-23,U06191
2025-07-29,U06191
2025-05-23,U06192
2025-05-24,U06192
2025-05-27,U06192
2025-06-07,U06192
2025-06-13,U06192
2025-06-18,U06192
2025-06-20,U06193
2025-06-20,U06193
2025-06-28,U06193
2025-07-05,U06193
2025-07-13,U06193
2025-07-17,U06193
2025-05-19,U06194
2025-06-10,U06195
2025-07-07,U06195
2025-07-09,U06195
2025-07-03,U06196
2025-07-07,U06196
2025-07-08,U06196
2025-07-08,U06196
2025-07-11,U06196
2025-07-13,U06196
2025-07-19,U06196
2025-07-20,U06196
2025-07-23,U06196
2025-05-24,U06197
2025-05-27,U06197
2025-06-19,U06197
2025-05-26,U06198
2025-07-02,U06198
2025-07-03,U06198
2025-07-05,U06198
2025-07-29,U06199
2025-07-30,U06199
2025-07-31,U06199
2025-05-18,U06200
2025-05-20,U06200
2025-05-20,U06200
2025-05-25,U06200
2025-05-28,U06200
2025-05-31,U06200
2025-06-20,U06200
2025-05-23,U06201
2025-05-31,U06201
2025-06-09,U06201
2025-06-12,U06201
2025-06-16,U06201
2025-06-17,U06201
2025-07-01,U06201
2025-07-03,U06201
2025-06-12,U06202
2025-06-12,U06202
2025-06-24,U06202
2025-06-27,U06202
2025-07-01,U06202
2025-07-06,U06202
2025-07-12,U06202
2025-05-17,U06203
2025-05-17,U06204
2025-05-23,U06204
2025-05-23,U06204
2025-06-15,U06204
2025-06-05,U06205
2025-06-08,U06205
2025-06-24,U06205
2025-06-26,U06205
2025-07-02,U06205
2025-07-03,U06205
2025-07-07,U06205
2025-07-11,U06206
2025-07-28,U06206
2025-06-06,U06207
2025-06-06,U06207
2025-06-17,U06207
2025-06-24,U06207
2025-06-26,U06207
2025-07-01,U06207
2025-07-08,U06207
2025-06-17,U06208
2025-06-20,U06208
2025-07-10,U06208
2025-07-17,U06209
2025-07-18,U06209
2025-07-23,U06209
2025-07-24,U06209
2025-07-24,U06209
2025-07-25,U06209
2025-07-26,U06209
2025-07-30,U06209
2025-07-08,U06210
2025-07-14,U06210
2025-07-20,U06210
2025-07-23,U06210
2025-07-26,U06210
2025-07-10,U06211
2025-07-20,U06211
2025-07-24,U06211
2025-07-26,U06211
2025-07-27,U06211
2025-07-19,U06212
2025-07-21,U06212
2025-07-21,U06212
2025-07-23,U06212
2025-07-25,U06212
2025-07-26,U06212
2025-07-28,U06212
2025-07-31,U06212
2025-08-01,U06212
2025-05-17,U06213
2025-05-20,U06214
2025-06-05,U06214
2025-06-14,U06214
2025-06-17,U06214
2025-06-19,U06214
2025-06-21,U06214
2025-06-23,U06214
2025-06-13,U06215
2025-06-22,U06215
2025-06-30,U06215
2025-07-10,U06215
2025-07-13,U06215
2025-05-23,U06216
2025-05-17,U06217
2025-07-18,U06218
2025-07-18,U06218
2025-07-19,U06218
2025-07-19,U06218
2025-07-26,U06218
2025-07-30,U06218
2025-07-31,U06218
2025-07-05,U06219
2025-07-05,U06219
2025-07-09,U06219
2025-07-20,U06219
2025-07-23,U06219
2025-07-25,U06219
2025-05-17,U06220
2025-07-12,U06221
2025-07-17,U06221
2025-07-28,U06221
2025-06-09,U06222
2025-06-20,U06223
2025-06-27,U06223
2025-07-06,U06223
2025-07-06,U06223
2025-07-10,U06223
2025-07-14,U06223
2025-06-23,U06224
2025-06-25,U06224
2025-06-26,U06224
2025-06-26,U06224
2025-06-28,U06224
2025-07-03,U06224
2025-07-07,U06224
2025-07-13,U06224
2025-07-19,U06224
2025-07-11,U06225
2025-07-18,U06225
2025-07-19,U06225
2025-07-21,U06225
2025-07-23,U06225
2025-07-26,U06225
2025-07-27,U06225
2025-07-28,U06225
2025-07-20,U06226
2025-07-22,U06226
2025-07-23,U06226
2025-07-27,U06226
2025-07-29,U06226
2025-07-30,U06226
2025-07-31,U06226
2025-07-31,U06226
2025-08-01,U06226
2025-05-31,U06227
2025-06-02,U06227
2025-05-18,U06228
2025-05-23,U06228
2025-05-27,U06228
2025-06-12,U06228
2025-06-16,U06228
2025-06-23,U06228
2025-07-01,U06228
2025-08-17,U06228
2025-07-14,U06229
2025-07-14,U06229
2025-07-14,U06229
2025-07-15,U06229
2025-07-21,U06229
2025-07-21,U06229
2025-07-22,U06229
2025-07-29,U06229
2025-08-17,U06229
2025-06-04,U06230
2025-06-12,U06230
2025-06-18,U06230
2025-06-21,U06230
2025-07-07,U06231
2025-07-17,U06231
2025-06-05,U06232
2025-06-08,U06232
2025-06-15,U06232
2025-06-21,U06232
2025-06-27,U06232
2025-07-06,U06232
2025-07-06,U06232
2025-07-09,U06232
2025-06-29,U06233
2025-06-29,U06233
2025-07-04,U06233
2025-07-18,U06233
2025-08-21,U06233
2025-05-21,U06234
2025-05-29,U06234
2025-06-10,U06234
2025-06-27,U06234
2025-06-29,U06235
2025-07-04,U06235
2025-07-04,U06235
2025-07-04,U06235
2025-07-14,U06235
2025-07-15,U06235
2025-07-15,U06235
2025-07-21,U06235
2025-06-27,U06236
2025-07-09,U06236
2025-07-13,U06236
2025-07-15,U06236
2025-07-19,U06236
2025-06-13,U06237
2025-07-08,U06237
2025-08-17,U06237
2025-05-24,U06238
2025-05-25,U06238
2025-05-26,U06238
2025-05-30,U06238
2025-06-20,U06238
2025-06-24,U06238
2025-06-11,U06239
2025-07-08,U06239
2025-07-08,U06239
2025-07-12,U06239
2025-08-16,U06239
2025-06-29,U06240
2025-07-02,U06240
2025-07-07,U06240
2025-07-09,U06240
2025-07-19,U06240
2025-07-22,U06240
2025-06-04,U06241
2025-06-09,U06241
2025-06-23,U06241
2025-07-18,U06242
2025-07-26,U06242
2025-08-16,U06242
2025-06-29,U06243
2025-06-30,U06243
2025-07-02,U06243
2025-07-05,U06243
2025-07-08,U06243
2025-07-10,U06243
2025-07-19,U06243
2025-07-20,U06243
2025-07-21,U06243
2025-05-23,U06244
2025-05-31,U06244
2025-06-10,U06244
2025-06-14,U06244
2025-06-22,U06244
2025-06-24,U06244
2025-07-01,U06244
2025-07-03,U06244
2025-05-31,U06245
2025-06-03,U06245
2025-06-04,U06245
2025-06-08,U06245
2025-06-19,U06245
2025-06-22,U06245
2025-06-28,U06245
2025-07-03,U06245
2025-07-05,U06245
2025-07-17,U06246
2025-07-18,U06246
2025-07-31,U06246
2025-07-20,U06247
2025-07-20,U06247
2025-07-22,U06247
2025-07-22,U06247
2025-07-23,U06247
2025-07-24,U06247
2025-07-25,U06247
2025-07-31,U06247
2025-08-01,U06247
2025-07-15,U06248
2025-07-16,U06248
2025-07-17,U06248
2025-07-18,U06248
2025-07-21,U06248
2025-07-22,U06248
2025-07-23,U06248
2025-07-23,U06248
2025-07-25,U06248
2025-07-30,U06248
2025-06-27,U06249
2025-06-27,U06249
2025-07-11,U06249
2025-07-12,U06249
2025-07-21,U06249
2025-05-25,U06250
2025-05-27,U06250
2025-05-29,U06250
2025-06-01,U06250
2025-06-04,U06250
2025-06-05,U06250
2025-06-12,U06250
2025-06-13,U06250
2025-06-19,U06250
2025-07-04,U06250
2025-05-20,U06251
2025-05-22,U06251
2025-05-23,U06251
2025-06-08,U06251
2025-06-13,U06251
2025-06-21,U06251
2025-06-24,U06251
2025-06-30,U06251
2025-07-02,U06251
2025-07-13,U06252
2025-07-15,U06252
2025-07-17,U06252
2025-07-25,U06252
2025-07-25,U06252
2025-07-25,U06252
2025-07-26,U06252
2025-07-27,U06252
2025-07-28,U06252
2025-05-28,U06253
2025-06-04,U06253
2025-06-14,U06253
2025-06-19,U06254
2025-06-24,U06254
2025-06-26,U06254
2025-07-14,U06254
2025-07-15,U06254
2025-05-20,U06255
2025-06-09,U06255
2025-06-13,U06255
2025-06-15,U06255
2025-06-15,U06255
2025-06-17,U06255
2025-05-19,U06256
2025-05-22,U06256
2025-05-24,U06256
2025-05-24,U06256
2025-06-07,U06256
2025-06-13,U06256
2025-06-27,U06256
2025-06-02,U06257
2025-06-12,U06257
2025-06-16,U06257
2025-06-22,U06257
2025-05-29,U06258
2025-06-05,U06258
2025-06-08,U06258
2025-06-14,U06258
2025-06-16,U06258
2025-06-23,U06258
2025-06-25,U06258
2025-06-27,U06258
2025-07-05,U06258
2025-07-06,U06258
2025-06-18,U06259
2025-06-21,U06259
2025-06-23,U06259
2025-07-11,U06259
2025-07-14,U06259
2025-05-22,U06260
2025-06-02,U06261
2025-06-23,U06261
2025-05-22,U06262
2025-06-04,U06262
2025-07-09,U06263
2025-07-09,U06263
2025-07-13,U06263
2025-07-14,U06263
2025-07-17,U06263
2025-07-20,U06263
2025-07-22,U06263
2025-07-25,U06263
2025-07-27,U06263
2025-05-26,U06264
2025-05-26,U06264
2025-06-04,U06264
2025-06-14,U06265
2025-06-17,U06265
2025-07-13,U06265
2025-06-29,U06266
2025-07-04,U06266
2025-07-19,U06266
2025-07-20,U06266
2025-08-15,U06266
2025-07-11,U06267
2025-07-19,U06267
2025-08-19,U06267
2025-05-17,U06268
2025-06-24,U06269
2025-06-24,U06269
2025-06-26,U06269
2025-07-02,U06269
2025-07-08,U06269
2025-07-08,U06269
2025-07-12,U06269
2025-07-15,U06269
2025-07-17,U06269
2025-07-19,U06269
2025-05-26,U06270
2025-06-16,U06270
2025-05-20,U06271
2025-06-25,U06271
2025-06-28,U06271
2025-07-26,U06272
2025-08-01,U06272
2025-06-26,U06273
2025-07-07,U06273
2025-07-13,U06273
2025-06-30,U06274
2025-07-01,U06274
2025-07-03,U06274
2025-07-13,U06274
2025-07-18,U06274
2025-05-17,U06275
2025-06-17,U06276
2025-06-27,U06276
2025-07-03,U06277
2025-07-04,U06277
2025-07-09,U06277
2025-07-09,U06277
2025-07-10,U06277
2025-07-18,U06277
2025-07-21,U06277
2025-05-26,U06278
2025-05-27,U06278
2025-07-17,U06279
2025-07-18,U06279
2025-07-18,U06279
2025-07-23,U06279
2025-07-26,U06279
2025-07-26,U06279
2025-07-27,U06279
2025-07-29,U06279
2025-07-30,U06279
2025-07-12,U06280
2025-07-13,U06280
2025-07-14,U06280
2025-07-24,U06280
2025-07-26,U06280
2025-07-19,U06281
2025-07-23,U06281
2025-07-25,U06281
2025-07-25,U06281
2025-07-30,U06281
2025-07-31,U06281
2025-08-01,U06281
2025-07-13,U06282
2025-07-14,U06282
2025-07-14,U06282
2025-07-16,U06282
2025-07-21,U06282
2025-07-26,U06282
2025-07-29,U06282
2025-07-13,U06283
2025-07-15,U06283
2025-07-15,U06283
2025-07-17,U06283
2025-07-18,U06283
2025-07-22,U06283
2025-07-23,U06283
2025-07-24,U06283
2025-07-27,U06283
2025-07-11,U06284
2025-07-16,U06284
2025-07-17,U06284
2025-07-18,U06284
2025-07-27,U06284
2025-05-17,U06285
2025-07-17,U06286
2025-07-18,U06286
2025-07-21,U06286
2025-07-28,U06286
2025-07-29,U06286
2025-07-31,U06286
2025-07-07,U06287
2025-07-09,U06287
2025-07-14,U06287
2025-07-16,U06287
2025-07-20,U06287
2025-07-20,U06287
2025-07-22,U06287
2025-06-02,U06288
2025-06-09,U06288
2025-06-10,U06288
2025-07-08,U06288
2025-06-24,U06289
2025-07-03,U06289
2025-07-11,U06289
2025-05-19,U06290
2025-06-26,U06290
2025-07-05,U06291
2025-07-08,U06291
2025-07-24,U06291
2025-06-08,U06292
2025-06-21,U06292
2025-06-25,U06292
2025-06-29,U06292
2025-06-30,U06292
2025-07-09,U06292
2025-07-01,U06293
2025-07-11,U06293
2025-07-15,U06293
2025-07-17,U06293
2025-07-17,U06293
2025-07-18,U06293
2025-07-23,U06293
2025-06-15,U06294
2025-06-21,U06294
2025-07-02,U06294
2025-07-06,U06294
2025-07-18,U06295
2025-07-21,U06295
2025-07-21,U06295
2025-07-30,U06295
2025-07-11,U06296
2025-07-11,U06296
2025-07-12,U06296
2025-07-15,U06296
2025-07-19,U06296
2025-07-20,U06296
2025-07-21,U06296
2025-07-23,U06296
2025-07-26,U06296
2025-07-20,U06297
2025-07-29,U06297
2025-05-17,U06298
2025-05-22,U06299
2025-07-09,U06300
2025-07-23,U06300
2025-07-25,U06300
2025-05-17,U06301
2025-07-08,U06302
2025-07-13,U06302
2025-07-13,U06302
2025-07-13,U06302
2025-07-20,U06302
2025-07-23,U06302
2025-07-24,U06303
2025-07-26,U06303
2025-07-29,U06303
2025-06-05,U06304
2025-06-08,U06304
2025-06-11,U06304
2025-06-15,U06304
2025-06-16,U06304
2025-06-18,U06304
2025-06-22,U06304
2025-06-25,U06304
2025-06-25,U06305
2025-07-01,U06305
2025-07-04,U06305
2025-07-09,U06305
2025-07-09,U06305
2025-07-16,U06305
2025-07-16,U06305
2025-07-17,U06305
2025-07-18,U06305
2025-05-30,U06306
2025-06-04,U06306
2025-06-06,U06306
2025-05-26,U06307
2025-06-15,U06307
2025-05-17,U06308
2025-05-18,U06308
2025-05-24,U06308
2025-05-27,U06308
2025-05-25,U06309
2025-07-08,U06310
2025-07-09,U06310
2025-07-15,U06310
2025-07-22,U06310
2025-07-10,U06311
2025-07-19,U06311
2025-07-20,U06311
2025-07-23,U06311
2025-07-23,U06311
2025-07-24,U06311
2025-07-27,U06311
2025-05-17,U06312
2025-05-26,U06313
2025-06-01,U06313
2025-06-02,U06313
2025-06-08,U06313
2025-06-16,U06313
2025-06-17,U06313
2025-06-21,U06313
2025-06-23,U06313
2025-06-30,U06313
2025-07-04,U06313
2025-07-20,U06314
2025-07-24,U06314
2025-07-27,U06314
2025-07-29,U06314
2025-05-28,U06315
2025-06-01,U06315
2025-06-26,U06315
2025-07-06,U06315
2025-05-17,U06316
2025-06-05,U06317
2025-06-20,U06317
2025-05-17,U06318
2025-08-19,U06318
2025-06-23,U06319
2025-06-27,U06319
2025-06-30,U06319
2025-07-13,U06319
2025-07-15,U06319
2025-08-16,U06319
2025-05-26,U06320
2025-05-29,U06320
2025-06-12,U06320
2025-06-30,U06320
2025-05-27,U06321
2025-06-04,U06321
2025-06-05,U06321
2025-06-08,U06321
2025-06-13,U06321
2025-05-21,U06322
2025-05-22,U06322
2025-05-31,U06322
2025-08-16,U06322
2025-07-07,U06323
2025-07-11,U06323
2025-07-16,U06323
2025-07-18,U06323
2025-07-21,U06323
2025-07-26,U06323
2025-07-01,U06324
2025-07-02,U06324
2025-07-03,U06324
2025-07-13,U06324
2025-07-15,U06324
2025-07-16,U06324
2025-07-20,U06324
2025-06-01,U06325
2025-06-02,U06325
2025-06-07,U06325
2025-06-08,U06325
2025-06-21,U06325
2025-06-22,U06325
2025-07-02,U06325
2025-07-07,U06325
2025-07-08,U06325
2025-05-17,U06326
2025-07-29,U06327
2025-08-01,U06327
2025-06-17,U06328
2025-05-28,U06329
2025-05-28,U06329
2025-06-07,U06329
2025-06-07,U06329
2025-06-13,U06329
2025-08-15,U06329
2025-05-30,U06330
2025-08-19,U06330
2025-05-22,U06331
2025-06-22,U06331
2025-06-24,U06332
2025-07-17,U06332
2025-07-19,U06332
2025-06-12,U06333
2025-06-14,U06333
2025-06-24,U06334
2025-06-30,U06334
2025-07-12,U06334
2025-07-16,U06334
2025-07-16,U06334
2025-07-17,U06334
2025-05-17,U06335
2025-05-23,U06336
2025-05-25,U06336
2025-05-28,U06336
2025-06-02,U06336
2025-06-04,U06336
2025-06-17,U06336
2025-05-28,U06337
2025-06-09,U06337
2025-06-11,U06337
2025-06-15,U06337
2025-06-16,U06337
2025-06-21,U06337
2025-06-02,U06338
2025-06-16,U06338
2025-06-20,U06338
2025-05-18,U06339
2025-05-22,U06339
2025-05-24,U06339
2025-05-31,U06339
2025-06-12,U06339
2025-06-17,U06339
2025-06-19,U06339
2025-06-21,U06339
2025-06-04,U06340
2025-07-01,U06340
2025-08-17,U06340
2025-07-17,U06341
2025-07-20,U06341
2025-07-23,U06341
2025-07-24,U06341
2025-07-28,U06341
2025-07-29,U06341
2025-07-30,U06341
2025-07-31,U06341
2025-06-30,U06342
2025-06-30,U06342
2025-07-02,U06342
2025-07-12,U06342
2025-07-12,U06342
2025-07-16,U06342
2025-06-26,U06343
2025-06-27,U06343
2025-07-02,U06343
2025-07-11,U06343
2025-07-11,U06343
2025-07-14,U06343
2025-07-19,U06343
2025-07-20,U06343
2025-07-10,U06344
2025-07-20,U06344
2025-07-21,U06344
2025-07-26,U06344
2025-05-17,U06345
2025-06-30,U06346
2025-07-04,U06346
2025-07-08,U06346
2025-07-16,U06346
2025-05-23,U06347
2025-06-02,U06347
2025-05-17,U06348
2025-08-17,U06348
2025-05-17,U06349
2025-06-18,U06349
2025-06-20,U06350
2025-06-30,U06350
2025-07-05,U06350
2025-07-08,U06350
2025-07-11,U06350
2025-07-13,U06350
2025-07-13,U06350
2025-07-13,U06350
2025-07-15,U06350
2025-08-16,U06350
2025-06-29,U06351
2025-07-02,U06351
2025-07-06,U06351
2025-07-08,U06351
2025-07-13,U06351
2025-07-15,U06351
2025-07-17,U06351
2025-07-21,U06351
2025-08-18,U06351
2025-06-24,U06352
2025-06-29,U06352
2025-07-14,U06352
2025-08-19,U06352
2025-05-20,U06353
2025-05-31,U06353
2025-06-28,U06354
2025-07-02,U06354
2025-05-22,U06355
2025-05-25,U06355
2025-05-29,U06355
2025-05-17,U06356
2025-05-25,U06357
2025-05-27,U06357
2025-06-02,U06357
2025-07-21,U06358
2025-07-25,U06358
2025-07-27,U06358
2025-07-28,U06358
2025-07-30,U06358
2025-07-05,U06359
2025-07-06,U06359
2025-07-08,U06359
2025-07-13,U06359
2025-07-18,U06359
2025-07-22,U06359
2025-06-20,U06360
2025-06-30,U06360
2025-07-12,U06360
2025-07-13,U06360
2025-07-16,U06360
2025-08-15,U06360
2025-07-22,U06361
2025-07-24,U06361
2025-05-28,U06362
2025-06-02,U06362
2025-06-08,U06362
2025-06-12,U06362
2025-05-29,U06363
2025-06-09,U06363
2025-06-13,U06363
2025-06-24,U06363
2025-07-03,U06363
2025-07-05,U06363
2025-07-06,U06363
2025-07-08,U06364
2025-07-11,U06364
2025-07-14,U06364
2025-07-14,U06364
2025-07-14,U06364
2025-07-16,U06364
2025-07-21,U06364
2025-07-24,U06364
2025-07-24,U06364
2025-07-26,U06364
2025-06-22,U06365
2025-06-30,U06365
2025-07-18,U06365
2025-08-19,U06365
2025-06-30,U06366
2025-07-01,U06366
2025-07-01,U06366
2025-07-02,U06366
2025-07-03,U06366
2025-07-03,U06366
2025-07-22,U06366
2025-08-20,U06366
2025-07-02,U06367
2025-07-04,U06367
2025-07-05,U06367
2025-07-06,U06367
2025-07-11,U06367
2025-07-14,U06367
2025-05-17,U06368
2025-06-17,U06369
2025-06-24,U06369
2025-07-03,U06369
2025-07-04,U06369
2025-07-04,U06369
2025-07-07,U06369
2025-05-17,U06370
2025-07-20,U06371
2025-07-24,U06371
2025-07-24,U06371
2025-07-26,U06371
2025-07-28,U06371
2025-07-28,U06371
2025-07-28,U06371
2025-07-31,U06371
2025-08-01,U06371
2025-06-09,U06372
2025-06-19,U06372
2025-06-27,U06372
2025-06-28,U06372
2025-07-02,U06372
2025-07-03,U06372
2025-07-05,U06372
2025-07-09,U06372
2025-07-12,U06373
2025-07-15,U06373
2025-07-19,U06373
2025-07-19,U06373
2025-07-22,U06373
2025-07-27,U06373
2025-06-23,U06374
2025-06-25,U06374
2025-06-30,U06374
2025-07-10,U06374
2025-07-11,U06374
2025-07-11,U06374
2025-07-17,U06374
2025-05-18,U06375
2025-06-06,U06375
2025-07-15,U06376
2025-07-16,U06376
2025-07-19,U06376
2025-07-20,U06376
2025-07-23,U06376
2025-07-23,U06376
2025-07-29,U06376
2025-07-29,U06376
2025-07-30,U06376
2025-06-28,U06377
2025-07-17,U06377
2025-07-05,U06378
2025-07-06,U06378
2025-07-09,U06378
2025-07-12,U06378
2025-07-12,U06378
2025-07-15,U06378
2025-07-16,U06378
2025-07-18,U06378
2025-07-20,U06378
2025-07-25,U06378
2025-05-28,U06379
2025-06-12,U06379
2025-06-24,U06379
2025-07-01,U06379
2025-06-19,U06380
2025-06-20,U06380
2025-06-26,U06380
2025-07-06,U06380
2025-07-07,U06380
2025-07-14,U06380
2025-05-17,U06381
2025-07-10,U06382
2025-07-18,U06382
2025-07-21,U06382
2025-07-23,U06382
2025-07-27,U06382
2025-06-21,U06383
2025-06-24,U06383
2025-07-04,U06383
2025-07-10,U06383
2025-06-14,U06384
2025-06-16,U06384
2025-07-14,U06384
2025-08-18,U06384
2025-05-26,U06385
2025-05-28,U06385
2025-06-04,U06385
2025-06-10,U06385
2025-06-17,U06385
2025-06-19,U06385
2025-06-23,U06385
2025-06-27,U06385
2025-06-30,U06385
2025-07-04,U06385
2025-05-25,U06386
2025-06-24,U06386
2025-07-03,U06386
2025-07-16,U06387
2025-07-18,U06387
2025-07-20,U06387
2025-07-23,U06387
2025-07-29,U06387
2025-05-17,U06388
2025-05-23,U06389
2025-05-17,U06390
2025-06-04,U06391
2025-06-11,U06391
2025-06-22,U06391
2025-06-24,U06391
2025-06-27,U06391
2025-06-06,U06392
2025-07-05,U06392
2025-07-06,U06392
2025-07-18,U06393
2025-07-23,U06393
2025-05-19,U06394
2025-05-23,U06394
2025-05-29,U06394
2025-06-11,U06394
2025-06-16,U06394
2025-06-24,U06394
2025-07-07,U06395
2025-07-10,U06395
2025-07-11,U06395
2025-07-16,U06395
2025-07-24,U06395
2025-07-25,U06395
2025-06-01,U06396
2025-06-01,U06396
2025-06-07,U06396
2025-06-12,U06396
2025-06-24,U06396
2025-06-27,U06396
2025-07-02,U06396
2025-07-03,U06396
2025-07-08,U06396
2025-06-28,U06397
2025-07-02,U06397
2025-07-12,U06397
2025-07-13,U06397
2025-07-19,U06397
2025-07-19,U06398
2025-07-21,U06398
2025-07-23,U06398
2025-07-29,U06398
2025-07-29,U06398
2025-08-01,U06398
2025-05-23,U06399
2025-06-03,U06399
2025-06-12,U06399
2025-06-22,U06399
2025-06-24,U06399
2025-06-30,U06399
2025-07-01,U06399
2025-06-07,U06400
2025-06-04,U06401
2025-07-16,U06402
2025-07-23,U06402
2025-07-25,U06402
2025-07-30,U06402
2025-06-18,U06403
2025-06-27,U06403
2025-07-15,U06403
2025-05-25,U06404
2025-05-25,U06404
2025-06-04,U06404
2025-06-06,U06404
2025-06-10,U06404
2025-07-03,U06404
2025-06-16,U06405
2025-06-24,U06405
2025-05-18,U06406
2025-05-26,U06406
2025-05-28,U06406
2025-07-01,U06406
2025-05-17,U06407
2025-05-24,U06407
2025-07-18,U06408
2025-07-20,U06408
2025-07-23,U06408
2025-05-24,U06409
2025-06-01,U06409
2025-06-05,U06409
2025-08-16,U06409
2025-05-26,U06410
2025-06-03,U06410
2025-06-05,U06410
2025-06-09,U06410
2025-06-14,U06410
2025-06-19,U06410
2025-06-20,U06410
2025-06-25,U06410
2025-06-25,U06410
2025-07-03,U06410
2025-06-06,U06411
2025-06-14,U06411
2025-06-14,U06411
2025-06-17,U06411
2025-06-27,U06411
2025-07-10,U06411
2025-07-13,U06412
2025-07-14,U06412
2025-07-29,U06412
2025-07-11,U06413
2025-07-18,U06413
2025-07-22,U06413
2025-07-23,U06413
2025-07-23,U06413
2025-07-25,U06413
2025-07-28,U06413
2025-05-27,U06414
2025-06-08,U06414
2025-06-21,U06414
2025-06-26,U06414
2025-06-27,U06414
2025-05-19,U06415
2025-06-24,U06416
2025-07-03,U06416
2025-07-13,U06416
2025-07-17,U06416
2025-06-09,U06417
2025-06-13,U06417
2025-06-24,U06417
2025-07-09,U06417
2025-05-18,U06418
2025-06-29,U06419
2025-06-30,U06419
2025-06-30,U06419
2025-07-06,U06419
2025-07-14,U06419
2025-07-15,U06419
2025-07-16,U06419
2025-07-18,U06419
2025-07-22,U06419
2025-05-17,U06420
2025-06-29,U06421
2025-07-06,U06421
2025-07-06,U06421
2025-07-07,U06421
2025-07-10,U06421
2025-07-15,U06421
2025-07-20,U06421
2025-07-21,U06421
2025-06-09,U06422
2025-05-17,U06423
2025-05-24,U06424
2025-06-07,U06424
2025-06-08,U06424
2025-05-17,U06425
2025-05-22,U06426
2025-05-24,U06426
2025-06-05,U06426
2025-06-09,U06426
2025-06-14,U06426
2025-06-17,U06426
2025-07-03,U06426
2025-06-18,U06427
2025-06-28,U06427
2025-05-22,U06428
2025-07-03,U06429
2025-07-07,U06429
2025-07-07,U06429
2025-07-10,U06429
2025-07-14,U06429
2025-07-17,U06429
2025-07-18,U06429
2025-05-22,U06430
2025-05-24,U06430
2025-06-01,U06430
2025-06-02,U06430
2025-06-07,U06430
2025-06-12,U06430
2025-06-18,U06430
2025-05-17,U06431
2025-07-10,U06432
2025-07-14,U06432
2025-07-14,U06432
2025-07-21,U06432
2025-07-26,U06432
2025-05-17,U06433
2025-07-02,U06434
2025-07-07,U06434
2025-07-13,U06434
2025-06-02,U06435
2025-06-03,U06435
2025-06-13,U06435
2025-06-20,U06435
2025-06-02,U06436
2025-06-10,U06436
2025-05-17,U06437
2025-05-23,U06438
2025-05-25,U06438
2025-06-01,U06438
2025-06-16,U06439
2025-06-19,U06439
2025-07-06,U06439
2025-07-05,U06440
2025-07-10,U06440
2025-07-23,U06440
2025-07-07,U06441
2025-07-14,U06441
2025-07-16,U06441
2025-07-20,U06441
2025-06-19,U06442
2025-06-21,U06442
2025-06-28,U06442
2025-07-14,U06442
2025-05-17,U06443
2025-07-14,U06444
2025-07-15,U06444
2025-07-20,U06444
2025-07-20,U06444
2025-07-29,U06444
2025-06-24,U06445
2025-06-25,U06445
2025-06-25,U06445
2025-07-05,U06445
2025-07-06,U06445
2025-07-06,U06445
2025-07-10,U06445
2025-07-17,U06445
2025-07-18,U06445
2025-07-19,U06445
2025-05-22,U06446
2025-05-26,U06446
2025-05-28,U06446
2025-06-03,U06446
2025-06-03,U06446
2025-06-20,U06446
2025-06-22,U06446
2025-06-25,U06446
2025-05-29,U06447
2025-05-30,U06447
2025-06-02,U06447
2025-06-04,U06447
2025-06-08,U06447
2025-06-12,U06447
2025-06-20,U06447
2025-06-25,U06447
2025-06-29,U06447
2025-07-05,U06447
2025-08-18,U06447
2025-06-22,U06448
2025-06-26,U06448
2025-06-27,U06448
2025-07-01,U06448
2025-07-03,U06448
2025-07-11,U06448
2025-07-12,U06448
2025-07-15,U06448
2025-07-17,U06448
2025-07-18,U06448
2025-08-18,U06448
2025-05-25,U06449
2025-05-29,U06449
2025-05-31,U06449
2025-06-18,U06450
2025-07-01,U06450
2025-05-17,U06451
2025-05-29,U06452
2025-06-03,U06452
2025-06-18,U06452
2025-07-06,U06453
2025-07-07,U06453
2025-07-10,U06453
2025-07-14,U06453
2025-07-21,U06453
2025-06-21,U06454
2025-06-21,U06454
2025-06-25,U06454
2025-07-08,U06455
2025-07-21,U06455
2025-06-02,U06456
2025-06-05,U06456
2025-06-10,U06457
2025-06-14,U06457
2025-06-16,U06457
2025-06-17,U06457
2025-06-24,U06457
2025-06-27,U06457
2025-07-09,U06457
2025-07-09,U06457
2025-07-11,U06457
2025-07-19,U06458
2025-07-30,U06458
2025-07-31,U06458
2025-05-17,U06459
2025-06-20,U06460
2025-06-28,U06460
2025-07-06,U06461
2025-07-10,U06461
2025-07-21,U06461
2025-07-22,U06461
2025-07-25,U06462
2025-07-30,U06462
2025-06-13,U06463
2025-06-14,U06463
2025-06-14,U06463
2025-06-22,U06463
2025-06-27,U06463
2025-07-14,U06463
2025-07-06,U06464
2025-07-10,U06464
2025-07-10,U06464
2025-07-13,U06464
2025-07-13,U06464
2025-07-15,U06464
2025-07-16,U06464
2025-07-18,U06464
2025-07-19,U06464
2025-06-17,U06465
2025-06-24,U06465
2025-06-26,U06465
2025-06-30,U06465
2025-07-04,U06465
2025-07-10,U06465
2025-07-16,U06465
2025-08-17,U06465
2025-06-05,U06466
2025-07-11,U06467
2025-07-12,U06467
2025-07-14,U06467
2025-07-15,U06467
2025-07-17,U06467
2025-07-24,U06467
2025-07-26,U06467
2025-07-23,U06468
2025-07-31,U06468
2025-07-16,U06469
2025-07-17,U06469
2025-07-18,U06469
2025-07-20,U06469
2025-07-20,U06469
2025-07-21,U06469
2025-07-21,U06469
2025-07-23,U06469
2025-07-30,U06469
2025-07-06,U06470
2025-07-10,U06470
2025-07-17,U06470
2025-05-17,U06471
2025-06-12,U06471
2025-06-20,U06471
2025-06-21,U06471
2025-05-24,U06472
2025-05-27,U06472
2025-05-31,U06472
2025-06-17,U06472
2025-06-25,U06472
2025-05-19,U06473
2025-05-20,U06473
2025-05-21,U06473
2025-06-03,U06473
2025-06-06,U06473
2025-06-26,U06474
2025-05-21,U06475
2025-05-23,U06475
2025-06-03,U06475
2025-06-10,U06475
2025-06-18,U06475
2025-06-25,U06475
2025-06-02,U06476
2025-05-26,U06477
2025-07-02,U06477
2025-07-04,U06477
2025-06-19,U06478
2025-06-27,U06478
2025-07-05,U06478
2025-06-03,U06479
2025-06-05,U06479
2025-06-07,U06479
2025-06-10,U06479
2025-06-17,U06479
2025-07-09,U06479
2025-05-28,U06480
2025-06-06,U06480
2025-06-20,U06481
2025-06-26,U06481
2025-07-14,U06481
2025-05-19,U06482
2025-05-21,U06482
2025-07-01,U06483
2025-07-08,U06483
2025-07-11,U06483
2025-07-14,U06483
2025-07-16,U06483
2025-07-19,U06483
2025-07-22,U06483
2025-07-23,U06483
2025-06-21,U06484
2025-07-25,U06485
2025-07-28,U06485
2025-07-31,U06485
2025-06-19,U06486
2025-06-19,U06486
2025-06-21,U06486
2025-06-27,U06486
2025-06-28,U06486
2025-07-09,U06486
2025-07-09,U06486
2025-07-16,U06486
2025-08-20,U06486
2025-05-20,U06487
2025-06-10,U06488
2025-06-12,U06488
2025-06-15,U06488
2025-06-18,U06488
2025-06-28,U06488
2025-06-29,U06488
2025-07-03,U06488
2025-07-07,U06488
2025-07-10,U06488
2025-07-15,U06489
2025-07-17,U06489
2025-07-19,U06489
2025-07-23,U06489
2025-07-28,U06489
2025-06-18,U06490
2025-06-30,U06491
2025-07-01,U06491
2025-07-02,U06491
2025-07-16,U06491
2025-07-22,U06491
2025-05-18,U06492
2025-05-25,U06492
2025-05-22,U06493
2025-06-05,U06493
2025-07-13,U06494
2025-07-13,U06494
2025-07-22,U06494
2025-07-26,U06494
2025-06-24,U06495
2025-07-05,U06495
2025-07-10,U06495
2025-07-03,U06496
2025-07-05,U06496
2025-07-06,U06496
2025-07-09,U06496
2025-07-18,U06496
2025-07-22,U06496
2025-07-24,U06496
2025-06-24,U06497
2025-06-24,U06497
2025-06-26,U06497
2025-06-29,U06497
2025-06-30,U06497
2025-07-02,U06497
2025-07-14,U06497
2025-07-19,U06497
2025-06-27,U06498
2025-06-27,U06498
2025-07-08,U06498
2025-07-14,U06498
2025-07-15,U06498
2025-06-29,U06499
2025-07-02,U06499
2025-07-03,U06499
2025-07-04,U06499
2025-07-10,U06499
2025-07-16,U06499
2025-07-17,U06499
2025-07-18,U06499
2025-07-21,U06499
2025-05-31,U06500
2025-06-09,U06500
2025-06-16,U06500
2025-07-16,U06501
2025-07-22,U06501
2025-07-22,U06501
2025-07-26,U06501
2025-07-28,U06501
2025-06-10,U06502
2025-06-17,U06502
2025-06-22,U06502
2025-06-24,U06502
2025-06-28,U06502
2025-07-10,U06502
2025-05-17,U06503
2025-06-26,U06504
2025-07-05,U06504
2025-07-09,U06504
2025-07-10,U06504
2025-07-14,U06504
2025-07-18,U06504
2025-07-12,U06505
2025-07-12,U06505
2025-07-18,U06505
2025-07-22,U06505
2025-06-09,U06506
2025-06-12,U06506
2025-06-16,U06506
2025-06-22,U06506
2025-06-24,U06506
2025-06-28,U06506
2025-07-12,U06506
2025-05-18,U06507
2025-05-23,U06507
2025-05-23,U06507
2025-05-30,U06507
2025-06-04,U06507
2025-06-14,U06507
2025-06-20,U06507
2025-06-21,U06507
2025-06-27,U06507
2025-07-07,U06508
2025-07-09,U06508
2025-07-10,U06508
2025-07-12,U06508
2025-07-17,U06508
2025-07-19,U06508
2025-07-21,U06508
2025-07-22,U06508
2025-07-24,U06508
2025-07-25,U06508
2025-07-07,U06509
2025-07-12,U06509
2025-07-21,U06509
2025-07-24,U06509
2025-07-15,U06510
2025-07-19,U06510
2025-06-04,U06511
2025-06-03,U06512
2025-06-08,U06512
2025-06-15,U06512
2025-06-18,U06512
2025-06-19,U06512
2025-06-23,U06512
2025-06-21,U06513
2025-06-06,U06514
2025-06-12,U06514
2025-06-15,U06514
2025-06-20,U06514
2025-06-25,U06514
2025-06-28,U06514
2025-06-29,U06514
2025-07-02,U06514
2025-07-07,U06514
2025-07-10,U06514
2025-06-02,U06515
2025-06-26,U06516
2025-07-02,U06516
2025-07-10,U06516
2025-07-13,U06516
2025-07-19,U06516
2025-08-21,U06516
2025-05-22,U06517
2025-05-31,U06517
2025-07-06,U06518
2025-07-07,U06518
2025-07-08,U06518
2025-07-09,U06518
2025-07-10,U06518
2025-07-10,U06518
2025-07-10,U06518
2025-07-12,U06518
2025-07-23,U06518
2025-05-22,U06519
2025-06-21,U06519
2025-06-26,U06519
2025-06-29,U06519
2025-06-30,U06520
2025-07-08,U06520
2025-06-21,U06521
2025-06-21,U06521
2025-06-23,U06521
2025-06-25,U06521
2025-06-28,U06521
2025-07-12,U06521
2025-07-14,U06521
2025-06-13,U06522
2025-06-18,U06522
2025-06-21,U06522
2025-06-23,U06522
2025-07-05,U06522
2025-07-11,U06522
2025-06-01,U06523
2025-06-06,U06523
2025-06-13,U06523
2025-06-08,U06524
2025-06-15,U06524
2025-07-08,U06524
2025-07-09,U06524
2025-06-29,U06525
2025-06-30,U06525
2025-07-01,U06525
2025-07-02,U06525
2025-07-07,U06525
2025-07-11,U06525
2025-07-17,U06525
2025-07-18,U06525
2025-07-21,U06525
2025-07-22,U06525
2025-06-01,U06526
2025-06-06,U06526
2025-06-06,U06526
2025-06-20,U06526
2025-05-27,U06527
2025-06-11,U06527
2025-06-12,U06527
2025-06-23,U06527
2025-06-23,U06527
2025-07-01,U06527
2025-07-04,U06527
2025-05-17,U06528
2025-05-28,U06528
2025-05-31,U06528
2025-06-17,U06529
2025-07-01,U06530
2025-07-06,U06530
2025-07-08,U06530
2025-07-09,U06530
2025-07-14,U06530
2025-07-15,U06530
2025-07-16,U06530
2025-07-17,U06530
2025-07-21,U06530
2025-06-07,U06531
2025-06-25,U06531
2025-07-03,U06531
2025-05-29,U06532
2025-05-29,U06532
2025-05-31,U06532
2025-06-09,U06532
2025-06-17,U06532
2025-07-04,U06533
2025-07-06,U06533
2025-07-17,U06533
2025-07-21,U06533
2025-07-22,U06533
2025-07-24,U06533
2025-05-19,U06534
2025-06-23,U06534
2025-07-11,U06535
2025-07-12,U06535
2025-07-18,U06535
2025-07-20,U06535
2025-06-20,U06536
2025-06-22,U06537
2025-06-28,U06537
2025-07-03,U06537
2025-07-11,U06537
2025-07-12,U06537
2025-07-18,U06537
2025-05-30,U06538
2025-06-06,U06538
2025-06-09,U06538
2025-06-20,U06538
2025-06-24,U06538
2025-06-25,U06538
2025-06-27,U06538
2025-06-27,U06538
2025-07-03,U06538
2025-07-07,U06538
2025-07-16,U06539
2025-07-30,U06539
2025-05-21,U06540
2025-05-31,U06541
2025-06-12,U06541
2025-06-14,U06541
2025-06-17,U06541
2025-06-29,U06541
2025-07-07,U06541
2025-08-15,U06541
2025-06-28,U06542
2025-07-18,U06542
2025-07-20,U06542
2025-06-29,U06543
2025-07-01,U06543
2025-07-06,U06543
2025-07-08,U06543
2025-07-09,U06543
2025-07-11,U06543
2025-07-15,U06543
2025-07-18,U06543
2025-07-19,U06543
2025-07-20,U06543
2025-07-29,U06544
2025-08-01,U06544
2025-07-25,U06545
2025-07-27,U06545
2025-07-29,U06545
2025-07-08,U06546
2025-07-14,U06546
2025-07-15,U06546
2025-07-16,U06546
2025-07-16,U06546
2025-07-18,U06546
2025-07-20,U06546
2025-07-25,U06546
2025-06-01,U06547
2025-06-02,U06547
2025-06-16,U06548
2025-07-11,U06548
2025-07-14,U06548
2025-06-05,U06549
2025-06-07,U06549
2025-06-18,U06549
2025-06-24,U06549
2025-06-30,U06549
2025-07-07,U06549
2025-06-17,U06550
2025-06-21,U06550
2025-07-02,U06550
2025-06-19,U06551
2025-06-24,U06551
2025-06-25,U06551
2025-06-30,U06551
2025-07-03,U06551
2025-07-09,U06551
2025-07-19,U06552
2025-07-22,U06552
2025-07-24,U06552
2025-07-24,U06552
2025-07-25,U06552
2025-08-01,U06552
2025-07-22,U06553
2025-07-23,U06553
2025-07-23,U06553
2025-07-23,U06553
2025-07-24,U06553
2025-07-27,U06553
2025-07-28,U06553
2025-07-30,U06553
2025-07-31,U06553
2025-08-01,U06553
2025-06-08,U06554
2025-06-11,U06554
2025-06-15,U06554
2025-06-17,U06555
2025-06-18,U06555
2025-07-01,U06555
2025-07-03,U06555
2025-06-24,U06556
2025-06-26,U06556
2025-06-27,U06556
2025-06-27,U06556
2025-06-29,U06556
2025-07-06,U06556
2025-07-10,U06556
2025-07-11,U06556
2025-07-13,U06556
2025-07-16,U06556
2025-08-17,U06556
2025-06-04,U06557
2025-07-06,U06558
2025-07-24,U06558
2025-07-09,U06559
2025-07-12,U06559
2025-07-13,U06559
2025-07-14,U06559
2025-07-18,U06559
2025-07-25,U06559
2025-07-17,U06560
2025-07-19,U06560
2025-07-19,U06560
2025-07-21,U06560
2025-07-26,U06560
2025-07-26,U06560
2025-07-28,U06560
2025-07-31,U06560
2025-06-08,U06561
2025-06-10,U06561
2025-06-28,U06561
2025-07-01,U06561
2025-07-10,U06561
2025-06-02,U06562
2025-06-13,U06563
2025-06-29,U06563
2025-06-29,U06564
2025-07-07,U06564
2025-07-09,U06564
2025-07-11,U06564
2025-07-17,U06564
2025-07-19,U06565
2025-07-28,U06565
2025-07-07,U06566
2025-07-09,U06566
2025-07-12,U06566
2025-07-17,U06566
2025-07-22,U06566
2025-07-25,U06566
2025-07-26,U06566
2025-05-17,U06567
2025-07-20,U06568
2025-07-21,U06568
2025-07-21,U06568
2025-07-23,U06568
2025-07-23,U06568
2025-07-28,U06568
2025-07-30,U06568
2025-07-19,U06569
2025-07-22,U06569
2025-07-27,U06569
2025-07-29,U06569
2025-08-01,U06569
2025-05-26,U06570
2025-06-06,U06570
2025-06-14,U06570
2025-06-20,U06570
2025-06-21,U06570
2025-07-04,U06570
2025-05-17,U06571
2025-05-24,U06571
2025-05-31,U06571
2025-06-21,U06571
2025-06-22,U06572
2025-06-26,U06572
2025-06-30,U06572
2025-07-05,U06572
2025-07-07,U06572
2025-07-11,U06572
2025-07-13,U06572
2025-07-15,U06572
2025-07-05,U06573
2025-07-09,U06573
2025-07-14,U06573
2025-07-22,U06573
2025-07-24,U06573
2025-07-25,U06573
2025-08-16,U06573
2025-07-16,U06574
2025-07-16,U06574
2025-07-20,U06574
2025-07-22,U06574
2025-07-26,U06574
2025-07-30,U06574
2025-07-19,U06575
2025-07-22,U06575
2025-07-23,U06575
2025-07-25,U06575
2025-07-26,U06575
2025-07-28,U06575
2025-07-30,U06575
2025-08-01,U06575
2025-06-24,U06576
2025-06-26,U06576
2025-07-01,U06576
2025-06-07,U06577
2025-06-09,U06578
2025-06-11,U06578
2025-06-13,U06578
2025-06-17,U06578
2025-06-23,U06578
2025-07-06,U06578
2025-07-12,U06578
2025-07-12,U06579
2025-07-13,U06579
2025-07-21,U06580
2025-07-31,U06580
2025-08-01,U06580
2025-05-17,U06581
2025-06-02,U06582
2025-06-06,U06582
2025-05-31,U06583
2025-05-17,U06584
2025-05-26,U06585
2025-06-18,U06585
2025-05-17,U06586
2025-05-17,U06587
2025-06-27,U06588
2025-07-05,U06589
2025-07-06,U06589
2025-07-06,U06589
2025-07-08,U06589
2025-07-16,U06589
2025-07-20,U06589
2025-07-22,U06589
2025-07-22,U06589
2025-07-24,U06589
2025-07-25,U06589
2025-07-09,U06590
2025-07-12,U06590
2025-07-13,U06590
2025-07-16,U06590
2025-07-23,U06590
2025-05-26,U06591
2025-06-03,U06591
2025-06-12,U06591
2025-05-25,U06592
2025-05-26,U06592
2025-05-31,U06592
2025-06-01,U06592
2025-07-02,U06592
2025-05-18,U06593
2025-06-06,U06593
2025-06-07,U06593
2025-06-18,U06594
2025-06-20,U06594
2025-06-21,U06594
2025-06-22,U06594
2025-06-25,U06594
2025-07-01,U06594
2025-07-08,U06594
2025-07-12,U06594
2025-07-13,U06594
2025-07-16,U06594
2025-07-21,U06595
2025-07-25,U06595
2025-08-01,U06595
2025-05-25,U06596
2025-05-25,U06597
2025-05-26,U06597
2025-06-08,U06598
2025-07-04,U06598
2025-06-10,U06599
2025-06-19,U06599
2025-06-24,U06599
2025-07-04,U06599
2025-07-11,U06599
2025-07-14,U06600
2025-07-19,U06600
2025-07-20,U06600
2025-07-25,U06600
2025-07-28,U06600
2025-05-26,U06601
2025-06-15,U06602
2025-06-17,U06602
2025-06-26,U06602
2025-06-27,U06602
2025-07-09,U06602
2025-07-13,U06602
2025-05-26,U06603
2025-06-01,U06603
2025-06-12,U06603
2025-07-01,U06603
2025-08-17,U06603
2025-05-17,U06604
2025-06-30,U06605
2025-07-15,U06605
2025-07-20,U06605
2025-07-22,U06605
2025-07-09,U06606
2025-07-09,U06606
2025-07-16,U06606
2025-07-18,U06606
2025-07-21,U06606
2025-07-22,U06606
2025-07-24,U06606
2025-05-24,U06607
2025-05-25,U06607
2025-05-31,U06607
2025-06-11,U06607
2025-06-13,U06607
2025-06-15,U06607
2025-06-15,U06607
2025-06-26,U06607
2025-08-18,U06607
2025-06-01,U06608
2025-06-04,U06608
2025-06-15,U06608
2025-06-19,U06608
2025-06-25,U06608
2025-07-01,U06608
2025-07-02,U06608
2025-07-05,U06608
2025-07-06,U06608
2025-07-19,U06609
2025-07-22,U06609
2025-07-31,U06609
2025-05-25,U06610
2025-07-17,U06611
2025-07-19,U06611
2025-07-09,U06612
2025-07-22,U06612
2025-07-25,U06612
2025-07-13,U06613
2025-07-14,U06613
2025-07-18,U06613
2025-07-18,U06613
2025-07-19,U06613
2025-07-22,U06613
2025-05-22,U06614
2025-05-24,U06614
2025-05-24,U06614
2025-05-28,U06614
2025-06-04,U06614
2025-06-05,U06614
2025-06-17,U06614
2025-06-26,U06614
2025-05-31,U06615
2025-06-01,U06615
2025-06-02,U06615
2025-06-03,U06615
2025-06-11,U06615
2025-06-12,U06615
2025-06-15,U06615
2025-06-17,U06615
2025-06-20,U06615
2025-07-03,U06615
2025-07-23,U06616
2025-07-24,U06616
2025-06-20,U06617
2025-06-20,U06617
2025-06-22,U06617
2025-06-24,U06617
2025-06-26,U06617
2025-06-28,U06617
2025-07-02,U06617
2025-07-12,U06617
2025-07-10,U06618
2025-07-25,U06618
2025-07-07,U06619
2025-07-09,U06619
2025-07-16,U06619
2025-07-26,U06619
2025-05-19,U06620
2025-06-08,U06620
2025-06-14,U06620
2025-08-15,U06620
2025-06-08,U06621
2025-07-18,U06622
2025-07-20,U06622
2025-07-31,U06622
2025-07-20,U06623
2025-07-21,U06623
2025-07-26,U06623
2025-08-01,U06623
2025-06-26,U06624
2025-07-04,U06624
2025-07-04,U06624
2025-07-05,U06624
2025-07-08,U06624
2025-07-19,U06624
2025-07-07,U06625
2025-07-07,U06625
2025-07-20,U06625
2025-05-17,U06626
2025-06-16,U06627
2025-06-17,U06627
2025-06-17,U06627
2025-06-22,U06627
2025-07-03,U06627
2025-07-04,U06627
2025-07-07,U06627
2025-07-14,U06627
2025-06-06,U06628
2025-06-14,U06628
2025-06-19,U06628
2025-06-24,U06628
2025-06-26,U06628
2025-06-27,U06628
2025-06-28,U06628
2025-06-29,U06628
2025-05-18,U06629
2025-05-20,U06630
2025-05-24,U06630
2025-06-12,U06630
2025-07-21,U06631
2025-07-22,U06631
2025-07-23,U06631
2025-07-23,U06631
2025-07-31,U06631
2025-08-01,U06631
2025-06-20,U06632
2025-06-20,U06632
2025-06-23,U06632
2025-07-07,U06632
2025-07-08,U06632
2025-07-12,U06632
2025-07-17,U06632
2025-08-15,U06632
2025-07-04,U06633
2025-07-05,U06633
2025-07-13,U06633
2025-07-17,U06633
2025-07-24,U06633
2025-05-17,U06634
2025-05-19,U06635
2025-05-29,U06635
2025-06-15,U06635
2025-06-19,U06635
2025-07-10,U06636
2025-07-13,U06636
2025-07-21,U06636
2025-07-22,U06636
2025-07-26,U06636
2025-07-07,U06637
2025-07-15,U06637
2025-07-19,U06637
2025-07-23,U06637
2025-07-24,U06637
2025-07-25,U06637
2025-07-11,U06638
2025-07-15,U06638
2025-07-16,U06638
2025-07-17,U06638
2025-07-20,U06638
2025-07-23,U06638
2025-07-23,U06638
2025-07-26,U06638
2025-07-28,U06638
2025-06-09,U06639
2025-07-03,U06639
2025-05-18,U06640
2025-06-05,U06640
2025-06-17,U06640
2025-06-19,U06640
2025-06-20,U06640
2025-06-21,U06640
2025-07-16,U06641
2025-07-18,U06641
2025-07-21,U06641
2025-07-23,U06641
2025-07-27,U06641
2025-07-28,U06641
2025-07-28,U06641
2025-07-30,U06641
2025-07-04,U06642
2025-07-04,U06642
2025-07-06,U06642
2025-07-08,U06642
2025-07-11,U06642
2025-07-13,U06642
2025-07-17,U06642
2025-07-24,U06642
2025-06-29,U06643
2025-07-12,U06643
2025-07-13,U06643
2025-07-19,U06643
2025-07-21,U06643
2025-07-22,U06643
2025-05-24,U06644
2025-05-28,U06644
2025-05-29,U06644
2025-05-30,U06644
2025-06-05,U06644
2025-06-12,U06644
2025-06-14,U06644
2025-06-26,U06644
2025-05-27,U06645
2025-05-29,U06645
2025-07-13,U06646
2025-07-15,U06646
2025-07-25,U06646
2025-06-30,U06647
2025-07-07,U06647
2025-07-09,U06647
2025-07-18,U06647
2025-05-29,U06648
2025-06-01,U06648
2025-07-07,U06649
2025-07-10,U06649
2025-07-22,U06649
2025-07-24,U06649
2025-06-18,U06650
2025-07-04,U06650
2025-06-04,U06651
2025-06-09,U06651
2025-07-02,U06651
2025-05-17,U06652
2025-07-01,U06653
2025-07-03,U06653
2025-07-03,U06653
2025-07-07,U06653
2025-07-12,U06653
2025-07-16,U06653
2025-07-21,U06653
2025-05-22,U06654
2025-05-27,U06654
2025-06-03,U06654
2025-06-06,U06654
2025-06-08,U06654
2025-06-16,U06654
2025-06-20,U06654
2025-06-30,U06654
2025-07-03,U06654
2025-07-19,U06655
2025-07-20,U06655
2025-07-29,U06655
2025-08-01,U06655
2025-05-17,U06656
2025-06-24,U06657
2025-06-26,U06657
2025-07-17,U06657
2025-05-20,U06658
2025-06-03,U06658
2025-06-22,U06658
2025-07-04,U06659
2025-07-06,U06659
2025-07-12,U06660
2025-07-15,U06660
2025-07-22,U06660
2025-07-19,U06661
2025-07-24,U06661
2025-07-25,U06661
2025-07-26,U06661
2025-07-27,U06661
2025-07-30,U06661
2025-06-30,U06662
2025-07-09,U06662
2025-07-20,U06662
2025-06-23,U06663
2025-06-28,U06664
2025-07-06,U06664
2025-07-06,U06664
2025-07-19,U06664
2025-07-20,U06664
2025-07-03,U06665
2025-07-07,U06665
2025-07-10,U06665
2025-07-11,U06665
2025-07-22,U06665
2025-07-24,U06665
2025-07-15,U06666
2025-07-18,U06666
2025-07-21,U06666
2025-07-25,U06666
2025-07-27,U06666
2025-07-27,U06666
2025-07-30,U06666
2025-06-26,U06667
2025-07-05,U06667
2025-07-07,U06667
2025-08-18,U06667
2025-05-18,U06668
2025-05-25,U06668
2025-06-09,U06668
2025-06-21,U06668
2025-06-28,U06668
2025-06-30,U06668
2025-07-20,U06669
2025-07-21,U06669
2025-07-23,U06669
2025-07-25,U06669
2025-07-30,U06669
2025-08-18,U06669
2025-06-23,U06670
2025-07-02,U06670
2025-07-06,U06670
2025-07-07,U06670
2025-07-12,U06670
2025-07-18,U06670
2025-05-17,U06671
2025-08-19,U06671
2025-06-17,U06672
2025-06-17,U06672
2025-06-28,U06672
2025-07-01,U06672
2025-07-07,U06672
2025-07-16,U06672
2025-06-22,U06673
2025-07-16,U06673
2025-05-17,U06674
2025-05-25,U06675
2025-05-28,U06675
2025-05-26,U06676
2025-06-13,U06676
2025-07-16,U06677
2025-07-16,U06677
2025-07-21,U06677
2025-07-26,U06677
2025-07-27,U06677
2025-07-28,U06677
2025-07-28,U06677
2025-07-29,U06677
2025-07-30,U06677
2025-07-17,U06678
2025-07-18,U06678
2025-07-18,U06678
2025-07-21,U06678
2025-07-23,U06678
2025-07-24,U06678
2025-07-26,U06678
2025-07-27,U06678
2025-07-30,U06678
2025-07-31,U06678
2025-07-17,U06679
2025-07-18,U06679
2025-07-24,U06679
2025-07-25,U06679
2025-07-28,U06679
2025-07-30,U06679
2025-07-10,U06680
2025-07-19,U06680
2025-07-23,U06680
2025-07-25,U06680
2025-07-27,U06680
2025-08-15,U06680
2025-07-03,U06681
2025-07-04,U06681
2025-07-24,U06681
2025-08-15,U06681
2025-05-19,U06682
2025-05-30,U06682
2025-06-01,U06682
2025-06-05,U06682
2025-06-09,U06682
2025-07-05,U06683
2025-07-05,U06683
2025-07-09,U06683
2025-07-19,U06683
2025-07-24,U06683
2025-07-25,U06683
2025-05-22,U06684
2025-05-28,U06684
2025-06-15,U06684
2025-07-22,U06685
2025-07-28,U06685
2025-08-01,U06685
2025-07-09,U06686
2025-07-24,U06686
2025-07-27,U06686
2025-07-09,U06687
2025-07-13,U06687
2025-07-24,U06687
2025-07-28,U06688
2025-07-30,U06688
2025-07-31,U06688
2025-07-31,U06688
2025-07-31,U06688
2025-08-01,U06688
2025-07-11,U06689
2025-07-13,U06689
2025-07-13,U06689
2025-07-16,U06689
2025-07-22,U06689
2025-07-23,U06689
2025-07-25,U06689
2025-07-28,U06689
2025-07-14,U06690
2025-07-17,U06690
2025-07-20,U06690
2025-07-22,U06690
2025-07-23,U06690
2025-07-26,U06690
2025-07-29,U06690
2025-06-08,U06691
2025-06-14,U06691
2025-06-17,U06691
2025-06-21,U06691
2025-06-28,U06691
2025-07-02,U06691
2025-07-05,U06691
2025-07-08,U06691
2025-07-09,U06691
2025-07-10,U06691
2025-07-01,U06692
2025-07-02,U06692
2025-07-06,U06692
2025-07-07,U06692
2025-07-08,U06692
2025-07-12,U06692
2025-07-12,U06692
2025-07-14,U06692
2025-07-17,U06692
2025-07-19,U06693
2025-07-30,U06693
2025-07-13,U06694
2025-07-19,U06694
2025-07-21,U06694
2025-05-17,U06695
2025-05-17,U06696
2025-06-06,U06696
2025-06-07,U06696
2025-06-19,U06696
2025-06-22,U06696
2025-06-09,U06697
2025-07-10,U06697
2025-06-25,U06698
2025-06-27,U06698
2025-07-10,U06698
2025-07-12,U06698
2025-07-13,U06698
2025-07-16,U06698
2025-07-18,U06698
2025-07-11,U06699
2025-07-18,U06699
2025-07-19,U06699
2025-07-19,U06699
2025-07-20,U06699
2025-07-21,U06699
2025-07-24,U06699
2025-07-25,U06699
2025-07-28,U06699
2025-07-22,U06700
2025-07-31,U06700
2025-06-26,U06701
2025-07-04,U06701
2025-07-04,U06701
2025-07-05,U06701
2025-07-05,U06701
2025-07-14,U06701
2025-07-15,U06701
2025-07-16,U06701
2025-07-16,U06701
2025-07-20,U06701
2025-07-19,U06702
2025-07-28,U06702
2025-07-04,U06703
2025-07-09,U06703
2025-07-12,U06703
2025-06-24,U06704
2025-07-07,U06704
2025-07-08,U06704
2025-07-09,U06704
2025-07-19,U06704
2025-07-17,U06705
2025-07-18,U06705
2025-07-23,U06705
2025-07-24,U06705
2025-07-26,U06705
2025-07-29,U06705
2025-07-29,U06705
2025-07-29,U06705
2025-07-30,U06705
2025-05-25,U06706
2025-06-10,U06706
2025-06-12,U06706
2025-06-15,U06706
2025-06-30,U06706
2025-07-02,U06706
2025-07-15,U06707
2025-07-20,U06707
2025-07-27,U06707
2025-06-19,U06708
2025-06-29,U06708
2025-07-02,U06708
2025-07-06,U06708
2025-07-09,U06708
2025-07-11,U06708
2025-07-14,U06708
2025-07-16,U06708
2025-07-19,U06709
2025-07-19,U06709
2025-07-25,U06709
2025-07-25,U06709
2025-07-28,U06709
2025-07-31,U06709
2025-07-31,U06709
2025-08-01,U06709
2025-07-05,U06710
2025-07-06,U06710
2025-07-08,U06710
2025-07-09,U06710
2025-07-11,U06710
2025-07-16,U06710
2025-07-22,U06710
2025-07-22,U06710
2025-07-23,U06710
2025-07-24,U06710
2025-06-25,U06711
2025-06-30,U06711
2025-07-01,U06711
2025-07-10,U06711
2025-07-20,U06711
2025-05-17,U06712
2025-06-10,U06713
2025-06-27,U06713
2025-07-02,U06713
2025-07-06,U06713
2025-07-02,U06714
2025-07-05,U06714
2025-07-05,U06714
2025-07-07,U06714
2025-07-18,U06714
2025-07-23,U06714
2025-05-19,U06715
2025-06-04,U06716
2025-06-05,U06716
2025-06-11,U06716
2025-07-07,U06716
2025-07-16,U06717
2025-07-17,U06717
2025-07-19,U06717
2025-07-21,U06717
2025-07-26,U06717
2025-06-08,U06718
2025-06-19,U06718
2025-07-09,U06719
2025-07-17,U06719
2025-07-22,U06719
2025-07-22,U06719
2025-07-23,U06719
2025-07-27,U06719
2025-06-01,U06720
2025-06-30,U06720
2025-08-21,U06720
2025-05-29,U06721
2025-05-31,U06721
2025-05-17,U06722
2025-05-17,U06723
2025-05-24,U06724
2025-06-11,U06724
2025-06-19,U06724
2025-06-22,U06724
2025-06-25,U06724
2025-06-30,U06724
2025-07-01,U06724
2025-07-04,U06724
2025-06-07,U06725
2025-06-12,U06726
2025-06-24,U06726
2025-07-12,U06726
2025-05-31,U06727
2025-06-08,U06728
2025-06-09,U06728
2025-06-12,U06728
2025-06-21,U06728
2025-06-22,U06728
2025-06-26,U06728
2025-06-29,U06728
2025-07-07,U06728
2025-07-10,U06728
2025-07-02,U06729
2025-07-08,U06729
2025-07-24,U06730
2025-07-29,U06730
2025-07-30,U06730
2025-06-16,U06731
2025-06-19,U06731
2025-06-29,U06731
2025-07-05,U06731
2025-07-05,U06731
2025-07-07,U06731
2025-07-11,U06731
2025-07-15,U06731
2025-06-26,U06732
2025-06-29,U06732
2025-06-30,U06732
2025-07-03,U06732
2025-07-05,U06732
2025-07-06,U06732
2025-07-08,U06732
2025-07-10,U06732
2025-07-11,U06732
2025-07-17,U06732
2025-06-29,U06733
2025-07-03,U06733
2025-07-09,U06733
2025-07-10,U06733
2025-07-12,U06733
2025-07-14,U06733
2025-07-21,U06733
2025-07-22,U06733
2025-06-22,U06734
2025-07-08,U06734
2025-07-18,U06734
2025-05-17,U06735
2025-08-20,U06735
2025-06-05,U06736
2025-06-08,U06736
2025-06-16,U06736
2025-06-23,U06736
2025-06-27,U06736
2025-07-03,U06736
2025-07-05,U06736
2025-08-15,U06736
2025-05-22,U06737
2025-05-25,U06737
2025-06-24,U06737
2025-06-29,U06737
2025-07-11,U06738
2025-07-17,U06738
2025-07-17,U06738
2025-07-20,U06738
2025-07-20,U06738
2025-07-21,U06738
2025-07-26,U06738
2025-07-27,U06738
2025-07-27,U06738
2025-07-28,U06738
2025-07-19,U06739
2025-07-20,U06739
2025-07-20,U06739
2025-07-21,U06739
2025-07-22,U06739
2025-07-23,U06739
2025-07-24,U06739
2025-07-29,U06739
2025-07-31,U06739
2025-08-01,U06739
2025-06-19,U06740
2025-07-12,U06740
2025-07-17,U06740
2025-05-17,U06741
2025-08-20,U06741
2025-06-22,U06742
2025-06-29,U06742
2025-07-03,U06742
2025-07-07,U06742
2025-07-07,U06742
2025-07-12,U06742
2025-07-12,U06742
2025-07-17,U06742
2025-08-18,U06742
2025-07-11,U06743
2025-07-13,U06743
2025-07-17,U06743
2025-07-18,U06743
2025-07-21,U06743
2025-07-26,U06743
2025-07-27,U06743
2025-05-29,U06744
2025-05-30,U06744
2025-06-03,U06744
2025-06-05,U06744
2025-06-06,U06744
2025-06-06,U06744
2025-06-21,U06744
2025-06-30,U06744
2025-07-06,U06744
2025-05-20,U06745
2025-05-27,U06745
2025-06-21,U06745
2025-07-19,U06746
2025-07-19,U06746
2025-07-20,U06746
2025-07-22,U06746
2025-07-23,U06746
2025-07-26,U06746
2025-07-28,U06746
2025-07-30,U06746
2025-07-31,U06746
2025-08-01,U06746
2025-07-20,U06747
2025-08-01,U06747
2025-07-14,U06748
2025-07-19,U06748
2025-07-20,U06748
2025-07-26,U06748
2025-07-29,U06748
2025-05-17,U06749
2025-07-16,U06750
2025-07-25,U06750
2025-07-29,U06750
2025-05-20,U06751
2025-05-20,U06751
2025-05-20,U06751
2025-05-21,U06751
2025-05-30,U06751
2025-06-04,U06751
2025-06-18,U06751
2025-06-22,U06751
2025-07-01,U06751
2025-05-22,U06752
2025-06-13,U06752
2025-06-24,U06752
2025-06-24,U06752
2025-06-25,U06752
2025-06-25,U06752
2025-07-03,U06752
2025-06-13,U06753
2025-06-28,U06753
2025-06-30,U06753
2025-07-08,U06753
2025-07-21,U06754
2025-07-21,U06754
2025-07-25,U06754
2025-08-01,U06754
2025-06-19,U06755
2025-06-19,U06755
2025-06-23,U06755
2025-06-23,U06755
2025-06-25,U06755
2025-06-26,U06755
2025-06-28,U06755
2025-06-30,U06755
2025-07-12,U06755
2025-07-17,U06755
2025-08-20,U06755
2025-05-26,U06756
2025-07-06,U06757
2025-07-07,U06757
2025-05-17,U06758
2025-05-17,U06759
2025-05-18,U06759
2025-05-19,U06759
2025-06-05,U06759
2025-06-05,U06759
2025-06-11,U06759
2025-06-29,U06759
2025-07-16,U06760
2025-07-17,U06760
2025-07-19,U06760
2025-07-19,U06760
2025-07-21,U06760
2025-07-24,U06760
2025-07-25,U06760
2025-07-26,U06760
2025-07-30,U06760
2025-07-21,U06761
2025-07-25,U06761
2025-06-26,U06762
2025-06-30,U06762
2025-07-09,U06762
2025-07-10,U06762
2025-07-11,U06762
2025-07-13,U06762
2025-07-13,U06762
2025-07-14,U06762
2025-07-15,U06762
2025-07-20,U06762
2025-06-25,U06763
2025-06-27,U06763
2025-06-28,U06763
2025-06-28,U06763
2025-06-29,U06763
2025-07-08,U06763
2025-07-08,U06763
2025-07-10,U06763
2025-07-10,U06763
2025-07-13,U06763
2025-07-13,U06764
2025-07-14,U06764
2025-07-16,U06764
2025-07-17,U06764
2025-07-27,U06764
2025-05-21,U06765
2025-05-26,U06765
2025-06-07,U06765
2025-06-09,U06765
2025-06-26,U06765
2025-05-20,U06766
2025-06-06,U06766
2025-06-10,U06766
2025-05-17,U06767
2025-06-07,U06768
2025-06-10,U06768
2025-06-10,U06768
2025-06-14,U06768
2025-06-19,U06768
2025-07-01,U06768
2025-07-15,U06769
2025-07-20,U06769
2025-07-23,U06769
2025-07-26,U06769
2025-07-30,U06769
2025-05-23,U06770
2025-06-06,U06770
2025-06-12,U06770
2025-06-20,U06770
2025-06-22,U06770
2025-06-22,U06770
2025-06-22,U06770
2025-07-01,U06770
2025-07-03,U06770
2025-05-25,U06771
2025-05-27,U06771
2025-05-28,U06771
2025-06-02,U06771
2025-06-14,U06771
2025-06-16,U06771
2025-06-17,U06771
2025-06-07,U06772
2025-06-15,U06772
2025-05-24,U06773
2025-05-27,U06773
2025-05-21,U06774
2025-05-30,U06774
2025-06-09,U06774
2025-06-12,U06774
2025-07-08,U06775
2025-07-09,U06775
2025-07-09,U06775
2025-07-16,U06775
2025-07-18,U06775
2025-07-19,U06775
2025-08-15,U06775
2025-06-20,U06776
2025-06-28,U06776
2025-07-06,U06776
2025-07-10,U06776
2025-07-11,U06776
2025-07-12,U06776
2025-07-13,U06776
2025-07-14,U06776
2025-07-15,U06776
2025-06-26,U06777
2025-07-02,U06777
2025-07-16,U06777
2025-07-18,U06777
2025-07-19,U06777
2025-05-22,U06778
2025-06-02,U06778
2025-06-27,U06778
2025-05-24,U06779
2025-05-29,U06779
2025-05-30,U06779
2025-06-06,U06779
2025-06-10,U06779
2025-06-12,U06779
2025-06-16,U06779
2025-06-18,U06779
2025-06-20,U06779
2025-06-30,U06779
2025-06-20,U06780
2025-07-03,U06780
2025-07-12,U06780
2025-07-13,U06780
2025-07-17,U06780
2025-06-17,U06781
2025-06-18,U06781
2025-06-27,U06781
2025-07-08,U06781
2025-07-10,U06781
2025-07-15,U06781
2025-06-01,U06782
2025-06-15,U06782
2025-06-21,U06782
2025-07-01,U06782
2025-07-01,U06782
2025-07-02,U06782
2025-07-04,U06782
2025-07-04,U06782
2025-07-06,U06782
2025-07-08,U06782
2025-06-09,U06783
2025-06-10,U06783
2025-06-10,U06783
2025-06-13,U06783
2025-06-21,U06783
2025-07-04,U06783
2025-07-05,U06783
2025-07-08,U06783
2025-05-24,U06784
2025-05-25,U06784
2025-06-01,U06784
2025-06-02,U06784
2025-06-05,U06784
2025-06-11,U06784
2025-06-12,U06784
2025-06-20,U06784
2025-08-18,U06784
2025-07-19,U06785
2025-07-21,U06785
2025-07-22,U06785
2025-07-24,U06785
2025-07-25,U06785
2025-07-29,U06785
2025-07-30,U06785
2025-07-30,U06785
2025-08-01,U06785
2025-07-08,U06786
2025-07-13,U06786
2025-07-13,U06786
2025-07-17,U06786
2025-07-20,U06786
2025-07-24,U06786
2025-08-19,U06786
2025-06-01,U06787
2025-06-05,U06787
2025-06-06,U06787
2025-06-07,U06787
2025-06-13,U06787
2025-06-25,U06787
2025-06-26,U06787
2025-06-26,U06787
2025-06-30,U06787
2025-07-04,U06787
2025-06-04,U06788
2025-06-25,U06788
2025-07-07,U06788
2025-07-08,U06788
2025-05-20,U06789
2025-07-16,U06790
2025-07-17,U06790
2025-07-23,U06790
2025-07-25,U06790
2025-06-22,U06791
2025-06-22,U06791
2025-07-04,U06791
2025-07-06,U06791
2025-06-17,U06792
2025-06-28,U06792
2025-06-30,U06792
2025-05-20,U06793
2025-05-24,U06793
2025-06-06,U06793
2025-05-31,U06794
2025-06-07,U06794
2025-05-19,U06795
2025-05-27,U06795
2025-08-19,U06795
2025-06-08,U06796
2025-06-21,U06796
2025-06-30,U06796
2025-06-30,U06796
2025-07-03,U06796
2025-07-05,U06796
2025-07-09,U06796
2025-05-28,U06797
2025-06-21,U06797
2025-06-27,U06797
2025-06-29,U06797
2025-07-03,U06797
2025-07-04,U06797
2025-06-27,U06798
2025-07-01,U06798
2025-07-05,U06798
2025-07-06,U06798
2025-07-07,U06798
2025-07-07,U06798
2025-07-11,U06798
2025-07-20,U06798
2025-05-21,U06799
2025-06-08,U06800
2025-06-19,U06800
2025-06-30,U06800
2025-07-02,U06800
2025-07-05,U06800
2025-07-08,U06800
2025-05-20,U06801
2025-05-30,U06801
2025-05-31,U06801
2025-06-05,U06801
2025-06-15,U06801
2025-08-16,U06801
2025-05-21,U06802
2025-05-23,U06802
2025-06-09,U06802
2025-06-10,U06802
2025-06-20,U06803
2025-06-27,U06803
2025-06-28,U06803
2025-07-03,U06803
2025-07-14,U06803
2025-07-16,U06803
2025-06-08,U06804
2025-06-16,U06804
2025-06-24,U06804
2025-06-27,U06804
2025-07-03,U06804
2025-07-05,U06805
2025-07-11,U06805
2025-07-19,U06805
2025-07-12,U06806
2025-07-13,U06806
2025-07-20,U06806
2025-07-20,U06806
2025-07-20,U06806
2025-07-23,U06806
2025-07-27,U06806
2025-06-01,U06807
2025-06-12,U06807
2025-06-14,U06807
2025-06-21,U06807
2025-07-03,U06807
2025-07-06,U06807
2025-06-26,U06808
2025-06-29,U06808
2025-07-04,U06808
2025-07-04,U06808
2025-07-04,U06808
2025-07-07,U06808
2025-07-07,U06808
2025-07-07,U06808
2025-07-11,U06808
2025-07-16,U06808
2025-08-17,U06808
2025-06-25,U06809
2025-07-03,U06809
2025-07-06,U06809
2025-07-07,U06809
2025-07-16,U06809
2025-07-20,U06809
2025-05-29,U06810
2025-06-04,U06810
2025-06-08,U06810
2025-06-16,U06810
2025-06-19,U06810
2025-06-21,U06810
2025-06-26,U06810
2025-07-12,U06811
2025-07-14,U06811
2025-07-15,U06811
2025-07-19,U06811
2025-07-22,U06811
2025-07-26,U06811
2025-07-27,U06811
2025-05-28,U06812
2025-06-13,U06812
2025-07-03,U06812
2025-08-16,U06812
2025-05-17,U06813
2025-05-27,U06813
2025-06-09,U06813
2025-06-20,U06813
2025-08-16,U06813
2025-07-15,U06814
2025-07-17,U06814
2025-07-17,U06814
2025-07-20,U06814
2025-07-24,U06814
2025-07-28,U06814
2025-07-13,U06815
2025-07-15,U06815
2025-07-17,U06815
2025-07-17,U06815
2025-07-24,U06815
2025-07-25,U06815
2025-07-27,U06815
2025-07-27,U06815
2025-07-29,U06815
2025-05-17,U06816
2025-07-19,U06817
2025-07-20,U06817
2025-07-23,U06817
2025-07-23,U06817
2025-07-25,U06817
2025-07-27,U06817
2025-07-29,U06817
2025-06-23,U06818
2025-06-29,U06818
2025-07-16,U06818
2025-06-27,U06819
2025-06-29,U06819
2025-07-10,U06819
2025-07-10,U06819
2025-07-16,U06819
2025-07-21,U06819
2025-06-08,U06820
2025-06-15,U06820
2025-06-17,U06820
2025-06-12,U06821
2025-06-14,U06821
2025-06-28,U06821
2025-07-01,U06821
2025-07-04,U06821
2025-07-07,U06821
2025-07-08,U06821
2025-07-13,U06821
2025-07-04,U06822
2025-07-09,U06822
2025-07-11,U06822
2025-07-17,U06822
2025-07-19,U06822
2025-07-21,U06822
2025-05-21,U06823
2025-06-04,U06823
2025-06-11,U06823
2025-06-16,U06823
2025-05-18,U06824
2025-05-19,U06824
2025-05-23,U06824
2025-05-26,U06824
2025-05-31,U06824
2025-06-14,U06824
2025-06-17,U06824
2025-06-17,U06824
2025-06-25,U06824
2025-06-29,U06824
2025-06-01,U06825
2025-06-03,U06825
2025-06-04,U06825
2025-06-04,U06825
2025-06-10,U06825
2025-06-21,U06825
2025-06-25,U06825
2025-07-06,U06825
2025-07-07,U06825
2025-07-15,U06826
2025-07-16,U06826
2025-07-16,U06826
2025-07-17,U06826
2025-07-21,U06826
2025-07-22,U06826
2025-07-24,U06826
2025-06-27,U06827
2025-06-28,U06827
2025-07-09,U06827
2025-07-09,U06827
2025-07-13,U06827
2025-07-13,U06827
2025-07-17,U06827
2025-07-18,U06827
2025-07-21,U06827
2025-07-03,U06828
2025-07-22,U06828
2025-07-07,U06829
2025-07-09,U06829
2025-07-10,U06829
2025-07-15,U06829
2025-07-23,U06829
2025-07-05,U06830
2025-07-07,U06830
2025-07-09,U06830
2025-07-11,U06830
2025-07-17,U06830
2025-07-18,U06830
2025-07-25,U06830
2025-05-24,U06831
2025-06-15,U06831
2025-08-17,U06831
2025-07-14,U06832
2025-07-25,U06832
2025-07-19,U06833
2025-07-20,U06833
2025-07-20,U06833
2025-07-24,U06833
2025-07-26,U06833
2025-06-20,U06834
2025-07-06,U06835
2025-07-10,U06835
2025-07-19,U06835
2025-07-13,U06836
2025-07-28,U06836
2025-07-12,U06837
2025-07-25,U06837
2025-07-01,U06838
2025-07-05,U06838
2025-07-08,U06838
2025-07-09,U06838
2025-07-17,U06838
2025-07-23,U06838
2025-06-19,U06839
2025-07-12,U06839
2025-06-03,U06840
2025-07-04,U06840
2025-05-21,U06841
2025-05-26,U06842
2025-06-11,U06843
2025-06-18,U06843
2025-07-04,U06843
2025-07-10,U06843
2025-08-21,U06843
2025-07-13,U06844
2025-07-14,U06844
2025-07-20,U06844
2025-07-21,U06844
2025-07-23,U06844
2025-07-23,U06844
2025-07-26,U06844
2025-07-26,U06844
2025-07-28,U06844
2025-07-01,U06845
2025-07-03,U06845
2025-07-04,U06845
2025-07-06,U06845
2025-07-07,U06845
2025-07-08,U06845
2025-07-09,U06845
2025-07-11,U06845
2025-07-14,U06845
2025-07-23,U06845
2025-06-20,U06846
2025-06-22,U06846
2025-07-06,U06846
2025-07-07,U06846
2025-07-12,U06846
2025-06-21,U06847
2025-07-05,U06847
2025-06-02,U06848
2025-06-04,U06848
2025-06-18,U06849
2025-06-29,U06849
2025-06-29,U06849
2025-07-01,U06849
2025-07-01,U06849
2025-07-12,U06849
2025-07-14,U06849
2025-08-17,U06849
2025-07-17,U06850
2025-07-18,U06850
2025-07-22,U06850
2025-07-22,U06850
2025-07-23,U06850
2025-07-29,U06850
2025-07-13,U06851
2025-07-14,U06851
2025-07-19,U06851
2025-07-19,U06851
2025-07-20,U06851
2025-07-21,U06851
2025-07-28,U06851
2025-06-19,U06852
2025-06-20,U06852
2025-06-25,U06852
2025-06-30,U06852
2025-07-03,U06852
2025-07-04,U06852
2025-07-07,U06852
2025-07-12,U06852
2025-07-13,U06852
2025-07-14,U06852
2025-05-24,U06853
2025-08-15,U06853
2025-05-26,U06854
2025-06-17,U06854
2025-06-13,U06855
2025-06-21,U06855
2025-06-30,U06855
2025-07-02,U06855
2025-07-04,U06855
2025-07-04,U06855
2025-07-12,U06855
2025-07-13,U06855
2025-06-04,U06856
2025-06-18,U06856
2025-06-25,U06856
2025-07-07,U06856
2025-07-10,U06857
2025-07-11,U06857
2025-07-22,U06857
2025-05-17,U06858
2025-05-29,U06858
2025-06-01,U06858
2025-06-03,U06858
2025-06-16,U06858
2025-06-20,U06858
2025-06-21,U06858
2025-07-19,U06859
2025-07-23,U06859
2025-07-24,U06859
2025-07-25,U06859
2025-07-27,U06859
2025-07-28,U06859
2025-07-30,U06859
2025-05-19,U06860
2025-05-27,U06860
2025-06-04,U06860
2025-06-19,U06860
2025-06-21,U06860
2025-06-23,U06861
2025-06-29,U06861
2025-06-30,U06861
2025-07-01,U06861
2025-07-05,U06861
2025-07-08,U06861
2025-07-08,U06861
2025-07-08,U06861
2025-07-13,U06861
2025-07-15,U06861
2025-06-08,U06862
2025-06-24,U06863
2025-06-28,U06863
2025-07-06,U06863
2025-07-10,U06863
2025-07-23,U06864
2025-07-30,U06864
2025-06-23,U06865
2025-06-24,U06865
2025-06-27,U06865
2025-06-28,U06865
2025-07-06,U06865
2025-07-09,U06865
2025-07-12,U06865
2025-07-19,U06865
2025-06-27,U06866
2025-07-01,U06866
2025-07-01,U06866
2025-07-20,U06866
2025-07-21,U06866
2025-05-21,U06867
2025-05-22,U06867
2025-06-25,U06868
2025-07-01,U06868
2025-07-02,U06868
2025-07-05,U06868
2025-07-10,U06868
2025-07-11,U06868
2025-07-12,U06868
2025-07-13,U06868
2025-07-15,U06868
2025-07-19,U06868
2025-08-21,U06868
2025-06-30,U06869
2025-06-30,U06869
2025-07-06,U06869
2025-07-21,U06869
2025-06-29,U06870
2025-07-11,U06870
2025-07-22,U06870
2025-05-30,U06871
2025-05-17,U06872
2025-07-17,U06873
2025-07-30,U06873
2025-06-21,U06874
2025-06-26,U06874
2025-06-27,U06874
2025-07-02,U06874
2025-07-03,U06874
2025-07-08,U06874
2025-07-18,U06874
2025-07-09,U06875
2025-07-18,U06875
2025-07-20,U06875
2025-07-24,U06875
2025-06-19,U06876
2025-06-30,U06876
2025-07-08,U06876
2025-07-08,U06876
2025-07-14,U06876
2025-07-17,U06876
2025-05-18,U06877
2025-05-29,U06877
2025-06-21,U06877
2025-07-16,U06878
2025-07-26,U06878
2025-05-17,U06879
2025-05-17,U06880
2025-06-08,U06881
2025-06-12,U06881
2025-06-18,U06881
2025-06-23,U06881
2025-06-26,U06881
2025-07-02,U06881
2025-07-11,U06881
2025-07-17,U06882
2025-07-19,U06882
2025-07-22,U06882
2025-07-25,U06882
2025-07-26,U06882
2025-07-27,U06882
2025-07-28,U06882
2025-07-01,U06883
2025-07-04,U06883
2025-07-04,U06883
2025-07-09,U06883
2025-07-17,U06883
2025-07-22,U06883
2025-06-10,U06884
2025-06-15,U06884
2025-06-28,U06884
2025-07-07,U06884
2025-07-08,U06884
2025-05-17,U06885
2025-05-22,U06886
2025-06-14,U06886
2025-06-19,U06886
2025-06-25,U06886
2025-06-30,U06886
2025-07-02,U06886
2025-07-03,U06886
2025-08-17,U06886
2025-06-08,U06887
2025-06-16,U06887
2025-06-17,U06887
2025-06-27,U06887
2025-06-28,U06887
2025-06-30,U06887
2025-07-09,U06887
2025-07-13,U06888
2025-07-13,U06888
2025-07-14,U06888
2025-07-28,U06888
2025-07-29,U06888
2025-07-20,U06889
2025-07-28,U06889
2025-07-30,U06889
2025-05-21,U06890
2025-05-24,U06890
2025-05-28,U06890
2025-06-03,U06890
2025-06-08,U06890
2025-06-10,U06890
2025-06-25,U06890
2025-06-27,U06890
2025-06-27,U06891
2025-06-29,U06891
2025-07-03,U06891
2025-07-06,U06891
2025-07-07,U06891
2025-07-07,U06891
2025-07-13,U06891
2025-07-18,U06891
2025-06-24,U06892
2025-06-25,U06892
2025-06-27,U06892
2025-07-17,U06892
2025-05-21,U06893
2025-06-07,U06893
2025-05-30,U06894
2025-07-07,U06894
2025-07-08,U06895
2025-07-14,U06895
2025-07-15,U06895
2025-07-16,U06895
2025-07-20,U06895
2025-07-21,U06895
2025-07-23,U06895
2025-07-26,U06895
2025-08-16,U06895
2025-05-24,U06896
2025-06-22,U06896
2025-05-22,U06897
2025-06-12,U06897
2025-07-17,U06898
2025-07-31,U06898
2025-05-31,U06899
2025-06-12,U06899
2025-06-16,U06899
2025-07-08,U06900
2025-07-18,U06900
2025-05-17,U06901
2025-06-15,U06902
2025-06-25,U06902
2025-06-27,U06902
2025-06-30,U06902
2025-07-03,U06902
2025-06-15,U06903
2025-07-04,U06903
2025-07-15,U06903
2025-05-21,U06904
2025-05-23,U06904
2025-06-06,U06904
2025-06-12,U06905
2025-06-15,U06905
2025-06-25,U06905
2025-06-26,U06905
2025-06-26,U06905
2025-07-03,U06905
2025-07-04,U06905
2025-07-08,U06905
2025-07-09,U06905
2025-05-25,U06906
2025-06-09,U06906
2025-06-30,U06906
2025-05-17,U06907
2025-06-16,U06908
2025-06-26,U06908
2025-06-30,U06908
2025-07-03,U06908
2025-07-03,U06908
2025-07-03,U06908
2025-07-06,U06908
2025-07-10,U06908
2025-07-14,U06908
2025-07-15,U06909
2025-07-17,U06909
2025-07-17,U06909
2025-07-19,U06909
2025-07-21,U06909
2025-07-21,U06909
2025-07-23,U06909
2025-07-26,U06909
2025-07-29,U06909
2025-07-30,U06909
2025-07-19,U06910
2025-07-20,U06910
2025-07-21,U06910
2025-07-25,U06910
2025-07-27,U06910
2025-07-30,U06910
2025-07-31,U06910
2025-08-01,U06910
2025-05-17,U06911
2025-07-19,U06912
2025-07-24,U06912
2025-07-25,U06912
2025-07-28,U06912
2025-08-01,U06912
2025-07-07,U06913
2025-07-10,U06913
2025-07-11,U06913
2025-07-12,U06913
2025-07-13,U06913
2025-07-14,U06913
2025-07-17,U06913
2025-07-19,U06913
2025-07-13,U06914
2025-07-14,U06914
2025-07-19,U06914
2025-07-22,U06914
2025-07-23,U06914
2025-07-24,U06914
2025-05-26,U06915
2025-05-17,U06916
2025-07-13,U06917
2025-07-14,U06917
2025-07-17,U06917
2025-07-20,U06917
2025-07-20,U06917
2025-07-20,U06917
2025-07-22,U06917
2025-07-22,U06917
2025-07-22,U06917
2025-07-28,U06917
2025-07-13,U06918
2025-07-27,U06918
2025-07-29,U06918
2025-07-23,U06919
2025-07-26,U06919
2025-05-19,U06920
2025-05-30,U06920
2025-06-03,U06920
2025-06-04,U06920
2025-06-05,U06920
2025-06-08,U06920
2025-06-16,U06920
2025-06-25,U06920
2025-06-26,U06920
2025-05-17,U06921
2025-06-03,U06921
2025-06-06,U06921
2025-06-23,U06921
2025-06-23,U06921
2025-06-25,U06921
2025-06-28,U06921
2025-06-06,U06922
2025-06-10,U06922
2025-07-01,U06922
2025-07-10,U06922
2025-05-17,U06923
2025-05-26,U06924
2025-05-20,U06925
2025-05-29,U06925
2025-06-22,U06925
2025-06-30,U06925
2025-07-01,U06925
2025-06-07,U06926
2025-06-16,U06926
2025-06-28,U06926
2025-06-29,U06926
2025-07-03,U06926
2025-07-09,U06926
2025-06-13,U06927
2025-06-19,U06927
2025-06-20,U06927
2025-07-03,U06927
2025-07-12,U06927
2025-06-13,U06928
2025-06-26,U06928
2025-06-28,U06928
2025-06-29,U06928
2025-07-10,U06929
2025-07-11,U06929
2025-07-14,U06929
2025-07-14,U06929
2025-07-18,U06929
2025-07-20,U06929
2025-07-24,U06929
2025-07-26,U06929
2025-07-10,U06930
2025-07-17,U06930
2025-07-18,U06930
2025-07-20,U06930
2025-07-21,U06930
2025-07-25,U06930
2025-07-26,U06930
2025-05-31,U06931
2025-06-02,U06931
2025-06-04,U06931
2025-06-18,U06931
2025-06-28,U06931
2025-07-03,U06931
2025-07-04,U06931
2025-07-01,U06932
2025-07-03,U06932
2025-07-05,U06932
2025-07-09,U06932
2025-07-16,U06932
2025-07-18,U06932
2025-07-19,U06932
2025-07-21,U06932
2025-05-26,U06933
2025-05-18,U06934
2025-05-26,U06934
2025-05-29,U06934
2025-06-01,U06934
2025-06-12,U06934
2025-06-17,U06934
2025-06-23,U06934
2025-07-01,U06934
2025-08-16,U06934
2025-05-21,U06935
2025-05-23,U06935
2025-06-14,U06935
2025-07-11,U06936
2025-07-24,U06936
2025-06-12,U06937
2025-06-12,U06937
2025-06-21,U06937
2025-06-23,U06937
2025-07-06,U06937
2025-07-24,U06938
2025-07-25,U06938
2025-07-28,U06938
2025-07-30,U06938
2025-06-24,U06939
2025-07-11,U06939
2025-07-07,U06940
2025-07-08,U06940
2025-07-09,U06940
2025-07-12,U06940
2025-07-15,U06940
2025-07-17,U06940
2025-07-19,U06940
2025-07-20,U06940
2025-07-22,U06940
2025-07-25,U06940
2025-07-05,U06941
2025-07-05,U06941
2025-07-09,U06941
2025-07-12,U06941
2025-07-14,U06941
2025-07-20,U06941
2025-05-18,U06942
2025-07-14,U06943
2025-07-25,U06943
2025-07-27,U06943
2025-07-09,U06944
2025-07-18,U06944
2025-07-09,U06945
2025-07-09,U06945
2025-07-16,U06945
2025-07-18,U06945
2025-07-22,U06945
2025-07-22,U06945
2025-07-24,U06945
2025-07-27,U06945
2025-07-17,U06946
2025-07-18,U06946
2025-07-19,U06946
2025-07-22,U06946
2025-07-23,U06946
2025-07-25,U06946
2025-07-25,U06946
2025-07-28,U06946
2025-07-29,U06946
2025-07-11,U06947
2025-07-15,U06947
2025-07-15,U06947
2025-07-15,U06947
2025-07-17,U06947
2025-07-20,U06947
2025-07-22,U06947
2025-07-25,U06947
2025-07-27,U06947
2025-07-28,U06947
2025-07-24,U06948
2025-07-28,U06948
2025-05-22,U06949
2025-05-31,U06949
2025-06-03,U06949
2025-06-06,U06949
2025-06-16,U06949
2025-06-17,U06950
2025-06-23,U06950
2025-06-25,U06950
2025-07-01,U06950
2025-07-03,U06950
2025-07-08,U06950
2025-07-26,U06951
2025-07-28,U06951
2025-07-31,U06951
2025-08-01,U06951
2025-07-10,U06952
2025-07-12,U06952
2025-07-20,U06952
2025-07-21,U06952
2025-06-21,U06953
2025-06-27,U06953
2025-06-28,U06953
2025-07-08,U06953
2025-07-08,U06953
2025-07-10,U06953
2025-07-18,U06953
2025-07-14,U06954
2025-07-24,U06954
2025-06-04,U06955
2025-07-04,U06955
2025-07-03,U06956
2025-07-07,U06956
2025-07-08,U06956
2025-07-10,U06956
2025-07-11,U06956
2025-07-20,U06956
2025-07-23,U06956
2025-07-21,U06957
2025-07-23,U06957
2025-07-24,U06957
2025-07-25,U06957
2025-06-07,U06958
2025-07-01,U06959
2025-07-02,U06959
2025-07-11,U06959
2025-07-13,U06959
2025-07-15,U06959
2025-07-21,U06959
2025-05-18,U06960
2025-07-15,U06961
2025-07-17,U06961
2025-07-19,U06961
2025-07-22,U06961
2025-07-27,U06961
2025-07-30,U06961
2025-05-17,U06962
2025-05-22,U06963
2025-06-14,U06963
2025-06-19,U06963
2025-08-20,U06963
2025-06-23,U06964
2025-06-26,U06964
2025-07-02,U06964
2025-07-13,U06964
2025-05-29,U06965
2025-06-13,U06965
2025-06-20,U06965
2025-06-27,U06965
2025-06-27,U06965
2025-06-27,U06965
2025-06-30,U06965
2025-07-13,U06966
2025-07-18,U06966
2025-07-18,U06966
2025-07-26,U06966
2025-07-27,U06966
2025-07-24,U06967
2025-07-28,U06967
2025-05-21,U06968
2025-06-16,U06968
2025-06-18,U06968
2025-07-12,U06969
2025-07-13,U06969
2025-07-13,U06969
2025-07-16,U06969
2025-07-18,U06969
2025-07-23,U06969
2025-07-25,U06969
2025-08-18,U06969
2025-06-23,U06970
2025-07-13,U06970
2025-07-01,U06971
2025-07-12,U06971
2025-07-16,U06971
2025-06-02,U06972
2025-06-06,U06972
2025-06-09,U06972
2025-06-12,U06972
2025-06-25,U06972
2025-08-17,U06972
2025-06-16,U06973
2025-06-23,U06973
2025-07-20,U06974
2025-07-27,U06974
2025-08-01,U06974
2025-07-15,U06975
2025-07-19,U06975
2025-05-20,U06976
2025-05-28,U06976
2025-08-15,U06976
2025-05-22,U06977
2025-05-24,U06977
2025-05-24,U06977
2025-06-08,U06977
2025-06-12,U06977
2025-06-16,U06977
2025-06-23,U06977
2025-06-25,U06977
2025-07-01,U06977
2025-07-05,U06978
2025-07-10,U06978
2025-07-14,U06978
2025-07-14,U06978
2025-07-16,U06978
2025-07-22,U06978
2025-05-17,U06979
2025-07-20,U06980
2025-07-20,U06980
2025-07-21,U06980
2025-07-21,U06980
2025-07-26,U06980
2025-07-28,U06980
2025-07-29,U06980
2025-08-01,U06980
2025-05-17,U06981
2025-05-17,U06982
2025-06-01,U06983
2025-06-08,U06983
2025-06-11,U06983
2025-06-07,U06984
2025-06-14,U06984
2025-06-17,U06984
2025-06-20,U06984
2025-06-24,U06984
2025-06-15,U06985
2025-06-18,U06985
2025-06-28,U06985
2025-07-15,U06985
2025-05-21,U06986
2025-07-02,U06986
2025-07-27,U06987
2025-07-30,U06987
2025-06-21,U06988
2025-06-23,U06988
2025-06-26,U06988
2025-07-01,U06988
2025-07-13,U06988
2025-07-03,U06989
2025-07-04,U06989
2025-07-07,U06989
2025-07-07,U06989
2025-07-07,U06989
2025-07-10,U06989
2025-07-13,U06989
2025-07-13,U06989
2025-07-17,U06989
2025-07-24,U06989
2025-06-23,U06990
2025-06-29,U06990
2025-07-01,U06990
2025-07-03,U06990
2025-07-06,U06990
2025-07-07,U06990
2025-07-07,U06990
2025-07-10,U06990
2025-07-10,U06990
2025-07-15,U06990
2025-05-29,U06991
2025-05-31,U06991
2025-06-01,U06991
2025-07-02,U06991
2025-07-03,U06991
2025-05-26,U06992
2025-05-31,U06992
2025-06-01,U06992
2025-06-17,U06992
2025-06-18,U06992
2025-06-21,U06992
2025-06-22,U06992
2025-06-22,U06992
2025-06-30,U06992
2025-07-03,U06992
2025-06-12,U06993
2025-06-15,U06993
2025-06-22,U06993
2025-06-26,U06993
2025-06-29,U06993
2025-06-29,U06993
2025-07-04,U06993
2025-07-05,U06993
2025-07-12,U06993
2025-06-22,U06994
2025-06-24,U06994
2025-06-25,U06994
2025-06-26,U06994
2025-06-28,U06994
2025-07-03,U06994
2025-07-10,U06994
2025-07-12,U06994
2025-07-15,U06994
2025-07-18,U06994
2025-07-09,U06995
2025-07-11,U06995
2025-07-24,U06995
2025-07-13,U06996
2025-07-13,U06996
2025-07-15,U06996
2025-07-22,U06996
2025-07-24,U06996
2025-07-15,U06997
2025-07-16,U06997
2025-07-17,U06997
2025-07-22,U06997
2025-07-22,U06997
2025-07-22,U06997
2025-07-25,U06997
2025-07-28,U06997
2025-05-17,U06998
2025-05-17,U06998
2025-05-20,U06998
2025-05-21,U06998
2025-05-27,U06998
2025-06-12,U06998
2025-06-18,U06998
2025-07-05,U06999
2025-07-12,U06999
2025-06-24,U07000
2025-07-05,U07000
2025-07-16,U07000
2025-07-09,U07001
2025-07-10,U07001
2025-07-23,U07001
2025-07-24,U07001
2025-07-26,U07001
2025-06-03,U07002
2025-06-07,U07002
2025-06-19,U07002
2025-06-21,U07002
2025-07-09,U07002
2025-07-13,U07003
2025-07-15,U07003
2025-07-15,U07003
2025-07-16,U07003
2025-07-17,U07003
2025-07-22,U07003
2025-07-23,U07003
2025-07-24,U07003
2025-07-27,U07003
2025-08-16,U07003
2025-06-08,U07004
2025-06-09,U07004
2025-06-12,U07004
2025-06-20,U07004
2025-07-04,U07004
2025-07-23,U07005
2025-07-27,U07005
2025-06-03,U07006
2025-06-04,U07006
2025-06-14,U07006
2025-07-04,U07006
2025-07-05,U07006
2025-07-09,U07006
2025-08-20,U07006
2025-05-27,U07007
2025-06-03,U07007
2025-06-04,U07007
2025-06-11,U07007
2025-06-18,U07007
2025-06-21,U07007
2025-06-22,U07007
2025-07-01,U07007
2025-07-05,U07007
2025-07-18,U07008
2025-07-30,U07008
2025-06-02,U07009
2025-06-07,U07009
2025-06-11,U07009
2025-06-14,U07009
2025-06-15,U07009
2025-06-16,U07009
2025-06-22,U07009
2025-06-26,U07009
2025-07-04,U07009
2025-07-08,U07009
2025-05-17,U07010
2025-07-11,U07011
2025-07-16,U07011
2025-07-18,U07011
2025-07-27,U07011
2025-06-14,U07012
2025-05-23,U07013
2025-05-26,U07013
2025-05-17,U07014
2025-05-31,U07015
2025-06-05,U07015
2025-06-11,U07015
2025-07-09,U07016
2025-07-19,U07016
2025-07-19,U07016
2025-07-24,U07016
2025-07-25,U07016
2025-07-27,U07016
2025-05-23,U07017
2025-06-07,U07017
2025-06-08,U07017
2025-06-10,U07017
2025-06-14,U07017
2025-06-23,U07018
2025-07-01,U07018
2025-07-05,U07018
2025-07-06,U07018
2025-07-12,U07018
2025-07-16,U07018
2025-07-16,U07018
2025-07-19,U07018
2025-06-14,U07019
2025-07-07,U07019
2025-07-11,U07019
2025-07-13,U07019
2025-07-15,U07020
2025-07-15,U07020
2025-07-21,U07020
2025-07-27,U07020
2025-07-30,U07020
2025-08-18,U07020
2025-06-14,U07021
2025-06-18,U07021
2025-07-06,U07021
2025-07-06,U07021
2025-07-11,U07021
2025-07-12,U07021
2025-06-12,U07022
2025-06-22,U07022
2025-07-02,U07022
2025-07-05,U07022
2025-05-17,U07023
2025-06-11,U07024
2025-06-11,U07024
2025-06-12,U07024
2025-06-19,U07024
2025-06-28,U07024
2025-06-30,U07024
2025-07-03,U07024
2025-07-08,U07024
2025-07-09,U07024
2025-05-24,U07025
2025-05-26,U07025
2025-05-29,U07025
2025-05-31,U07025
2025-06-08,U07025
2025-06-17,U07025
2025-06-20,U07025
2025-07-02,U07025
2025-07-03,U07025
2025-08-16,U07025
2025-05-28,U07026
2025-06-12,U07026
2025-06-15,U07026
2025-06-27,U07026
2025-07-02,U07026
2025-07-03,U07026
2025-07-19,U07027
2025-07-24,U07027
2025-07-25,U07027
2025-07-27,U07027
2025-07-30,U07027
2025-08-01,U07027
2025-07-03,U07028
2025-07-04,U07028
2025-07-05,U07028
2025-07-11,U07028
2025-07-14,U07028
2025-07-18,U07028
2025-07-20,U07028
2025-07-21,U07028
2025-07-22,U07028
2025-07-24,U07028
2025-05-18,U07029
2025-05-25,U07029
2025-06-29,U07030
2025-07-06,U07030
2025-07-10,U07030
2025-07-14,U07030
2025-07-19,U07030
2025-07-20,U07030
2025-07-22,U07030
2025-08-21,U07030
2025-07-19,U07031
2025-07-23,U07031
2025-07-26,U07031
2025-07-28,U07031
2025-07-30,U07031
2025-08-01,U07031
2025-06-07,U07032
2025-06-17,U07032
2025-06-22,U07032
2025-07-11,U07032
2025-07-04,U07033
2025-07-07,U07033
2025-07-09,U07033
2025-07-19,U07033
2025-07-20,U07033
2025-07-23,U07033
2025-06-13,U07034
2025-06-14,U07034
2025-06-20,U07034
2025-06-20,U07034
2025-06-27,U07034
2025-07-02,U07034
2025-07-04,U07034
2025-07-07,U07034
2025-07-08,U07034
2025-07-14,U07034
2025-06-11,U07035
2025-06-12,U07035
2025-06-14,U07035
2025-06-15,U07035
2025-06-15,U07035
2025-06-18,U07035
2025-06-19,U07035
2025-07-05,U07035
2025-07-07,U07035
2025-07-11,U07035
2025-06-30,U07036
2025-07-01,U07036
2025-07-09,U07036
2025-07-10,U07036
2025-07-12,U07036
2025-07-15,U07036
2025-07-15,U07036
2025-07-22,U07036
2025-08-19,U07036
2025-05-19,U07037
2025-06-03,U07037
2025-06-05,U07037
2025-06-09,U07038
2025-06-20,U07038
2025-06-27,U07038
2025-06-11,U07039
2025-06-14,U07039
2025-06-18,U07039
2025-06-28,U07039
2025-07-01,U07039
2025-07-05,U07039
2025-07-13,U07039
2025-06-21,U07040
2025-06-23,U07040
2025-07-05,U07040
2025-07-06,U07040
2025-07-07,U07040
2025-07-13,U07040
2025-07-18,U07040
2025-06-13,U07041
2025-06-30,U07041
2025-06-03,U07042
2025-06-07,U07042
2025-06-11,U07042
2025-06-23,U07042
2025-06-23,U07042
2025-06-30,U07042
2025-07-02,U07042
2025-07-05,U07042
2025-07-07,U07042
2025-07-08,U07042
2025-06-19,U07043
2025-06-23,U07043
2025-06-05,U07044
2025-06-15,U07044
2025-06-17,U07044
2025-08-21,U07044
2025-07-12,U07045
2025-07-22,U07045
2025-07-18,U07046
2025-07-20,U07046
2025-07-24,U07046
2025-07-24,U07046
2025-07-28,U07046
2025-07-28,U07046
2025-07-31,U07046
2025-07-04,U07047
2025-07-09,U07047
2025-07-15,U07047
2025-07-17,U07047
2025-07-19,U07047
2025-07-19,U07047
2025-07-19,U07047
2025-07-21,U07047
2025-07-09,U07048
2025-07-24,U07048
2025-05-30,U07049
2025-06-25,U07049
2025-07-01,U07049
2025-06-01,U07050
2025-06-03,U07050
2025-06-10,U07050
2025-06-15,U07050
2025-06-21,U07050
2025-08-16,U07050
2025-05-30,U07051
2025-06-04,U07052
2025-06-06,U07052
2025-06-07,U07052
2025-06-12,U07052
2025-06-17,U07052
2025-06-21,U07052
2025-06-21,U07052
2025-07-03,U07052
2025-07-25,U07053
2025-07-30,U07053
2025-05-18,U07054
2025-06-03,U07054
2025-06-14,U07054
2025-06-18,U07054
2025-05-23,U07055
2025-06-01,U07055
2025-06-02,U07055
2025-06-04,U07055
2025-06-07,U07055
2025-06-21,U07055
2025-06-26,U07055
2025-08-15,U07055
2025-05-26,U07056
2025-05-30,U07056
2025-06-01,U07056
2025-06-11,U07056
2025-06-11,U07056
2025-06-13,U07056
2025-06-17,U07056
2025-06-24,U07056
2025-05-18,U07057
2025-05-21,U07057
2025-06-02,U07057
2025-06-03,U07057
2025-07-23,U07058
2025-07-29,U07058
2025-08-01,U07058
2025-06-10,U07059
2025-06-11,U07059
2025-05-17,U07060
2025-08-21,U07060
2025-06-16,U07061
2025-06-19,U07061
2025-07-12,U07061
2025-07-23,U07062
2025-07-23,U07062
2025-07-25,U07062
2025-07-26,U07062
2025-07-27,U07062
2025-07-29,U07062
2025-05-17,U07063
2025-07-02,U07064
2025-07-18,U07064
2025-07-21,U07064
2025-07-22,U07064
2025-06-16,U07065
2025-06-26,U07065
2025-06-27,U07065
2025-07-04,U07065
2025-07-06,U07065
2025-07-09,U07065
2025-06-20,U07066
2025-06-28,U07066
2025-07-01,U07066
2025-07-07,U07066
2025-07-09,U07066
2025-07-11,U07066
2025-07-20,U07067
2025-07-31,U07067
2025-05-31,U07068
2025-06-07,U07068
2025-06-14,U07068
2025-06-16,U07068
2025-06-23,U07068
2025-06-29,U07068
2025-07-04,U07068
2025-07-06,U07068
2025-07-07,U07068
2025-05-18,U07069
2025-05-20,U07069
2025-05-21,U07069
2025-05-25,U07069
2025-06-08,U07069
2025-06-16,U07069
2025-06-17,U07069
2025-06-24,U07069
2025-07-06,U07070
2025-07-08,U07070
2025-07-09,U07070
2025-07-16,U07070
2025-07-16,U07070
2025-07-17,U07070
2025-07-18,U07070
2025-07-23,U07070
2025-07-24,U07070
2025-07-25,U07070
2025-07-15,U07071
2025-07-23,U07071
2025-07-06,U07072
2025-07-06,U07072
2025-07-06,U07072
2025-07-07,U07072
2025-07-07,U07072
2025-07-11,U07072
2025-07-12,U07072
2025-07-15,U07072
2025-07-17,U07072
2025-07-24,U07072
2025-06-04,U07073
2025-06-10,U07073
2025-06-17,U07073
2025-06-25,U07073
2025-07-13,U07074
2025-07-13,U07074
2025-07-14,U07074
2025-07-15,U07074
2025-07-19,U07074
2025-07-20,U07074
2025-07-24,U07074
2025-07-27,U07074
2025-06-15,U07075
2025-06-18,U07075
2025-06-21,U07075
2025-06-23,U07075
2025-07-01,U07075
2025-07-09,U07075
2025-07-13,U07075
2025-07-15,U07075
2025-06-14,U07076
2025-06-15,U07076
2025-06-27,U07076
2025-06-29,U07076
2025-07-05,U07076
2025-07-13,U07076
2025-07-24,U07077
2025-07-25,U07077
2025-07-31,U07077
2025-08-01,U07077
2025-07-17,U07078
2025-07-17,U07078
2025-07-25,U07078
2025-07-27,U07078
2025-05-30,U07079
2025-06-04,U07079
2025-06-08,U07080
2025-06-13,U07080
2025-06-18,U07080
2025-06-20,U07080
2025-06-29,U07080
2025-07-11,U07080
2025-07-28,U07081
2025-07-29,U07081
2025-08-01,U07081
2025-06-11,U07082
2025-06-18,U07082
2025-06-18,U07082
2025-06-21,U07082
2025-06-25,U07082
2025-05-20,U07083
2025-06-08,U07083
2025-06-15,U07083
2025-06-28,U07083
2025-05-17,U07084
2025-05-18,U07084
2025-05-20,U07084
2025-06-12,U07084
2025-06-12,U07084
2025-06-14,U07084
2025-06-17,U07084
2025-08-16,U07084
2025-07-07,U07085
2025-07-10,U07085
2025-07-21,U07085
2025-07-03,U07086
2025-07-08,U07086
2025-07-12,U07086
2025-07-15,U07086
2025-07-16,U07086
2025-07-19,U07086
2025-05-17,U07087
2025-06-04,U07088
2025-06-05,U07088
2025-06-16,U07088
2025-06-22,U07088
2025-07-02,U07088
2025-07-04,U07088
2025-07-16,U07089
2025-07-22,U07089
2025-07-22,U07089
2025-07-27,U07089
2025-06-12,U07090
2025-06-12,U07090
2025-06-17,U07090
2025-06-29,U07090
2025-07-06,U07090
2025-07-08,U07090
2025-07-10,U07090
2025-07-22,U07091
2025-07-28,U07091
2025-07-31,U07091
2025-08-16,U07091
2025-06-27,U07092
2025-07-18,U07092
2025-05-21,U07093
2025-05-29,U07093
2025-06-03,U07094
2025-06-04,U07095
2025-06-05,U07095
2025-06-09,U07095
2025-07-02,U07095
2025-07-03,U07095
2025-07-05,U07095
2025-07-06,U07095
2025-07-07,U07095
2025-07-15,U07096
2025-07-18,U07096
2025-07-20,U07096
2025-07-22,U07096
2025-07-29,U07096
2025-08-16,U07096
2025-07-10,U07097
2025-07-16,U07097
2025-05-20,U07098
2025-05-21,U07098
2025-05-26,U07098
2025-06-02,U07098
2025-06-04,U07098
2025-06-21,U07098
2025-06-30,U07098
2025-07-01,U07098
2025-07-02,U07098
2025-07-07,U07099
2025-07-15,U07099
2025-07-16,U07099
2025-07-21,U07099
2025-07-26,U07099
2025-07-09,U07100
2025-07-10,U07100
2025-07-10,U07100
2025-07-13,U07100
2025-07-19,U07100
2025-07-21,U07100
2025-07-22,U07100
2025-07-26,U07100
2025-07-08,U07101
2025-07-17,U07101
2025-07-19,U07101
2025-07-22,U07101
2025-07-23,U07101
2025-07-25,U07101
2025-07-01,U07102
2025-07-04,U07102
2025-07-04,U07102
2025-07-05,U07102
2025-07-06,U07102
2025-07-11,U07102
2025-07-18,U07102
2025-07-19,U07102
2025-07-22,U07102
2025-06-11,U07103
2025-06-12,U07103
2025-06-13,U07103
2025-05-31,U07104
2025-07-07,U07105
2025-07-12,U07105
2025-07-15,U07105
2025-07-21,U07105
2025-07-23,U07105
2025-07-26,U07105
2025-05-19,U07106
2025-05-28,U07106
2025-05-29,U07106
2025-06-12,U07106
2025-06-19,U07106
2025-07-01,U07106
2025-05-21,U07107
2025-05-30,U07107
2025-06-19,U07107
2025-06-24,U07107
2025-07-04,U07108
2025-07-07,U07108
2025-07-11,U07108
2025-07-12,U07108
2025-07-12,U07108
2025-07-12,U07108
2025-07-14,U07108
2025-07-19,U07108
2025-07-20,U07108
2025-07-24,U07108
2025-05-21,U07109
2025-07-01,U07109
2025-06-30,U07110
2025-07-10,U07110
2025-07-13,U07110
2025-07-14,U07110
2025-07-16,U07110
2025-07-17,U07110
2025-07-21,U07110
2025-07-22,U07110
2025-06-29,U07111
2025-06-29,U07111
2025-07-01,U07111
2025-07-05,U07111
2025-07-19,U07111
2025-07-21,U07111
2025-06-01,U07112
2025-06-06,U07112
2025-06-12,U07112
2025-06-04,U07113
2025-06-12,U07113
2025-06-18,U07113
2025-06-22,U07113
2025-06-25,U07113
2025-07-04,U07113
2025-07-06,U07114
2025-07-06,U07114
2025-07-13,U07114
2025-05-17,U07115
2025-07-10,U07116
2025-07-19,U07116
2025-07-21,U07116
2025-07-22,U07116
2025-07-23,U07116
2025-06-12,U07117
2025-06-15,U07117
2025-05-17,U07118
2025-05-17,U07118
2025-05-24,U07118
2025-05-29,U07118
2025-06-05,U07118
2025-06-06,U07118
2025-06-22,U07118
2025-06-22,U07118
2025-06-30,U07118
2025-06-22,U07119
2025-07-10,U07119
2025-07-11,U07119
2025-07-16,U07119
2025-07-13,U07120
2025-07-15,U07120
2025-07-19,U07120
2025-07-19,U07120
2025-07-19,U07120
2025-07-27,U07120
2025-07-28,U07120
2025-07-29,U07120
2025-07-05,U07121
2025-07-06,U07121
2025-07-21,U07121
2025-07-21,U07121
2025-07-23,U07121
2025-07-06,U07122
2025-07-07,U07122
2025-07-14,U07122
2025-07-17,U07122
2025-07-18,U07122
2025-07-18,U07122
2025-07-24,U07122
2025-07-25,U07122
2025-07-13,U07123
2025-07-14,U07123
2025-07-19,U07123
2025-07-20,U07123
2025-07-20,U07123
2025-07-24,U07123
2025-07-28,U07123
2025-07-29,U07123
2025-05-24,U07124
2025-06-07,U07124
2025-06-18,U07125
2025-06-24,U07125
2025-06-25,U07125
2025-07-14,U07125
2025-06-07,U07126
2025-06-22,U07126
2025-07-08,U07126
2025-07-09,U07126
2025-05-22,U07127
2025-05-24,U07127
2025-05-25,U07127
2025-05-26,U07127
2025-06-18,U07127
2025-06-26,U07127
2025-05-17,U07128
2025-05-29,U07128
2025-06-03,U07128
2025-06-09,U07128
2025-06-22,U07128
2025-06-17,U07129
2025-06-22,U07129
2025-06-25,U07129
2025-07-01,U07129
2025-07-05,U07129
2025-07-12,U07129
2025-07-13,U07129
2025-05-21,U07130
2025-06-19,U07131
2025-06-26,U07131
2025-06-30,U07131
2025-07-09,U07131
2025-07-13,U07131
2025-06-06,U07132
2025-06-17,U07132
2025-05-25,U07133
2025-05-26,U07133
2025-05-27,U07133
2025-06-01,U07133
2025-06-08,U07133
2025-06-10,U07133
2025-07-21,U07134
2025-07-22,U07134
2025-07-24,U07134
2025-07-25,U07134
2025-07-25,U07134
2025-07-25,U07134
2025-07-27,U07134
2025-07-30,U07134
2025-08-01,U07134
2025-06-17,U07135
2025-06-21,U07135
2025-06-29,U07135
2025-07-04,U07135
2025-07-11,U07135
2025-07-14,U07135
2025-07-15,U07135
2025-07-16,U07135
2025-05-17,U07136
2025-05-30,U07136
2025-06-03,U07136
2025-06-06,U07136
2025-06-10,U07136
2025-06-16,U07136
2025-06-03,U07137
2025-07-05,U07137
2025-07-06,U07137
2025-07-13,U07138
2025-07-19,U07138
2025-07-24,U07138
2025-07-28,U07138
2025-08-18,U07138
2025-05-17,U07139
2025-05-21,U07139
2025-06-07,U07139
2025-08-15,U07139
2025-06-24,U07140
2025-07-04,U07140
2025-07-17,U07140
2025-08-21,U07140
2025-06-10,U07141
2025-06-16,U07141
2025-07-10,U07141
2025-05-26,U07142
2025-06-03,U07143
2025-06-04,U07143
2025-06-10,U07143
2025-06-15,U07143
2025-07-09,U07143
2025-07-21,U07144
2025-07-22,U07144
2025-07-22,U07144
2025-07-23,U07144
2025-07-24,U07144
2025-07-24,U07144
2025-07-29,U07144
2025-07-29,U07144
2025-07-30,U07144
2025-08-01,U07144
2025-06-14,U07145
2025-07-11,U07145
2025-06-06,U07146
2025-06-18,U07147
2025-06-23,U07147
2025-06-26,U07147
2025-07-10,U07147
2025-07-22,U07148
2025-07-29,U07148
2025-05-17,U07149
2025-06-16,U07149
2025-06-18,U07149
2025-06-27,U07149
2025-07-23,U07150
2025-07-28,U07150
2025-08-01,U07150
2025-06-29,U07151
2025-07-15,U07151
2025-07-18,U07151
2025-05-17,U07152
2025-06-15,U07153
2025-06-15,U07153
2025-06-19,U07153
2025-06-19,U07153
2025-06-28,U07153
2025-06-29,U07153
2025-07-07,U07153
2025-07-09,U07153
2025-07-13,U07153
2025-07-15,U07153
2025-06-13,U07154
2025-06-14,U07154
2025-06-14,U07154
2025-06-18,U07154
2025-07-09,U07154
2025-07-13,U07154
2025-07-13,U07154
2025-07-14,U07154
2025-06-02,U07155
2025-07-03,U07156
2025-07-06,U07156
2025-07-14,U07156
2025-07-17,U07156
2025-07-20,U07156
2025-07-20,U07156
2025-07-23,U07156
2025-06-21,U07157
2025-06-22,U07157
2025-06-24,U07157
2025-06-24,U07157
2025-06-30,U07157
2025-07-01,U07157
2025-07-03,U07157
2025-07-11,U07157
2025-07-17,U07157
2025-06-13,U07158
2025-06-21,U07158
2025-06-21,U07158
2025-06-23,U07158
2025-06-25,U07158
2025-06-27,U07158
2025-07-01,U07158
2025-07-03,U07158
2025-07-12,U07158
2025-07-13,U07158
2025-06-16,U07159
2025-06-18,U07160
2025-07-09,U07160
2025-07-16,U07160
2025-08-20,U07160
2025-05-17,U07161
2025-06-07,U07162
2025-06-07,U07162
2025-06-10,U07162
2025-06-11,U07162
2025-06-13,U07162
2025-06-23,U07162
2025-06-28,U07162
2025-07-07,U07162
2025-07-11,U07162
2025-05-20,U07163
2025-06-01,U07163
2025-06-10,U07163
2025-06-15,U07163
2025-06-19,U07163
2025-07-01,U07163
2025-07-19,U07164
2025-07-23,U07164
2025-07-25,U07164
2025-07-30,U07164
2025-08-01,U07164
2025-05-30,U07165
2025-06-07,U07166
2025-06-10,U07166
2025-06-20,U07166
2025-06-24,U07166
2025-07-09,U07166
2025-07-09,U07166
2025-07-10,U07166
2025-08-15,U07166
2025-07-13,U07167
2025-07-17,U07167
2025-07-18,U07167
2025-07-24,U07167
2025-07-25,U07167
2025-07-27,U07167
2025-07-27,U07167
2025-07-29,U07167
2025-06-11,U07168
2025-07-08,U07168
2025-05-17,U07169
2025-05-18,U07169
2025-05-29,U07169
2025-05-30,U07169
2025-06-10,U07169
2025-06-21,U07169
2025-08-21,U07169
2025-06-12,U07170
2025-06-22,U07170
2025-06-22,U07170
2025-07-02,U07170
2025-07-08,U07170
2025-05-17,U07171
2025-08-19,U07171
2025-05-21,U07172
2025-05-22,U07172
2025-06-04,U07172
2025-06-05,U07172
2025-06-11,U07173
2025-06-12,U07173
2025-06-14,U07173
2025-06-14,U07173
2025-06-23,U07173
2025-06-28,U07173
2025-07-01,U07173
2025-07-01,U07173
2025-07-02,U07173
2025-07-05,U07173
2025-08-19,U07173
2025-05-17,U07174
2025-06-12,U07175
2025-06-15,U07175
2025-06-21,U07175
2025-07-05,U07175
2025-07-05,U07175
2025-07-08,U07175
2025-07-12,U07175
2025-05-17,U07176
2025-07-15,U07177
2025-07-18,U07177
2025-07-21,U07177
2025-07-23,U07177
2025-07-24,U07177
2025-07-26,U07177
2025-07-29,U07177
2025-07-29,U07177
2025-07-30,U07177
2025-07-19,U07178
2025-07-30,U07178
2025-05-19,U07179
2025-07-24,U07180
2025-07-24,U07180
2025-07-24,U07180
2025-07-28,U07180
2025-07-29,U07180
2025-07-29,U07180
2025-07-31,U07180
2025-07-17,U07181
2025-07-20,U07181
2025-07-20,U07181
2025-07-21,U07181
2025-07-23,U07181
2025-07-26,U07181
2025-07-30,U07181
2025-06-11,U07182
2025-07-03,U07183
2025-07-06,U07183
2025-07-10,U07183
2025-07-11,U07183
2025-07-16,U07183
2025-07-17,U07183
2025-07-17,U07183
2025-07-17,U07183
2025-07-23,U07183
2025-08-18,U07183
2025-05-24,U07184
2025-05-30,U07184
2025-06-06,U07184
2025-06-11,U07185
2025-06-13,U07185
2025-06-28,U07185
2025-07-12,U07185
2025-07-19,U07186
2025-07-21,U07186
2025-07-23,U07186
2025-07-24,U07186
2025-07-25,U07186
2025-07-26,U07186
2025-08-01,U07186
2025-06-01,U07187
2025-06-04,U07187
2025-06-06,U07187
2025-06-19,U07187
2025-06-30,U07187
2025-07-03,U07187
2025-06-14,U07188
2025-06-24,U07188
2025-07-01,U07188
2025-07-01,U07188
2025-07-03,U07188
2025-07-11,U07188
2025-07-19,U07189
2025-07-21,U07189
2025-07-24,U07189
2025-07-29,U07189
2025-07-21,U07190
2025-07-24,U07190
2025-07-27,U07190
2025-08-01,U07190
2025-08-17,U07190
2025-06-10,U07191
2025-07-01,U07191
2025-07-03,U07191
2025-07-10,U07191
2025-07-19,U07192
2025-07-21,U07192
2025-07-23,U07192
2025-07-26,U07192
2025-07-30,U07192
2025-06-25,U07193
2025-07-02,U07193
2025-05-18,U07194
2025-06-02,U07194
2025-06-06,U07194
2025-06-28,U07194
2025-06-03,U07195
2025-06-04,U07195
2025-06-11,U07195
2025-06-11,U07195
2025-06-12,U07195
2025-06-19,U07195
2025-07-04,U07195
2025-07-04,U07195
2025-07-05,U07195
2025-06-12,U07196
2025-06-13,U07196
2025-06-24,U07196
2025-06-29,U07197
2025-07-12,U07197
2025-07-22,U07197
2025-06-11,U07198
2025-06-15,U07198
2025-06-16,U07198
2025-06-27,U07198
2025-06-29,U07198
2025-07-04,U07198
2025-07-05,U07198
2025-07-08,U07198
2025-07-13,U07198
2025-05-17,U07199
2025-06-01,U07200
2025-07-03,U07200
2025-05-17,U07201
2025-06-30,U07202
2025-07-05,U07202
2025-07-05,U07202
2025-07-07,U07202
2025-07-09,U07202
2025-07-10,U07202
2025-07-12,U07202
2025-07-18,U07202
2025-07-21,U07202
2025-06-26,U07203
2025-06-27,U07203
2025-07-03,U07203
2025-07-05,U07203
2025-07-06,U07203
2025-07-12,U07203
2025-07-16,U07203
2025-07-16,U07203
2025-07-20,U07203
2025-07-17,U07204
2025-07-29,U07204
2025-05-21,U07205
2025-05-21,U07205
2025-05-30,U07205
2025-06-24,U07205
2025-07-19,U07206
2025-07-19,U07206
2025-07-21,U07206
2025-07-25,U07206
2025-07-29,U07206
2025-07-29,U07206
2025-07-31,U07206
2025-06-17,U07207
2025-06-23,U07207
2025-07-07,U07207
2025-07-15,U07207
2025-07-02,U07208
2025-07-06,U07208
2025-07-06,U07208
2025-07-12,U07208
2025-07-22,U07208
2025-07-11,U07209
2025-07-15,U07209
2025-07-16,U07209
2025-07-21,U07209
2025-07-22,U07209
2025-07-24,U07209
2025-07-25,U07209
2025-07-28,U07209
2025-07-02,U07210
2025-07-06,U07210
2025-07-09,U07210
2025-07-13,U07210
2025-07-14,U07210
2025-07-14,U07210
2025-07-17,U07210
2025-07-18,U07210
2025-07-21,U07210
2025-07-22,U07210
2025-06-11,U07211
2025-06-14,U07211
2025-06-15,U07211
2025-06-20,U07211
2025-06-22,U07211
2025-06-28,U07211
2025-07-03,U07211
2025-07-03,U07211
2025-07-04,U07211
2025-07-13,U07211
2025-06-18,U07212
2025-06-21,U07212
2025-06-22,U07212
2025-07-02,U07212
2025-07-07,U07212
2025-07-13,U07212
2025-07-13,U07212
2025-07-14,U07212
2025-07-13,U07213
2025-07-13,U07213
2025-07-15,U07213
2025-07-16,U07213
2025-07-16,U07213
2025-07-17,U07213
2025-07-28,U07213
2025-07-13,U07214
2025-07-14,U07214
2025-07-02,U07215
2025-07-07,U07215
2025-07-21,U07216
2025-07-30,U07216
2025-05-17,U07217
2025-06-01,U07217
2025-06-08,U07217
2025-06-10,U07217
2025-06-17,U07217
2025-07-16,U07218
2025-07-25,U07218
2025-06-30,U07219
2025-07-10,U07219
2025-07-12,U07219
2025-07-14,U07219
2025-07-19,U07219
2025-07-20,U07219
2025-07-21,U07219
2025-07-14,U07220
2025-07-21,U07220
2025-07-21,U07220
2025-07-28,U07220
2025-07-10,U07221
2025-07-13,U07221
2025-07-18,U07221
2025-07-20,U07221
2025-07-23,U07221
2025-07-25,U07221
2025-07-26,U07221
2025-05-23,U07222
2025-05-31,U07222
2025-06-08,U07222
2025-06-10,U07222
2025-06-12,U07222
2025-07-20,U07223
2025-07-21,U07223
2025-07-29,U07223
2025-08-01,U07223
2025-05-28,U07224
2025-05-29,U07224
2025-06-05,U07224
2025-06-21,U07224
2025-06-22,U07224
2025-06-28,U07224
2025-06-19,U07225
2025-06-24,U07225
2025-07-01,U07225
2025-07-01,U07225
2025-07-03,U07225
2025-07-05,U07225
2025-07-10,U07225
2025-07-11,U07225
2025-07-14,U07225
2025-07-15,U07225
2025-07-12,U07226
2025-07-17,U07226
2025-07-20,U07226
2025-07-24,U07226
2025-07-26,U07226
2025-08-20,U07226
2025-07-11,U07227
2025-07-18,U07227
2025-08-17,U07227
2025-07-19,U07228
2025-07-24,U07228
2025-07-31,U07228
2025-05-25,U07229
2025-07-07,U07230
2025-07-17,U07230
2025-07-18,U07230
2025-07-19,U07230
2025-07-23,U07230
2025-06-16,U07231
2025-06-18,U07231
2025-06-28,U07231
2025-07-05,U07231
2025-07-09,U07231
2025-07-04,U07232
2025-07-12,U07232
2025-07-19,U07232
2025-07-20,U07232
2025-07-20,U07232
2025-07-24,U07232
2025-06-05,U07233
2025-06-07,U07233
2025-06-13,U07233
2025-06-24,U07233
2025-07-05,U07233
2025-07-06,U07233
2025-07-06,U07233
2025-07-06,U07233
2025-07-08,U07233
2025-07-08,U07234
2025-07-13,U07234
2025-07-14,U07234
2025-07-14,U07234
2025-07-25,U07234
2025-07-10,U07235
2025-07-14,U07235
2025-06-21,U07236
2025-05-22,U07237
2025-05-23,U07237
2025-06-08,U07237
2025-06-08,U07237
2025-06-17,U07237
2025-06-22,U07237
2025-06-30,U07237
2025-06-29,U07238
2025-07-01,U07238
2025-07-01,U07238
2025-07-03,U07238
2025-07-03,U07238
2025-07-05,U07238
2025-07-11,U07238
2025-07-12,U07238
2025-07-20,U07238
2025-07-22,U07238
2025-06-25,U07239
2025-07-10,U07239
2025-07-17,U07239
2025-07-17,U07240
2025-07-19,U07240
2025-07-02,U07241
2025-07-08,U07241
2025-07-09,U07241
2025-07-09,U07241
2025-07-11,U07241
2025-07-15,U07241
2025-07-17,U07241
2025-07-21,U07241
2025-07-22,U07241
2025-07-23,U07241
2025-06-17,U07242
2025-06-23,U07242
2025-07-11,U07242
2025-07-13,U07242
2025-07-16,U07242
2025-07-13,U07243
2025-07-17,U07243
2025-07-20,U07243
2025-07-20,U07243
2025-07-23,U07243
2025-07-25,U07243
2025-07-26,U07243
2025-06-10,U07244
2025-06-11,U07244
2025-06-15,U07244
2025-06-18,U07244
2025-06-28,U07244
2025-06-30,U07244
2025-07-02,U07244
2025-07-04,U07244
2025-07-08,U07244
2025-07-11,U07244
2025-05-20,U07245
2025-06-20,U07245
2025-05-21,U07246
2025-06-02,U07246
2025-06-04,U07246
2025-06-19,U07246
2025-08-15,U07246
2025-05-25,U07247
2025-06-03,U07247
2025-06-06,U07247
2025-06-13,U07247
2025-06-18,U07247
2025-06-21,U07247
2025-08-15,U07247
2025-07-09,U07248
2025-07-10,U07248
2025-07-14,U07248
2025-07-16,U07248
2025-07-17,U07248
2025-07-17,U07248
2025-07-19,U07248
2025-07-23,U07248
2025-07-23,U07248
2025-07-26,U07248
2025-07-03,U07249
2025-07-12,U07249
2025-07-16,U07249
2025-07-17,U07249
2025-07-22,U07249
2025-07-24,U07249
2025-07-01,U07250
2025-07-04,U07250
2025-07-08,U07250
2025-07-10,U07250
2025-07-11,U07250
2025-07-11,U07250
2025-07-15,U07250
2025-07-18,U07250
2025-07-22,U07250
2025-07-23,U07250
2025-07-06,U07251
2025-07-12,U07251
2025-07-13,U07251
2025-07-19,U07251
2025-07-20,U07251
2025-08-16,U07251
2025-06-07,U07252
2025-07-11,U07252
2025-06-27,U07253
2025-06-30,U07253
2025-07-05,U07253
2025-07-11,U07253
2025-07-13,U07253
2025-07-14,U07253
2025-07-16,U07253
2025-07-16,U07253
2025-07-21,U07253
2025-06-30,U07254
2025-07-02,U07254
2025-07-14,U07254
2025-07-16,U07254
2025-07-21,U07254
2025-05-22,U07255
2025-05-23,U07255
2025-05-24,U07255
2025-06-08,U07255
2025-06-13,U07255
2025-06-17,U07255
2025-06-20,U07255
2025-06-24,U07255
2025-06-26,U07255
2025-07-03,U07255
2025-06-14,U07256
2025-06-17,U07256
2025-06-18,U07256
2025-06-23,U07256
2025-06-24,U07256
2025-06-29,U07256
2025-07-11,U07256
2025-07-12,U07256
2025-08-17,U07256
2025-05-23,U07257
2025-05-24,U07257
2025-05-25,U07257
2025-06-09,U07257
2025-06-29,U07258
2025-07-08,U07258
2025-07-10,U07258
2025-07-10,U07258
2025-07-11,U07258
2025-07-14,U07258
2025-07-14,U07258
2025-07-16,U07258
2025-07-22,U07258
2025-07-11,U07259
2025-07-14,U07259
2025-07-15,U07259
2025-07-16,U07259
2025-07-16,U07259
2025-07-24,U07259
2025-07-25,U07259
2025-07-25,U07259
2025-07-26,U07259
2025-07-28,U07259
2025-07-07,U07260
2025-07-20,U07260
2025-05-20,U07261
2025-05-22,U07261
2025-05-26,U07261
2025-06-09,U07261
2025-06-11,U07261
2025-06-13,U07261
2025-05-29,U07262
2025-06-29,U07262
2025-07-07,U07263
2025-07-17,U07263
2025-07-21,U07263
2025-07-23,U07263
2025-07-25,U07263
2025-05-17,U07264
2025-05-18,U07264
2025-05-21,U07264
2025-05-21,U07264
2025-06-05,U07264
2025-06-16,U07264
2025-07-06,U07265
2025-07-16,U07265
2025-07-19,U07265
2025-07-21,U07265
2025-07-21,U07265
2025-07-22,U07265
2025-07-23,U07265
2025-07-24,U07265
2025-07-08,U07266
2025-07-11,U07266
2025-07-13,U07266
2025-07-17,U07266
2025-07-21,U07266
2025-07-26,U07266
2025-05-25,U07267
2025-05-29,U07267
2025-06-01,U07267
2025-06-05,U07267
2025-05-17,U07268
2025-06-08,U07269
2025-06-10,U07269
2025-06-12,U07269
2025-07-10,U07269
2025-06-16,U07270
2025-06-03,U07271
2025-06-11,U07271
2025-06-18,U07271
2025-06-26,U07271
2025-06-30,U07271
2025-07-01,U07271
2025-07-02,U07271
2025-07-09,U07271
2025-07-17,U07272
2025-07-24,U07272
2025-07-28,U07272
2025-07-16,U07273
2025-07-22,U07273
2025-07-23,U07273
2025-07-28,U07273
2025-07-30,U07273
2025-07-17,U07274
2025-07-17,U07274
2025-07-19,U07274
2025-07-21,U07274
2025-07-22,U07274
2025-07-25,U07274
2025-07-27,U07274
2025-07-27,U07274
2025-07-29,U07274
2025-06-29,U07275
2025-07-02,U07275
2025-07-10,U07275
2025-07-14,U07275
2025-07-17,U07275
2025-05-17,U07276
2025-07-28,U07277
2025-08-01,U07277
2025-05-17,U07278
2025-07-20,U07279
2025-07-21,U07279
2025-07-21,U07279
2025-07-21,U07279
2025-07-22,U07279
2025-07-24,U07279
2025-07-25,U07279
2025-07-30,U07279
2025-08-19,U07279
2025-07-14,U07280
2025-07-15,U07280
2025-07-16,U07280
2025-07-16,U07280
2025-07-22,U07280
2025-07-25,U07280
2025-07-27,U07280
2025-07-21,U07281
2025-08-01,U07281
2025-06-09,U07282
2025-05-17,U07283
2025-08-20,U07283
2025-07-19,U07284
2025-07-19,U07284
2025-07-21,U07284
2025-07-24,U07284
2025-07-27,U07284
2025-07-29,U07284
2025-07-30,U07284
2025-07-30,U07284
2025-08-01,U07284
2025-07-10,U07285
2025-07-26,U07285
2025-05-29,U07286
2025-05-30,U07286
2025-06-05,U07286
2025-06-10,U07286
2025-06-16,U07286
2025-06-17,U07287
2025-06-30,U07287
2025-07-03,U07287
2025-07-07,U07287
2025-07-11,U07287
2025-07-12,U07287
2025-07-16,U07287
2025-06-09,U07288
2025-06-19,U07288
2025-06-27,U07288
2025-06-28,U07288
2025-07-04,U07288
2025-07-11,U07288
2025-06-17,U07289
2025-06-21,U07289
2025-06-30,U07289
2025-07-09,U07289
2025-07-14,U07289
2025-07-15,U07289
2025-07-16,U07289
2025-07-21,U07290
2025-07-22,U07290
2025-07-23,U07290
2025-07-27,U07290
2025-07-27,U07290
2025-07-28,U07290
2025-07-29,U07290
2025-07-31,U07290
2025-07-13,U07291
2025-07-15,U07291
2025-07-19,U07291
2025-07-19,U07291
2025-07-22,U07291
2025-07-24,U07291
2025-07-12,U07292
2025-07-18,U07292
2025-07-21,U07292
2025-07-28,U07292
2025-06-13,U07293
2025-06-14,U07293
2025-06-18,U07293
2025-06-22,U07293
2025-06-23,U07293
2025-07-01,U07293
2025-06-30,U07294
2025-07-06,U07294
2025-07-11,U07294
2025-07-15,U07294
2025-07-20,U07294
2025-07-22,U07294
2025-07-10,U07295
2025-07-13,U07295
2025-05-24,U07296
2025-06-11,U07296
2025-08-15,U07296
2025-07-13,U07297
2025-07-14,U07297
2025-07-16,U07297
2025-07-18,U07297
2025-07-19,U07297
2025-07-22,U07297
2025-07-22,U07297
2025-07-28,U07297
2025-06-01,U07298
2025-06-06,U07298
2025-06-10,U07298
2025-06-12,U07298
2025-06-18,U07298
2025-06-29,U07298
2025-07-06,U07298
2025-07-07,U07298
2025-05-30,U07299
2025-06-17,U07299
2025-06-02,U07300
2025-06-24,U07300
2025-07-21,U07301
2025-07-28,U07301
2025-07-29,U07301
2025-05-22,U07302
2025-05-28,U07302
2025-05-31,U07302
2025-06-04,U07302
2025-06-07,U07302
2025-06-20,U07302
2025-07-02,U07302
2025-06-08,U07303
2025-06-23,U07303
2025-06-06,U07304
2025-06-09,U07304
2025-06-10,U07304
2025-06-14,U07304
2025-06-15,U07304
2025-06-17,U07304
2025-06-18,U07304
2025-06-21,U07304
2025-07-08,U07304
2025-07-09,U07304
2025-06-21,U07305
2025-06-22,U07305
2025-07-01,U07305
2025-07-03,U07305
2025-07-09,U07305
2025-07-13,U07305
2025-07-14,U07305
2025-07-15,U07305
2025-07-16,U07305
2025-07-18,U07305
2025-07-23,U07306
2025-07-31,U07306
2025-07-07,U07307
2025-07-18,U07307
2025-07-19,U07307
2025-07-23,U07307
2025-07-25,U07307
2025-06-01,U07308
2025-06-25,U07309
2025-06-26,U07309
2025-06-30,U07309
2025-07-06,U07309
2025-07-09,U07309
2025-07-09,U07309
2025-07-12,U07309
2025-07-12,U07309
2025-07-15,U07309
2025-07-20,U07309
2025-06-25,U07310
2025-06-29,U07310
2025-06-30,U07310
2025-07-05,U07310
2025-07-07,U07310
2025-07-09,U07310
2025-07-14,U07310
2025-07-15,U07310
2025-07-19,U07310
2025-07-11,U07311
2025-07-17,U07311
2025-07-19,U07311
2025-07-22,U07311
2025-07-26,U07311
2025-07-27,U07311
2025-07-28,U07311
2025-07-16,U07312
2025-07-19,U07312
2025-07-23,U07312
2025-07-26,U07312
2025-07-30,U07312
2025-06-24,U07313
2025-06-25,U07313
2025-06-27,U07313
2025-06-28,U07313
2025-06-29,U07313
2025-07-01,U07313
2025-07-01,U07313
2025-07-07,U07313
2025-07-13,U07313
2025-07-16,U07313
2025-08-19,U07313
2025-05-17,U07314
2025-05-29,U07315
2025-06-05,U07315
2025-06-15,U07315
2025-06-20,U07315
2025-05-26,U07316
2025-05-27,U07316
2025-05-31,U07316
2025-06-01,U07316
2025-06-26,U07316
2025-05-24,U07317
2025-05-29,U07317
2025-05-17,U07318
2025-05-29,U07318
2025-06-03,U07318
2025-06-05,U07318
2025-06-12,U07318
2025-06-23,U07318
2025-06-23,U07318
2025-06-28,U07318
2025-06-29,U07318
2025-05-20,U07319
2025-05-30,U07319
2025-05-31,U07319
2025-06-03,U07319
2025-06-13,U07319
2025-05-17,U07320
2025-06-24,U07321
2025-06-06,U07322
2025-06-07,U07322
2025-06-11,U07322
2025-06-18,U07322
2025-07-01,U07322
2025-07-07,U07322
2025-08-17,U07322
2025-07-11,U07323
2025-07-12,U07323
2025-07-12,U07323
2025-07-13,U07323
2025-07-16,U07323
2025-07-18,U07323
2025-07-19,U07323
2025-07-20,U07323
2025-07-28,U07323
2025-05-26,U07324
2025-05-28,U07324
2025-05-30,U07324
2025-06-03,U07324
2025-06-13,U07324
2025-06-25,U07324
2025-06-25,U07324
2025-06-29,U07324
2025-07-03,U07324
2025-06-10,U07325
2025-07-11,U07326
2025-07-12,U07326
2025-07-19,U07326
2025-07-23,U07326
2025-07-26,U07326
2025-08-19,U07326
2025-06-27,U07327
2025-07-01,U07327
2025-07-03,U07327
2025-07-08,U07327
2025-07-09,U07327
2025-07-19,U07327
2025-07-21,U07327
2025-07-01,U07328
2025-07-02,U07328
2025-07-04,U07328
2025-07-13,U07328
2025-07-21,U07328
2025-07-23,U07328
2025-06-02,U07329
2025-06-06,U07329
2025-06-07,U07329
2025-06-30,U07329
2025-07-05,U07329
2025-08-19,U07329
2025-05-31,U07330
2025-06-05,U07330
2025-06-01,U07331
2025-06-03,U07331
2025-06-06,U07331
2025-06-19,U07331
2025-06-22,U07331
2025-06-25,U07331
2025-07-08,U07331
2025-07-14,U07332
2025-07-15,U07332
2025-07-20,U07332
2025-07-23,U07332
2025-07-29,U07332
2025-07-24,U07333
2025-07-30,U07333
2025-05-26,U07334
2025-06-11,U07334
2025-06-12,U07334
2025-06-22,U07334
2025-06-24,U07334
2025-06-26,U07334
2025-06-21,U07335
2025-06-24,U07335
2025-06-24,U07335
2025-06-27,U07335
2025-07-05,U07335
2025-07-06,U07335
2025-07-08,U07335
2025-07-14,U07335
2025-07-15,U07335
2025-06-28,U07336
2025-06-29,U07336
2025-07-05,U07336
2025-07-12,U07336
2025-07-15,U07336
2025-07-15,U07336
2025-07-21,U07336
2025-05-29,U07337
2025-05-29,U07338
2025-05-30,U07338
2025-06-10,U07338
2025-06-11,U07338
2025-06-15,U07338
2025-06-27,U07338
2025-06-29,U07338
2025-07-01,U07338
2025-06-07,U07339
2025-06-08,U07339
2025-07-08,U07339
2025-07-14,U07340
2025-07-14,U07340
2025-07-17,U07340
2025-07-18,U07340
2025-07-20,U07340
2025-07-21,U07340
2025-07-23,U07340
2025-07-27,U07340
2025-06-15,U07341
2025-06-17,U07341
2025-06-18,U07341
2025-06-21,U07341
2025-06-22,U07341
2025-06-30,U07341
2025-07-02,U07341
2025-07-02,U07341
2025-07-09,U07341
2025-07-13,U07341
2025-05-22,U07342
2025-05-25,U07342
2025-05-27,U07342
2025-06-07,U07342
2025-06-10,U07342
2025-06-11,U07342
2025-06-24,U07342
2025-06-27,U07342
2025-05-17,U07343
2025-06-01,U07344
2025-06-13,U07344
2025-06-15,U07344
2025-06-17,U07344
2025-06-10,U07345
2025-06-12,U07345
2025-07-03,U07345
2025-07-05,U07345
2025-07-15,U07346
2025-07-30,U07346
2025-07-04,U07347
2025-07-11,U07347
2025-07-12,U07347
2025-07-19,U07347
2025-07-03,U07348
2025-07-14,U07348
2025-06-03,U07349
2025-06-13,U07349
2025-05-17,U07350
2025-06-28,U07351
2025-07-03,U07351
2025-07-03,U07351
2025-07-05,U07351
2025-07-11,U07351
2025-07-12,U07351
2025-07-13,U07351
2025-07-13,U07351
2025-07-17,U07351
2025-07-21,U07351
2025-05-18,U07352
2025-05-19,U07352
2025-05-22,U07352
2025-05-23,U07352
2025-05-29,U07352
2025-05-31,U07352
2025-06-03,U07352
2025-06-10,U07352
2025-06-13,U07352
2025-06-30,U07352
2025-05-18,U07353
2025-06-11,U07353
2025-07-10,U07354
2025-07-18,U07354
2025-07-21,U07354
2025-07-22,U07354
2025-07-15,U07355
2025-07-15,U07355
2025-07-20,U07355
2025-07-21,U07355
2025-07-24,U07355
2025-07-25,U07355
2025-07-26,U07355
2025-07-26,U07355
2025-07-29,U07355
2025-05-20,U07356
2025-05-24,U07356
2025-05-27,U07356
2025-05-27,U07356
2025-06-01,U07356
2025-06-14,U07356
2025-05-27,U07357
2025-06-06,U07357
2025-06-10,U07357
2025-06-29,U07357
2025-07-17,U07358
2025-07-30,U07358
2025-05-20,U07359
2025-05-23,U07359
2025-05-28,U07359
2025-06-01,U07359
2025-06-24,U07359
2025-05-17,U07360
2025-06-23,U07361
2025-06-24,U07361
2025-06-25,U07361
2025-06-28,U07361
2025-07-04,U07361
2025-07-06,U07361
2025-07-07,U07361
2025-07-08,U07361
2025-07-10,U07361
2025-07-19,U07361
2025-07-02,U07362
2025-07-03,U07362
2025-07-12,U07362
2025-07-16,U07362
2025-07-17,U07362
2025-07-19,U07362
2025-07-18,U07363
2025-07-19,U07363
2025-07-06,U07364
2025-07-09,U07364
2025-07-20,U07364
2025-07-22,U07364
2025-05-25,U07365
2025-06-24,U07365
2025-06-30,U07365
2025-06-21,U07366
2025-06-28,U07366
2025-07-05,U07366
2025-07-08,U07366
2025-07-11,U07366
2025-07-13,U07366
2025-07-13,U07366
2025-07-15,U07366
2025-06-17,U07367
2025-07-16,U07368
2025-07-16,U07368
2025-07-16,U07368
2025-07-23,U07368
2025-07-29,U07368
2025-07-30,U07368
2025-06-27,U07369
2025-07-01,U07369
2025-07-03,U07369
2025-07-07,U07369
2025-07-08,U07369
2025-07-16,U07369
2025-07-19,U07369
2025-07-20,U07369
2025-06-07,U07370
2025-06-12,U07370
2025-06-13,U07370
2025-06-25,U07370
2025-06-30,U07370
2025-07-08,U07370
2025-07-11,U07370
2025-06-02,U07371
2025-06-04,U07371
2025-06-06,U07371
2025-06-06,U07371
2025-06-06,U07371
2025-06-09,U07371
2025-06-10,U07371
2025-06-26,U07371
2025-07-06,U07371
2025-06-28,U07372
2025-06-28,U07372
2025-07-06,U07372
2025-07-07,U07372
2025-07-12,U07372
2025-07-17,U07372
2025-07-18,U07372
2025-06-18,U07373
2025-07-06,U07373
2025-07-11,U07373
2025-08-18,U07373
2025-06-11,U07374
2025-06-11,U07374
2025-06-20,U07374
2025-06-20,U07374
2025-06-28,U07374
2025-07-01,U07374
2025-07-03,U07374
2025-07-08,U07374
2025-07-13,U07374
2025-07-07,U07375
2025-07-08,U07375
2025-07-11,U07375
2025-07-19,U07375
2025-07-23,U07375
2025-07-25,U07375
2025-05-26,U07376
2025-06-10,U07376
2025-06-17,U07376
2025-05-17,U07377
2025-06-29,U07378
2025-07-02,U07378
2025-07-07,U07378
2025-07-10,U07378
2025-07-17,U07378
2025-05-17,U07379
2025-05-31,U07380
2025-06-07,U07380
2025-06-08,U07380
2025-06-09,U07380
2025-06-29,U07381
2025-07-07,U07381
2025-07-11,U07381
2025-07-15,U07381
2025-07-22,U07381
2025-05-24,U07382
2025-07-03,U07382
2025-07-06,U07383
2025-07-17,U07383
2025-07-18,U07383
2025-05-17,U07384
2025-05-22,U07385
2025-05-23,U07385
2025-06-03,U07385
2025-06-10,U07385
2025-08-20,U07385
2025-05-17,U07386
2025-05-18,U07387
2025-06-08,U07387
2025-06-25,U07388
2025-06-27,U07388
2025-06-29,U07388
2025-07-05,U07388
2025-07-07,U07388
2025-07-11,U07388
2025-07-13,U07388
2025-06-09,U07389
2025-06-11,U07389
2025-06-13,U07389
2025-06-17,U07389
2025-07-08,U07389
2025-07-12,U07389
2025-06-08,U07390
2025-06-13,U07390
2025-06-19,U07390
2025-06-22,U07390
2025-06-25,U07390
2025-06-29,U07390
2025-07-02,U07390
2025-07-02,U07390
2025-07-09,U07390
2025-05-21,U07391
2025-06-06,U07391
2025-06-12,U07391
2025-06-15,U07391
2025-06-27,U07392
2025-06-27,U07392
2025-07-21,U07392
2025-07-20,U07393
2025-07-25,U07393
2025-06-10,U07394
2025-06-27,U07394
2025-06-29,U07394
2025-07-09,U07394
2025-05-17,U07395
2025-05-17,U07396
2025-06-26,U07397
2025-07-11,U07397
2025-07-20,U07397
2025-06-06,U07398
2025-08-15,U07398
2025-07-20,U07399
2025-07-20,U07399
2025-07-27,U07399
2025-08-16,U07399
2025-07-01,U07400
2025-07-05,U07400
2025-07-07,U07400
2025-07-20,U07400
2025-07-23,U07400
2025-05-24,U07401
2025-06-01,U07401
2025-06-10,U07401
2025-06-17,U07401
2025-06-18,U07401
2025-06-29,U07401
2025-06-09,U07402
2025-06-17,U07402
2025-06-18,U07402
2025-06-20,U07402
2025-06-21,U07402
2025-06-30,U07402
2025-07-03,U07402
2025-07-08,U07402
2025-08-18,U07402
2025-06-28,U07403
2025-07-16,U07403
2025-07-20,U07403
2025-08-19,U07403
2025-05-17,U07404
2025-05-20,U07405
2025-06-02,U07405
2025-05-21,U07406
2025-05-27,U07406
2025-06-01,U07406
2025-06-03,U07406
2025-06-13,U07406
2025-06-13,U07406
2025-06-14,U07406
2025-06-17,U07406
2025-06-22,U07406
2025-07-02,U07406
2025-05-20,U07407
2025-05-29,U07407
2025-05-29,U07407
2025-06-05,U07407
2025-06-15,U07407
2025-06-29,U07408
2025-07-21,U07408
2025-07-04,U07409
2025-07-18,U07409
2025-07-07,U07410
2025-07-07,U07410
2025-07-07,U07410
2025-07-08,U07410
2025-07-22,U07410
2025-05-20,U07411
2025-05-28,U07411
2025-07-05,U07412
2025-07-06,U07412
2025-07-07,U07412
2025-07-09,U07412
2025-07-10,U07412
2025-07-20,U07412
2025-07-25,U07412
2025-06-21,U07413
2025-06-25,U07413
2025-06-28,U07413
2025-07-04,U07413
2025-07-09,U07413
2025-07-10,U07413
2025-06-02,U07414
2025-06-08,U07414
2025-06-13,U07414
2025-06-13,U07414
2025-06-27,U07414
2025-07-06,U07414
2025-07-07,U07415
2025-07-15,U07415
2025-07-17,U07415
2025-07-25,U07415
2025-07-26,U07415
2025-05-30,U07416
2025-06-17,U07416
2025-06-18,U07416
2025-06-20,U07416
2025-06-28,U07416
2025-07-07,U07416
2025-06-09,U07417
2025-05-27,U07418
2025-06-17,U07418
2025-06-19,U07419
2025-06-22,U07419
2025-07-01,U07419
2025-07-06,U07419
2025-07-11,U07419
2025-07-13,U07419
2025-07-17,U07419
2025-07-10,U07420
2025-07-18,U07420
2025-07-19,U07420
2025-07-19,U07420
2025-07-19,U07420
2025-07-20,U07420
2025-07-15,U07421
2025-07-22,U07421
2025-07-23,U07421
2025-07-24,U07421
2025-07-26,U07421
2025-07-26,U07421
2025-07-27,U07421
2025-07-30,U07421
2025-06-27,U07422
2025-07-02,U07422
2025-07-11,U07422
2025-07-18,U07422
2025-07-19,U07422
2025-05-17,U07423
2025-05-29,U07424
2025-06-07,U07424
2025-06-12,U07424
2025-06-18,U07424
2025-06-22,U07424
2025-06-22,U07424
2025-06-27,U07424
2025-07-04,U07424
2025-05-28,U07425
2025-05-29,U07425
2025-06-16,U07425
2025-06-24,U07425
2025-05-21,U07426
2025-05-22,U07426
2025-06-12,U07426
2025-06-19,U07426
2025-06-22,U07426
2025-05-17,U07427
2025-06-10,U07428
2025-06-02,U07429
2025-06-16,U07429
2025-06-17,U07429
2025-06-21,U07429
2025-06-29,U07429
2025-07-04,U07429
2025-07-04,U07429
2025-07-06,U07429
2025-08-21,U07429
2025-06-12,U07430
2025-06-16,U07430
2025-06-29,U07430
2025-07-04,U07430
2025-07-09,U07430
2025-07-10,U07430
2025-07-13,U07430
2025-05-17,U07431
2025-07-19,U07432
2025-07-25,U07432
2025-07-27,U07432
2025-07-31,U07432
2025-05-21,U07433
2025-06-02,U07433
2025-06-05,U07433
2025-06-08,U07433
2025-07-02,U07433
2025-05-17,U07434
2025-06-03,U07435
2025-08-15,U07435
2025-07-15,U07436
2025-07-25,U07436
2025-07-26,U07436
2025-07-29,U07436
2025-07-07,U07437
2025-07-10,U07437
2025-07-22,U07437
2025-08-19,U07437
2025-05-17,U07438
2025-05-25,U07438
2025-06-12,U07438
2025-06-28,U07438
2025-06-29,U07438
2025-06-23,U07439
2025-07-02,U07439
2025-07-06,U07439
2025-07-17,U07439
2025-07-18,U07439
2025-07-11,U07440
2025-07-12,U07440
2025-07-15,U07440
2025-07-24,U07440
2025-07-26,U07440
2025-08-17,U07440
2025-06-18,U07441
2025-06-26,U07441
2025-06-13,U07442
2025-06-14,U07442
2025-06-16,U07442
2025-06-22,U07442
2025-06-30,U07442
2025-07-03,U07442
2025-07-09,U07442
2025-07-12,U07442
2025-07-14,U07442
2025-06-25,U07443
2025-07-01,U07443
2025-05-17,U07444
2025-07-04,U07445
2025-07-10,U07445
2025-07-18,U07445
2025-05-22,U07446
2025-06-16,U07446
2025-06-20,U07446
2025-06-21,U07446
2025-05-31,U07447
2025-06-17,U07447
2025-06-30,U07447
2025-07-01,U07447
2025-07-05,U07447
2025-07-20,U07448
2025-07-21,U07448
2025-07-26,U07448
2025-07-31,U07448
2025-07-03,U07449
2025-07-04,U07449
2025-07-11,U07449
2025-07-15,U07449
2025-07-18,U07449
2025-07-22,U07449
2025-06-03,U07450
2025-08-17,U07450
2025-05-25,U07451
2025-05-26,U07451
2025-05-28,U07452
2025-06-03,U07452
2025-06-29,U07452
2025-08-15,U07452
2025-05-25,U07453
2025-06-05,U07453
2025-06-10,U07453
2025-07-02,U07453
2025-07-05,U07454
2025-07-08,U07454
2025-07-15,U07454
2025-07-15,U07454
2025-07-16,U07454
2025-07-16,U07454
2025-07-19,U07454
2025-07-21,U07454
2025-07-24,U07454
2025-07-13,U07455
2025-07-13,U07455
2025-07-13,U07455
2025-07-15,U07455
2025-07-22,U07455
2025-07-27,U07455
2025-07-29,U07455
2025-06-09,U07456
2025-06-14,U07456
2025-06-16,U07456
2025-07-05,U07456
2025-07-11,U07456
2025-06-09,U07457
2025-06-10,U07457
2025-06-13,U07457
2025-06-14,U07457
2025-06-25,U07457
2025-07-01,U07457
2025-07-06,U07457
2025-07-06,U07457
2025-07-12,U07457
2025-06-13,U07458
2025-06-13,U07458
2025-06-19,U07458
2025-06-24,U07458
2025-06-29,U07458
2025-07-05,U07458
2025-07-06,U07458
2025-07-06,U07458
2025-07-07,U07458
2025-07-03,U07459
2025-07-13,U07459
2025-05-30,U07460
2025-05-31,U07460
2025-06-02,U07460
2025-06-04,U07460
2025-06-04,U07460
2025-06-16,U07460
2025-06-17,U07460
2025-07-03,U07460
2025-06-26,U07461
2025-07-11,U07461
2025-07-19,U07461
2025-07-12,U07462
2025-07-14,U07462
2025-07-24,U07462
2025-07-25,U07462
2025-07-02,U07463
2025-07-13,U07463
2025-07-20,U07463
2025-05-17,U07464
2025-07-08,U07465
2025-07-20,U07465
2025-07-26,U07465
2025-05-17,U07466
2025-07-17,U07467
2025-07-17,U07467
2025-07-21,U07467
2025-07-24,U07467
2025-07-27,U07467
2025-07-27,U07467
2025-07-29,U07467
2025-07-30,U07467
2025-05-28,U07468
2025-05-29,U07468
2025-06-01,U07468
2025-06-04,U07468
2025-06-14,U07468
2025-06-16,U07468
2025-06-28,U07468
2025-06-28,U07468
2025-07-06,U07468
2025-06-26,U07469
2025-06-29,U07469
2025-07-20,U07469
2025-06-20,U07470
2025-06-22,U07470
2025-06-26,U07470
2025-06-28,U07470
2025-07-04,U07470
2025-07-05,U07470
2025-07-06,U07470
2025-07-12,U07470
2025-07-16,U07470
2025-06-30,U07471
2025-07-12,U07471
2025-05-31,U07472
2025-06-16,U07472
2025-06-17,U07472
2025-06-29,U07472
2025-07-08,U07473
2025-07-20,U07473
2025-07-22,U07474
2025-07-23,U07474
2025-07-28,U07474
2025-07-28,U07474
2025-07-29,U07474
2025-07-30,U07474
2025-07-31,U07474
2025-07-26,U07475
2025-08-01,U07475
2025-05-17,U07476
2025-07-11,U07477
2025-07-18,U07477
2025-07-19,U07477
2025-07-19,U07477
2025-07-20,U07477
2025-07-22,U07477
2025-07-23,U07477
2025-07-24,U07477
2025-07-25,U07477
2025-08-16,U07477
2025-06-23,U07478
2025-06-30,U07478
2025-06-30,U07478
2025-07-06,U07478
2025-07-08,U07478
2025-07-14,U07478
2025-07-18,U07478
2025-07-16,U07479
2025-07-16,U07479
2025-07-17,U07479
2025-07-22,U07479
2025-07-24,U07479
2025-07-26,U07479
2025-07-27,U07479
2025-07-05,U07480
2025-07-15,U07480
2025-07-15,U07481
2025-07-18,U07481
2025-07-29,U07481
2025-07-30,U07481
2025-06-14,U07482
2025-06-16,U07482
2025-06-17,U07482
2025-06-19,U07482
2025-06-23,U07482
2025-06-26,U07482
2025-07-06,U07482
2025-07-06,U07482
2025-07-07,U07482
2025-07-13,U07482
2025-07-10,U07483
2025-07-20,U07483
2025-07-26,U07483
2025-06-27,U07484
2025-07-01,U07484
2025-07-02,U07484
2025-07-03,U07484
2025-07-19,U07484
2025-06-23,U07485
2025-06-27,U07485
2025-06-29,U07485
2025-06-30,U07485
2025-07-01,U07485
2025-07-07,U07485
2025-07-11,U07485
2025-07-13,U07485
2025-07-18,U07485
2025-05-22,U07486
2025-05-24,U07486
2025-05-29,U07486
2025-05-31,U07486
2025-06-14,U07486
2025-06-24,U07486
2025-06-29,U07486
2025-07-02,U07486
2025-07-11,U07487
2025-07-24,U07487
2025-05-30,U07488
2025-06-08,U07488
2025-06-15,U07488
2025-06-29,U07488
2025-07-01,U07488
2025-05-24,U07489
2025-07-02,U07489
2025-07-14,U07490
2025-07-16,U07490
2025-07-17,U07490
2025-07-24,U07490
2025-07-28,U07490
2025-07-19,U07491
2025-07-21,U07491
2025-07-22,U07491
2025-07-26,U07491
2025-07-27,U07491
2025-07-29,U07491
2025-07-30,U07491
2025-08-01,U07491
2025-05-19,U07492
2025-06-22,U07492
2025-07-19,U07493
2025-07-22,U07493
2025-07-25,U07493
2025-07-28,U07493
2025-07-05,U07494
2025-07-05,U07494
2025-07-06,U07494
2025-07-07,U07494
2025-07-12,U07494
2025-07-21,U07494
2025-07-24,U07494
2025-07-25,U07494
2025-06-29,U07495
2025-07-03,U07495
2025-07-09,U07495
2025-07-10,U07495
2025-07-15,U07495
2025-07-17,U07495
2025-07-19,U07495
2025-07-22,U07495
2025-08-21,U07495
2025-06-23,U07496
2025-07-03,U07496
2025-07-17,U07496
2025-06-23,U07497
2025-07-06,U07497
2025-07-19,U07497
2025-08-17,U07497
2025-05-17,U07498
2025-05-17,U07499
2025-06-30,U07500
2025-07-20,U07500
2025-08-15,U07500
2025-06-24,U07501
2025-07-01,U07501
2025-07-07,U07501
2025-07-19,U07501
2025-06-18,U07502
2025-06-25,U07502
2025-06-27,U07502
2025-07-07,U07503
2025-07-08,U07503
2025-07-12,U07503
2025-07-12,U07503
2025-07-20,U07503
2025-07-21,U07503
2025-07-22,U07503
2025-07-25,U07503
2025-05-24,U07504
2025-06-12,U07505
2025-06-15,U07505
2025-06-24,U07505
2025-06-26,U07505
2025-07-05,U07505
2025-07-07,U07505
2025-05-17,U07506
2025-05-21,U07507
2025-06-03,U07507
2025-06-18,U07507
2025-08-19,U07507
2025-07-14,U07508
2025-07-18,U07508
2025-07-19,U07508
2025-07-22,U07508
2025-07-28,U07508
2025-07-18,U07509
2025-07-18,U07509
2025-07-20,U07509
2025-07-22,U07509
2025-07-23,U07509
2025-07-24,U07509
2025-07-25,U07509
2025-07-26,U07509
2025-07-27,U07509
2025-06-23,U07510
2025-06-30,U07510
2025-07-04,U07510
2025-07-09,U07510
2025-07-13,U07510
2025-07-15,U07510
2025-05-31,U07511
2025-06-02,U07511
2025-06-06,U07511
2025-06-11,U07511
2025-06-18,U07511
2025-06-29,U07511
2025-07-07,U07511
2025-07-18,U07512
2025-07-19,U07512
2025-07-21,U07512
2025-07-30,U07512
2025-07-31,U07512
2025-05-28,U07513
2025-05-31,U07513
2025-06-07,U07513
2025-06-07,U07514
2025-06-10,U07514
2025-06-15,U07514
2025-06-21,U07514
2025-07-01,U07514
2025-07-01,U07514
2025-07-06,U07514
2025-07-10,U07514
2025-07-11,U07514
2025-06-19,U07515
2025-06-28,U07515
2025-07-10,U07515
2025-07-05,U07516
2025-07-19,U07516
2025-06-13,U07517
2025-06-14,U07517
2025-06-19,U07517
2025-06-21,U07517
2025-06-25,U07517
2025-06-26,U07517
2025-07-05,U07517
2025-07-05,U07517
2025-07-09,U07517
2025-05-30,U07518
2025-06-08,U07518
2025-06-29,U07519
2025-07-22,U07519
2025-06-16,U07520
2025-07-03,U07520
2025-07-12,U07520
2025-07-14,U07520
2025-07-10,U07521
2025-07-11,U07521
2025-07-13,U07521
2025-07-18,U07521
2025-07-26,U07521
2025-07-27,U07521
2025-06-10,U07522
2025-06-13,U07522
2025-06-18,U07522
2025-06-23,U07522
2025-06-26,U07522
2025-07-12,U07522
2025-06-19,U07523
2025-06-21,U07523
2025-07-12,U07523
2025-08-18,U07523
2025-07-21,U07524
2025-07-30,U07524
2025-07-31,U07524
2025-07-15,U07525
2025-07-16,U07525
2025-07-17,U07525
2025-07-17,U07525
2025-07-21,U07525
2025-07-24,U07525
2025-07-24,U07525
2025-07-30,U07525
2025-07-12,U07526
2025-07-15,U07526
2025-07-17,U07526
2025-07-21,U07526
2025-07-23,U07526
2025-07-27,U07526
2025-07-28,U07526
2025-06-02,U07527
2025-06-15,U07527
2025-07-03,U07528
2025-07-07,U07528
2025-07-09,U07528
2025-07-09,U07528
2025-07-09,U07528
2025-07-16,U07528
2025-07-23,U07528
2025-05-23,U07529
2025-05-25,U07529
2025-05-26,U07529
2025-06-23,U07529
2025-07-03,U07529
2025-08-15,U07529
2025-06-06,U07530
2025-07-05,U07530
2025-06-22,U07531
2025-06-29,U07531
2025-07-05,U07531
2025-07-15,U07531
2025-05-27,U07532
2025-06-17,U07532
2025-08-21,U07532
2025-07-05,U07533
2025-07-15,U07533
2025-07-15,U07533
2025-07-17,U07533
2025-07-20,U07533
2025-07-23,U07533
2025-08-17,U07533
2025-07-19,U07534
2025-07-22,U07534
2025-07-24,U07534
2025-07-27,U07534
2025-07-29,U07534
2025-07-30,U07534
2025-07-31,U07534
2025-08-01,U07534
2025-06-10,U07535
2025-06-17,U07535
2025-06-26,U07535
2025-06-29,U07535
2025-07-01,U07535
2025-07-09,U07535
2025-07-11,U07535
2025-06-15,U07536
2025-06-28,U07536
2025-06-18,U07537
2025-06-19,U07537
2025-06-22,U07537
2025-06-27,U07537
2025-07-02,U07537
2025-07-03,U07537
2025-07-10,U07537
2025-07-11,U07537
2025-07-12,U07537
2025-07-13,U07537
2025-07-25,U07538
2025-07-27,U07538
2025-06-02,U07539
2025-06-11,U07539
2025-06-14,U07539
2025-06-17,U07539
2025-06-19,U07539
2025-06-21,U07539
2025-06-24,U07539
2025-06-27,U07539
2025-06-30,U07539
2025-07-07,U07539
2025-07-08,U07540
2025-07-10,U07540
2025-07-14,U07540
2025-07-26,U07540
2025-06-26,U07541
2025-06-27,U07541
2025-07-12,U07541
2025-07-20,U07541
2025-07-08,U07542
2025-07-09,U07542
2025-07-12,U07542
2025-07-19,U07542
2025-07-24,U07542
2025-07-25,U07542
2025-07-17,U07543
2025-07-23,U07543
2025-07-28,U07543
2025-07-31,U07543
2025-07-11,U07544
2025-07-13,U07544
2025-07-16,U07544
2025-07-19,U07544
2025-07-23,U07544
2025-07-25,U07544
2025-07-25,U07544
2025-07-27,U07544
2025-07-17,U07545
2025-07-23,U07545
2025-07-24,U07545
2025-07-29,U07545
2025-07-30,U07545
2025-07-31,U07545
2025-06-14,U07546
2025-06-24,U07546
2025-07-05,U07547
2025-07-07,U07547
2025-07-07,U07547
2025-07-09,U07547
2025-07-11,U07547
2025-07-15,U07547
2025-07-17,U07547
2025-07-17,U07547
2025-07-20,U07547
2025-07-24,U07547
2025-05-22,U07548
2025-06-19,U07549
2025-06-22,U07549
2025-06-23,U07549
2025-06-30,U07549
2025-07-07,U07549
2025-07-09,U07549
2025-08-16,U07549
2025-06-15,U07550
2025-07-06,U07550
2025-07-15,U07550
2025-07-15,U07551
2025-07-19,U07551
2025-07-21,U07551
2025-07-23,U07551
2025-07-25,U07551
2025-05-21,U07552
2025-06-18,U07552
2025-06-17,U07553
2025-06-19,U07553
2025-06-23,U07553
2025-07-01,U07553
2025-07-04,U07553
2025-06-16,U07554
2025-05-17,U07555
2025-06-11,U07556
2025-06-20,U07556
2025-07-06,U07556
2025-08-15,U07556
2025-06-10,U07557
2025-06-12,U07557
2025-06-12,U07557
2025-06-20,U07557
2025-06-14,U07558
2025-06-16,U07558
2025-05-22,U07559
2025-05-27,U07559
2025-07-03,U07559
2025-06-14,U07560
2025-07-11,U07560
2025-07-06,U07561
2025-07-07,U07561
2025-07-08,U07561
2025-07-14,U07561
2025-07-21,U07561
2025-07-07,U07562
2025-07-14,U07562
2025-07-08,U07563
2025-07-08,U07563
2025-07-09,U07563
2025-07-12,U07563
2025-07-20,U07563
2025-07-22,U07563
2025-07-26,U07563
2025-06-23,U07564
2025-06-23,U07564
2025-06-23,U07564
2025-06-25,U07564
2025-06-27,U07564
2025-06-28,U07564
2025-06-30,U07564
2025-07-03,U07564
2025-07-14,U07564
2025-07-15,U07564
2025-07-12,U07565
2025-07-26,U07565
2025-07-27,U07565
2025-07-10,U07566
2025-07-16,U07566
2025-07-16,U07566
2025-07-19,U07566
2025-07-20,U07566
2025-07-24,U07566
2025-07-06,U07567
2025-07-10,U07567
2025-07-14,U07567
2025-07-15,U07567
2025-07-16,U07567
2025-07-19,U07567
2025-07-20,U07567
2025-07-25,U07567
2025-07-17,U07568
2025-07-25,U07568
2025-07-26,U07568
2025-07-28,U07568
2025-07-29,U07568
2025-07-31,U07568
2025-05-19,U07569
2025-06-26,U07569
2025-06-28,U07569
2025-06-09,U07570
2025-06-22,U07570
2025-07-11,U07570
2025-06-13,U07571
2025-06-14,U07571
2025-06-20,U07571
2025-06-22,U07571
2025-07-03,U07571
2025-07-05,U07571
2025-07-14,U07571
2025-08-21,U07571
2025-07-07,U07572
2025-07-09,U07572
2025-07-09,U07572
2025-07-14,U07572
2025-07-15,U07572
2025-07-20,U07572
2025-07-24,U07572
2025-07-20,U07573
2025-08-01,U07573
2025-07-13,U07574
2025-07-15,U07574
2025-07-18,U07574
2025-07-19,U07574
2025-07-19,U07574
2025-07-27,U07574
2025-07-28,U07574
2025-05-18,U07575
2025-05-27,U07576
2025-06-08,U07576
2025-06-13,U07576
2025-06-19,U07576
2025-06-26,U07576
2025-06-27,U07576
2025-06-29,U07576
2025-06-30,U07576
2025-07-01,U07576
2025-07-02,U07577
2025-07-03,U07577
2025-07-11,U07577
2025-07-14,U07577
2025-07-14,U07577
2025-07-18,U07577
2025-07-19,U07577
2025-07-22,U07577
2025-05-26,U07578
2025-06-03,U07578
2025-06-13,U07578
2025-06-24,U07578
2025-06-25,U07578
2025-06-28,U07578
2025-05-28,U07579
2025-05-29,U07579
2025-05-30,U07579
2025-05-31,U07579
2025-06-03,U07579
2025-06-04,U07579
2025-06-09,U07579
2025-06-11,U07579
2025-06-23,U07579
2025-08-16,U07579
2025-07-21,U07580
2025-07-21,U07580
2025-07-27,U07580
2025-07-27,U07580
2025-07-28,U07580
2025-07-31,U07580
2025-08-01,U07580
2025-06-13,U07581
2025-07-04,U07581
2025-07-14,U07581
2025-07-05,U07582
2025-07-15,U07582
2025-07-19,U07582
2025-07-25,U07582
2025-05-31,U07583
2025-05-19,U07584
2025-05-22,U07584
2025-05-26,U07584
2025-06-05,U07584
2025-07-02,U07585
2025-07-02,U07585
2025-07-02,U07585
2025-07-03,U07585
2025-07-09,U07585
2025-07-11,U07585
2025-07-16,U07585
2025-07-21,U07585
2025-07-23,U07585
2025-08-16,U07585
2025-05-17,U07586
2025-06-30,U07587
2025-06-30,U07587
2025-07-01,U07587
2025-07-02,U07587
2025-07-05,U07587
2025-07-11,U07587
2025-07-21,U07587
2025-08-15,U07587
2025-05-25,U07588
2025-05-30,U07588
2025-06-09,U07588
2025-05-17,U07589
2025-07-07,U07590
2025-07-17,U07590
2025-07-24,U07590
2025-05-20,U07591
2025-05-22,U07591
2025-06-23,U07591
2025-07-06,U07592
2025-07-15,U07592
2025-07-16,U07592
2025-07-20,U07592
2025-07-20,U07592
2025-07-23,U07592
2025-08-19,U07592
2025-07-08,U07593
2025-07-11,U07593
2025-07-16,U07593
2025-07-24,U07593
2025-07-05,U07594
2025-07-09,U07594
2025-07-16,U07594
2025-07-16,U07594
2025-07-25,U07594
2025-07-09,U07595
2025-07-10,U07595
2025-07-10,U07595
2025-07-11,U07595
2025-07-17,U07595
2025-07-18,U07595
2025-07-24,U07595
2025-05-17,U07596
2025-06-08,U07597
2025-06-10,U07597
2025-06-20,U07597
2025-06-21,U07597
2025-06-27,U07597
2025-06-18,U07598
2025-06-28,U07598
2025-07-15,U07598
2025-05-20,U07599
2025-05-28,U07599
2025-06-01,U07599
2025-06-08,U07599
2025-07-23,U07600
2025-07-28,U07600
2025-07-29,U07600
2025-07-29,U07600
2025-07-31,U07600
2025-07-02,U07601
2025-07-07,U07601
2025-07-09,U07601
2025-07-15,U07601
2025-07-16,U07601
2025-07-21,U07601
2025-05-18,U07602
2025-05-26,U07602
2025-05-30,U07602
2025-07-15,U07603
2025-07-30,U07603
2025-05-17,U07604
2025-05-25,U07604
2025-07-04,U07605
2025-07-13,U07605
2025-07-19,U07605
2025-07-21,U07605
2025-07-24,U07605
2025-06-23,U07606
2025-07-07,U07606
2025-07-12,U07606
2025-07-19,U07606
2025-06-15,U07607
2025-06-15,U07607
2025-06-20,U07607
2025-06-22,U07607
2025-06-29,U07607
2025-07-01,U07607
2025-07-13,U07607
2025-05-25,U07608
2025-06-20,U07608
2025-06-11,U07609
2025-06-17,U07609
2025-06-24,U07609
2025-06-25,U07609
2025-07-02,U07609
2025-06-26,U07610
2025-06-28,U07610
2025-06-28,U07610
2025-07-02,U07610
2025-07-04,U07610
2025-07-05,U07610
2025-07-16,U07610
2025-07-17,U07610
2025-07-19,U07610
2025-07-02,U07611
2025-07-03,U07611
2025-07-05,U07611
2025-07-05,U07611
2025-07-13,U07611
2025-07-14,U07611
2025-07-15,U07611
2025-07-18,U07611
2025-07-21,U07611
2025-07-23,U07611
2025-05-21,U07612
2025-05-23,U07612
2025-05-25,U07613
2025-06-06,U07613
2025-06-08,U07613
2025-05-25,U07614
2025-06-04,U07614
2025-06-11,U07614
2025-06-12,U07614
2025-06-16,U07614
2025-06-16,U07614
2025-06-19,U07614
2025-06-24,U07614
2025-07-19,U07615
2025-07-19,U07615
2025-07-20,U07615
2025-07-20,U07615
2025-07-23,U07615
2025-07-25,U07615
2025-07-25,U07615
2025-07-30,U07615
2025-08-01,U07615
2025-05-19,U07616
2025-08-20,U07616
2025-07-09,U07617
2025-07-10,U07617
2025-07-15,U07617
2025-07-18,U07617
2025-07-19,U07617
2025-07-23,U07617
2025-06-30,U07618
2025-07-07,U07618
2025-07-12,U07618
2025-07-21,U07618
2025-06-10,U07619
2025-06-11,U07619
2025-06-13,U07619
2025-06-29,U07619
2025-07-03,U07619
2025-07-04,U07619
2025-07-11,U07619
2025-06-01,U07620
2025-06-08,U07620
2025-06-14,U07620
2025-07-14,U07621
2025-07-18,U07621
2025-07-21,U07621
2025-07-23,U07621
2025-07-26,U07621
2025-07-27,U07621
2025-07-28,U07621
2025-08-18,U07621
2025-06-21,U07622
2025-07-05,U07622
2025-06-02,U07623
2025-06-22,U07623
2025-06-30,U07623
2025-05-24,U07624
2025-05-24,U07624
2025-05-30,U07624
2025-06-07,U07624
2025-06-11,U07624
2025-06-15,U07624
2025-06-23,U07624
2025-06-13,U07625
2025-06-25,U07625
2025-06-26,U07625
2025-06-26,U07625
2025-07-01,U07625
2025-07-08,U07625
2025-07-18,U07626
2025-07-20,U07626
2025-07-22,U07626
2025-07-24,U07626
2025-07-26,U07626
2025-07-26,U07626
2025-07-27,U07626
2025-08-16,U07626
2025-05-26,U07627
2025-06-12,U07627
2025-06-19,U07627
2025-06-26,U07627
2025-06-29,U07627
2025-07-03,U07627
2025-05-18,U07628
2025-05-17,U07629
2025-06-21,U07630
2025-06-23,U07630
2025-06-23,U07630
2025-06-28,U07630
2025-07-01,U07630
2025-07-05,U07630
2025-07-05,U07630
2025-07-08,U07630
2025-08-15,U07630
2025-05-27,U07631
2025-06-15,U07631
2025-06-13,U07632
2025-06-18,U07632
2025-06-22,U07632
2025-06-26,U07632
2025-06-28,U07632
2025-06-28,U07632
2025-06-29,U07632
2025-07-02,U07632
2025-07-12,U07632
2025-07-13,U07632
2025-06-13,U07633
2025-07-08,U07633
2025-07-08,U07633
2025-07-11,U07633
2025-05-26,U07634
2025-05-28,U07634
2025-06-10,U07634
2025-06-11,U07634
2025-06-16,U07634
2025-06-18,U07634
2025-06-19,U07634
2025-06-26,U07634
2025-07-04,U07634
2025-07-05,U07634
2025-07-12,U07635
2025-07-13,U07635
2025-07-17,U07635
2025-07-25,U07635
2025-07-27,U07635
2025-07-27,U07635
2025-07-28,U07635
2025-07-07,U07636
2025-07-11,U07636
2025-07-18,U07636
2025-07-26,U07636
2025-06-30,U07637
2025-07-06,U07637
2025-07-16,U07637
2025-07-22,U07637
2025-05-17,U07638
2025-06-06,U07639
2025-06-09,U07639
2025-06-11,U07639
2025-06-26,U07639
2025-06-26,U07640
2025-07-04,U07640
2025-07-07,U07641
2025-07-09,U07641
2025-07-12,U07641
2025-07-13,U07641
2025-07-18,U07641
2025-07-21,U07641
2025-07-26,U07641
2025-07-06,U07642
2025-07-08,U07642
2025-07-08,U07642
2025-07-08,U07642
2025-07-09,U07642
2025-07-12,U07642
2025-07-24,U07642
2025-07-18,U07643
2025-07-19,U07643
2025-07-20,U07643
2025-07-25,U07643
2025-07-26,U07643
2025-07-27,U07643
2025-07-31,U07643
2025-06-26,U07644
2025-07-03,U07644
2025-07-11,U07644
2025-05-22,U07645
2025-06-16,U07645
2025-05-20,U07646
2025-05-28,U07646
2025-05-29,U07646
2025-05-31,U07646
2025-06-09,U07646
2025-06-19,U07646
2025-08-18,U07646
2025-05-28,U07647
2025-07-03,U07647
2025-07-13,U07648
2025-07-14,U07648
2025-07-15,U07648
2025-07-15,U07648
2025-07-17,U07648
2025-07-19,U07648
2025-07-24,U07648
2025-07-25,U07648
2025-07-28,U07648
2025-07-29,U07648
2025-05-24,U07649
2025-05-29,U07649
2025-06-06,U07649
2025-06-10,U07649
2025-06-23,U07649
2025-06-24,U07649
2025-06-28,U07649
2025-06-13,U07650
2025-06-17,U07650
2025-06-19,U07650
2025-07-01,U07650
2025-07-11,U07650
2025-06-24,U07651
2025-06-29,U07651
2025-07-08,U07651
2025-07-13,U07651
2025-07-16,U07651
2025-06-22,U07652
2025-06-23,U07652
2025-06-26,U07652
2025-06-27,U07652
2025-06-28,U07652
2025-06-29,U07652
2025-07-01,U07652
2025-07-02,U07652
2025-07-13,U07652
2025-06-01,U07653
2025-06-02,U07653
2025-06-19,U07653
2025-06-19,U07653
2025-06-20,U07653
2025-06-21,U07653
2025-06-29,U07653
2025-06-30,U07653
2025-07-03,U07653
2025-07-08,U07653
2025-07-10,U07654
2025-07-12,U07654
2025-07-15,U07654
2025-07-17,U07654
2025-07-19,U07654
2025-07-23,U07654
2025-07-11,U07655
2025-07-17,U07655
2025-07-22,U07655
2025-07-24,U07655
2025-07-26,U07655
2025-07-26,U07655
2025-07-27,U07655
2025-05-30,U07656
2025-06-03,U07656
2025-06-07,U07656
2025-06-21,U07656
2025-05-19,U07657
2025-05-20,U07657
2025-07-07,U07658
2025-07-11,U07658
2025-07-15,U07658
2025-07-16,U07658
2025-07-17,U07658
2025-07-18,U07658
2025-07-25,U07658
2025-07-26,U07658
2025-06-07,U07659
2025-06-18,U07659
2025-06-18,U07659
2025-06-21,U07659
2025-06-24,U07659
2025-06-27,U07659
2025-07-05,U07659
2025-07-05,U07659
2025-07-10,U07659
2025-07-11,U07659
2025-07-07,U07660
2025-07-07,U07660
2025-07-08,U07660
2025-07-13,U07660
2025-07-13,U07660
2025-07-14,U07660
2025-07-16,U07660
2025-07-18,U07660
2025-07-19,U07660
2025-07-17,U07661
2025-07-17,U07661
2025-07-20,U07661
2025-07-21,U07661
2025-07-22,U07661
2025-07-22,U07661
2025-07-26,U07661
2025-07-28,U07661
2025-07-30,U07661
2025-08-19,U07661
2025-05-18,U07662
2025-05-28,U07662
2025-05-29,U07662
2025-06-03,U07662
2025-06-19,U07662
2025-05-17,U07663
2025-05-26,U07663
2025-06-09,U07663
2025-06-12,U07663
2025-06-15,U07663
2025-06-16,U07663
2025-06-20,U07663
2025-05-17,U07664
2025-06-06,U07665
2025-06-20,U07665
2025-06-26,U07665
2025-06-30,U07665
2025-07-08,U07665
2025-07-09,U07665
2025-07-12,U07666
2025-07-21,U07666
2025-07-23,U07666
2025-06-09,U07667
2025-06-10,U07667
2025-06-12,U07667
2025-06-20,U07667
2025-06-20,U07667
2025-06-23,U07667
2025-07-09,U07667
2025-05-26,U07668
2025-05-31,U07668
2025-06-10,U07668
2025-06-12,U07668
2025-07-19,U07669
2025-07-22,U07669
2025-07-22,U07669
2025-07-24,U07669
2025-07-25,U07669
2025-07-29,U07669
2025-07-31,U07669
2025-08-01,U07669
2025-06-02,U07670
2025-08-15,U07670
2025-05-24,U07671
2025-05-24,U07672
2025-06-18,U07672
2025-06-08,U07673
2025-06-08,U07673
2025-06-16,U07673
2025-06-17,U07673
2025-06-29,U07673
2025-07-10,U07673
2025-07-06,U07674
2025-07-14,U07674
2025-07-14,U07674
2025-07-24,U07674
2025-08-17,U07674
2025-05-31,U07675
2025-06-04,U07675
2025-07-15,U07676
2025-07-16,U07676
2025-07-17,U07676
2025-07-17,U07676
2025-07-18,U07676
2025-07-22,U07676
2025-07-25,U07676
2025-07-27,U07676
2025-07-29,U07676
2025-07-30,U07676
2025-07-07,U07677
2025-07-10,U07677
2025-07-11,U07677
2025-07-20,U07677
2025-07-24,U07677
2025-07-14,U07678
2025-07-14,U07678
2025-07-15,U07678
2025-07-15,U07678
2025-07-19,U07678
2025-07-23,U07678
2025-07-24,U07678
2025-07-25,U07678
2025-07-26,U07678
2025-07-29,U07678
2025-05-19,U07679
2025-06-01,U07679
2025-06-08,U07679
2025-06-11,U07679
2025-06-12,U07679
2025-06-14,U07679
2025-06-14,U07679
2025-06-26,U07679
2025-05-20,U07680
2025-05-30,U07680
2025-06-03,U07680
2025-06-03,U07680
2025-06-05,U07680
2025-05-21,U07681
2025-05-30,U07681
2025-06-01,U07681
2025-06-02,U07681
2025-06-15,U07682
2025-06-16,U07682
2025-06-19,U07682
2025-06-21,U07682
2025-06-26,U07682
2025-06-28,U07682
2025-06-28,U07682
2025-07-13,U07682
2025-05-29,U07683
2025-05-29,U07683
2025-06-01,U07683
2025-06-03,U07683
2025-06-04,U07683
2025-07-02,U07683
2025-05-31,U07684
2025-06-02,U07684
2025-07-06,U07684
2025-07-15,U07685
2025-07-18,U07685
2025-07-20,U07685
2025-07-25,U07685
2025-07-26,U07685
2025-07-28,U07685
2025-07-29,U07685
2025-07-30,U07685
2025-07-13,U07686
2025-07-14,U07686
2025-07-15,U07686
2025-07-19,U07686
2025-07-20,U07686
2025-07-22,U07686
2025-07-23,U07686
2025-07-28,U07686
2025-07-29,U07686
2025-07-19,U07687
2025-07-19,U07687
2025-07-22,U07687
2025-07-25,U07687
2025-07-25,U07687
2025-07-28,U07687
2025-07-28,U07687
2025-07-28,U07687
2025-07-29,U07687
2025-08-01,U07687
2025-05-18,U07688
2025-05-22,U07688
2025-06-08,U07688
2025-06-25,U07689
2025-06-27,U07689
2025-06-28,U07689
2025-07-05,U07689
2025-07-06,U07689
2025-07-08,U07689
2025-07-11,U07689
2025-07-13,U07689
2025-07-19,U07689
2025-06-03,U07690
2025-06-10,U07690
2025-06-14,U07690
2025-06-18,U07690
2025-07-05,U07690
2025-06-05,U07691
2025-06-14,U07691
2025-06-19,U07691
2025-06-22,U07691
2025-06-28,U07691
2025-07-04,U07691
2025-07-04,U07691
2025-07-05,U07691
2025-07-09,U07691
2025-08-15,U07691
2025-06-27,U07692
2025-06-29,U07692
2025-07-20,U07693
2025-07-23,U07693
2025-07-26,U07693
2025-07-28,U07693
2025-07-28,U07693
2025-07-29,U07693
2025-07-30,U07693
2025-07-30,U07693
2025-08-01,U07693
2025-06-09,U07694
2025-07-06,U07694
2025-06-19,U07695
2025-07-01,U07695
2025-07-14,U07696
2025-07-14,U07696
2025-07-25,U07696
2025-07-25,U07696
2025-07-28,U07696
2025-08-21,U07696
2025-06-10,U07697
2025-07-09,U07697
2025-07-17,U07698
2025-07-18,U07698
2025-05-21,U07699
2025-06-03,U07699
2025-06-06,U07699
2025-06-14,U07699
2025-06-24,U07699
2025-06-25,U07699
2025-07-15,U07700
2025-07-16,U07700
2025-07-17,U07700
2025-07-20,U07700
2025-07-23,U07700
2025-07-23,U07700
2025-07-25,U07700
2025-07-27,U07700
2025-07-29,U07700
2025-07-30,U07700
2025-06-10,U07701
2025-06-28,U07701
2025-06-29,U07701
2025-06-05,U07702
2025-06-07,U07702
2025-06-21,U07702
2025-06-23,U07702
2025-06-24,U07702
2025-07-05,U07702
2025-07-09,U07702
2025-07-10,U07702
2025-05-23,U07703
2025-06-21,U07703
2025-07-01,U07703
2025-07-02,U07703
2025-05-17,U07704
2025-05-25,U07705
2025-06-15,U07705
2025-06-23,U07705
2025-07-09,U07706
2025-07-10,U07706
2025-07-18,U07706
2025-07-18,U07706
2025-07-21,U07706
2025-07-26,U07706
2025-05-20,U07707
2025-06-02,U07707
2025-06-15,U07707
2025-06-22,U07707
2025-05-29,U07708
2025-07-03,U07709
2025-07-12,U07709
2025-07-12,U07709
2025-07-23,U07709
2025-05-20,U07710
2025-06-11,U07710
2025-05-22,U07711
2025-05-29,U07711
2025-06-14,U07711
2025-06-24,U07711
2025-07-17,U07712
2025-07-21,U07712
2025-07-22,U07712
2025-07-25,U07712
2025-07-26,U07712
2025-07-29,U07712
2025-07-30,U07712
2025-07-31,U07712
2025-08-20,U07712
2025-05-17,U07713
2025-06-05,U07714
2025-06-27,U07714
2025-06-29,U07714
2025-06-30,U07714
2025-07-04,U07714
2025-08-16,U07714
2025-05-17,U07715
2025-07-14,U07716
2025-07-24,U07716
2025-07-25,U07716
2025-07-14,U07717
2025-07-15,U07717
2025-07-18,U07717
2025-07-18,U07717
2025-07-22,U07717
2025-07-24,U07717
2025-07-29,U07717
2025-07-02,U07718
2025-07-04,U07718
2025-07-06,U07718
2025-07-10,U07718
2025-07-20,U07718
2025-07-20,U07718
2025-07-21,U07718
2025-07-22,U07718
2025-05-17,U07719
2025-05-23,U07720
2025-05-25,U07720
2025-06-02,U07720
2025-06-03,U07720
2025-06-10,U07720
2025-06-24,U07720
2025-05-26,U07721
2025-06-20,U07721
2025-06-24,U07721
2025-06-15,U07722
2025-06-18,U07722
2025-06-21,U07722
2025-06-23,U07722
2025-06-30,U07722
2025-07-03,U07722
2025-07-09,U07722
2025-07-09,U07722
2025-07-12,U07722
2025-07-13,U07722
2025-05-31,U07723
2025-05-20,U07724
2025-05-17,U07725
2025-07-05,U07726
2025-07-09,U07726
2025-07-11,U07726
2025-07-15,U07726
2025-07-15,U07726
2025-07-17,U07726
2025-07-23,U07726
2025-07-23,U07726
2025-07-25,U07726
2025-06-29,U07727
2025-07-05,U07727
2025-07-19,U07727
2025-07-20,U07727
2025-07-22,U07727
2025-05-20,U07728
2025-05-20,U07728
2025-06-05,U07728
2025-06-17,U07728
2025-06-18,U07728
2025-06-23,U07728
2025-06-29,U07728
2025-07-01,U07728
2025-07-10,U07729
2025-07-18,U07729
2025-07-03,U07730
2025-07-04,U07730
2025-07-08,U07730
2025-07-10,U07730
2025-07-12,U07730
2025-07-17,U07730
2025-07-21,U07730
2025-07-23,U07730
2025-05-17,U07731
2025-05-30,U07731
2025-05-30,U07731
2025-06-13,U07731
2025-06-27,U07731
2025-06-28,U07731
2025-07-22,U07732
2025-08-01,U07732
2025-06-08,U07733
2025-07-05,U07733
2025-05-30,U07734
2025-05-31,U07734
2025-06-04,U07734
2025-06-16,U07734
2025-06-18,U07734
2025-06-22,U07734
2025-06-29,U07734
2025-07-05,U07734
2025-06-17,U07735
2025-06-17,U07735
2025-07-12,U07735
2025-07-12,U07735
2025-07-13,U07735
2025-07-14,U07735
2025-05-22,U07736
2025-06-29,U07736
2025-06-07,U07737
2025-06-14,U07737
2025-06-14,U07737
2025-06-28,U07737
2025-07-09,U07737
2025-07-11,U07737
2025-05-17,U07738
2025-06-11,U07739
2025-06-18,U07739
2025-07-10,U07739
2025-05-18,U07740
2025-08-21,U07740
2025-07-15,U07741
2025-07-19,U07741
2025-07-22,U07741
2025-07-29,U07741
2025-07-14,U07742
2025-07-19,U07742
2025-07-19,U07742
2025-07-28,U07742
2025-07-29,U07742
2025-07-13,U07743
2025-07-18,U07743
2025-07-26,U07743
2025-07-28,U07743
2025-07-29,U07743
2025-05-19,U07744
2025-06-02,U07744
2025-06-04,U07744
2025-06-13,U07744
2025-06-13,U07744
2025-06-15,U07744
2025-06-18,U07744
2025-06-30,U07744
2025-05-19,U07745
2025-05-26,U07745
2025-05-30,U07746
2025-06-02,U07746
2025-06-05,U07746
2025-06-15,U07746
2025-06-21,U07746
2025-06-22,U07746
2025-06-27,U07746
2025-07-02,U07746
2025-05-26,U07747
2025-06-02,U07747
2025-06-04,U07747
2025-06-10,U07747
2025-06-22,U07747
2025-06-30,U07747
2025-07-02,U07747
2025-07-11,U07748
2025-07-13,U07748
2025-07-14,U07748
2025-07-16,U07748
2025-07-16,U07748
2025-07-20,U07748
2025-07-21,U07748
2025-07-22,U07748
2025-07-26,U07748
2025-07-28,U07748
2025-06-07,U07749
2025-06-20,U07749
2025-06-22,U07749
2025-06-24,U07749
2025-07-10,U07750
2025-07-11,U07750
2025-07-16,U07750
2025-07-16,U07750
2025-07-20,U07750
2025-07-22,U07750
2025-07-23,U07750
2025-07-25,U07750
2025-07-09,U07751
2025-07-09,U07751
2025-07-11,U07751
2025-07-14,U07751
2025-07-16,U07751
2025-07-16,U07751
2025-07-17,U07751
2025-07-26,U07751
2025-07-27,U07751
2025-05-21,U07752
2025-08-16,U07752
2025-06-29,U07753
2025-07-04,U07753
2025-07-04,U07753
2025-07-10,U07753
2025-07-10,U07753
2025-07-12,U07753
2025-07-18,U07753
2025-07-19,U07753
2025-07-20,U07753
2025-07-24,U07754
2025-07-30,U07754
2025-07-16,U07755
2025-07-21,U07755
2025-07-27,U07755
2025-07-17,U07756
2025-07-18,U07756
2025-07-23,U07756
2025-07-31,U07756
2025-07-11,U07757
2025-07-11,U07757
2025-07-14,U07757
2025-07-19,U07757
2025-07-20,U07757
2025-07-24,U07757
2025-07-26,U07757
2025-07-27,U07757
2025-07-28,U07757
2025-06-27,U07758
2025-06-30,U07758
2025-07-03,U07758
2025-07-04,U07758
2025-07-09,U07758
2025-07-15,U07758
2025-07-15,U07758
2025-07-17,U07758
2025-07-21,U07758
2025-06-06,U07759
2025-06-09,U07759
2025-06-15,U07759
2025-06-30,U07759
2025-07-03,U07759
2025-07-09,U07759
2025-05-17,U07760
2025-05-28,U07761
2025-06-13,U07762
2025-06-27,U07762
2025-07-09,U07763
2025-07-13,U07763
2025-07-17,U07763
2025-07-21,U07763
2025-07-23,U07763
2025-07-27,U07763
2025-07-06,U07764
2025-07-06,U07764
2025-07-09,U07764
2025-07-10,U07764
2025-07-11,U07764
2025-07-15,U07764
2025-07-23,U07764
2025-07-24,U07764
2025-07-16,U07765
2025-07-17,U07765
2025-07-18,U07765
2025-07-22,U07765
2025-07-25,U07765
2025-07-26,U07765
2025-07-27,U07765
2025-07-29,U07765
2025-05-28,U07766
2025-06-21,U07767
2025-07-08,U07767
2025-07-09,U07767
2025-07-12,U07767
2025-07-13,U07767
2025-07-15,U07767
2025-07-16,U07767
2025-07-17,U07767
2025-07-23,U07768
2025-07-27,U07768
2025-07-29,U07768
2025-07-29,U07768
2025-07-31,U07768
2025-05-24,U07769
2025-06-27,U07769
2025-07-03,U07769
2025-08-19,U07769
2025-05-17,U07770
2025-06-03,U07771
2025-06-06,U07771
2025-06-19,U07771
2025-06-25,U07771
2025-07-01,U07771
2025-07-01,U07771
2025-07-03,U07771
2025-07-05,U07771
2025-07-06,U07771
2025-07-08,U07771
2025-05-17,U07772
2025-05-27,U07772
2025-06-03,U07772
2025-06-10,U07772
2025-06-11,U07772
2025-05-25,U07773
2025-06-02,U07773
2025-06-13,U07773
2025-06-14,U07773
2025-06-16,U07774
2025-06-23,U07774
2025-06-25,U07774
2025-07-01,U07774
2025-07-12,U07774
2025-06-28,U07775
2025-07-12,U07775
2025-07-17,U07775
2025-07-17,U07776
2025-07-18,U07776
2025-07-22,U07776
2025-07-24,U07776
2025-07-26,U07776
2025-07-27,U07776
2025-07-27,U07776
2025-07-30,U07776
2025-07-31,U07776
2025-08-21,U07776
2025-05-18,U07777
2025-05-23,U07777
2025-06-16,U07777
2025-05-17,U07778
2025-05-17,U07779
2025-06-11,U07780
2025-06-06,U07781
2025-06-14,U07781
2025-06-18,U07781
2025-06-28,U07781
2025-07-09,U07781
2025-05-29,U07782
2025-06-01,U07782
2025-06-15,U07782
2025-05-19,U07783
2025-05-30,U07783
2025-06-05,U07783
2025-06-07,U07783
2025-06-15,U07783
2025-06-20,U07783
2025-06-21,U07783
2025-08-21,U07783
2025-06-03,U07784
2025-06-05,U07784
2025-06-29,U07784
2025-07-09,U07785
2025-07-11,U07785
2025-07-14,U07785
2025-07-18,U07785
2025-07-19,U07785
2025-07-21,U07785
2025-07-25,U07785
2025-06-12,U07786
2025-06-13,U07786
2025-06-15,U07786
2025-06-18,U07786
2025-06-23,U07786
2025-06-27,U07786
2025-06-30,U07786
2025-07-06,U07786
2025-07-13,U07786
2025-08-21,U07786
2025-06-28,U07787
2025-08-16,U07787
2025-07-14,U07788
2025-07-15,U07788
2025-07-18,U07788
2025-07-24,U07788
2025-07-28,U07788
2025-07-29,U07788
2025-06-02,U07789
2025-07-01,U07790
2025-07-17,U07790
2025-05-17,U07791
2025-05-20,U07791
2025-06-22,U07791
2025-07-03,U07792
2025-07-09,U07792
2025-07-12,U07792
2025-07-17,U07792
2025-07-17,U07792
2025-07-18,U07792
2025-07-20,U07792
2025-07-24,U07792
2025-08-21,U07792
2025-06-29,U07793
2025-07-11,U07793
2025-07-15,U07793
2025-07-19,U07793
2025-07-13,U07794
2025-07-17,U07794
2025-07-20,U07794
2025-07-22,U07794
2025-07-25,U07794
2025-07-28,U07794
2025-07-29,U07794
2025-05-20,U07795
2025-05-22,U07795
2025-05-31,U07795
2025-06-10,U07795
2025-06-11,U07795
2025-06-15,U07795
2025-06-11,U07796
2025-06-21,U07796
2025-06-24,U07796
2025-07-02,U07796
2025-07-05,U07796
2025-07-06,U07796
2025-05-17,U07797
2025-05-28,U07797
2025-06-08,U07797
2025-06-12,U07797
2025-06-16,U07797
2025-06-24,U07797
2025-05-23,U07798
2025-05-23,U07798
2025-06-06,U07798
2025-06-08,U07798
2025-05-17,U07799
2025-05-17,U07800
2025-05-22,U07800
2025-06-06,U07800
2025-06-08,U07800
2025-06-17,U07800
2025-06-22,U07800
2025-06-24,U07800
2025-06-29,U07800
2025-07-13,U07801
2025-07-20,U07801
2025-07-22,U07801
2025-07-24,U07801
2025-07-26,U07801
2025-07-26,U07801
2025-07-27,U07801
2025-08-16,U07801
2025-05-20,U07802
2025-05-30,U07802
2025-05-31,U07802
2025-06-11,U07802
2025-06-11,U07802
2025-06-12,U07802
2025-06-27,U07802
2025-05-17,U07803
2025-05-17,U07804
2025-05-17,U07805
2025-06-27,U07806
2025-06-28,U07806
2025-06-29,U07806
2025-07-02,U07806
2025-07-07,U07806
2025-07-08,U07806
2025-07-17,U07806
2025-07-18,U07806
2025-07-19,U07806
2025-07-21,U07806
2025-07-18,U07807
2025-07-20,U07807
2025-07-20,U07807
2025-07-21,U07807
2025-07-26,U07807
2025-07-27,U07807
2025-07-28,U07807
2025-07-29,U07807
2025-07-30,U07807
2025-07-20,U07808
2025-07-22,U07808
2025-08-01,U07808
2025-05-18,U07809
2025-05-23,U07809
2025-05-30,U07809
2025-05-30,U07809
2025-06-05,U07809
2025-06-30,U07809
2025-07-15,U07810
2025-07-18,U07810
2025-07-22,U07810
2025-07-27,U07810
2025-07-29,U07810
2025-06-29,U07811
2025-07-18,U07811
2025-07-07,U07812
2025-07-08,U07812
2025-07-12,U07812
2025-07-12,U07812
2025-07-13,U07812
2025-07-16,U07812
2025-07-21,U07812
2025-07-21,U07812
2025-07-24,U07812
2025-07-26,U07812
2025-07-19,U07813
2025-07-31,U07813
2025-07-19,U07814
2025-07-21,U07814
2025-07-21,U07814
2025-07-23,U07814
2025-07-28,U07814
2025-07-29,U07814
2025-07-29,U07814
2025-07-31,U07814
2025-07-17,U07815
2025-07-17,U07815
2025-07-21,U07815
2025-07-22,U07815
2025-07-29,U07815
2025-07-15,U07816
2025-07-17,U07816
2025-07-21,U07816
2025-07-21,U07816
2025-07-27,U07816
2025-07-29,U07816
2025-07-30,U07816
2025-07-17,U07817
2025-07-18,U07817
2025-07-21,U07817
2025-07-24,U07817
2025-07-28,U07817
2025-07-29,U07817
2025-07-06,U07818
2025-07-09,U07818
2025-07-11,U07818
2025-07-11,U07818
2025-07-14,U07818
2025-07-15,U07818
2025-07-16,U07818
2025-07-22,U07818
2025-07-24,U07818
2025-07-03,U07819
2025-07-09,U07819
2025-07-10,U07819
2025-07-21,U07819
2025-05-28,U07820
2025-07-06,U07820
2025-06-10,U07821
2025-06-11,U07821
2025-06-14,U07821
2025-06-15,U07821
2025-06-16,U07821
2025-06-21,U07821
2025-07-06,U07821
2025-07-07,U07821
2025-07-10,U07821
2025-06-28,U07822
2025-06-30,U07822
2025-07-02,U07822
2025-07-14,U07822
2025-07-17,U07822
2025-07-20,U07822
2025-06-24,U07823
2025-06-28,U07823
2025-06-29,U07823
2025-06-30,U07823
2025-07-04,U07823
2025-07-13,U07823
2025-07-18,U07823
2025-07-06,U07824
2025-07-08,U07824
2025-07-04,U07825
2025-07-06,U07825
2025-07-06,U07825
2025-07-10,U07825
2025-07-10,U07825
2025-07-11,U07825
2025-07-16,U07825
2025-07-21,U07825
2025-05-19,U07826
2025-05-22,U07826
2025-05-18,U07827
2025-05-21,U07828
2025-05-24,U07829
2025-06-02,U07829
2025-06-03,U07829
2025-06-07,U07829
2025-06-09,U07829
2025-06-24,U07829
2025-07-09,U07830
2025-07-10,U07830
2025-07-21,U07830
2025-05-17,U07831
2025-06-24,U07832
2025-06-24,U07832
2025-07-01,U07832
2025-07-02,U07832
2025-07-08,U07832
2025-07-08,U07832
2025-07-09,U07832
2025-07-13,U07832
2025-07-13,U07832
2025-07-19,U07832
2025-06-02,U07833
2025-05-25,U07834
2025-05-29,U07834
2025-06-04,U07834
2025-06-05,U07834
2025-06-14,U07834
2025-06-19,U07834
2025-06-22,U07834
2025-06-25,U07834
2025-07-04,U07834
2025-06-30,U07835
2025-07-06,U07835
2025-07-15,U07835
2025-07-16,U07835
2025-07-18,U07835
2025-07-14,U07836
2025-07-16,U07836
2025-07-24,U07836
2025-07-28,U07836
2025-07-29,U07836
2025-05-17,U07837
2025-05-26,U07837
2025-05-30,U07837
2025-06-09,U07837
2025-06-13,U07837
2025-05-31,U07838
2025-06-26,U07838
2025-06-26,U07838
2025-07-03,U07838
2025-07-04,U07838
2025-06-02,U07839
2025-06-03,U07839
2025-06-03,U07839
2025-06-08,U07839
2025-06-14,U07839
2025-06-19,U07839
2025-06-22,U07839
2025-06-25,U07839
2025-05-17,U07840
2025-06-20,U07841
2025-06-27,U07841
2025-06-28,U07841
2025-07-11,U07841
2025-07-13,U07841
2025-07-14,U07841
2025-07-15,U07841
2025-07-17,U07841
2025-05-26,U07842
2025-05-27,U07842
2025-07-13,U07843
2025-07-15,U07843
2025-07-17,U07843
2025-07-19,U07843
2025-07-22,U07843
2025-07-22,U07843
2025-07-26,U07843
2025-07-27,U07843
2025-06-25,U07844
2025-07-11,U07844
2025-08-20,U07844
2025-05-30,U07845
2025-07-15,U07846
2025-07-28,U07846
2025-08-20,U07846
2025-07-06,U07847
2025-07-10,U07847
2025-07-16,U07847
2025-07-19,U07847
2025-07-20,U07847
2025-07-20,U07847
2025-07-23,U07847
2025-06-27,U07848
2025-07-17,U07848
2025-07-21,U07848
2025-06-15,U07849
2025-07-04,U07849
2025-07-09,U07849
2025-07-14,U07849
2025-08-19,U07849
2025-05-27,U07850
2025-05-27,U07850
2025-05-27,U07850
2025-06-02,U07850
2025-07-07,U07851
2025-07-10,U07851
2025-07-11,U07851
2025-07-12,U07851
2025-07-13,U07851
2025-07-19,U07851
2025-07-25,U07851
2025-07-25,U07851
2025-07-25,U07851
2025-07-26,U07851
2025-07-15,U07852
2025-07-16,U07852
2025-07-21,U07852
2025-07-22,U07852
2025-07-22,U07852
2025-07-23,U07852
2025-07-28,U07852
2025-07-30,U07852
2025-08-21,U07852
2025-06-04,U07853
2025-06-05,U07853
2025-06-06,U07853
2025-06-24,U07853
2025-07-03,U07853
2025-07-05,U07853
2025-07-26,U07854
2025-07-26,U07854
2025-07-29,U07854
2025-07-29,U07854
2025-07-30,U07854
2025-07-31,U07854
2025-07-19,U07855
2025-07-23,U07855
2025-07-27,U07855
2025-07-28,U07855
2025-07-31,U07855
2025-05-17,U07856
2025-05-19,U07857
2025-05-19,U07857
2025-06-02,U07857
2025-06-09,U07857
2025-06-28,U07858
2025-06-19,U07859
2025-06-24,U07859
2025-06-25,U07859
2025-07-16,U07859
2025-05-29,U07860
2025-06-03,U07860
2025-06-17,U07860
2025-06-27,U07860
2025-06-01,U07861
2025-06-09,U07861
2025-06-15,U07861
2025-06-16,U07861
2025-06-20,U07861
2025-06-23,U07861
2025-06-28,U07861
2025-06-29,U07861
2025-06-29,U07861
2025-07-06,U07861
2025-05-23,U07862
2025-05-24,U07862
2025-05-26,U07862
2025-06-08,U07862
2025-06-17,U07862
2025-06-17,U07862
2025-06-26,U07862
2025-06-30,U07862
2025-05-17,U07863
2025-07-10,U07864
2025-07-17,U07864
2025-07-19,U07864
2025-07-19,U07864
2025-07-23,U07864
2025-07-24,U07864
2025-07-06,U07865
2025-07-09,U07865
2025-07-10,U07865
2025-07-12,U07865
2025-07-16,U07865
2025-07-16,U07865
2025-07-21,U07865
2025-07-22,U07865
2025-05-19,U07866
2025-06-04,U07866
2025-06-16,U07866
2025-06-23,U07866
2025-06-17,U07867
2025-06-20,U07867
2025-06-20,U07867
2025-06-22,U07867
2025-06-23,U07867
2025-07-10,U07867
2025-07-12,U07867
2025-07-15,U07867
2025-07-22,U07868
2025-07-23,U07868
2025-07-25,U07868
2025-07-29,U07868
2025-07-30,U07868
2025-08-01,U07868
2025-07-21,U07869
2025-07-28,U07869
2025-07-29,U07869
2025-07-29,U07869
2025-07-30,U07869
2025-07-31,U07869
2025-08-01,U07869
2025-06-09,U07870
2025-07-01,U07870
2025-07-02,U07870
2025-07-05,U07870
2025-05-28,U07871
2025-06-02,U07871
2025-05-28,U07872
2025-06-19,U07872
2025-06-20,U07872
2025-07-04,U07872
2025-06-21,U07873
2025-06-27,U07873
2025-07-04,U07873
2025-07-16,U07873
2025-07-17,U07873
2025-05-23,U07874
2025-06-19,U07874
2025-05-17,U07875
2025-05-25,U07876
2025-06-15,U07876
2025-06-26,U07876
2025-07-19,U07877
2025-07-20,U07877
2025-07-21,U07877
2025-07-23,U07877
2025-07-24,U07877
2025-07-25,U07877
2025-07-25,U07877
2025-07-28,U07877
2025-07-29,U07877
2025-07-30,U07877
2025-06-12,U07878
2025-06-20,U07878
2025-07-07,U07878
2025-07-20,U07879
2025-07-25,U07879
2025-07-29,U07879
2025-08-01,U07879
2025-05-19,U07880
2025-05-21,U07880
2025-06-22,U07880
2025-06-28,U07880
2025-06-03,U07881
2025-06-11,U07881
2025-06-13,U07881
2025-06-17,U07881
2025-05-25,U07882
2025-06-19,U07882
2025-07-03,U07883
2025-07-07,U07883
2025-07-08,U07883
2025-07-10,U07883
2025-07-11,U07883
2025-07-11,U07883
2025-07-14,U07883
2025-07-15,U07883
2025-07-24,U07883
2025-07-15,U07884
2025-07-18,U07884
2025-07-19,U07884
2025-07-21,U07884
2025-07-22,U07884
2025-07-23,U07884
2025-07-24,U07884
2025-07-25,U07884
2025-07-29,U07884
2025-07-30,U07884
2025-05-22,U07885
2025-05-23,U07885
2025-05-31,U07885
2025-06-06,U07885
2025-06-08,U07885
2025-06-26,U07885
2025-07-03,U07885
2025-08-18,U07885
2025-07-01,U07886
2025-07-01,U07886
2025-07-11,U07886
2025-07-15,U07886
2025-07-16,U07886
2025-07-23,U07886
2025-05-22,U07887
2025-05-23,U07887
2025-05-24,U07887
2025-06-04,U07887
2025-06-11,U07887
2025-06-11,U07887
2025-06-13,U07887
2025-06-19,U07887
2025-06-26,U07887
2025-07-01,U07887
2025-05-21,U07888
2025-05-30,U07888
2025-06-03,U07888
2025-06-17,U07888
2025-06-19,U07888
2025-06-21,U07888
2025-06-24,U07888
2025-07-09,U07889
2025-07-11,U07889
2025-07-12,U07889
2025-07-15,U07889
2025-07-17,U07889
2025-07-22,U07889
2025-07-26,U07889
2025-08-15,U07889
2025-07-11,U07890
2025-07-11,U07890
2025-07-17,U07890
2025-07-19,U07890
2025-07-21,U07890
2025-07-24,U07890
2025-06-09,U07891
2025-06-17,U07891
2025-06-28,U07891
2025-07-09,U07891
2025-07-09,U07891
2025-07-10,U07891
2025-07-10,U07891
2025-07-11,U07891
2025-06-28,U07892
2025-06-28,U07892
2025-07-01,U07892
2025-07-03,U07892
2025-07-03,U07892
2025-07-05,U07892
2025-07-14,U07892
2025-07-15,U07892
2025-07-19,U07892
2025-07-20,U07892
2025-05-18,U07893
2025-05-27,U07893
2025-06-06,U07893
2025-06-08,U07893
2025-08-20,U07893
2025-06-04,U07894
2025-06-09,U07894
2025-08-21,U07894
2025-06-11,U07895
2025-06-20,U07895
2025-06-25,U07895
2025-07-02,U07895
2025-07-09,U07895
2025-07-09,U07895
2025-07-10,U07895
2025-05-17,U07896
2025-05-31,U07897
2025-06-20,U07897
2025-07-04,U07897
2025-08-17,U07897
2025-07-15,U07898
2025-07-18,U07898
2025-07-18,U07898
2025-07-20,U07898
2025-07-22,U07898
2025-07-24,U07898
2025-07-28,U07898
2025-07-29,U07898
2025-07-30,U07898
2025-07-15,U07899
2025-07-19,U07899
2025-07-24,U07899
2025-07-24,U07899
2025-07-28,U07899
2025-07-30,U07899
2025-05-17,U07900
2025-07-15,U07901
2025-07-30,U07901
2025-05-28,U07902
2025-05-29,U07902
2025-05-31,U07902
2025-06-16,U07902
2025-06-25,U07902
2025-06-29,U07902
2025-07-05,U07902
2025-07-06,U07902
2025-07-21,U07903
2025-07-27,U07903
2025-07-29,U07903
2025-07-30,U07903
2025-08-01,U07903
2025-08-19,U07903
2025-06-03,U07904
2025-06-17,U07905
2025-06-20,U07905
2025-06-26,U07905
2025-07-02,U07905
2025-07-09,U07905
2025-07-09,U07905
2025-07-10,U07905
2025-07-11,U07905
2025-07-15,U07905
2025-07-16,U07905
2025-06-21,U07906
2025-06-27,U07906
2025-07-04,U07906
2025-07-12,U07906
2025-06-13,U07907
2025-07-09,U07907
2025-05-22,U07908
2025-05-30,U07908
2025-07-23,U07909
2025-08-01,U07909
2025-07-21,U07910
2025-07-26,U07910
2025-07-26,U07910
2025-08-01,U07910
2025-06-24,U07911
2025-07-16,U07911
2025-07-17,U07911
2025-08-17,U07911
2025-06-13,U07912
2025-06-16,U07912
2025-06-23,U07912
2025-06-29,U07912
2025-06-29,U07912
2025-07-10,U07912
2025-07-11,U07912
2025-07-12,U07912
2025-07-14,U07912
2025-07-03,U07913
2025-07-16,U07913
2025-08-16,U07913
2025-07-01,U07914
2025-07-09,U07914
2025-05-30,U07915
2025-06-05,U07915
2025-06-19,U07915
2025-06-21,U07916
2025-06-22,U07916
2025-06-23,U07916
2025-06-30,U07916
2025-07-07,U07916
2025-07-09,U07916
2025-07-11,U07916
2025-07-16,U07916
2025-07-17,U07916
2025-07-05,U07917
2025-07-09,U07917
2025-07-17,U07917
2025-08-21,U07917
2025-05-17,U07918
2025-05-18,U07918
2025-05-21,U07918
2025-05-21,U07918
2025-05-26,U07918
2025-06-13,U07918
2025-06-19,U07918
2025-06-21,U07918
2025-06-27,U07918
2025-06-30,U07918
2025-06-19,U07919
2025-08-17,U07919
2025-06-29,U07920
2025-07-11,U07920
2025-05-18,U07921
2025-05-25,U07921
2025-06-06,U07921
2025-06-07,U07921
2025-06-07,U07921
2025-06-17,U07921
2025-05-26,U07922
2025-06-06,U07922
2025-06-15,U07922
2025-06-28,U07922
2025-07-22,U07923
2025-07-23,U07923
2025-07-26,U07923
2025-07-29,U07923
2025-08-01,U07923
2025-08-15,U07923
2025-07-08,U07924
2025-07-21,U07924
2025-07-22,U07924
2025-08-17,U07924
2025-07-16,U07925
2025-07-17,U07925
2025-07-18,U07925
2025-07-20,U07925
2025-07-22,U07925
2025-07-22,U07925
2025-07-27,U07925
2025-07-30,U07925
2025-06-13,U07926
2025-06-13,U07926
2025-06-14,U07926
2025-06-15,U07926
2025-06-18,U07926
2025-06-23,U07926
2025-06-26,U07926
2025-07-11,U07926
2025-06-29,U07927
2025-07-04,U07927
2025-05-22,U07928
2025-05-29,U07928
2025-07-17,U07929
2025-07-19,U07929
2025-07-20,U07929
2025-07-21,U07929
2025-07-23,U07929
2025-07-24,U07929
2025-07-24,U07929
2025-07-24,U07929
2025-07-26,U07929
2025-07-31,U07929
2025-06-25,U07930
2025-07-10,U07930
2025-07-14,U07930
2025-07-15,U07930
2025-07-23,U07931
2025-07-24,U07931
2025-07-31,U07931
2025-07-31,U07931
2025-08-01,U07931
2025-06-15,U07932
2025-06-19,U07932
2025-06-26,U07932
2025-06-27,U07932
2025-06-29,U07932
2025-07-03,U07932
2025-07-10,U07932
2025-06-27,U07933
2025-06-27,U07933
2025-07-02,U07933
2025-07-05,U07933
2025-07-07,U07933
2025-07-11,U07933
2025-07-14,U07933
2025-07-21,U07933
2025-05-19,U07934
2025-06-06,U07935
2025-06-29,U07935
2025-05-17,U07936
2025-07-03,U07937
2025-07-09,U07937
2025-07-16,U07937
2025-07-17,U07937
2025-07-23,U07937
2025-07-02,U07938
2025-07-04,U07938
2025-07-04,U07938
2025-07-21,U07938
2025-07-21,U07938
2025-07-22,U07938
2025-06-23,U07939
2025-07-18,U07939
2025-08-16,U07939
2025-07-19,U07940
2025-07-21,U07940
2025-07-26,U07940
2025-07-28,U07940
2025-07-30,U07940
2025-07-30,U07940
2025-07-31,U07940
2025-05-19,U07941
2025-05-24,U07941
2025-05-29,U07941
2025-06-13,U07941
2025-06-07,U07942
2025-06-16,U07942
2025-07-11,U07942
2025-06-28,U07943
2025-07-02,U07943
2025-07-03,U07943
2025-07-08,U07943
2025-07-09,U07943
2025-07-12,U07943
2025-07-12,U07943
2025-07-20,U07943
2025-07-09,U07944
2025-07-22,U07944
2025-07-27,U07944
2025-05-17,U07945
2025-05-18,U07945
2025-05-21,U07945
2025-05-22,U07945
2025-05-27,U07945
2025-06-05,U07945
2025-06-10,U07945
2025-06-11,U07945
2025-06-21,U07945
2025-06-25,U07946
2025-07-13,U07946
2025-07-18,U07946
2025-06-02,U07947
2025-06-02,U07947
2025-06-05,U07947
2025-06-09,U07947
2025-06-11,U07947
2025-06-26,U07947
2025-07-01,U07947
2025-07-07,U07947
2025-05-26,U07948
2025-05-30,U07948
2025-06-10,U07948
2025-06-11,U07948
2025-05-18,U07949
2025-06-03,U07949
2025-07-14,U07950
2025-07-16,U07950
2025-07-16,U07950
2025-07-20,U07950
2025-07-23,U07950
2025-07-28,U07950
2025-06-19,U07951
2025-06-22,U07951
2025-06-26,U07951
2025-06-27,U07951
2025-07-01,U07951
2025-07-05,U07951
2025-07-08,U07951
2025-07-09,U07951
2025-07-17,U07951
2025-07-07,U07952
2025-07-08,U07952
2025-07-12,U07952
2025-07-16,U07952
2025-07-23,U07952
2025-05-19,U07953
2025-05-24,U07953
2025-07-19,U07954
2025-07-20,U07954
2025-07-22,U07954
2025-07-28,U07954
2025-07-29,U07954
2025-08-01,U07954
2025-07-11,U07955
2025-07-15,U07955
2025-07-21,U07955
2025-07-27,U07955
2025-05-19,U07956
2025-05-24,U07956
2025-05-25,U07956
2025-05-27,U07956
2025-06-09,U07956
2025-06-11,U07956
2025-06-17,U07956
2025-06-22,U07956
2025-06-28,U07956
2025-05-30,U07957
2025-06-07,U07957
2025-06-15,U07957
2025-05-24,U07958
2025-06-03,U07959
2025-08-21,U07959
2025-05-20,U07960
2025-05-24,U07960
2025-06-01,U07960
2025-06-08,U07960
2025-06-26,U07960
2025-07-19,U07961
2025-07-22,U07961
2025-07-23,U07961
2025-07-27,U07961
2025-07-28,U07961
2025-07-29,U07961
2025-07-29,U07961
2025-07-29,U07961
2025-07-30,U07961
2025-08-01,U07961
2025-05-30,U07962
2025-06-01,U07962
2025-06-05,U07962
2025-06-10,U07962
2025-06-20,U07962
2025-06-22,U07962
2025-06-29,U07962
2025-07-02,U07962
2025-07-06,U07962
2025-07-10,U07963
2025-07-21,U07963
2025-07-27,U07963
2025-06-12,U07964
2025-06-13,U07964
2025-06-22,U07964
2025-07-04,U07964
2025-07-09,U07964
2025-07-11,U07964
2025-07-13,U07964
2025-05-21,U07965
2025-05-24,U07965
2025-06-07,U07965
2025-06-08,U07965
2025-06-24,U07965
2025-06-17,U07966
2025-06-18,U07966
2025-06-23,U07966
2025-06-24,U07966
2025-06-29,U07966
2025-06-29,U07966
2025-06-30,U07966
2025-07-04,U07966
2025-07-14,U07966
2025-05-30,U07967
2025-06-14,U07967
2025-07-03,U07967
2025-07-05,U07967
2025-05-20,U07968
2025-05-27,U07968
2025-05-30,U07968
2025-05-31,U07968
2025-06-07,U07968
2025-06-08,U07968
2025-06-19,U07968
2025-06-24,U07968
2025-07-10,U07969
2025-07-12,U07969
2025-07-15,U07969
2025-07-22,U07969
2025-07-27,U07969
2025-05-19,U07970
2025-05-29,U07970
2025-06-02,U07970
2025-06-25,U07970
2025-05-27,U07971
2025-05-27,U07971
2025-06-04,U07971
2025-06-09,U07971
2025-07-01,U07971
2025-07-02,U07971
2025-07-17,U07972
2025-07-24,U07972
2025-07-28,U07972
2025-06-07,U07973
2025-06-11,U07973
2025-06-07,U07974
2025-06-07,U07974
2025-06-09,U07974
2025-07-08,U07974
2025-07-09,U07974
2025-05-20,U07975
2025-05-23,U07975
2025-06-24,U07975
2025-05-23,U07976
2025-05-21,U07977
2025-06-20,U07977
2025-06-24,U07977
2025-06-28,U07977
2025-06-11,U07978
2025-06-24,U07978
2025-06-29,U07978
2025-07-07,U07978
2025-05-30,U07979
2025-06-01,U07979
2025-06-01,U07979
2025-06-08,U07979
2025-06-13,U07979
2025-06-21,U07979
2025-06-29,U07979
2025-07-05,U07979
2025-07-07,U07980
2025-07-07,U07980
2025-07-17,U07980
2025-07-19,U07980
2025-07-26,U07980
2025-05-23,U07981
2025-06-08,U07981
2025-06-11,U07981
2025-06-12,U07981
2025-06-15,U07981
2025-06-17,U07981
2025-06-19,U07981
2025-06-21,U07981
2025-06-21,U07981
2025-07-03,U07981
2025-08-21,U07981
2025-07-11,U07982
2025-07-15,U07982
2025-07-16,U07982
2025-07-20,U07982
2025-07-20,U07982
2025-07-22,U07982
2025-07-23,U07982
2025-07-26,U07982
2025-06-15,U07983
2025-06-19,U07983
2025-06-23,U07983
2025-06-30,U07983
2025-07-12,U07983
2025-07-14,U07983
2025-07-15,U07983
2025-08-15,U07983
2025-07-09,U07984
2025-07-11,U07984
2025-07-13,U07984
2025-07-18,U07984
2025-07-18,U07984
2025-07-18,U07984
2025-07-21,U07984
2025-07-25,U07984
2025-07-27,U07984
2025-06-14,U07985
2025-07-07,U07985
2025-05-17,U07986
2025-05-17,U07987
2025-06-07,U07987
2025-06-25,U07987
2025-06-29,U07987
2025-08-18,U07987
2025-07-12,U07988
2025-07-14,U07988
2025-07-14,U07988
2025-07-23,U07988
2025-07-24,U07988
2025-07-26,U07989
2025-07-31,U07989
2025-07-20,U07990
2025-07-20,U07990
2025-07-23,U07990
2025-07-28,U07990
2025-07-28,U07990
2025-08-01,U07990
2025-07-03,U07991
2025-07-05,U07991
2025-07-12,U07991
2025-07-14,U07991
2025-07-16,U07991
2025-07-17,U07991
2025-07-17,U07991
2025-07-18,U07991
2025-07-21,U07991
2025-07-04,U07992
2025-07-06,U07992
2025-07-08,U07992
2025-07-09,U07992
2025-07-10,U07992
2025-07-20,U07992
2025-07-23,U07992
2025-07-23,U07992
2025-07-24,U07992
2025-06-05,U07993
2025-06-27,U07993
2025-07-09,U07993
2025-05-17,U07994
2025-07-16,U07995
2025-07-16,U07995
2025-07-17,U07995
2025-07-18,U07995
2025-07-25,U07995
2025-07-26,U07995
2025-06-09,U07996
2025-07-09,U07996
2025-07-10,U07996
2025-05-26,U07997
2025-05-31,U07997
2025-05-31,U07997
2025-06-05,U07997
2025-06-15,U07997
2025-06-19,U07997
2025-06-21,U07997
2025-06-29,U07998
2025-07-09,U07998
2025-07-11,U07998
2025-07-18,U07998
2025-07-21,U07998
2025-05-20,U07999
2025-05-21,U07999
2025-05-26,U07999
2025-06-14,U07999
2025-06-25,U07999
2025-06-25,U07999
2025-06-26,U07999
2025-07-15,U08000
2025-07-16,U08000
2025-07-20,U08000
2025-07-20,U08000
2025-07-20,U08000
2025-07-21,U08000
2025-07-26,U08000
2025-07-27,U08000
2025-08-16,U08000
2025-05-22,U08001
2025-05-22,U08001
2025-06-19,U08001
2025-07-01,U08002
2025-07-03,U08002
2025-07-05,U08002
2025-07-07,U08002
2025-07-07,U08002
2025-07-07,U08002
2025-07-07,U08002
2025-07-10,U08002
2025-07-20,U08002
2025-05-17,U08003
2025-06-24,U08004
2025-07-12,U08004
2025-07-30,U08005
2025-08-01,U08005
2025-06-04,U08006
2025-06-27,U08006
2025-07-01,U08006
2025-08-19,U08006
2025-06-01,U08007
2025-06-02,U08007
2025-06-06,U08007
2025-06-15,U08007
2025-07-06,U08007
2025-07-07,U08007
2025-07-02,U08008
2025-07-03,U08008
2025-07-15,U08008
2025-07-15,U08008
2025-07-23,U08008
2025-05-17,U08009
2025-05-19,U08009
2025-05-21,U08009
2025-06-04,U08009
2025-06-11,U08009
2025-06-06,U08010
2025-07-18,U08011
2025-07-19,U08011
2025-07-20,U08011
2025-07-21,U08011
2025-07-23,U08011
2025-07-25,U08011
2025-07-26,U08011
2025-07-28,U08011
2025-07-28,U08011
2025-07-30,U08011
2025-07-08,U08012
2025-07-23,U08012
2025-07-24,U08012
2025-05-24,U08013
2025-06-02,U08013
2025-06-04,U08013
2025-06-11,U08014
2025-06-15,U08014
2025-06-17,U08014
2025-06-24,U08014
2025-06-30,U08014
2025-07-02,U08014
2025-07-03,U08014
2025-07-11,U08014
2025-07-12,U08014
2025-07-13,U08014
2025-08-15,U08014
2025-06-29,U08015
2025-06-30,U08015
2025-06-30,U08015
2025-07-01,U08015
2025-07-02,U08015
2025-07-14,U08015
2025-06-10,U08016
2025-06-24,U08016
2025-06-24,U08016
2025-06-25,U08016
2025-06-30,U08016
2025-07-05,U08016
2025-07-06,U08017
2025-07-07,U08017
2025-07-08,U08017
2025-07-14,U08017
2025-07-18,U08017
2025-07-21,U08017
2025-07-23,U08017
2025-06-10,U08018
2025-05-17,U08019
2025-05-25,U08020
2025-05-28,U08020
2025-06-10,U08020
2025-06-26,U08020
2025-05-17,U08021
2025-06-16,U08022
2025-07-03,U08022
2025-07-03,U08022
2025-07-04,U08022
2025-07-12,U08022
2025-06-28,U08023
2025-06-28,U08023
2025-06-30,U08023
2025-06-30,U08023
2025-07-09,U08023
2025-07-15,U08023
2025-07-17,U08023
2025-07-17,U08023
2025-07-19,U08023
2025-07-20,U08023
2025-08-19,U08023
2025-05-23,U08024
2025-06-09,U08024
2025-08-21,U08024
2025-05-17,U08025
2025-07-21,U08026
2025-07-31,U08026
2025-06-09,U08027
2025-06-09,U08027
2025-06-12,U08027
2025-06-13,U08027
2025-06-19,U08027
2025-06-19,U08027
2025-06-21,U08027
2025-05-17,U08028
2025-06-03,U08028
2025-06-22,U08028
2025-07-20,U08029
2025-07-21,U08029
2025-07-31,U08029
2025-06-26,U08030
2025-07-17,U08030
2025-06-11,U08031
2025-06-18,U08031
2025-06-30,U08031
2025-07-07,U08031
2025-05-17,U08032
2025-05-30,U08032
2025-06-01,U08032
2025-05-23,U08033
2025-05-18,U08034
2025-05-21,U08034
2025-05-28,U08034
2025-06-03,U08034
2025-06-17,U08034
2025-06-25,U08034
2025-06-21,U08035
2025-06-21,U08035
2025-06-26,U08035
2025-06-28,U08035
2025-06-29,U08035
2025-07-09,U08035
2025-07-18,U08035
2025-07-09,U08036
2025-07-10,U08036
2025-07-15,U08036
2025-07-17,U08036
2025-07-20,U08036
2025-07-24,U08036
2025-07-03,U08037
2025-07-10,U08037
2025-07-16,U08037
2025-07-16,U08037
2025-07-21,U08037
2025-07-21,U08037
2025-07-24,U08037
2025-07-10,U08038
2025-07-11,U08038
2025-07-12,U08038
2025-07-12,U08038
2025-07-12,U08038
2025-07-14,U08038
2025-07-17,U08038
2025-07-26,U08038
2025-07-27,U08038
2025-05-18,U08039
2025-06-02,U08039
2025-06-03,U08039
2025-06-14,U08039
2025-06-18,U08040
2025-07-04,U08040
2025-07-06,U08040
2025-07-10,U08040
2025-07-10,U08040
2025-07-14,U08040
2025-05-19,U08041
2025-05-24,U08041
2025-05-25,U08041
2025-06-06,U08041
2025-06-12,U08041
2025-06-14,U08041
2025-06-16,U08041
2025-06-17,U08041
2025-06-24,U08041
2025-05-19,U08042
2025-05-22,U08042
2025-05-23,U08042
2025-05-26,U08042
2025-05-29,U08042
2025-06-02,U08042
2025-06-06,U08042
2025-06-07,U08042
2025-06-25,U08042
2025-07-01,U08042
2025-07-19,U08043
2025-07-25,U08043
2025-08-01,U08043
2025-07-19,U08044
2025-07-19,U08044
2025-07-27,U08044
2025-07-29,U08044
2025-07-31,U08044
2025-06-05,U08045
2025-06-11,U08045
2025-06-13,U08045
2025-06-29,U08045
2025-06-29,U08045
2025-07-01,U08045
2025-06-20,U08046
2025-06-30,U08046
2025-07-04,U08046
2025-07-05,U08046
2025-07-05,U08046
2025-07-07,U08046
2025-07-11,U08046
2025-07-17,U08046
2025-05-17,U08047
2025-05-25,U08047
2025-06-09,U08047
2025-06-11,U08047
2025-08-21,U08047
2025-07-23,U08048
2025-07-24,U08048
2025-07-25,U08048
2025-07-28,U08048
2025-07-29,U08048
2025-06-09,U08049
2025-06-18,U08049
2025-06-24,U08049
2025-07-02,U08049
2025-07-05,U08049
2025-07-06,U08049
2025-07-10,U08049
2025-07-09,U08050
2025-07-10,U08050
2025-07-13,U08050
2025-07-16,U08050
2025-07-16,U08050
2025-07-20,U08050
2025-07-21,U08050
2025-07-23,U08050
2025-07-24,U08050
2025-07-15,U08051
2025-07-16,U08051
2025-07-17,U08051
2025-07-17,U08051
2025-07-25,U08051
2025-07-25,U08051
2025-07-25,U08051
2025-07-29,U08051
2025-07-30,U08051
2025-07-07,U08052
2025-07-09,U08052
2025-07-09,U08052
2025-07-09,U08052
2025-07-14,U08052
2025-07-15,U08052
2025-07-19,U08052
2025-07-22,U08052
2025-07-23,U08052
2025-07-26,U08052
2025-07-23,U08053
2025-07-29,U08053
2025-07-30,U08053
2025-06-27,U08054
2025-06-29,U08054
2025-06-30,U08054
2025-07-02,U08054
2025-07-03,U08054
2025-07-08,U08054
2025-07-08,U08054
2025-07-11,U08054
2025-07-20,U08054
2025-07-13,U08055
2025-07-14,U08055
2025-07-17,U08055
2025-07-23,U08055
2025-07-24,U08055
2025-07-27,U08055
2025-07-28,U08055
2025-08-20,U08055
2025-05-17,U08056
2025-05-20,U08057
2025-05-21,U08057
2025-05-21,U08057
2025-05-22,U08057
2025-06-04,U08057
2025-06-13,U08057
2025-06-20,U08057
2025-06-27,U08057
2025-05-27,U08058
2025-06-02,U08058
2025-06-05,U08058
2025-06-08,U08058
2025-06-12,U08058
2025-06-18,U08058
2025-06-20,U08058
2025-07-04,U08058
2025-06-26,U08059
2025-06-26,U08059
2025-06-28,U08059
2025-07-02,U08059
2025-07-05,U08059
2025-07-13,U08059
2025-07-17,U08059
2025-07-19,U08059
2025-06-29,U08060
2025-07-05,U08060
2025-07-06,U08060
2025-07-08,U08060
2025-07-11,U08060
2025-07-18,U08060
2025-07-21,U08060
2025-05-25,U08061
2025-05-26,U08061
2025-06-05,U08061
2025-06-07,U08061
2025-06-11,U08061
2025-06-18,U08061
2025-06-22,U08061
2025-06-30,U08061
2025-07-04,U08061
2025-05-23,U08062
2025-05-29,U08062
2025-06-02,U08062
2025-06-18,U08062
2025-06-19,U08062
2025-08-19,U08062
2025-06-04,U08063
2025-06-22,U08063
2025-07-14,U08064
2025-07-24,U08064
2025-07-27,U08064
2025-07-29,U08064
2025-06-11,U08065
2025-07-08,U08065
2025-06-20,U08066
2025-07-15,U08066
2025-07-18,U08067
2025-07-31,U08067
2025-06-04,U08068
2025-06-12,U08068
2025-06-14,U08068
2025-06-18,U08068
2025-07-06,U08068
2025-07-06,U08068
2025-07-09,U08068
2025-05-23,U08069
2025-05-27,U08069
2025-06-13,U08069
2025-06-14,U08069
2025-06-15,U08069
2025-07-03,U08070
2025-07-04,U08070
2025-07-06,U08070
2025-07-07,U08070
2025-07-09,U08070
2025-07-11,U08070
2025-07-21,U08070
2025-05-24,U08071
2025-05-25,U08071
2025-05-27,U08071
2025-06-28,U08072
2025-07-09,U08072
2025-07-10,U08072
2025-07-14,U08072
2025-07-14,U08072
2025-07-21,U08072
2025-07-11,U08073
2025-07-11,U08073
2025-07-12,U08073
2025-07-13,U08073
2025-07-18,U08073
2025-07-20,U08073
2025-07-26,U08073
2025-07-28,U08073
2025-05-20,U08074
2025-05-22,U08074
2025-06-21,U08074
2025-06-11,U08075
2025-07-10,U08075
2025-06-11,U08076
2025-06-16,U08076
2025-06-17,U08076
2025-06-20,U08076
2025-06-24,U08076
2025-06-26,U08076
2025-07-05,U08076
2025-07-06,U08076
2025-07-13,U08076
2025-07-12,U08077
2025-07-13,U08077
2025-07-28,U08077
2025-07-15,U08078
2025-07-18,U08078
2025-07-18,U08078
2025-07-20,U08078
2025-07-21,U08078
2025-07-22,U08078
2025-07-23,U08078
2025-07-25,U08078
2025-07-28,U08078
2025-07-29,U08078
2025-05-30,U08079
2025-06-10,U08079
2025-06-18,U08079
2025-06-27,U08079
2025-06-28,U08079
2025-07-11,U08080
2025-07-17,U08080
2025-07-18,U08080
2025-07-19,U08080
2025-07-21,U08080
2025-07-24,U08080
2025-07-25,U08080
2025-05-18,U08081
2025-05-21,U08081
2025-06-05,U08081
2025-06-15,U08081
2025-06-16,U08081
2025-06-19,U08082
2025-07-07,U08082
2025-05-25,U08083
2025-06-09,U08083
2025-06-03,U08084
2025-06-19,U08084
2025-07-02,U08084
2025-07-03,U08084
2025-07-03,U08084
2025-07-05,U08084
2025-08-15,U08084
2025-07-19,U08085
2025-07-20,U08085
2025-07-28,U08085
2025-07-30,U08085
2025-07-16,U08086
2025-07-24,U08086
2025-07-25,U08086
2025-07-27,U08086
2025-07-29,U08086
2025-05-17,U08087
2025-05-25,U08087
2025-05-29,U08087
2025-05-30,U08087
2025-05-22,U08088
2025-05-23,U08088
2025-05-25,U08088
2025-06-12,U08088
2025-06-12,U08088
2025-06-26,U08088
2025-06-26,U08088
2025-07-03,U08088
2025-07-22,U08089
2025-07-28,U08089
2025-05-19,U08090
2025-05-29,U08090
2025-06-01,U08090
2025-06-13,U08090
2025-06-24,U08090
2025-07-21,U08091
2025-07-25,U08091
2025-06-26,U08092
2025-06-27,U08092
2025-06-29,U08092
2025-06-30,U08092
2025-07-04,U08092
2025-07-07,U08092
2025-05-17,U08093
2025-05-18,U08094
2025-05-18,U08094
2025-05-18,U08094
2025-05-22,U08094
2025-06-13,U08094
2025-06-26,U08094
2025-05-21,U08095
2025-05-29,U08095
2025-06-17,U08095
2025-06-22,U08095
2025-05-23,U08096
2025-06-28,U08096
2025-07-03,U08096
2025-07-25,U08097
2025-07-25,U08097
2025-07-29,U08097
2025-08-01,U08097
2025-08-15,U08097
2025-05-22,U08098
2025-05-28,U08098
2025-06-08,U08098
2025-07-07,U08099
2025-07-23,U08099
2025-07-24,U08099
2025-08-16,U08099
2025-06-27,U08100
2025-07-04,U08100
2025-07-05,U08100
2025-07-06,U08100
2025-07-21,U08100
2025-06-12,U08101
2025-06-21,U08101
2025-06-23,U08101
2025-07-02,U08101
2025-07-06,U08101
2025-07-08,U08101
2025-07-10,U08101
2025-07-13,U08101
2025-05-18,U08102
2025-05-23,U08102
2025-05-26,U08102
2025-05-28,U08102
2025-06-10,U08102
2025-07-08,U08103
2025-07-12,U08103
2025-07-18,U08103
2025-07-18,U08103
2025-07-19,U08103
2025-07-25,U08103
2025-05-17,U08104
2025-05-17,U08105
2025-05-17,U08106
2025-05-20,U08106
2025-05-22,U08106
2025-06-04,U08106
2025-06-05,U08106
2025-06-10,U08106
2025-06-13,U08106
2025-06-25,U08106
2025-07-19,U08107
2025-07-19,U08107
2025-07-20,U08107
2025-07-24,U08107
2025-07-26,U08107
2025-07-27,U08107
2025-07-27,U08107
2025-07-30,U08107
2025-07-30,U08107
2025-07-31,U08107
2025-05-25,U08108
2025-06-04,U08108
2025-06-14,U08108
2025-07-13,U08109
2025-07-24,U08109
2025-07-25,U08109
2025-07-25,U08109
2025-07-29,U08109
2025-06-09,U08110
2025-06-13,U08110
2025-07-03,U08110
2025-05-17,U08111
2025-08-20,U08111
2025-05-29,U08112
2025-05-31,U08112
2025-06-01,U08112
2025-06-02,U08112
2025-06-08,U08112
2025-06-21,U08112
2025-06-28,U08112
2025-07-02,U08112
2025-07-06,U08112
2025-07-18,U08113
2025-07-19,U08113
2025-07-20,U08113
2025-07-22,U08113
2025-07-24,U08113
2025-07-25,U08113
2025-07-27,U08113
2025-07-31,U08113
2025-08-18,U08113
2025-05-23,U08114
2025-06-11,U08114
2025-06-12,U08114
2025-07-01,U08114
2025-05-17,U08115
2025-06-04,U08116
2025-06-09,U08116
2025-06-13,U08116
2025-06-22,U08116
2025-06-27,U08116
2025-07-06,U08116
2025-07-07,U08116
2025-08-20,U08116
2025-05-17,U08117
2025-07-14,U08118
2025-07-15,U08118
2025-07-19,U08118
2025-07-25,U08118
2025-07-27,U08118
2025-07-23,U08119
2025-07-26,U08119
2025-07-27,U08119
2025-07-30,U08119
2025-07-31,U08119
2025-08-01,U08119
2025-06-11,U08120
2025-06-24,U08120
2025-07-11,U08120
2025-07-11,U08121
2025-07-16,U08121
2025-07-17,U08121
2025-06-19,U08122
2025-06-28,U08122
2025-06-29,U08122
2025-07-01,U08122
2025-07-09,U08122
2025-07-17,U08122
2025-05-17,U08123
2025-06-14,U08123
2025-06-17,U08123
2025-06-30,U08123
2025-06-29,U08124
2025-07-01,U08124
2025-07-03,U08124
2025-07-04,U08124
2025-07-05,U08124
2025-07-07,U08124
2025-07-10,U08124
2025-07-11,U08124
2025-07-16,U08124
2025-07-22,U08124
2025-06-03,U08125
2025-06-08,U08125
2025-06-22,U08125
2025-07-05,U08125
2025-07-08,U08125
2025-06-14,U08126
2025-06-17,U08126
2025-06-18,U08126
2025-06-19,U08126
2025-06-21,U08126
2025-06-27,U08126
2025-07-04,U08126
2025-07-13,U08126
2025-06-17,U08127
2025-06-18,U08127
2025-06-21,U08127
2025-07-13,U08127
2025-07-13,U08127
2025-07-14,U08127
2025-06-18,U08128
2025-06-29,U08128
2025-07-06,U08128
2025-06-16,U08129
2025-06-16,U08129
2025-06-20,U08129
2025-06-20,U08129
2025-06-25,U08129
2025-07-04,U08129
2025-07-06,U08129
2025-07-08,U08129
2025-05-19,U08130
2025-06-10,U08130
2025-05-19,U08131
2025-05-26,U08131
2025-06-14,U08131
2025-06-21,U08131
2025-06-24,U08131
2025-06-28,U08131
2025-07-01,U08131
2025-06-23,U08132
2025-07-03,U08132
2025-07-04,U08132
2025-07-05,U08132
2025-07-17,U08132
2025-07-19,U08132
2025-05-20,U08133
2025-06-23,U08133
2025-07-12,U08134
2025-07-16,U08134
2025-07-17,U08134
2025-07-20,U08134
2025-07-21,U08134
2025-07-22,U08134
2025-07-24,U08134
2025-07-25,U08134
2025-07-25,U08134
2025-07-27,U08134
2025-08-16,U08134
2025-05-24,U08135
2025-06-02,U08135
2025-06-03,U08135
2025-06-05,U08135
2025-06-08,U08135
2025-07-03,U08135
2025-05-17,U08136
2025-05-21,U08136
2025-07-09,U08137
2025-07-09,U08137
2025-07-10,U08137
2025-07-12,U08137
2025-07-15,U08137
2025-07-20,U08137
2025-07-25,U08137
2025-07-25,U08137
2025-07-27,U08137
2025-06-25,U08138
2025-06-30,U08138
2025-06-30,U08138
2025-07-08,U08138
2025-07-12,U08138
2025-07-12,U08138
2025-07-15,U08138
2025-07-20,U08138
2025-05-25,U08139
2025-06-03,U08139
2025-06-13,U08139
2025-06-13,U08139
2025-06-18,U08139
2025-06-22,U08139
2025-06-22,U08139
2025-06-27,U08139
2025-06-28,U08139
2025-07-02,U08139
2025-05-18,U08140
2025-05-25,U08140
2025-05-30,U08140
2025-07-16,U08141
2025-07-16,U08141
2025-07-16,U08141
2025-07-17,U08141
2025-07-21,U08141
2025-07-24,U08141
2025-07-25,U08141
2025-07-27,U08141
2025-07-27,U08141
2025-07-30,U08141
2025-05-25,U08142
2025-06-15,U08142
2025-06-18,U08142
2025-06-26,U08142
2025-05-28,U08143
2025-06-09,U08143
2025-05-22,U08144
2025-06-03,U08144
2025-06-24,U08144
2025-06-30,U08144
2025-07-01,U08144
2025-06-13,U08145
2025-07-06,U08145
2025-07-09,U08145
2025-07-12,U08146
2025-07-14,U08146
2025-07-25,U08146
2025-07-18,U08147
2025-07-18,U08147
2025-07-22,U08147
2025-07-23,U08147
2025-07-23,U08147
2025-07-24,U08147
2025-07-25,U08147
2025-07-26,U08147
2025-07-28,U08147
2025-07-31,U08147
2025-08-16,U08147
2025-06-24,U08148
2025-06-25,U08148
2025-07-03,U08148
2025-07-12,U08148
2025-07-15,U08148
2025-07-24,U08149
2025-07-28,U08149
2025-07-28,U08149
2025-08-01,U08149
2025-07-10,U08150
2025-07-21,U08150
2025-07-22,U08150
2025-07-23,U08150
2025-07-25,U08150
2025-08-19,U08150
2025-05-17,U08151
2025-07-09,U08152
2025-07-17,U08152
2025-07-19,U08153
2025-07-29,U08153
2025-06-08,U08154
2025-06-13,U08154
2025-07-14,U08155
2025-07-17,U08155
2025-07-18,U08155
2025-07-27,U08155
2025-07-28,U08155
2025-07-29,U08155
2025-05-17,U08156
2025-07-03,U08157
2025-07-09,U08157
2025-07-13,U08157
2025-07-20,U08157
2025-07-22,U08157
2025-07-22,U08158
2025-07-24,U08158
2025-07-27,U08158
2025-07-29,U08158
2025-07-30,U08158
2025-07-31,U08158
2025-08-01,U08158
2025-07-07,U08159
2025-07-08,U08159
2025-07-22,U08159
2025-07-04,U08160
2025-07-05,U08160
2025-07-05,U08160
2025-07-06,U08160
2025-07-15,U08160
2025-07-16,U08160
2025-07-18,U08160
2025-07-22,U08160
2025-07-24,U08160
2025-05-19,U08161
2025-05-25,U08161
2025-05-26,U08161
2025-06-08,U08161
2025-06-14,U08161
2025-06-15,U08161
2025-06-21,U08161
2025-06-28,U08161
2025-05-31,U08162
2025-05-20,U08163
2025-05-23,U08163
2025-05-28,U08163
2025-05-30,U08163
2025-06-01,U08163
2025-06-02,U08163
2025-06-30,U08163
2025-05-17,U08164
2025-06-13,U08165
2025-06-17,U08165
2025-06-24,U08165
2025-07-04,U08165
2025-07-09,U08165
2025-07-12,U08165
2025-07-14,U08165
2025-07-30,U08166
2025-07-31,U08166
2025-06-28,U08167
2025-07-10,U08167
2025-07-20,U08167
2025-05-17,U08168
2025-05-26,U08168
2025-06-05,U08168
2025-06-10,U08168
2025-06-14,U08169
2025-06-14,U08169
2025-06-30,U08169
2025-07-10,U08169
2025-05-17,U08170
2025-05-27,U08171
2025-06-07,U08171
2025-06-10,U08171
2025-07-17,U08172
2025-07-24,U08172
2025-05-17,U08173
2025-05-22,U08174
2025-05-25,U08174
2025-05-23,U08175
2025-06-07,U08175
2025-06-11,U08175
2025-06-19,U08175
2025-06-23,U08175
2025-06-24,U08175
2025-06-27,U08175
2025-07-02,U08175
2025-07-03,U08175
2025-05-17,U08176
2025-08-15,U08176
2025-06-07,U08177
2025-06-22,U08177
2025-08-21,U08177
2025-07-08,U08178
2025-07-17,U08178
2025-07-21,U08178
2025-05-17,U08179
2025-07-02,U08180
2025-07-04,U08180
2025-05-27,U08181
2025-06-26,U08181
2025-06-28,U08181
2025-07-08,U08182
2025-07-09,U08182
2025-07-11,U08182
2025-07-11,U08182
2025-07-19,U08182
2025-07-21,U08182
2025-07-24,U08182
2025-07-25,U08182
2025-05-18,U08183
2025-05-21,U08183
2025-07-17,U08184
2025-07-17,U08184
2025-07-18,U08184
2025-07-22,U08184
2025-07-24,U08184
2025-07-26,U08184
2025-07-26,U08184
2025-07-30,U08184
2025-07-31,U08184
2025-06-04,U08185
2025-06-07,U08185
2025-06-14,U08185
2025-06-20,U08185
2025-06-22,U08185
2025-06-23,U08185
2025-06-25,U08185
2025-07-05,U08185
2025-07-05,U08186
2025-07-13,U08186
2025-07-16,U08186
2025-07-16,U08186
2025-07-22,U08186
2025-07-23,U08186
2025-07-23,U08186
2025-07-25,U08186
2025-07-10,U08187
2025-07-17,U08187
2025-07-19,U08187
2025-07-20,U08187
2025-07-23,U08187
2025-07-23,U08187
2025-07-26,U08187
2025-07-27,U08187
2025-06-05,U08188
2025-07-13,U08189
2025-07-19,U08189
2025-07-23,U08189
2025-07-27,U08189
2025-07-11,U08190
2025-07-13,U08190
2025-07-14,U08190
2025-07-14,U08190
2025-07-17,U08190
2025-07-18,U08190
2025-07-22,U08190
2025-07-22,U08190
2025-07-27,U08190
2025-07-28,U08190
2025-07-04,U08191
2025-07-14,U08191
2025-07-20,U08191
2025-05-19,U08192
2025-05-22,U08192
2025-05-30,U08192
2025-06-09,U08192
2025-06-20,U08192
2025-06-25,U08192
2025-05-30,U08193
2025-06-04,U08193
2025-06-08,U08193
2025-06-24,U08193
2025-07-03,U08193
2025-07-12,U08194
2025-07-14,U08194
2025-07-15,U08194
2025-07-19,U08194
2025-07-22,U08194
2025-07-23,U08194
2025-07-23,U08194
2025-07-25,U08194
2025-06-20,U08195
2025-07-10,U08195
2025-05-23,U08196
2025-06-01,U08196
2025-06-03,U08196
2025-07-02,U08197
2025-07-04,U08197
2025-07-05,U08197
2025-07-05,U08197
2025-07-10,U08197
2025-07-13,U08197
2025-07-19,U08197
2025-07-23,U08197
2025-05-17,U08198
2025-08-18,U08198
2025-07-10,U08199
2025-07-12,U08199
2025-07-12,U08199
2025-07-23,U08199
2025-07-23,U08199
2025-07-24,U08199
2025-07-25,U08199
2025-06-11,U08200
2025-06-15,U08200
2025-06-22,U08200
2025-07-04,U08200
2025-07-10,U08200
2025-06-14,U08201
2025-06-20,U08201
2025-06-28,U08201
2025-07-10,U08201
2025-07-11,U08201
2025-07-12,U08201
2025-07-12,U08201
2025-07-13,U08201
2025-06-17,U08202
2025-06-20,U08202
2025-06-24,U08202
2025-06-26,U08202
2025-06-30,U08202
2025-07-01,U08202
2025-07-02,U08202
2025-07-03,U08202
2025-07-06,U08202
2025-07-13,U08202
2025-06-23,U08203
2025-06-25,U08203
2025-07-03,U08203
2025-07-04,U08203
2025-07-12,U08203
2025-07-17,U08203
2025-07-03,U08204
2025-07-20,U08204
2025-07-05,U08205
2025-07-11,U08205
2025-07-12,U08205
2025-06-13,U08206
2025-06-14,U08206
2025-06-23,U08206
2025-07-01,U08206
2025-07-12,U08206
2025-06-17,U08207
2025-06-18,U08207
2025-06-28,U08207
2025-06-29,U08207
2025-06-29,U08207
2025-07-07,U08207
2025-07-07,U08207
2025-07-10,U08207
2025-07-14,U08207
2025-05-17,U08208
2025-05-19,U08209
2025-05-24,U08209
2025-05-27,U08209
2025-05-29,U08209
2025-05-31,U08209
2025-06-02,U08209
2025-06-03,U08209
2025-06-18,U08209
2025-05-24,U08210
2025-05-25,U08210
2025-05-29,U08210
2025-05-19,U08211
2025-06-06,U08211
2025-06-08,U08211
2025-06-16,U08211
2025-06-20,U08211
2025-06-23,U08211
2025-05-19,U08212
2025-05-24,U08212
2025-05-30,U08212
2025-06-06,U08212
2025-06-17,U08212
2025-06-27,U08212
2025-06-28,U08212
2025-05-17,U08213
2025-05-17,U08214
2025-05-17,U08215
2025-07-21,U08216
2025-07-22,U08216
2025-07-27,U08216
2025-07-28,U08216
2025-07-29,U08216
2025-08-01,U08216
2025-05-17,U08217
2025-07-15,U08218
2025-07-22,U08218
2025-07-29,U08218
2025-07-19,U08219
2025-07-19,U08219
2025-07-20,U08219
2025-07-21,U08219
2025-07-29,U08219
2025-07-31,U08219
2025-05-26,U08220
2025-06-29,U08220
2025-06-30,U08220
2025-07-02,U08220
2025-06-04,U08221
2025-06-23,U08221
2025-06-24,U08221
2025-06-30,U08221
2025-07-05,U08221
2025-07-09,U08221
2025-08-16,U08221
2025-07-19,U08222
2025-07-24,U08222
2025-07-24,U08222
2025-07-26,U08222
2025-07-29,U08222
2025-07-30,U08222
2025-07-31,U08222
2025-06-27,U08223
2025-06-27,U08223
2025-07-08,U08223
2025-07-08,U08223
2025-07-09,U08223
2025-07-12,U08223
2025-07-15,U08223
2025-07-18,U08223
2025-07-20,U08223
2025-07-21,U08223
2025-07-17,U08224
2025-07-19,U08224
2025-07-23,U08224
2025-07-27,U08224
2025-07-15,U08225
2025-07-16,U08225
2025-07-28,U08225
2025-07-18,U08226
2025-07-18,U08226
2025-07-20,U08226
2025-07-26,U08226
2025-06-12,U08227
2025-06-16,U08227
2025-07-09,U08227
2025-07-10,U08227
2025-06-19,U08228
2025-07-03,U08228
2025-06-07,U08229
2025-06-23,U08229
2025-06-28,U08230
2025-06-29,U08230
2025-07-03,U08230
2025-07-09,U08230
2025-07-09,U08230
2025-07-10,U08230
2025-07-11,U08230
2025-07-15,U08230
2025-07-16,U08230
2025-07-21,U08230
2025-05-26,U08231
2025-05-31,U08231
2025-06-11,U08231
2025-06-20,U08231
2025-05-17,U08232
2025-05-17,U08233
2025-06-05,U08234
2025-06-05,U08234
2025-06-06,U08234
2025-06-14,U08234
2025-06-23,U08234
2025-06-26,U08234
2025-06-29,U08234
2025-06-30,U08234
2025-07-10,U08234
2025-05-29,U08235
2025-06-01,U08235
2025-06-22,U08235
2025-06-22,U08235
2025-07-02,U08235
2025-07-05,U08235
2025-07-19,U08236
2025-07-21,U08236
2025-07-25,U08236
2025-08-01,U08236
2025-05-17,U08237
2025-07-22,U08238
2025-07-22,U08238
2025-07-23,U08238
2025-07-25,U08238
2025-07-28,U08238
2025-07-11,U08239
2025-07-13,U08239
2025-07-15,U08239
2025-07-17,U08239
2025-07-19,U08239
2025-07-20,U08239
2025-07-23,U08239
2025-07-28,U08239
2025-05-20,U08240
2025-05-21,U08240
2025-06-04,U08240
2025-06-11,U08241
2025-06-13,U08241
2025-06-19,U08241
2025-06-23,U08241
2025-07-05,U08241
2025-07-08,U08241
2025-07-12,U08241
2025-06-30,U08242
2025-07-07,U08242
2025-07-10,U08242
2025-07-22,U08242
2025-05-17,U08243
2025-06-29,U08244
2025-07-05,U08244
2025-07-17,U08244
2025-08-15,U08244
2025-07-15,U08245
2025-07-18,U08245
2025-07-18,U08245
2025-07-20,U08245
2025-07-30,U08245
2025-06-09,U08246
2025-06-10,U08246
2025-06-11,U08246
2025-06-15,U08246
2025-06-19,U08246
2025-06-22,U08246
2025-07-03,U08246
2025-07-05,U08246
2025-07-09,U08246
2025-07-10,U08246
2025-07-03,U08247
2025-07-04,U08247
2025-07-11,U08247
2025-07-13,U08247
2025-07-16,U08247
2025-07-21,U08247
2025-07-24,U08247
2025-06-22,U08248
2025-06-24,U08248
2025-07-11,U08248
2025-07-15,U08248
2025-05-26,U08249
2025-06-22,U08249
2025-06-28,U08249
2025-05-17,U08250
2025-05-22,U08251
2025-05-24,U08251
2025-06-07,U08251
2025-06-16,U08251
2025-05-21,U08252
2025-06-11,U08252
2025-06-02,U08253
2025-06-04,U08253
2025-06-10,U08253
2025-06-11,U08253
2025-06-22,U08253
2025-06-25,U08253
2025-07-06,U08253
2025-07-07,U08253
2025-07-19,U08254
2025-07-22,U08254
2025-07-24,U08254
2025-07-24,U08254
2025-07-26,U08254
2025-07-27,U08254
2025-07-30,U08254
2025-07-30,U08254
2025-07-30,U08254
2025-07-31,U08254
2025-07-25,U08255
2025-08-01,U08255
2025-06-21,U08256
2025-06-25,U08256
2025-06-26,U08256
2025-06-30,U08256
2025-07-03,U08256
2025-07-09,U08256
2025-07-10,U08256
2025-07-14,U08256
2025-07-10,U08257
2025-07-11,U08257
2025-07-15,U08257
2025-07-15,U08257
2025-07-20,U08257
2025-07-22,U08257
2025-07-24,U08257
2025-07-25,U08257
2025-07-26,U08257
2025-05-17,U08258
2025-07-21,U08259
2025-07-22,U08259
2025-07-23,U08259
2025-07-24,U08259
2025-07-26,U08259
2025-07-28,U08259
2025-07-28,U08259
2025-07-30,U08259
2025-07-30,U08259
2025-08-01,U08259
2025-06-24,U08260
2025-06-26,U08260
2025-06-26,U08260
2025-07-13,U08260
2025-07-13,U08260
2025-07-14,U08260
2025-07-15,U08260
2025-07-16,U08260
2025-07-17,U08260
2025-08-18,U08260
2025-06-19,U08261
2025-06-22,U08261
2025-06-22,U08261
2025-06-22,U08261
2025-06-26,U08261
2025-06-30,U08261
2025-07-08,U08261
2025-07-13,U08261
2025-07-16,U08261
2025-07-17,U08261
2025-06-19,U08262
2025-07-08,U08262
2025-07-12,U08262
2025-07-14,U08262
2025-07-15,U08262
2025-07-16,U08262
2025-07-17,U08262
2025-07-14,U08263
2025-07-15,U08263
2025-07-24,U08263
2025-07-27,U08263
2025-05-28,U08264
2025-06-03,U08264
2025-06-11,U08265
2025-06-14,U08265
2025-06-22,U08265
2025-06-25,U08265
2025-06-27,U08265
2025-06-28,U08265
2025-07-03,U08265
2025-07-05,U08265
2025-07-13,U08265
2025-08-20,U08265
2025-05-29,U08266
2025-05-31,U08266
2025-06-01,U08266
2025-06-12,U08266
2025-07-12,U08267
2025-07-19,U08267
2025-07-20,U08267
2025-07-26,U08267
2025-08-16,U08267
2025-06-19,U08268
2025-06-20,U08268
2025-06-22,U08268
2025-07-04,U08268
2025-07-06,U08268
2025-07-08,U08268
2025-07-09,U08268
2025-07-11,U08268
2025-07-13,U08268
2025-07-16,U08268
2025-06-11,U08269
2025-06-30,U08269
2025-08-18,U08269
2025-07-02,U08270
2025-07-09,U08270
2025-07-20,U08270
2025-07-05,U08271
2025-07-13,U08271
2025-07-13,U08271
2025-07-25,U08271
2025-05-21,U08272
2025-05-24,U08272
2025-05-28,U08272
2025-06-03,U08272
2025-06-10,U08272
2025-06-19,U08272
2025-05-22,U08273
2025-05-30,U08273
2025-05-31,U08273
2025-06-07,U08273
2025-06-12,U08273
2025-08-17,U08273
2025-05-19,U08274
2025-05-22,U08274
2025-05-25,U08274
2025-06-07,U08274
2025-06-18,U08274
2025-07-01,U08274
2025-05-17,U08275
2025-08-20,U08275
2025-05-18,U08276
2025-05-29,U08276
2025-06-12,U08276
2025-06-14,U08276
2025-06-28,U08276
2025-07-04,U08277
2025-07-05,U08277
2025-06-17,U08278
2025-06-22,U08278
2025-06-22,U08278
2025-07-04,U08278
2025-07-07,U08278
2025-07-15,U08278
2025-06-22,U08279
2025-06-29,U08279
2025-07-04,U08279
2025-07-04,U08279
2025-07-07,U08279
2025-07-10,U08279
2025-07-12,U08279
2025-07-16,U08279
2025-05-17,U08280
2025-06-17,U08281
2025-06-22,U08281
2025-06-22,U08281
2025-07-09,U08281
2025-07-16,U08282
2025-07-17,U08282
2025-07-20,U08282
2025-07-22,U08282
2025-07-22,U08282
2025-07-23,U08282
2025-07-24,U08282
2025-07-30,U08282
2025-05-17,U08283
2025-05-17,U08284
2025-06-01,U08285
2025-06-14,U08285
2025-06-26,U08285
2025-07-25,U08286
2025-07-26,U08286
2025-07-29,U08286
2025-05-28,U08287
2025-06-02,U08287
2025-06-17,U08287
2025-07-03,U08287
2025-07-17,U08288
2025-07-18,U08288
2025-07-20,U08288
2025-07-20,U08288
2025-07-21,U08288
2025-07-23,U08288
2025-07-24,U08288
2025-07-27,U08288
2025-07-28,U08288
2025-07-31,U08288
2025-05-19,U08289
2025-05-28,U08289
2025-06-01,U08289
2025-06-03,U08289
2025-06-02,U08290
2025-06-08,U08290
2025-06-10,U08290
2025-06-13,U08290
2025-06-14,U08290
2025-06-17,U08290
2025-07-05,U08290
2025-07-08,U08290
2025-07-20,U08291
2025-07-21,U08291
2025-07-24,U08291
2025-05-25,U08292
2025-05-26,U08292
2025-05-29,U08292
2025-05-30,U08292
2025-06-16,U08292
2025-07-02,U08292
2025-07-13,U08293
2025-07-14,U08293
2025-07-18,U08293
2025-07-19,U08293
2025-07-19,U08293
2025-07-23,U08293
2025-07-28,U08293
2025-07-29,U08293
2025-06-19,U08294
2025-07-16,U08294
2025-07-04,U08295
2025-07-23,U08295
2025-05-18,U08296
2025-05-21,U08296
2025-06-07,U08296
2025-06-10,U08296
2025-06-13,U08296
2025-06-24,U08296
2025-07-07,U08297
2025-07-09,U08297
2025-07-12,U08297
2025-07-16,U08297
2025-07-18,U08297
2025-07-22,U08297
2025-07-22,U08297
2025-07-25,U08297
2025-05-24,U08298
2025-06-04,U08298
2025-06-11,U08298
2025-06-21,U08298
2025-07-16,U08299
2025-07-16,U08299
2025-07-22,U08299
2025-07-29,U08299
2025-07-04,U08300
2025-07-10,U08300
2025-07-19,U08300
2025-07-19,U08300
2025-07-22,U08300
2025-07-23,U08300
2025-05-17,U08301
2025-06-06,U08302
2025-06-14,U08302
2025-06-28,U08302
2025-06-29,U08302
2025-07-06,U08302
2025-07-28,U08303
2025-07-30,U08303
2025-06-16,U08304
2025-05-18,U08305
2025-06-03,U08305
2025-06-06,U08305
2025-06-08,U08305
2025-06-22,U08305
2025-06-25,U08305
2025-06-27,U08305
2025-06-30,U08305
2025-08-19,U08305
2025-05-17,U08306
2025-07-11,U08307
2025-07-18,U08307
2025-07-16,U08308
2025-07-19,U08308
2025-07-20,U08308
2025-07-22,U08308
2025-07-24,U08308
2025-06-09,U08309
2025-06-20,U08309
2025-08-18,U08309
2025-07-14,U08310
2025-07-16,U08310
2025-07-22,U08310
2025-07-27,U08310
2025-05-17,U08311
2025-05-17,U08312
2025-05-18,U08313
2025-05-19,U08313
2025-05-21,U08313
2025-06-04,U08313
2025-06-16,U08313
2025-08-15,U08313
2025-06-30,U08314
2025-07-16,U08314
2025-07-21,U08314
2025-07-22,U08314
2025-07-01,U08315
2025-07-02,U08315
2025-07-05,U08315
2025-07-15,U08315
2025-07-15,U08315
2025-07-16,U08315
2025-07-17,U08315
2025-07-21,U08315
2025-07-23,U08315
2025-06-19,U08316
2025-06-21,U08316
2025-06-28,U08316
2025-06-29,U08316
2025-07-03,U08316
2025-07-04,U08316
2025-07-09,U08316
2025-07-15,U08316
2025-07-17,U08316
2025-07-11,U08317
2025-07-14,U08317
2025-07-19,U08317
2025-07-21,U08317
2025-07-21,U08317
2025-07-23,U08317
2025-06-01,U08318
2025-06-03,U08318
2025-06-05,U08318
2025-06-12,U08318
2025-06-14,U08318
2025-07-03,U08318
2025-07-05,U08318
2025-07-06,U08318
2025-07-08,U08318
2025-05-18,U08319
2025-05-21,U08319
2025-05-24,U08319
2025-05-26,U08319
2025-05-30,U08319
2025-06-03,U08319
2025-06-28,U08319
2025-07-10,U08320
2025-07-14,U08320
2025-07-16,U08320
2025-07-19,U08320
2025-07-20,U08320
2025-07-20,U08320
2025-07-22,U08320
2025-07-23,U08320
2025-07-27,U08320
2025-06-24,U08321
2025-06-25,U08321
2025-06-30,U08321
2025-07-12,U08321
2025-07-18,U08321
2025-07-20,U08322
2025-07-20,U08322
2025-07-21,U08322
2025-07-23,U08322
2025-07-25,U08322
2025-07-26,U08322
2025-07-27,U08322
2025-07-29,U08322
2025-07-31,U08322
2025-06-02,U08323
2025-06-04,U08323
2025-06-16,U08323
2025-06-28,U08323
2025-06-30,U08323
2025-07-03,U08323
2025-07-06,U08323
2025-05-18,U08324
2025-05-22,U08324
2025-05-30,U08324
2025-06-09,U08324
2025-07-29,U08325
2025-08-01,U08325
2025-06-10,U08326
2025-06-15,U08326
2025-06-18,U08326
2025-06-29,U08326
2025-07-01,U08326
2025-06-03,U08327
2025-06-13,U08327
2025-06-16,U08327
2025-07-04,U08327
2025-07-06,U08327
2025-07-07,U08327
2025-07-02,U08328
2025-07-06,U08328
2025-07-06,U08328
2025-07-09,U08328
2025-07-17,U08328
2025-07-23,U08328
2025-05-21,U08329
2025-05-29,U08329
2025-05-31,U08329
2025-06-03,U08329
2025-06-24,U08329
2025-07-02,U08329
2025-05-20,U08330
2025-05-21,U08330
2025-06-02,U08330
2025-06-07,U08330
2025-06-09,U08330
2025-06-14,U08330
2025-05-17,U08331
2025-05-23,U08332
2025-05-17,U08333
2025-07-01,U08334
2025-07-05,U08334
2025-07-06,U08334
2025-07-10,U08334
2025-07-17,U08334
2025-07-21,U08334
2025-07-22,U08334
2025-06-27,U08335
2025-07-05,U08335
2025-07-08,U08335
2025-07-09,U08335
2025-07-12,U08335
2025-07-12,U08335
2025-07-16,U08335
2025-07-19,U08335
2025-06-10,U08336
2025-06-14,U08336
2025-06-05,U08337
2025-06-09,U08337
2025-06-09,U08337
2025-06-18,U08337
2025-07-09,U08337
2025-06-14,U08338
2025-06-17,U08338
2025-07-03,U08338
2025-07-09,U08338
2025-07-10,U08338
2025-07-14,U08338
2025-05-28,U08339
2025-07-23,U08340
2025-07-28,U08340
2025-08-01,U08340
2025-07-04,U08341
2025-07-11,U08341
2025-07-17,U08341
2025-07-21,U08341
2025-07-22,U08341
2025-07-24,U08341
2025-06-25,U08342
2025-06-29,U08342
2025-06-30,U08342
2025-07-04,U08342
2025-07-06,U08342
2025-07-12,U08342
2025-07-13,U08342
2025-07-20,U08342
2025-06-21,U08343
2025-06-22,U08343
2025-06-26,U08343
2025-06-27,U08343
2025-07-04,U08343
2025-07-05,U08343
2025-07-08,U08343
2025-07-12,U08343
2025-07-12,U08343
2025-07-16,U08343
2025-05-21,U08344
2025-05-23,U08344
2025-05-26,U08344
2025-05-27,U08344
2025-05-28,U08344
2025-06-08,U08344
2025-06-29,U08344
2025-06-30,U08344
2025-05-28,U08345
2025-06-13,U08345
2025-07-11,U08346
2025-07-11,U08346
2025-07-17,U08346
2025-07-24,U08346
2025-07-28,U08346
2025-06-05,U08347
2025-06-11,U08347
2025-06-26,U08347
2025-06-28,U08347
2025-07-04,U08347
2025-07-08,U08347
2025-05-29,U08348
2025-05-31,U08348
2025-06-03,U08348
2025-06-06,U08348
2025-06-11,U08348
2025-06-18,U08348
2025-06-19,U08348
2025-07-15,U08349
2025-07-16,U08349
2025-07-20,U08349
2025-07-23,U08349
2025-07-23,U08349
2025-07-24,U08349
2025-07-24,U08349
2025-07-25,U08349
2025-07-27,U08349
2025-07-29,U08349
2025-05-17,U08350
2025-07-14,U08351
2025-07-19,U08351
2025-07-27,U08351
2025-07-28,U08351
2025-05-17,U08352
2025-07-17,U08353
2025-07-25,U08353
2025-06-13,U08354
2025-06-16,U08354
2025-06-21,U08354
2025-06-22,U08354
2025-07-09,U08354
2025-05-29,U08355
2025-06-03,U08355
2025-06-21,U08355
2025-06-26,U08355
2025-06-28,U08355
2025-07-05,U08355
2025-07-19,U08356
2025-07-21,U08356
2025-07-21,U08356
2025-07-22,U08356
2025-07-25,U08356
2025-07-27,U08356
2025-07-31,U08356
2025-08-01,U08356
2025-06-01,U08357
2025-06-04,U08357
2025-06-09,U08357
2025-06-11,U08357
2025-06-15,U08357
2025-06-29,U08357
2025-06-29,U08357
2025-07-07,U08357
2025-05-31,U08358
2025-06-09,U08358
2025-06-20,U08358
2025-06-29,U08358
2025-07-20,U08359
2025-07-21,U08359
2025-07-04,U08360
2025-07-05,U08360
2025-07-13,U08360
2025-07-14,U08360
2025-07-15,U08360
2025-07-19,U08360
2025-07-20,U08360
2025-07-23,U08360
2025-07-24,U08360
2025-06-01,U08361
2025-06-15,U08361
2025-06-21,U08361
2025-06-27,U08361
2025-06-28,U08361
2025-07-02,U08361
2025-07-02,U08361
2025-07-08,U08361
2025-05-24,U08362
2025-06-11,U08362
2025-07-16,U08363
2025-07-19,U08363
2025-07-29,U08363
2025-07-22,U08364
2025-07-26,U08364
2025-07-29,U08364
2025-07-30,U08364
2025-06-04,U08365
2025-07-20,U08366
2025-07-27,U08366
2025-08-01,U08366
2025-06-28,U08367
2025-07-04,U08367
2025-07-08,U08367
2025-07-11,U08367
2025-07-11,U08367
2025-07-12,U08367
2025-07-17,U08367
2025-05-25,U08368
2025-06-02,U08368
2025-06-18,U08368
2025-06-23,U08369
2025-06-27,U08369
2025-07-02,U08369
2025-07-04,U08369
2025-07-05,U08369
2025-07-09,U08369
2025-07-15,U08369
2025-05-23,U08370
2025-06-10,U08370
2025-06-11,U08370
2025-06-11,U08370
2025-06-21,U08370
2025-06-23,U08370
2025-07-03,U08370
2025-05-19,U08371
2025-05-20,U08371
2025-06-08,U08371
2025-05-19,U08372
2025-05-21,U08372
2025-05-23,U08372
2025-05-28,U08372
2025-05-30,U08372
2025-06-10,U08372
2025-06-12,U08372
2025-06-18,U08372
2025-06-21,U08372
2025-06-29,U08372
2025-07-23,U08373
2025-07-23,U08373
2025-07-27,U08373
2025-07-30,U08373
2025-07-31,U08373
2025-08-01,U08373
2025-08-16,U08373
2025-06-18,U08374
2025-06-19,U08374
2025-06-24,U08374
2025-07-03,U08374
2025-07-10,U08374
2025-07-16,U08375
2025-07-29,U08375
2025-07-04,U08376
2025-07-16,U08376
2025-07-19,U08376
2025-07-23,U08376
2025-05-17,U08377
2025-05-21,U08378
2025-06-19,U08379
2025-06-21,U08379
2025-06-21,U08379
2025-06-25,U08379
2025-06-27,U08379
2025-07-03,U08379
2025-07-13,U08379
2025-07-13,U08379
2025-07-17,U08379
2025-07-13,U08380
2025-07-14,U08380
2025-07-14,U08380
2025-07-15,U08380
2025-07-26,U08380
2025-07-27,U08380
2025-07-28,U08380
2025-07-29,U08380
2025-06-02,U08381
2025-06-07,U08381
2025-05-27,U08382
2025-06-11,U08382
2025-07-10,U08383
2025-07-22,U08383
2025-07-23,U08383
2025-07-11,U08384
2025-07-15,U08384
2025-07-18,U08384
2025-07-26,U08384
2025-07-27,U08384
2025-06-16,U08385
2025-06-17,U08386
2025-06-20,U08386
2025-06-29,U08386
2025-07-01,U08386
2025-07-03,U08386
2025-07-07,U08386
2025-07-15,U08386
2025-08-19,U08386
2025-06-08,U08387
2025-06-19,U08387
2025-06-27,U08388
2025-06-30,U08388
2025-07-05,U08388
2025-07-07,U08388
2025-07-19,U08388
2025-07-21,U08388
2025-07-12,U08389
2025-07-15,U08389
2025-07-17,U08389
2025-07-17,U08389
2025-07-17,U08389
2025-07-21,U08389
2025-07-28,U08389
2025-07-15,U08390
2025-07-20,U08390
2025-07-21,U08390
2025-07-22,U08390
2025-07-23,U08390
2025-07-25,U08390
2025-06-12,U08391
2025-07-09,U08391
2025-05-17,U08392
2025-07-10,U08393
2025-07-13,U08393
2025-07-21,U08393
2025-07-24,U08393
2025-07-26,U08393
2025-05-26,U08394
2025-05-28,U08394
2025-06-01,U08394
2025-06-10,U08394
2025-06-16,U08394
2025-05-17,U08395
2025-05-26,U08395
2025-06-05,U08395
2025-06-05,U08395
2025-06-09,U08395
2025-06-18,U08395
2025-06-23,U08395
2025-07-13,U08396
2025-07-16,U08396
2025-07-17,U08396
2025-07-29,U08396
2025-07-18,U08397
2025-07-24,U08397
2025-07-30,U08397
2025-05-24,U08398
2025-05-25,U08399
2025-06-01,U08399
2025-06-11,U08399
2025-06-21,U08400
2025-06-28,U08400
2025-07-01,U08400
2025-07-07,U08400
2025-07-09,U08400
2025-07-09,U08400
2025-07-09,U08400
2025-07-14,U08400
2025-07-18,U08400
2025-06-05,U08401
2025-06-08,U08401
2025-07-01,U08401
2025-07-09,U08401
2025-07-10,U08401
2025-06-30,U08402
2025-07-04,U08402
2025-07-04,U08402
2025-07-10,U08402
2025-07-12,U08402
2025-07-21,U08402
2025-07-22,U08402
2025-06-09,U08403
2025-06-10,U08403
2025-06-17,U08403
2025-06-29,U08403
2025-06-30,U08403
2025-07-09,U08403
2025-07-20,U08404
2025-07-20,U08404
2025-07-20,U08404
2025-07-23,U08404
2025-07-24,U08404
2025-07-25,U08404
2025-07-28,U08404
2025-07-29,U08404
2025-07-04,U08405
2025-07-04,U08405
2025-07-11,U08405
2025-07-16,U08405
2025-07-24,U08405
2025-06-09,U08406
2025-06-20,U08406
2025-07-03,U08406
2025-07-04,U08406
2025-07-09,U08406
2025-07-14,U08407
2025-07-15,U08407
2025-07-19,U08407
2025-07-22,U08407
2025-07-24,U08407
2025-07-28,U08407
2025-06-20,U08408
2025-06-22,U08408
2025-07-08,U08408
2025-07-15,U08408
2025-05-28,U08409
2025-06-19,U08410
2025-06-25,U08410
2025-06-26,U08410
2025-07-03,U08410
2025-07-04,U08410
2025-07-09,U08410
2025-07-13,U08410
2025-07-15,U08410
2025-07-13,U08411
2025-07-17,U08411
2025-07-19,U08411
2025-07-23,U08411
2025-07-24,U08411
2025-07-24,U08411
2025-07-25,U08411
2025-07-28,U08411
2025-07-02,U08412
2025-07-05,U08412
2025-07-21,U08412
2025-05-17,U08413
2025-06-20,U08414
2025-07-02,U08414
2025-07-20,U08415
2025-07-26,U08415
2025-06-09,U08416
2025-06-20,U08416
2025-06-28,U08416
2025-07-04,U08416
2025-07-05,U08416
2025-05-21,U08417
2025-06-12,U08417
2025-07-19,U08418
2025-07-22,U08418
2025-07-22,U08418
2025-07-26,U08418
2025-07-27,U08418
2025-07-28,U08418
2025-07-28,U08418
2025-07-30,U08418
2025-06-29,U08419
2025-07-02,U08419
2025-07-10,U08419
2025-07-27,U08420
2025-07-29,U08420
2025-07-30,U08420
2025-08-01,U08420
2025-06-17,U08421
2025-06-18,U08421
2025-06-24,U08421
2025-06-26,U08421
2025-07-06,U08421
2025-07-09,U08421
2025-05-27,U08422
2025-05-29,U08422
2025-05-31,U08422
2025-05-31,U08422
2025-06-02,U08422
2025-06-04,U08422
2025-06-07,U08422
2025-06-22,U08422
2025-07-05,U08422
2025-07-03,U08423
2025-07-08,U08423
2025-07-16,U08423
2025-07-21,U08423
2025-06-16,U08424
2025-06-18,U08424
2025-07-04,U08424
2025-07-07,U08424
2025-07-09,U08424
2025-07-12,U08424
2025-07-13,U08424
2025-05-17,U08425
2025-07-09,U08426
2025-07-10,U08426
2025-07-11,U08426
2025-07-13,U08426
2025-07-13,U08426
2025-07-16,U08426
2025-07-18,U08426
2025-07-27,U08426
2025-07-05,U08427
2025-07-12,U08427
2025-07-23,U08427
2025-05-17,U08428
2025-05-20,U08428
2025-05-23,U08428
2025-05-25,U08429
2025-05-28,U08429
2025-06-11,U08429
2025-05-17,U08430
2025-05-17,U08431
2025-07-07,U08432
2025-07-08,U08432
2025-07-14,U08432
2025-07-17,U08432
2025-07-19,U08432
2025-07-21,U08432
2025-07-26,U08432
2025-06-20,U08433
2025-06-21,U08433
2025-06-22,U08433
2025-06-24,U08433
2025-07-10,U08433
2025-07-15,U08433
2025-06-21,U08434
2025-06-27,U08434
2025-06-28,U08434
2025-07-01,U08434
2025-07-06,U08434
2025-07-14,U08434
2025-07-15,U08434
2025-07-17,U08434
2025-07-18,U08434
2025-07-21,U08435
2025-07-25,U08435
2025-07-26,U08435
2025-07-26,U08435
2025-07-27,U08435
2025-07-27,U08435
2025-07-30,U08435
2025-06-22,U08436
2025-06-23,U08436
2025-06-24,U08436
2025-06-29,U08436
2025-07-07,U08436
2025-07-11,U08436
2025-07-14,U08436
2025-06-19,U08437
2025-06-20,U08437
2025-07-01,U08437
2025-07-02,U08437
2025-07-17,U08437
2025-07-19,U08438
2025-07-19,U08438
2025-07-26,U08438
2025-07-28,U08438
2025-05-20,U08439
2025-06-07,U08439
2025-07-18,U08440
2025-07-19,U08440
2025-07-22,U08440
2025-07-31,U08440
2025-07-18,U08441
2025-07-25,U08441
2025-07-26,U08441
2025-07-28,U08441
2025-07-29,U08441
2025-05-18,U08442
2025-05-21,U08442
2025-06-03,U08442
2025-06-06,U08442
2025-06-13,U08442
2025-06-23,U08442
2025-07-16,U08443
2025-07-16,U08443
2025-07-16,U08443
2025-07-24,U08443
2025-07-26,U08443
2025-07-27,U08443
2025-07-27,U08443
2025-07-27,U08443
2025-07-30,U08443
2025-07-11,U08444
2025-07-11,U08444
2025-07-13,U08444
2025-07-17,U08444
2025-07-18,U08444
2025-07-18,U08444
2025-07-18,U08444
2025-07-19,U08444
2025-07-22,U08444
2025-07-27,U08444
2025-08-19,U08444
2025-05-18,U08445
2025-08-20,U08445
2025-06-27,U08446
2025-06-28,U08446
2025-07-03,U08446
2025-07-04,U08446
2025-07-10,U08446
2025-07-14,U08446
2025-07-17,U08446
2025-07-17,U08446
2025-07-20,U08446
2025-05-28,U08447
2025-06-13,U08447
2025-06-29,U08447
2025-06-25,U08448
2025-07-02,U08448
2025-07-03,U08448
2025-07-11,U08448
2025-05-31,U08449
2025-06-01,U08449
2025-06-04,U08449
2025-06-05,U08449
2025-06-25,U08450
2025-07-01,U08450
2025-07-08,U08450
2025-07-09,U08450
2025-07-11,U08450
2025-07-12,U08450
2025-07-13,U08450
2025-07-15,U08450
2025-07-19,U08450
2025-07-04,U08451
2025-07-04,U08451
2025-07-12,U08451
2025-07-14,U08451
2025-07-21,U08451
2025-07-23,U08451
2025-07-13,U08452
2025-07-14,U08452
2025-07-19,U08452
2025-05-19,U08453
2025-05-24,U08453
2025-05-26,U08453
2025-05-30,U08453
2025-06-07,U08453
2025-06-12,U08453
2025-06-26,U08453
2025-06-28,U08453
2025-07-03,U08454
2025-07-03,U08454
2025-07-05,U08454
2025-07-07,U08454
2025-07-08,U08454
2025-07-13,U08454
2025-07-15,U08454
2025-07-15,U08454
2025-07-16,U08454
2025-07-18,U08454
2025-06-19,U08455
2025-06-22,U08455
2025-06-29,U08455
2025-06-29,U08455
2025-06-30,U08455
2025-07-14,U08455
2025-07-15,U08455
2025-05-31,U08456
2025-06-05,U08456
2025-06-13,U08456
2025-06-17,U08456
2025-07-07,U08456
2025-07-07,U08457
2025-07-07,U08457
2025-07-17,U08457
2025-07-21,U08457
2025-07-05,U08458
2025-07-25,U08458
2025-08-19,U08458
2025-05-29,U08459
2025-06-04,U08459
2025-06-28,U08459
2025-07-01,U08459
2025-07-04,U08459
2025-07-16,U08460
2025-07-26,U08460
2025-07-16,U08461
2025-07-20,U08461
2025-07-24,U08461
2025-07-25,U08461
2025-07-26,U08461
2025-07-28,U08461
2025-07-30,U08461
2025-06-08,U08462
2025-06-09,U08462
2025-06-11,U08462
2025-05-20,U08463
2025-05-22,U08463
2025-06-08,U08463
2025-06-25,U08463
2025-05-17,U08464
2025-08-19,U08464
2025-05-19,U08465
2025-05-24,U08465
2025-06-09,U08465
2025-06-16,U08465
2025-06-25,U08466
2025-06-27,U08466
2025-07-01,U08466
2025-07-12,U08466
2025-07-13,U08466
2025-07-16,U08466
2025-07-17,U08466
2025-05-29,U08467
2025-07-15,U08468
2025-07-15,U08468
2025-07-18,U08468
2025-07-21,U08468
2025-07-21,U08468
2025-07-24,U08468
2025-07-24,U08468
2025-07-28,U08468
2025-07-30,U08468
2025-06-30,U08469
2025-07-15,U08469
2025-05-21,U08470
2025-05-27,U08470
2025-05-29,U08470
2025-06-01,U08470
2025-06-01,U08470
2025-06-03,U08470
2025-06-21,U08470
2025-06-22,U08470
2025-06-23,U08470
2025-05-17,U08471
2025-05-21,U08472
2025-05-19,U08473
2025-05-19,U08473
2025-05-24,U08473
2025-05-17,U08474
2025-05-30,U08475
2025-06-26,U08475
2025-06-28,U08475
2025-05-24,U08476
2025-06-12,U08477
2025-06-12,U08477
2025-06-19,U08477
2025-06-27,U08477
2025-06-28,U08477
2025-06-28,U08477
2025-07-04,U08477
2025-07-07,U08477
2025-07-08,U08477
2025-07-09,U08477
2025-07-17,U08478
2025-07-20,U08478
2025-07-21,U08478
2025-07-25,U08478
2025-07-25,U08478
2025-07-25,U08478
2025-07-26,U08478
2025-07-29,U08478
2025-07-31,U08478
2025-07-18,U08479
2025-07-19,U08479
2025-07-21,U08479
2025-07-22,U08479
2025-07-22,U08479
2025-07-25,U08479
2025-07-26,U08479
2025-07-29,U08479
2025-07-29,U08479
2025-07-31,U08479
2025-05-28,U08480
2025-05-31,U08480
2025-06-09,U08480
2025-06-11,U08480
2025-06-13,U08480
2025-06-19,U08480
2025-06-24,U08480
2025-06-30,U08480
2025-07-06,U08480
2025-08-16,U08480
2025-06-16,U08481
2025-07-05,U08481
2025-07-02,U08482
2025-07-03,U08482
2025-07-04,U08482
2025-07-05,U08482
2025-07-05,U08482
2025-07-07,U08482
2025-07-10,U08482
2025-07-14,U08482
2025-07-18,U08482
2025-07-23,U08482
2025-05-26,U08483
2025-06-29,U08484
2025-06-29,U08484
2025-07-03,U08484
2025-07-12,U08484
2025-07-13,U08484
2025-07-14,U08484
2025-07-16,U08484
2025-07-19,U08484
2025-06-17,U08485
2025-06-27,U08485
2025-07-12,U08485
2025-07-13,U08485
2025-07-22,U08486
2025-07-26,U08486
2025-08-18,U08486
2025-06-04,U08487
2025-06-13,U08487
2025-06-26,U08487
2025-06-27,U08487
2025-07-04,U08487
2025-07-08,U08487
2025-07-02,U08488
2025-07-08,U08488
2025-07-09,U08488
2025-07-16,U08488
2025-07-20,U08488
2025-07-23,U08488
2025-05-20,U08489
2025-05-22,U08489
2025-05-25,U08489
2025-05-25,U08489
2025-06-04,U08489
2025-06-07,U08489
2025-06-08,U08489
2025-06-10,U08489
2025-07-02,U08489
2025-07-16,U08490
2025-07-19,U08490
2025-07-22,U08490
2025-07-22,U08490
2025-07-22,U08490
2025-07-23,U08490
2025-07-29,U08490
2025-07-11,U08491
2025-07-11,U08491
2025-07-12,U08491
2025-07-13,U08491
2025-07-21,U08491
2025-07-26,U08491
2025-06-14,U08492
2025-07-17,U08493
2025-07-18,U08493
2025-07-19,U08493
2025-07-19,U08493
2025-07-23,U08493
2025-07-26,U08493
2025-07-31,U08493
2025-08-21,U08493
2025-05-27,U08494
2025-05-27,U08494
2025-05-31,U08494
2025-06-01,U08494
2025-06-01,U08494
2025-06-02,U08494
2025-06-05,U08494
2025-06-06,U08494
2025-06-09,U08494
2025-07-04,U08494
2025-07-11,U08495
2025-07-14,U08495
2025-07-15,U08495
2025-07-16,U08495
2025-07-18,U08495
2025-07-21,U08495
2025-07-26,U08495
2025-07-26,U08495
2025-07-26,U08495
2025-07-28,U08495
2025-08-15,U08495
2025-07-01,U08496
2025-07-01,U08496
2025-07-02,U08496
2025-07-02,U08496
2025-07-06,U08496
2025-07-07,U08496
2025-07-13,U08496
2025-07-13,U08496
2025-07-15,U08496
2025-07-20,U08496
2025-06-12,U08497
2025-05-30,U08498
2025-07-03,U08499
2025-07-07,U08499
2025-07-24,U08499
2025-05-28,U08500
2025-05-30,U08500
2025-06-19,U08500
2025-06-19,U08500
2025-06-26,U08500
2025-05-17,U08501
2025-06-26,U08502
2025-07-06,U08502
2025-06-12,U08503
2025-06-14,U08503
2025-06-20,U08503
2025-06-26,U08503
2025-06-30,U08503
2025-07-13,U08503
2025-06-04,U08504
2025-06-05,U08504
2025-06-07,U08504
2025-06-11,U08504
2025-05-17,U08505
2025-05-17,U08506
2025-05-17,U08506
2025-05-31,U08506
2025-06-11,U08506
2025-06-25,U08506
2025-06-04,U08507
2025-06-13,U08507
2025-06-14,U08507
2025-06-25,U08507
2025-07-05,U08508
2025-07-05,U08508
2025-07-07,U08508
2025-07-08,U08508
2025-07-11,U08508
2025-07-13,U08508
2025-07-21,U08508
2025-07-23,U08508
2025-07-24,U08508
2025-05-20,U08509
2025-05-24,U08509
2025-06-15,U08509
2025-06-16,U08509
2025-05-17,U08510
2025-06-04,U08511
2025-06-12,U08511
2025-07-04,U08512
2025-07-20,U08512
2025-06-27,U08513
2025-06-28,U08513
2025-07-08,U08513
2025-07-19,U08513
2025-05-29,U08514
2025-06-10,U08514
2025-06-12,U08514
2025-06-15,U08514
2025-06-16,U08514
2025-06-17,U08514
2025-07-01,U08514
2025-07-03,U08514
2025-06-01,U08515
2025-05-28,U08516
2025-05-27,U08517
2025-06-01,U08517
2025-06-01,U08517
2025-06-03,U08517
2025-06-04,U08517
2025-06-05,U08517
2025-06-09,U08517
2025-07-24,U08518
2025-07-27,U08518
2025-05-22,U08519
2025-07-01,U08520
2025-07-12,U08520
2025-07-13,U08520
2025-07-19,U08520
2025-07-20,U08520
2025-06-12,U08521
2025-05-17,U08522
2025-06-11,U08523
2025-06-15,U08523
2025-06-16,U08523
2025-06-20,U08523
2025-06-22,U08523
2025-06-30,U08523
2025-07-13,U08523
2025-07-11,U08524
2025-07-26,U08524
2025-05-17,U08525
2025-05-20,U08526
2025-06-06,U08526
2025-06-11,U08526
2025-05-17,U08527
2025-05-18,U08527
2025-05-18,U08527
2025-06-02,U08527
2025-06-03,U08527
2025-06-23,U08527
2025-06-24,U08528
2025-06-25,U08528
2025-06-25,U08528
2025-07-18,U08528
2025-06-11,U08529
2025-06-12,U08529
2025-06-17,U08529
2025-06-17,U08529
2025-06-24,U08529
2025-06-26,U08529
2025-07-04,U08529
2025-07-09,U08529
2025-07-12,U08529
2025-07-13,U08529
2025-06-02,U08530
2025-06-17,U08530
2025-06-02,U08531
2025-06-15,U08531
2025-07-05,U08531
2025-06-15,U08532
2025-07-05,U08532
2025-06-07,U08533
2025-06-08,U08533
2025-06-15,U08533
2025-06-16,U08533
2025-06-21,U08533
2025-06-26,U08533
2025-07-01,U08533
2025-07-04,U08533
2025-07-10,U08533
2025-06-28,U08534
2025-06-28,U08534
2025-07-01,U08534
2025-07-19,U08534
2025-05-26,U08535
2025-05-29,U08535
2025-06-06,U08535
2025-06-23,U08535
2025-07-01,U08535
2025-07-02,U08535
2025-06-11,U08536
2025-06-12,U08536
2025-06-14,U08536
2025-06-20,U08536
2025-07-20,U08537
2025-07-29,U08537
2025-07-30,U08537
2025-07-14,U08538
2025-07-20,U08538
2025-07-26,U08538
2025-07-16,U08539
2025-07-19,U08539
2025-07-20,U08539
2025-07-21,U08539
2025-07-24,U08539
2025-07-27,U08539
2025-07-27,U08539
2025-07-30,U08539
2025-05-27,U08540
2025-06-11,U08540
2025-06-12,U08540
2025-06-19,U08540
2025-07-13,U08541
2025-07-13,U08541
2025-07-25,U08541
2025-07-27,U08541
2025-05-27,U08542
2025-05-31,U08542
2025-06-03,U08542
2025-06-12,U08542
2025-06-16,U08542
2025-06-19,U08542
2025-06-20,U08542
2025-06-21,U08542
2025-07-01,U08542
2025-07-12,U08543
2025-07-17,U08543
2025-07-19,U08543
2025-07-19,U08543
2025-07-22,U08543
2025-07-23,U08543
2025-07-27,U08543
2025-07-17,U08544
2025-07-18,U08544
2025-07-21,U08544
2025-07-24,U08544
2025-07-25,U08544
2025-07-29,U08544
2025-06-13,U08545
2025-06-17,U08545
2025-06-19,U08545
2025-05-18,U08546
2025-05-20,U08546
2025-06-06,U08546
2025-06-17,U08546
2025-06-18,U08546
2025-07-03,U08547
2025-07-08,U08547
2025-07-11,U08547
2025-07-16,U08547
2025-07-16,U08547
2025-07-17,U08547
2025-07-20,U08547
2025-07-24,U08547
2025-05-22,U08548
2025-05-29,U08548
2025-06-05,U08548
2025-06-10,U08548
2025-06-11,U08548
2025-06-28,U08548
2025-07-23,U08549
2025-07-24,U08549
2025-07-26,U08549
2025-07-27,U08549
2025-07-28,U08549
2025-08-01,U08549
2025-07-13,U08550
2025-07-18,U08550
2025-07-27,U08550
2025-06-11,U08551
2025-05-17,U08552
2025-06-06,U08553
2025-06-12,U08553
2025-06-12,U08553
2025-07-06,U08553
2025-08-20,U08553
2025-05-17,U08554
2025-06-29,U08555
2025-06-29,U08555
2025-07-02,U08555
2025-07-04,U08555
2025-07-04,U08555
2025-07-13,U08555
2025-07-13,U08555
2025-07-22,U08555
2025-06-20,U08556
2025-06-21,U08556
2025-07-06,U08556
2025-07-07,U08556
2025-07-09,U08556
2025-07-12,U08556
2025-06-24,U08557
2025-07-15,U08557
2025-06-03,U08558
2025-06-09,U08558
2025-06-12,U08558
2025-07-08,U08558
2025-08-19,U08558
2025-05-20,U08559
2025-05-20,U08559
2025-05-24,U08559
2025-06-05,U08559
2025-06-08,U08559
2025-06-19,U08559
2025-06-24,U08559
2025-06-24,U08559
2025-06-30,U08559
2025-06-02,U08560
2025-06-06,U08561
2025-06-08,U08561
2025-06-14,U08561
2025-06-20,U08561
2025-06-30,U08561
2025-07-10,U08561
2025-07-06,U08562
2025-07-09,U08562
2025-07-11,U08562
2025-07-11,U08562
2025-07-13,U08562
2025-07-13,U08562
2025-07-15,U08562
2025-07-16,U08562
2025-07-23,U08562
2025-08-21,U08562
2025-05-29,U08563
2025-05-30,U08563
2025-06-08,U08563
2025-06-09,U08563
2025-07-29,U08564
2025-07-30,U08564
2025-06-06,U08565
2025-06-21,U08565
2025-06-02,U08566
2025-06-03,U08566
2025-06-08,U08566
2025-06-12,U08566
2025-06-25,U08566
2025-07-07,U08566
2025-05-20,U08567
2025-06-01,U08567
2025-06-07,U08567
2025-06-19,U08567
2025-07-13,U08568
2025-07-14,U08568
2025-07-15,U08568
2025-07-20,U08568
2025-07-22,U08568
2025-07-25,U08568
2025-07-25,U08568
2025-07-25,U08568
2025-07-27,U08568
2025-07-28,U08568
2025-07-15,U08569
2025-07-15,U08569
2025-07-18,U08569
2025-07-18,U08569
2025-07-19,U08569
2025-07-19,U08569
2025-07-24,U08569
2025-07-24,U08569
2025-07-28,U08569
2025-07-30,U08569
2025-07-16,U08570
2025-07-17,U08570
2025-07-29,U08570
2025-07-30,U08570
2025-07-15,U08571
2025-07-16,U08571
2025-07-17,U08571
2025-07-19,U08571
2025-07-25,U08571
2025-07-26,U08571
2025-07-26,U08571
2025-07-27,U08571
2025-06-11,U08572
2025-06-13,U08572
2025-06-18,U08572
2025-06-26,U08572
2025-07-03,U08572
2025-07-07,U08572
2025-07-12,U08572
2025-05-25,U08573
2025-05-27,U08573
2025-06-01,U08573
2025-06-03,U08573
2025-06-08,U08573
2025-06-15,U08573
2025-06-20,U08573
2025-05-23,U08574
2025-06-17,U08575
2025-07-15,U08575
2025-07-20,U08576
2025-07-21,U08576
2025-07-22,U08576
2025-07-24,U08576
2025-07-25,U08576
2025-07-27,U08576
2025-07-28,U08576
2025-07-30,U08576
2025-07-09,U08577
2025-07-11,U08577
2025-07-13,U08577
2025-07-14,U08577
2025-07-14,U08577
2025-07-15,U08577
2025-07-21,U08577
2025-07-22,U08577
2025-07-25,U08577
2025-07-27,U08577
2025-05-17,U08578
2025-07-10,U08579
2025-07-14,U08579
2025-05-24,U08580
2025-05-29,U08580
2025-05-31,U08580
2025-06-15,U08580
2025-05-17,U08581
2025-05-26,U08581
2025-06-10,U08581
2025-06-19,U08581
2025-06-20,U08581
2025-06-28,U08582
2025-06-30,U08582
2025-07-08,U08582
2025-07-13,U08582
2025-07-19,U08582
2025-07-03,U08583
2025-07-04,U08583
2025-07-05,U08583
2025-07-14,U08583
2025-07-14,U08583
2025-07-15,U08583
2025-07-21,U08583
2025-07-23,U08583
2025-06-26,U08584
2025-07-06,U08584
2025-07-20,U08584
2025-05-17,U08585
2025-06-07,U08586
2025-06-20,U08586
2025-07-04,U08586
2025-07-07,U08586
2025-08-17,U08586
2025-06-23,U08587
2025-06-27,U08587
2025-07-14,U08587
2025-07-16,U08587
2025-07-17,U08587
2025-05-25,U08588
2025-07-13,U08589
2025-07-15,U08589
2025-07-16,U08589
2025-07-27,U08589
2025-06-13,U08590
2025-06-29,U08590
2025-07-06,U08590
2025-07-07,U08590
2025-07-14,U08590
2025-06-25,U08591
2025-06-28,U08591
2025-07-05,U08591
2025-07-09,U08591
2025-07-17,U08591
2025-07-25,U08592
2025-07-30,U08592
2025-06-02,U08593
2025-06-03,U08593
2025-06-05,U08593
2025-06-18,U08594
2025-06-29,U08594
2025-07-05,U08594
2025-07-13,U08594
2025-07-18,U08595
2025-07-19,U08595
2025-07-23,U08595
2025-07-25,U08595
2025-07-25,U08595
2025-07-25,U08595
2025-07-28,U08595
2025-07-29,U08595
2025-06-13,U08596
2025-06-14,U08596
2025-06-17,U08596
2025-07-12,U08596
2025-05-17,U08597
2025-06-11,U08597
2025-06-17,U08597
2025-07-02,U08598
2025-07-03,U08598
2025-07-09,U08598
2025-07-14,U08598
2025-07-21,U08598
2025-06-01,U08599
2025-06-06,U08599
2025-06-19,U08599
2025-06-26,U08599
2025-07-08,U08600
2025-07-15,U08600
2025-07-19,U08600
2025-07-19,U08600
2025-07-21,U08600
2025-07-23,U08600
2025-07-26,U08600
2025-05-18,U08601
2025-05-23,U08601
2025-05-24,U08601
2025-06-12,U08601
2025-06-02,U08602
2025-06-02,U08602
2025-06-04,U08602
2025-06-15,U08602
2025-06-20,U08602
2025-06-24,U08602
2025-06-25,U08602
2025-06-27,U08602
2025-07-01,U08602
2025-05-21,U08603
2025-05-26,U08603
2025-05-28,U08603
2025-05-29,U08603
2025-06-07,U08603
2025-06-09,U08603
2025-07-15,U08604
2025-07-22,U08604
2025-07-29,U08604
2025-07-30,U08604
2025-07-03,U08605
2025-07-20,U08605
2025-07-18,U08606
2025-07-18,U08606
2025-07-18,U08606
2025-07-18,U08606
2025-07-19,U08606
2025-07-20,U08606
2025-07-24,U08606
2025-07-26,U08606
2025-05-17,U08607
2025-07-20,U08608
2025-07-20,U08608
2025-07-25,U08608
2025-07-26,U08608
2025-07-29,U08608
2025-08-21,U08608
2025-05-20,U08609
2025-06-17,U08609
2025-05-21,U08610
2025-05-23,U08610
2025-06-02,U08610
2025-06-04,U08610
2025-06-08,U08610
2025-06-11,U08610
2025-06-22,U08610
2025-05-17,U08611
2025-06-19,U08612
2025-07-16,U08612
2025-07-04,U08613
2025-07-06,U08613
2025-07-09,U08613
2025-07-09,U08613
2025-07-16,U08613
2025-07-22,U08613
2025-07-24,U08613
2025-06-23,U08614
2025-07-03,U08614
2025-07-04,U08614
2025-07-06,U08614
2025-07-08,U08614
2025-07-09,U08614
2025-07-11,U08614
2025-07-19,U08614
2025-06-16,U08615
2025-06-18,U08615
2025-06-21,U08615
2025-06-23,U08615
2025-06-25,U08615
2025-06-27,U08615
2025-06-30,U08615
2025-07-04,U08615
2025-07-12,U08615
2025-05-28,U08616
2025-05-29,U08616
2025-05-31,U08616
2025-06-05,U08616
2025-06-07,U08616
2025-06-27,U08616
2025-06-27,U08616
2025-07-01,U08616
2025-06-12,U08617
2025-07-11,U08617
2025-06-08,U08618
2025-06-29,U08618
2025-07-08,U08618
2025-08-21,U08618
2025-07-13,U08619
2025-07-13,U08619
2025-07-17,U08619
2025-07-19,U08619
2025-07-21,U08619
2025-07-24,U08619
2025-07-26,U08619
2025-07-26,U08619
2025-07-26,U08619
2025-07-28,U08619
2025-07-22,U08620
2025-07-29,U08620
2025-07-04,U08621
2025-07-10,U08621
2025-07-22,U08621
2025-07-22,U08621
2025-07-23,U08621
2025-05-18,U08622
2025-05-20,U08622
2025-05-24,U08622
2025-06-08,U08622
2025-06-10,U08622
2025-06-11,U08622
2025-06-18,U08622
2025-06-20,U08622
2025-06-30,U08622
2025-05-24,U08623
2025-05-29,U08623
2025-06-10,U08623
2025-08-21,U08623
2025-06-11,U08624
2025-07-02,U08624
2025-06-15,U08625
2025-06-15,U08625
2025-06-20,U08625
2025-06-22,U08625
2025-06-24,U08625
2025-06-30,U08625
2025-07-02,U08625
2025-07-14,U08625
2025-08-16,U08625
2025-07-10,U08626
2025-07-11,U08626
2025-07-25,U08626
2025-07-15,U08627
2025-07-17,U08627
2025-07-24,U08627
2025-07-29,U08627
2025-08-16,U08627
2025-07-09,U08628
2025-07-14,U08628
2025-07-15,U08628
2025-07-17,U08628
2025-07-25,U08628
2025-07-26,U08628
2025-07-17,U08629
2025-07-19,U08629
2025-07-20,U08629
2025-07-22,U08629
2025-07-25,U08629
2025-07-28,U08629
2025-07-28,U08629
2025-07-29,U08629
2025-07-30,U08629
2025-07-31,U08629
2025-05-17,U08630
2025-06-03,U08630
2025-06-07,U08630
2025-07-03,U08631
2025-07-07,U08631
2025-07-07,U08631
2025-07-12,U08631
2025-07-12,U08631
2025-07-13,U08631
2025-07-16,U08631
2025-07-20,U08631
2025-05-25,U08632
2025-07-04,U08632
2025-05-17,U08633
2025-05-22,U08633
2025-05-21,U08634
2025-05-23,U08634
2025-06-01,U08634
2025-06-05,U08634
2025-06-07,U08634
2025-06-10,U08634
2025-06-15,U08634
2025-06-26,U08634
2025-07-01,U08634
2025-07-16,U08635
2025-07-18,U08635
2025-07-21,U08635
2025-07-23,U08635
2025-07-29,U08635
2025-06-12,U08636
2025-07-03,U08636
2025-07-12,U08636
2025-05-30,U08637
2025-06-03,U08637
2025-06-14,U08637
2025-06-16,U08637
2025-06-20,U08637
2025-07-22,U08638
2025-07-24,U08638
2025-07-26,U08638
2025-07-30,U08638
2025-07-30,U08638
2025-07-31,U08638
2025-06-17,U08639
2025-06-19,U08639
2025-07-04,U08639
2025-07-15,U08639
2025-06-06,U08640
2025-06-19,U08641
2025-07-16,U08641
2025-05-27,U08642
2025-06-08,U08642
2025-06-12,U08642
2025-06-14,U08642
2025-06-14,U08642
2025-06-17,U08642
2025-06-23,U08642
2025-07-03,U08642
2025-06-17,U08643
2025-06-21,U08643
2025-06-24,U08643
2025-06-25,U08643
2025-06-27,U08643
2025-06-28,U08643
2025-07-16,U08643
2025-07-19,U08644
2025-07-23,U08644
2025-07-29,U08644
2025-07-22,U08645
2025-07-25,U08645
2025-07-25,U08645
2025-07-26,U08645
2025-07-26,U08645
2025-07-28,U08645
2025-07-28,U08645
2025-07-29,U08645
2025-07-29,U08645
2025-07-30,U08645
2025-07-12,U08646
2025-07-16,U08646
2025-07-24,U08646
2025-07-27,U08646
2025-07-28,U08646
2025-05-18,U08647
2025-05-27,U08647
2025-06-02,U08647
2025-06-06,U08647
2025-08-19,U08647
2025-07-21,U08648
2025-07-22,U08648
2025-07-28,U08648
2025-08-01,U08648
2025-05-17,U08649
2025-06-02,U08649
2025-05-18,U08650
2025-05-30,U08650
2025-06-24,U08651
2025-07-07,U08651
2025-05-18,U08652
2025-06-10,U08652
2025-06-14,U08652
2025-06-14,U08652
2025-06-25,U08652
2025-05-17,U08653
2025-05-30,U08653
2025-06-04,U08653
2025-06-04,U08653
2025-06-15,U08653
2025-06-18,U08653
2025-06-21,U08653
2025-06-23,U08653
2025-05-26,U08654
2025-05-28,U08654
2025-06-04,U08654
2025-06-05,U08654
2025-07-12,U08655
2025-07-12,U08655
2025-07-13,U08655
2025-07-15,U08655
2025-07-20,U08655
2025-07-21,U08655
2025-07-25,U08655
2025-07-26,U08655
2025-07-26,U08655
2025-07-28,U08655
2025-07-10,U08656
2025-07-18,U08656
2025-07-19,U08656
2025-06-15,U08657
2025-06-18,U08657
2025-06-19,U08657
2025-06-19,U08657
2025-06-25,U08657
2025-06-27,U08657
2025-07-05,U08657
2025-07-06,U08657
2025-07-06,U08657
2025-07-13,U08657
2025-07-07,U08658
2025-07-11,U08658
2025-07-20,U08658
2025-07-21,U08658
2025-05-21,U08659
2025-05-23,U08659
2025-06-12,U08659
2025-06-16,U08659
2025-06-21,U08659
2025-06-20,U08660
2025-06-20,U08660
2025-07-02,U08660
2025-07-02,U08660
2025-07-05,U08660
2025-07-05,U08660
2025-07-06,U08660
2025-07-07,U08660
2025-07-12,U08660
2025-07-14,U08660
2025-07-18,U08661
2025-07-29,U08661
2025-07-31,U08661
2025-06-28,U08662
2025-07-21,U08662
2025-06-16,U08663
2025-07-07,U08663
2025-07-12,U08664
2025-07-18,U08664
2025-07-19,U08664
2025-07-19,U08664
2025-07-21,U08664
2025-07-23,U08664
2025-07-27,U08664
2025-07-07,U08665
2025-07-09,U08665
2025-07-16,U08665
2025-06-03,U08666
2025-07-07,U08666
2025-07-09,U08666
2025-07-11,U08667
2025-07-12,U08667
2025-07-14,U08667
2025-07-16,U08667
2025-07-18,U08667
2025-07-18,U08667
2025-07-24,U08667
2025-05-18,U08668
2025-06-21,U08668
2025-08-17,U08668
2025-05-29,U08669
2025-06-20,U08669
2025-06-26,U08669
2025-06-18,U08670
2025-07-02,U08670
2025-07-03,U08670
2025-07-15,U08670
2025-05-19,U08671
2025-06-01,U08671
2025-06-19,U08672
2025-06-20,U08672
2025-07-01,U08672
2025-07-03,U08672
2025-07-08,U08672
2025-07-10,U08672
2025-06-09,U08673
2025-06-10,U08673
2025-06-10,U08673
2025-06-16,U08673
2025-06-18,U08673
2025-06-19,U08673
2025-07-02,U08673
2025-07-02,U08673
2025-07-09,U08673
2025-07-11,U08673
2025-05-19,U08674
2025-05-24,U08674
2025-06-10,U08674
2025-06-11,U08674
2025-06-13,U08674
2025-06-14,U08674
2025-06-23,U08674
2025-05-22,U08675
2025-05-17,U08676
2025-05-21,U08676
2025-06-01,U08676
2025-06-01,U08677
2025-07-14,U08678
2025-07-22,U08678
2025-07-24,U08678
2025-07-28,U08678
2025-06-11,U08679
2025-06-17,U08679
2025-06-17,U08679
2025-06-21,U08679
2025-05-17,U08680
2025-08-15,U08680
2025-05-19,U08681
2025-05-31,U08681
2025-06-11,U08681
2025-06-16,U08681
2025-06-17,U08681
2025-07-20,U08682
2025-07-22,U08682
2025-07-23,U08682
2025-07-27,U08682
2025-07-27,U08682
2025-07-28,U08682
2025-07-29,U08682
2025-07-30,U08682
2025-07-07,U08683
2025-07-10,U08683
2025-07-10,U08683
2025-07-13,U08683
2025-07-20,U08683
2025-07-20,U08683
2025-07-21,U08683
2025-07-22,U08683
2025-07-26,U08683
2025-06-13,U08684
2025-06-29,U08684
2025-06-30,U08684
2025-07-04,U08684
2025-07-04,U08684
2025-07-04,U08684
2025-07-11,U08684
2025-07-13,U08684
2025-07-14,U08684
2025-06-16,U08685
2025-06-28,U08685
2025-07-13,U08685
2025-06-20,U08686
2025-06-23,U08686
2025-07-02,U08686
2025-07-04,U08686
2025-07-17,U08686
2025-05-22,U08687
2025-05-30,U08687
2025-06-04,U08687
2025-06-09,U08687
2025-06-17,U08687
2025-06-23,U08688
2025-06-25,U08688
2025-06-26,U08688
2025-06-30,U08688
2025-07-01,U08688
2025-07-18,U08688
2025-06-23,U08689
2025-06-30,U08689
2025-07-03,U08689
2025-07-13,U08689
2025-07-16,U08689
2025-07-17,U08689
2025-06-29,U08690
2025-06-30,U08690
2025-07-13,U08690
2025-07-19,U08690
2025-07-20,U08690
2025-07-22,U08690
2025-05-17,U08691
2025-07-11,U08692
2025-07-26,U08692
2025-05-31,U08693
2025-06-12,U08693
2025-06-14,U08693
2025-06-15,U08693
2025-06-15,U08693
2025-06-21,U08693
2025-06-27,U08693
2025-07-01,U08693
2025-07-06,U08693
2025-06-26,U08694
2025-06-26,U08694
2025-06-28,U08694
2025-06-29,U08694
2025-06-30,U08694
2025-07-04,U08694
2025-07-06,U08694
2025-07-11,U08694
2025-07-15,U08694
2025-06-27,U08695
2025-06-29,U08695
2025-07-03,U08695
2025-07-10,U08695
2025-07-14,U08695
2025-07-19,U08695
2025-07-20,U08695
2025-05-28,U08696
2025-05-30,U08696
2025-06-10,U08696
2025-05-17,U08697
2025-06-12,U08698
2025-07-01,U08699
2025-07-01,U08699
2025-07-02,U08699
2025-07-06,U08699
2025-07-10,U08699
2025-07-12,U08699
2025-07-16,U08699
2025-07-20,U08699
2025-07-13,U08700
2025-07-14,U08700
2025-07-17,U08700
2025-07-19,U08700
2025-07-19,U08700
2025-07-24,U08700
2025-07-24,U08700
2025-07-26,U08700
2025-07-27,U08700
2025-08-18,U08700
2025-07-18,U08701
2025-07-18,U08701
2025-07-26,U08701
2025-07-05,U08702
2025-07-05,U08702
2025-07-12,U08702
2025-07-14,U08702
2025-07-18,U08702
2025-07-21,U08702
2025-07-21,U08702
2025-07-22,U08702
2025-07-23,U08702
2025-07-25,U08702
2025-07-05,U08703
2025-07-06,U08703
2025-07-09,U08703
2025-07-12,U08703
2025-07-15,U08703
2025-07-21,U08703
2025-05-27,U08704
2025-06-14,U08704
2025-06-18,U08704
2025-06-09,U08705
2025-06-10,U08705
2025-05-18,U08706
2025-05-30,U08706
2025-06-03,U08706
2025-06-12,U08706
2025-06-20,U08706
2025-06-21,U08706
2025-06-17,U08707
2025-06-17,U08707
2025-06-24,U08707
2025-07-06,U08707
2025-05-23,U08708
2025-05-27,U08708
2025-05-28,U08708
2025-05-28,U08708
2025-06-10,U08708
2025-06-19,U08708
2025-06-26,U08708
2025-07-25,U08709
2025-07-28,U08709
2025-07-31,U08709
2025-06-24,U08710
2025-06-29,U08710
2025-07-04,U08710
2025-07-05,U08710
2025-07-06,U08710
2025-07-14,U08710
2025-07-16,U08710
2025-06-01,U08711
2025-06-01,U08711
2025-06-03,U08711
2025-06-04,U08711
2025-06-09,U08711
2025-06-15,U08711
2025-06-21,U08711
2025-06-27,U08711
2025-07-01,U08711
2025-08-20,U08711
2025-05-25,U08712
2025-05-26,U08712
2025-05-29,U08712
2025-07-09,U08713
2025-07-16,U08713
2025-07-18,U08713
2025-07-18,U08713
2025-07-19,U08713
2025-07-21,U08713
2025-07-26,U08713
2025-07-20,U08714
2025-07-21,U08714
2025-07-27,U08714
2025-07-29,U08714
2025-08-01,U08714
2025-05-17,U08715
2025-05-18,U08715
2025-05-21,U08715
2025-05-23,U08715
2025-06-02,U08715
2025-06-20,U08715
2025-07-10,U08716
2025-07-15,U08716
2025-07-16,U08716
2025-07-25,U08716
2025-07-27,U08716
2025-06-13,U08717
2025-06-25,U08717
2025-06-26,U08717
2025-07-11,U08717
2025-05-18,U08718
2025-05-19,U08718
2025-05-20,U08718
2025-05-24,U08718
2025-05-27,U08718
2025-06-23,U08718
2025-06-26,U08718
2025-05-22,U08719
2025-05-31,U08719
2025-06-04,U08719
2025-06-07,U08719
2025-06-15,U08719
2025-06-20,U08719
2025-06-20,U08719
2025-06-21,U08719
2025-06-27,U08719
2025-05-18,U08720
2025-05-20,U08720
2025-05-22,U08720
2025-06-10,U08720
2025-06-11,U08720
2025-06-12,U08720
2025-06-12,U08720
2025-06-17,U08720
2025-06-30,U08720
2025-08-17,U08720
2025-06-15,U08721
2025-06-23,U08721
2025-06-27,U08721
2025-06-28,U08721
2025-07-04,U08721
2025-07-09,U08721
2025-07-11,U08721
2025-06-20,U08722
2025-07-12,U08722
2025-06-05,U08723
2025-07-24,U08724
2025-07-26,U08724
2025-07-26,U08724
2025-07-26,U08724
2025-07-30,U08724
2025-05-21,U08725
2025-05-22,U08725
2025-05-31,U08725
2025-06-05,U08725
2025-05-17,U08726
2025-05-18,U08726
2025-06-01,U08726
2025-06-28,U08727
2025-06-30,U08727
2025-07-02,U08727
2025-07-05,U08727
2025-07-09,U08727
2025-07-17,U08727
2025-07-19,U08727
2025-07-20,U08727
2025-07-05,U08728
2025-07-08,U08728
2025-07-17,U08728
2025-07-13,U08729
2025-07-16,U08729
2025-07-17,U08729
2025-07-20,U08729
2025-07-22,U08729
2025-07-25,U08729
2025-07-08,U08730
2025-07-08,U08730
2025-07-09,U08730
2025-07-16,U08730
2025-07-16,U08730
2025-07-19,U08730
2025-08-21,U08730
2025-05-17,U08731
2025-05-17,U08732
2025-06-23,U08733
2025-06-30,U08733
2025-07-02,U08733
2025-07-03,U08733
2025-07-05,U08733
2025-07-12,U08733
2025-07-19,U08733
2025-07-08,U08734
2025-07-12,U08734
2025-07-14,U08734
2025-07-15,U08734
2025-07-18,U08734
2025-07-19,U08734
2025-07-22,U08734
2025-06-27,U08735
2025-06-27,U08735
2025-06-28,U08735
2025-07-05,U08735
2025-07-05,U08735
2025-07-06,U08735
2025-07-10,U08735
2025-07-14,U08735
2025-07-15,U08735
2025-07-21,U08735
2025-06-29,U08736
2025-06-30,U08736
2025-07-08,U08736
2025-07-13,U08736
2025-07-13,U08736
2025-07-16,U08736
2025-07-20,U08736
2025-07-26,U08737
2025-08-01,U08737
2025-05-17,U08738
2025-05-17,U08738
2025-05-24,U08738
2025-05-26,U08738
2025-06-03,U08738
2025-06-22,U08738
2025-06-28,U08738
2025-05-25,U08739
2025-05-27,U08739
2025-06-14,U08739
2025-06-18,U08739
2025-06-22,U08739
2025-05-24,U08740
2025-06-08,U08740
2025-06-06,U08741
2025-06-19,U08741
2025-07-09,U08741
2025-06-24,U08742
2025-07-18,U08742
2025-05-25,U08743
2025-06-02,U08743
2025-06-11,U08743
2025-06-16,U08743
2025-06-18,U08743
2025-06-21,U08743
2025-08-17,U08743
2025-06-22,U08744
2025-06-23,U08744
2025-06-24,U08744
2025-06-27,U08744
2025-06-30,U08744
2025-06-30,U08744
2025-07-06,U08744
2025-07-07,U08744
2025-07-15,U08744
2025-07-17,U08744
2025-07-18,U08745
2025-07-30,U08745
2025-05-24,U08746
2025-05-25,U08746
2025-06-04,U08746
2025-06-18,U08746
2025-06-26,U08746
2025-06-26,U08746
2025-06-26,U08746
2025-06-28,U08746
2025-07-19,U08747
2025-07-19,U08747
2025-07-21,U08747
2025-07-21,U08747
2025-07-22,U08747
2025-07-23,U08747
2025-07-28,U08747
2025-07-29,U08747
2025-07-29,U08747
2025-07-31,U08747
2025-05-20,U08748
2025-05-24,U08748
2025-06-16,U08748
2025-06-23,U08748
2025-06-23,U08748
2025-06-27,U08748
2025-05-23,U08749
2025-06-01,U08749
2025-06-06,U08749
2025-06-10,U08749
2025-06-13,U08749
2025-06-14,U08749
2025-06-16,U08749
2025-06-28,U08749
2025-06-13,U08750
2025-06-14,U08750
2025-06-18,U08750
2025-06-24,U08750
2025-06-27,U08750
2025-07-13,U08750
2025-07-20,U08751
2025-07-20,U08751
2025-07-21,U08751
2025-07-26,U08751
2025-07-28,U08751
2025-07-31,U08751
2025-07-09,U08752
2025-07-25,U08752
2025-08-18,U08752
2025-05-26,U08753
2025-05-30,U08753
2025-06-01,U08753
2025-06-15,U08753
2025-06-25,U08753
2025-07-05,U08753
2025-05-18,U08754
2025-07-10,U08755
2025-07-11,U08755
2025-07-11,U08755
2025-07-18,U08755
2025-07-18,U08755
2025-07-25,U08755
2025-07-26,U08755
2025-07-27,U08755
2025-05-17,U08756
2025-06-15,U08757
2025-06-19,U08757
2025-06-21,U08757
2025-06-22,U08757
2025-07-13,U08757
2025-06-30,U08758
2025-07-02,U08758
2025-07-03,U08759
2025-07-06,U08759
2025-07-18,U08759
2025-07-18,U08759
2025-07-19,U08759
2025-07-19,U08759
2025-07-22,U08759
2025-07-23,U08759
2025-07-09,U08760
2025-07-10,U08760
2025-07-12,U08760
2025-07-16,U08760
2025-07-21,U08760
2025-07-24,U08760
2025-07-27,U08760
2025-07-09,U08761
2025-07-12,U08761
2025-07-20,U08761
2025-07-26,U08761
2025-07-09,U08762
2025-07-18,U08762
2025-07-25,U08762
2025-08-16,U08762
2025-07-03,U08763
2025-07-05,U08763
2025-07-09,U08763
2025-07-10,U08763
2025-07-16,U08763
2025-07-17,U08763
2025-07-19,U08763
2025-07-21,U08763
2025-07-24,U08763
2025-07-14,U08764
2025-07-14,U08764
2025-07-25,U08764
2025-07-26,U08764
2025-07-27,U08764
2025-07-27,U08764
2025-07-29,U08764
2025-05-25,U08765
2025-05-28,U08765
2025-05-28,U08765
2025-07-03,U08765
2025-06-08,U08766
2025-06-12,U08766
2025-06-13,U08766
2025-06-27,U08766
2025-06-28,U08766
2025-07-06,U08766
2025-07-08,U08766
2025-07-09,U08766
2025-07-10,U08766
2025-07-11,U08766
2025-07-06,U08767
2025-07-07,U08767
2025-07-08,U08767
2025-07-12,U08767
2025-07-12,U08767
2025-07-14,U08767
2025-07-15,U08767
2025-07-21,U08767
2025-07-21,U08767
2025-07-25,U08767
2025-07-19,U08768
2025-07-20,U08768
2025-07-20,U08768
2025-07-25,U08768
2025-07-26,U08768
2025-07-28,U08768
2025-08-01,U08768
2025-06-10,U08769
2025-06-13,U08769
2025-06-20,U08769
2025-06-22,U08769
2025-07-09,U08769
2025-08-16,U08769
2025-07-14,U08770
2025-07-23,U08770
2025-07-29,U08770
2025-05-21,U08771
2025-05-22,U08771
2025-06-26,U08771
2025-07-02,U08771
2025-05-30,U08772
2025-05-31,U08772
2025-06-10,U08772
2025-06-10,U08772
2025-06-15,U08772
2025-06-25,U08772
2025-07-01,U08772
2025-07-07,U08772
2025-05-17,U08773
2025-07-10,U08774
2025-07-18,U08774
2025-07-22,U08774
2025-07-12,U08775
2025-07-16,U08775
2025-07-22,U08775
2025-07-24,U08775
2025-07-25,U08775
2025-07-25,U08775
2025-07-26,U08775
2025-06-19,U08776
2025-06-25,U08776
2025-07-05,U08776
2025-07-11,U08776
2025-07-15,U08776
2025-07-16,U08776
2025-05-31,U08777
2025-06-02,U08777
2025-06-06,U08777
2025-06-11,U08777
2025-06-14,U08777
2025-07-02,U08777
2025-05-25,U08778
2025-06-12,U08778
2025-07-20,U08779
2025-07-22,U08779
2025-07-29,U08779
2025-06-23,U08780
2025-06-24,U08780
2025-06-26,U08780
2025-06-26,U08780
2025-06-26,U08780
2025-06-27,U08780
2025-06-28,U08780
2025-07-02,U08780
2025-05-25,U08781
2025-05-17,U08782
2025-06-29,U08783
2025-07-09,U08783
2025-07-12,U08783
2025-07-12,U08783
2025-07-14,U08783
2025-07-14,U08783
2025-07-18,U08783
2025-07-19,U08783
2025-07-20,U08784
2025-07-23,U08784
2025-07-24,U08784
2025-07-31,U08784
2025-07-17,U08785
2025-07-31,U08785
2025-05-24,U08786
2025-05-26,U08786
2025-06-03,U08786
2025-06-06,U08786
2025-06-08,U08786
2025-06-11,U08786
2025-06-15,U08786
2025-06-16,U08786
2025-07-06,U08787
2025-07-09,U08787
2025-07-23,U08787
2025-07-25,U08787
2025-05-29,U08788
2025-07-11,U08789
2025-07-12,U08789
2025-07-13,U08789
2025-07-15,U08789
2025-07-19,U08789
2025-07-21,U08789
2025-07-22,U08789
2025-07-25,U08789
2025-07-27,U08789
2025-07-07,U08790
2025-07-18,U08790
2025-07-21,U08790
2025-07-12,U08791
2025-07-26,U08791
2025-05-19,U08792
2025-05-23,U08792
2025-05-23,U08792
2025-06-01,U08792
2025-06-04,U08792
2025-06-10,U08792
2025-06-15,U08792
2025-06-25,U08792
2025-06-18,U08793
2025-06-22,U08793
2025-06-27,U08794
2025-06-28,U08794
2025-06-29,U08794
2025-07-11,U08794
2025-07-13,U08794
2025-07-14,U08794
2025-07-15,U08794
2025-07-21,U08794
2025-05-27,U08795
2025-07-01,U08795
2025-06-15,U08796
2025-06-18,U08796
2025-06-23,U08796
2025-06-29,U08796
2025-07-02,U08796
2025-07-03,U08796
2025-07-05,U08796
2025-07-12,U08796
2025-05-25,U08797
2025-06-03,U08797
2025-05-17,U08798
2025-07-17,U08799
2025-07-20,U08799
2025-07-21,U08799
2025-07-23,U08799
2025-07-23,U08799
2025-07-29,U08799
2025-07-31,U08799
2025-07-11,U08800
2025-07-14,U08800
2025-07-20,U08800
2025-07-25,U08800
2025-07-28,U08800
2025-05-17,U08801
2025-05-23,U08801
2025-06-05,U08801
2025-06-11,U08801
2025-06-13,U08801
2025-06-17,U08801
2025-06-21,U08801
2025-06-08,U08802
2025-06-18,U08802
2025-07-11,U08802
2025-06-23,U08803
2025-07-16,U08803
2025-05-20,U08804
2025-05-22,U08804
2025-05-26,U08805
2025-07-01,U08805
2025-07-02,U08805
2025-07-03,U08805
2025-07-03,U08805
2025-07-05,U08805
2025-06-08,U08806
2025-06-11,U08806
2025-06-21,U08806
2025-05-28,U08807
2025-06-11,U08807
2025-06-17,U08807
2025-06-22,U08807
2025-06-22,U08807
2025-06-26,U08807
2025-07-16,U08808
2025-07-17,U08808
2025-07-19,U08808
2025-07-24,U08808
2025-07-25,U08808
2025-07-25,U08808
2025-07-27,U08808
2025-07-27,U08808
2025-07-30,U08808
2025-06-06,U08809
2025-06-08,U08809
2025-06-08,U08809
2025-06-10,U08809
2025-06-15,U08809
2025-06-18,U08809
2025-06-22,U08809
2025-06-22,U08809
2025-06-22,U08809
2025-07-08,U08809
2025-07-16,U08810
2025-07-16,U08810
2025-07-24,U08810
2025-07-27,U08810
2025-07-30,U08810
2025-06-01,U08811
2025-06-03,U08812
2025-06-28,U08812
2025-07-05,U08812
2025-05-17,U08813
2025-05-21,U08814
2025-05-24,U08814
2025-05-25,U08814
2025-06-18,U08815
2025-05-26,U08816
2025-05-27,U08816
2025-05-30,U08816
2025-06-06,U08816
2025-06-14,U08816
2025-06-18,U08816
2025-06-25,U08816
2025-06-28,U08816
2025-06-30,U08816
2025-07-02,U08816
2025-07-25,U08817
2025-07-30,U08817
2025-07-31,U08817
2025-08-01,U08817
2025-06-12,U08818
2025-06-18,U08818
2025-06-20,U08818
2025-06-28,U08818
2025-07-02,U08818
2025-07-05,U08818
2025-07-06,U08818
2025-07-09,U08818
2025-07-10,U08818
2025-07-13,U08818
2025-07-17,U08819
2025-07-19,U08819
2025-07-19,U08819
2025-07-24,U08819
2025-07-25,U08819
2025-07-26,U08819
2025-07-27,U08819
2025-07-28,U08819
2025-07-29,U08819
2025-07-30,U08819
2025-05-29,U08820
2025-06-07,U08820
2025-06-20,U08820
2025-06-21,U08820
2025-07-01,U08820
2025-06-22,U08821
2025-06-29,U08821
2025-07-01,U08821
2025-07-02,U08821
2025-07-02,U08821
2025-07-10,U08821
2025-07-16,U08821
2025-07-18,U08821
2025-07-05,U08822
2025-07-10,U08822
2025-07-12,U08822
2025-07-12,U08822
2025-07-13,U08822
2025-07-16,U08822
2025-07-19,U08822
2025-07-20,U08822
2025-07-21,U08822
2025-07-24,U08822
2025-07-09,U08823
2025-07-09,U08823
2025-07-11,U08823
2025-07-14,U08823
2025-07-22,U08823
2025-07-23,U08823
2025-07-26,U08823
2025-07-27,U08823
2025-06-19,U08824
2025-06-20,U08824
2025-06-20,U08824
2025-06-22,U08824
2025-06-30,U08824
2025-06-30,U08824
2025-07-07,U08824
2025-07-11,U08824
2025-07-13,U08824
2025-07-15,U08824
2025-07-26,U08825
2025-07-29,U08825
2025-07-30,U08825
2025-07-30,U08825
2025-08-01,U08825
2025-07-11,U08826
2025-07-14,U08826
2025-07-15,U08826
2025-07-28,U08826
2025-08-16,U08826
2025-05-24,U08827
2025-05-25,U08827
2025-05-27,U08827
2025-05-28,U08827
2025-06-12,U08827
2025-06-19,U08827
2025-05-22,U08828
2025-05-27,U08828
2025-05-31,U08828
2025-06-08,U08828
2025-06-20,U08828
2025-07-02,U08828
2025-06-27,U08829
2025-07-02,U08829
2025-07-07,U08829
2025-07-08,U08829
2025-07-17,U08829
2025-07-05,U08830
2025-07-08,U08830
2025-07-11,U08830
2025-07-18,U08830
2025-07-03,U08831
2025-07-11,U08831
2025-07-12,U08831
2025-07-13,U08831
2025-07-14,U08831
2025-07-15,U08831
2025-07-20,U08831
2025-07-22,U08831
2025-07-24,U08831
2025-05-31,U08832
2025-06-02,U08832
2025-06-10,U08832
2025-06-12,U08832
2025-06-16,U08832
2025-08-17,U08832
2025-06-17,U08833
2025-06-18,U08833
2025-06-23,U08833
2025-06-03,U08834
2025-07-04,U08834
2025-06-17,U08835
2025-06-25,U08835
2025-06-25,U08835
2025-06-27,U08835
2025-07-03,U08835
2025-07-06,U08835
2025-07-11,U08835
2025-07-16,U08835
2025-06-18,U08836
2025-06-24,U08836
2025-07-01,U08836
2025-07-01,U08836
2025-07-01,U08836
2025-07-03,U08836
2025-07-03,U08836
2025-07-13,U08836
2025-07-16,U08836
2025-06-04,U08837
2025-06-09,U08837
2025-06-12,U08837
2025-06-13,U08837
2025-07-01,U08837
2025-07-06,U08837
2025-06-23,U08838
2025-07-02,U08838
2025-07-06,U08838
2025-07-08,U08838
2025-07-12,U08838
2025-05-28,U08839
2025-06-09,U08840
2025-06-28,U08840
2025-06-30,U08840
2025-07-02,U08840
2025-08-21,U08840
2025-07-19,U08841
2025-07-22,U08841
2025-07-22,U08841
2025-07-24,U08841
2025-07-25,U08841
2025-07-25,U08841
2025-07-28,U08841
2025-07-28,U08841
2025-07-30,U08841
2025-07-07,U08842
2025-07-10,U08842
2025-07-16,U08842
2025-07-18,U08842
2025-07-19,U08842
2025-07-26,U08842
2025-06-13,U08843
2025-06-20,U08843
2025-06-24,U08843
2025-06-25,U08843
2025-07-02,U08843
2025-07-03,U08843
2025-07-09,U08843
2025-07-12,U08843
2025-06-25,U08844
2025-07-03,U08844
2025-07-11,U08844
2025-07-14,U08844
2025-07-15,U08844
2025-07-18,U08844
2025-05-17,U08845
2025-05-24,U08845
2025-05-29,U08845
2025-05-29,U08845
2025-06-10,U08845
2025-06-17,U08845
2025-05-20,U08846
2025-06-06,U08846
2025-06-06,U08846
2025-06-12,U08846
2025-06-16,U08846
2025-06-18,U08846
2025-07-01,U08846
2025-07-19,U08847
2025-07-22,U08847
2025-07-23,U08847
2025-07-26,U08847
2025-07-28,U08847
2025-08-01,U08847
2025-05-20,U08848
2025-05-25,U08848
2025-06-02,U08848
2025-06-03,U08848
2025-06-28,U08848
2025-06-28,U08848
2025-06-30,U08848
2025-05-22,U08849
2025-05-26,U08849
2025-06-02,U08849
2025-06-06,U08849
2025-06-11,U08849
2025-06-09,U08850
2025-06-09,U08850
2025-06-13,U08850
2025-06-18,U08850
2025-06-25,U08850
2025-06-25,U08850
2025-06-29,U08850
2025-07-04,U08850
2025-07-09,U08850
2025-07-10,U08850
2025-05-18,U08851
2025-05-22,U08851
2025-05-23,U08851
2025-07-09,U08852
2025-07-17,U08852
2025-07-25,U08852
2025-07-06,U08853
2025-07-07,U08853
2025-07-12,U08853
2025-07-13,U08853
2025-07-16,U08853
2025-07-16,U08853
2025-07-18,U08853
2025-07-19,U08853
2025-07-25,U08853
2025-06-30,U08854
2025-07-02,U08854
2025-07-05,U08854
2025-07-09,U08854
2025-07-13,U08854
2025-07-13,U08854
2025-07-15,U08854
2025-07-22,U08854
2025-05-31,U08855
2025-06-06,U08855
2025-06-06,U08855
2025-06-15,U08855
2025-06-16,U08855
2025-07-03,U08855
2025-07-04,U08855
2025-07-06,U08856
2025-07-10,U08856
2025-07-10,U08856
2025-07-16,U08856
2025-07-22,U08856
2025-07-24,U08856
2025-07-25,U08856
2025-06-23,U08857
2025-06-26,U08857
2025-07-01,U08857
2025-07-01,U08857
2025-07-03,U08857
2025-07-03,U08857
2025-07-11,U08857
2025-07-12,U08857
2025-07-13,U08857
2025-07-18,U08857
2025-05-17,U08858
2025-07-20,U08859
2025-07-21,U08859
2025-07-22,U08859
2025-07-23,U08859
2025-07-23,U08859
2025-07-26,U08859
2025-07-28,U08859
2025-07-29,U08859
2025-07-31,U08859
2025-06-07,U08860
2025-06-11,U08860
2025-06-14,U08860
2025-06-15,U08860
2025-06-24,U08860
2025-06-25,U08860
2025-06-26,U08860
2025-07-07,U08860
2025-07-10,U08860
2025-07-11,U08860
2025-07-21,U08861
2025-07-23,U08861
2025-07-24,U08861
2025-07-26,U08861
2025-07-30,U08861
2025-08-15,U08861
2025-06-28,U08862
2025-07-01,U08862
2025-07-14,U08862
2025-07-16,U08862
2025-07-19,U08862
2025-06-30,U08863
2025-06-30,U08863
2025-07-05,U08863
2025-07-06,U08863
2025-07-13,U08863
2025-07-14,U08863
2025-07-18,U08863
2025-07-20,U08863
2025-07-22,U08863
2025-05-17,U08864
2025-06-22,U08865
2025-07-04,U08866
2025-07-06,U08866
2025-07-08,U08866
2025-07-10,U08866
2025-07-13,U08866
2025-07-17,U08866
2025-07-23,U08866
2025-08-17,U08866
2025-07-27,U08867
2025-07-30,U08867
2025-07-31,U08867
2025-08-01,U08867
2025-05-30,U08868
2025-06-12,U08868
2025-06-14,U08868
2025-06-14,U08868
2025-06-15,U08868
2025-06-20,U08868
2025-06-24,U08868
2025-06-25,U08868
2025-07-03,U08868
2025-06-10,U08869
2025-06-20,U08869
2025-06-21,U08869
2025-06-22,U08869
2025-06-23,U08869
2025-07-04,U08869
2025-07-08,U08869
2025-07-09,U08869
2025-05-21,U08870
2025-05-25,U08870
2025-05-28,U08870
2025-06-06,U08870
2025-06-17,U08870
2025-06-25,U08870
2025-07-23,U08871
2025-07-24,U08871
2025-07-04,U08872
2025-07-05,U08872
2025-07-07,U08872
2025-07-10,U08872
2025-07-20,U08872
2025-07-22,U08872
2025-07-24,U08872
2025-06-03,U08873
2025-06-07,U08873
2025-07-11,U08874
2025-07-11,U08874
2025-07-14,U08874
2025-07-20,U08874
2025-07-21,U08874
2025-07-23,U08874
2025-07-24,U08874
2025-07-26,U08874
2025-07-28,U08874
2025-07-07,U08875
2025-07-20,U08875
2025-07-26,U08875
2025-05-17,U08876
2025-05-21,U08876
2025-06-23,U08876
2025-06-25,U08876
2025-07-02,U08877
2025-07-14,U08877
2025-07-17,U08877
2025-05-23,U08878
2025-07-17,U08879
2025-07-19,U08879
2025-07-20,U08879
2025-07-21,U08879
2025-07-22,U08879
2025-07-31,U08879
2025-06-21,U08880
2025-06-23,U08880
2025-06-29,U08880
2025-07-02,U08880
2025-07-03,U08880
2025-07-08,U08880
2025-07-16,U08880
2025-07-18,U08880
2025-05-25,U08881
2025-05-25,U08881
2025-05-25,U08881
2025-05-31,U08881
2025-05-17,U08882
2025-05-18,U08883
2025-05-25,U08883
2025-06-03,U08883
2025-06-10,U08883
2025-06-17,U08883
2025-06-24,U08883
2025-06-10,U08884
2025-06-12,U08884
2025-06-15,U08884
2025-06-18,U08884
2025-06-27,U08884
2025-06-29,U08884
2025-06-30,U08884
2025-07-01,U08884
2025-07-10,U08884
2025-07-16,U08885
2025-07-16,U08885
2025-07-26,U08885
2025-07-15,U08886
2025-07-30,U08886
2025-06-29,U08887
2025-07-05,U08887
2025-07-11,U08888
2025-07-13,U08888
2025-07-13,U08888
2025-07-14,U08888
2025-07-19,U08888
2025-07-19,U08888
2025-07-24,U08888
2025-07-26,U08888
2025-07-27,U08888
2025-07-28,U08888
2025-05-17,U08889
2025-05-30,U08889
2025-06-05,U08889
2025-06-11,U08889
2025-06-18,U08889
2025-06-24,U08889
2025-07-15,U08890
2025-07-21,U08890
2025-07-29,U08890
2025-07-30,U08890
2025-07-03,U08891
2025-07-08,U08891
2025-07-17,U08891
2025-07-15,U08892
2025-07-19,U08892
2025-07-22,U08892
2025-07-27,U08892
2025-07-28,U08892
2025-07-10,U08893
2025-07-13,U08893
2025-07-15,U08893
2025-07-22,U08893
2025-07-26,U08893
2025-08-17,U08893
2025-05-17,U08894
2025-06-14,U08895
2025-06-24,U08895
2025-07-13,U08895
2025-07-14,U08895
2025-05-17,U08896
2025-08-21,U08896
2025-05-25,U08897
2025-06-04,U08897
2025-06-08,U08897
2025-06-14,U08897
2025-06-17,U08897
2025-06-17,U08897
2025-06-24,U08897
2025-06-26,U08897
2025-06-30,U08897
2025-07-08,U08898
2025-07-08,U08898
2025-07-12,U08898
2025-07-12,U08898
2025-07-13,U08898
2025-07-14,U08898
2025-07-15,U08898
2025-07-21,U08898
2025-07-26,U08898
2025-06-15,U08899
2025-06-20,U08899
2025-07-14,U08899
2025-07-21,U08900
2025-07-23,U08900
2025-07-12,U08901
2025-07-14,U08901
2025-07-26,U08901
2025-05-20,U08902
2025-05-21,U08902
2025-05-22,U08902
2025-05-24,U08902
2025-05-31,U08902
2025-06-03,U08902
2025-06-08,U08902
2025-06-13,U08902
2025-06-27,U08902
2025-05-27,U08903
2025-05-29,U08903
2025-06-06,U08903
2025-06-10,U08903
2025-06-15,U08903
2025-06-25,U08903
2025-06-25,U08903
2025-06-26,U08903
2025-05-25,U08904
2025-06-11,U08904
2025-06-18,U08904
2025-06-21,U08904
2025-06-26,U08904
2025-08-15,U08904
2025-06-21,U08905
2025-07-06,U08906
2025-07-06,U08906
2025-07-07,U08906
2025-07-08,U08906
2025-07-10,U08906
2025-07-11,U08906
2025-07-16,U08906
2025-07-17,U08906
2025-07-21,U08906
2025-06-01,U08907
2025-06-13,U08907
2025-06-24,U08907
2025-06-26,U08907
2025-07-19,U08908
2025-07-20,U08908
2025-07-20,U08908
2025-07-23,U08908
2025-07-25,U08908
2025-07-26,U08908
2025-07-28,U08908
2025-07-30,U08908
2025-08-01,U08908
2025-07-08,U08909
2025-07-21,U08909
2025-07-13,U08910
2025-07-26,U08910
2025-07-29,U08910
2025-05-22,U08911
2025-05-25,U08911
2025-05-27,U08911
2025-05-28,U08911
2025-06-07,U08911
2025-06-20,U08911
2025-07-03,U08911
2025-05-17,U08912
2025-05-23,U08913
2025-05-24,U08913
2025-05-23,U08914
2025-05-17,U08915
2025-06-23,U08916
2025-06-26,U08916
2025-06-27,U08916
2025-06-30,U08916
2025-07-02,U08916
2025-07-06,U08916
2025-07-07,U08916
2025-07-12,U08916
2025-07-13,U08916
2025-07-16,U08916
2025-07-13,U08917
2025-07-15,U08917
2025-07-17,U08917
2025-07-23,U08917
2025-07-23,U08917
2025-07-25,U08917
2025-07-28,U08917
2025-06-05,U08918
2025-06-09,U08918
2025-06-22,U08918
2025-07-03,U08918
2025-06-26,U08919
2025-06-29,U08919
2025-07-13,U08919
2025-07-16,U08919
2025-07-17,U08920
2025-07-26,U08920
2025-07-27,U08920
2025-07-29,U08920
2025-07-31,U08920
2025-06-11,U08921
2025-05-22,U08922
2025-05-26,U08922
2025-05-28,U08922
2025-06-06,U08922
2025-06-08,U08922
2025-06-10,U08922
2025-06-19,U08922
2025-06-27,U08922
2025-06-29,U08922
2025-06-25,U08923
2025-07-06,U08923
2025-07-11,U08923
2025-08-17,U08923
2025-05-17,U08924
2025-07-07,U08925
2025-07-08,U08925
2025-07-13,U08925
2025-07-15,U08925
2025-07-21,U08925
2025-07-21,U08925
2025-07-22,U08925
2025-07-25,U08925
2025-06-14,U08926
2025-06-14,U08927
2025-06-18,U08927
2025-06-18,U08927
2025-06-24,U08927
2025-06-30,U08927
2025-07-01,U08927
2025-07-03,U08927
2025-07-08,U08927
2025-07-22,U08928
2025-07-30,U08928
2025-05-27,U08929
2025-06-13,U08929
2025-07-02,U08929
2025-05-17,U08930
2025-07-05,U08931
2025-07-18,U08931
2025-07-22,U08931
2025-07-24,U08931
2025-07-22,U08932
2025-08-01,U08932
2025-07-09,U08933
2025-07-22,U08933
2025-05-23,U08934
2025-05-23,U08934
2025-05-29,U08934
2025-06-10,U08935
2025-06-23,U08935
2025-06-26,U08935
2025-06-16,U08936
2025-06-17,U08936
2025-06-18,U08936
2025-06-20,U08936
2025-06-24,U08936
2025-07-04,U08936
2025-07-14,U08937
2025-07-18,U08937
2025-08-20,U08937
2025-06-22,U08938
2025-06-25,U08938
2025-06-29,U08938
2025-07-12,U08938
2025-07-13,U08938
2025-07-16,U08938
2025-07-17,U08938
2025-06-06,U08939
2025-06-09,U08939
2025-06-13,U08939
2025-06-15,U08939
2025-06-17,U08939
2025-06-24,U08939
2025-07-09,U08939
2025-07-08,U08940
2025-07-08,U08940
2025-07-10,U08940
2025-07-12,U08940
2025-07-13,U08940
2025-07-25,U08940
2025-07-26,U08940
2025-07-15,U08941
2025-07-28,U08941
2025-08-16,U08941
2025-06-16,U08942
2025-06-17,U08942
2025-06-23,U08942
2025-06-24,U08942
2025-06-26,U08942
2025-07-05,U08942
2025-07-06,U08942
2025-07-08,U08942
2025-07-12,U08942
2025-07-15,U08942
2025-07-22,U08943
2025-07-26,U08943
2025-07-31,U08943
2025-07-10,U08944
2025-07-11,U08944
2025-07-16,U08944
2025-07-18,U08944
2025-07-20,U08944
2025-07-23,U08944
2025-07-23,U08944
2025-07-24,U08944
2025-07-24,U08944
2025-07-26,U08944
2025-07-03,U08945
2025-07-13,U08945
2025-06-04,U08946
2025-06-08,U08946
2025-06-18,U08946
2025-06-23,U08946
2025-06-23,U08946
2025-06-27,U08946
2025-07-01,U08946
2025-07-09,U08946
2025-07-08,U08947
2025-07-09,U08947
2025-07-10,U08947
2025-07-13,U08947
2025-07-18,U08947
2025-07-19,U08947
2025-07-25,U08947
2025-06-09,U08948
2025-07-25,U08949
2025-08-01,U08949
2025-08-17,U08949
2025-06-11,U08950
2025-06-29,U08950
2025-06-12,U08951
2025-06-24,U08951
2025-05-17,U08952
2025-07-03,U08953
2025-07-06,U08953
2025-07-07,U08953
2025-07-11,U08953
2025-07-15,U08953
2025-07-17,U08953
2025-07-20,U08953
2025-07-22,U08953
2025-07-23,U08953
2025-08-19,U08953
2025-05-21,U08954
2025-05-30,U08954
2025-06-09,U08954
2025-06-10,U08954
2025-06-29,U08954
2025-06-30,U08954
2025-06-27,U08955
2025-07-01,U08955
2025-07-05,U08955
2025-07-16,U08955
2025-07-19,U08955
2025-08-18,U08955
2025-06-09,U08956
2025-06-29,U08956
2025-07-02,U08956
2025-07-10,U08957
2025-07-13,U08957
2025-07-16,U08957
2025-07-21,U08957
2025-07-21,U08957
2025-07-22,U08957
2025-07-09,U08958
2025-07-14,U08958
2025-07-15,U08958
2025-07-19,U08958
2025-07-22,U08958
2025-07-24,U08958
2025-07-25,U08958
2025-07-03,U08959
2025-07-04,U08959
2025-07-12,U08959
2025-07-17,U08959
2025-07-23,U08959
2025-07-03,U08960
2025-07-06,U08960
2025-07-22,U08960
2025-07-13,U08961
2025-07-15,U08961
2025-07-19,U08961
2025-07-20,U08961
2025-07-23,U08961
2025-07-26,U08961
2025-07-26,U08961
2025-07-29,U08961
2025-06-17,U08962
2025-06-20,U08962
2025-05-21,U08963
2025-07-02,U08964
2025-07-06,U08964
2025-07-11,U08964
2025-07-12,U08964
2025-07-13,U08964
2025-07-14,U08964
2025-07-15,U08964
2025-07-15,U08964
2025-07-18,U08964
2025-07-22,U08964
2025-07-12,U08965
2025-07-23,U08965
2025-07-09,U08966
2025-07-18,U08966
2025-07-20,U08966
2025-07-20,U08966
2025-07-24,U08966
2025-07-24,U08966
2025-07-24,U08966
2025-07-27,U08966
2025-06-04,U08967
2025-06-10,U08967
2025-06-17,U08967
2025-07-02,U08967
2025-07-04,U08967
2025-07-17,U08968
2025-07-19,U08968
2025-07-19,U08968
2025-07-24,U08968
2025-07-26,U08968
2025-07-28,U08968
2025-05-19,U08969
2025-05-25,U08969
2025-06-02,U08969
2025-06-11,U08969
2025-06-17,U08969
2025-06-27,U08969
2025-08-15,U08969
2025-05-17,U08970
2025-07-17,U08971
2025-07-17,U08971
2025-07-18,U08971
2025-07-18,U08971
2025-07-22,U08971
2025-07-24,U08971
2025-07-27,U08971
2025-07-28,U08971
2025-07-30,U08971
2025-07-31,U08971
2025-07-25,U08972
2025-07-26,U08972
2025-08-19,U08972
2025-05-31,U08973
2025-06-11,U08973
2025-06-12,U08973
2025-06-13,U08973
2025-08-17,U08973
2025-06-08,U08974
2025-06-26,U08974
2025-06-30,U08974
2025-07-03,U08974
2025-07-10,U08974
2025-07-09,U08975
2025-07-16,U08975
2025-07-18,U08975
2025-08-21,U08975
2025-05-20,U08976
2025-05-30,U08976
2025-06-06,U08976
2025-06-07,U08976
2025-06-11,U08976
2025-06-27,U08976
2025-06-20,U08977
2025-06-23,U08977
2025-06-24,U08977
2025-07-03,U08977
2025-07-11,U08977
2025-07-12,U08977
2025-07-14,U08977
2025-07-14,U08977
2025-07-15,U08977
2025-06-13,U08978
2025-07-06,U08978
2025-07-15,U08979
2025-07-27,U08979
2025-07-14,U08980
2025-07-16,U08980
2025-07-19,U08980
2025-07-20,U08980
2025-07-29,U08980
2025-05-17,U08981
2025-06-04,U08981
2025-06-06,U08981
2025-06-06,U08981
2025-06-13,U08981
2025-06-16,U08981
2025-05-27,U08982
2025-06-11,U08982
2025-06-11,U08982
2025-06-13,U08982
2025-06-13,U08982
2025-06-19,U08982
2025-06-28,U08982
2025-06-30,U08982
2025-07-05,U08982
2025-07-14,U08983
2025-07-14,U08983
2025-07-16,U08983
2025-07-20,U08983
2025-07-23,U08983
2025-07-25,U08983
2025-06-21,U08984
2025-06-27,U08984
2025-07-09,U08984
2025-06-30,U08985
2025-07-05,U08985
2025-07-05,U08985
2025-07-07,U08985
2025-07-10,U08985
2025-07-13,U08985
2025-07-15,U08985
2025-07-16,U08985
2025-07-20,U08985
2025-08-17,U08985
2025-07-25,U08986
2025-07-30,U08986
2025-08-19,U08986
2025-07-12,U08987
2025-07-14,U08987
2025-07-24,U08987
2025-07-24,U08987
2025-07-27,U08987
2025-07-27,U08987
2025-07-28,U08987
2025-07-07,U08988
2025-07-10,U08988
2025-07-11,U08988
2025-07-16,U08988
2025-07-22,U08988
2025-07-26,U08988
2025-05-26,U08989
2025-06-06,U08990
2025-06-18,U08990
2025-06-22,U08990
2025-07-05,U08990
2025-07-05,U08990
2025-07-10,U08990
2025-05-18,U08991
2025-05-22,U08991
2025-05-26,U08991
2025-06-01,U08991
2025-06-06,U08991
2025-06-09,U08991
2025-06-09,U08991
2025-06-23,U08991
2025-06-28,U08991
2025-06-01,U08992
2025-06-06,U08992
2025-06-09,U08992
2025-08-21,U08992
2025-06-07,U08993
2025-07-09,U08993
2025-07-04,U08994
2025-07-07,U08994
2025-07-07,U08994
2025-07-09,U08994
2025-07-10,U08994
2025-07-12,U08994
2025-07-15,U08994
2025-07-16,U08994
2025-07-20,U08994
2025-07-24,U08994
2025-07-27,U08995
2025-07-31,U08995
2025-07-20,U08996
2025-07-20,U08996
2025-07-21,U08996
2025-07-21,U08996
2025-07-24,U08996
2025-07-30,U08996
2025-07-31,U08996
2025-08-01,U08996
2025-06-29,U08997
2025-07-05,U08997
2025-07-12,U08997
2025-07-15,U08997
2025-07-17,U08997
2025-07-17,U08997
2025-07-19,U08997
2025-08-20,U08997
2025-05-17,U08998
2025-06-22,U08999
2025-06-27,U08999
2025-07-06,U08999
2025-07-14,U08999
2025-07-17,U08999
2025-07-18,U08999
2025-07-17,U09000
2025-07-20,U09000
2025-07-21,U09000
2025-07-23,U09000
2025-07-23,U09000
2025-07-25,U09000
2025-07-26,U09000
2025-07-28,U09000
2025-07-30,U09000
2025-07-09,U09001
2025-07-15,U09001
2025-07-16,U09001
2025-07-17,U09001
2025-07-18,U09001
2025-07-20,U09001
2025-07-27,U09001
2025-05-18,U09002
2025-05-26,U09002
2025-05-27,U09002
2025-06-08,U09002
2025-06-21,U09002
2025-06-23,U09002
2025-06-24,U09002
2025-06-24,U09002
2025-06-25,U09002
2025-07-01,U09002
2025-06-27,U09003
2025-07-04,U09003
2025-07-11,U09003
2025-07-15,U09003
2025-07-17,U09003
2025-07-18,U09003
2025-07-17,U09004
2025-07-19,U09004
2025-07-19,U09004
2025-07-20,U09004
2025-07-24,U09004
2025-07-28,U09004
2025-07-31,U09004
2025-05-26,U09005
2025-05-31,U09005
2025-06-07,U09005
2025-06-17,U09005
2025-06-18,U09005
2025-06-19,U09005
2025-07-01,U09005
2025-07-02,U09005
2025-08-18,U09005
2025-06-09,U09006
2025-06-11,U09006
2025-06-20,U09006
2025-06-22,U09006
2025-06-24,U09006
2025-06-26,U09006
2025-06-27,U09006
2025-07-02,U09006
2025-07-09,U09006
2025-06-28,U09007
2025-06-28,U09007
2025-07-02,U09007
2025-07-08,U09007
2025-07-08,U09007
2025-07-12,U09007
2025-07-13,U09007
2025-07-19,U09007
2025-07-21,U09007
2025-05-24,U09008
2025-05-25,U09008
2025-06-03,U09008
2025-06-06,U09008
2025-06-15,U09008
2025-06-18,U09008
2025-06-18,U09008
2025-06-21,U09008
2025-07-03,U09008
2025-06-17,U09009
2025-06-20,U09009
2025-06-22,U09009
2025-06-27,U09009
2025-06-10,U09010
2025-06-10,U09010
2025-06-18,U09010
2025-06-27,U09010
2025-07-01,U09010
2025-07-02,U09010
2025-07-06,U09010
2025-07-08,U09010
2025-07-09,U09010
2025-07-11,U09010
2025-06-15,U09011
2025-06-22,U09011
2025-05-26,U09012
2025-05-17,U09013
2025-05-18,U09014
2025-06-28,U09015
2025-06-29,U09015
2025-07-01,U09015
2025-07-12,U09015
2025-07-18,U09015
2025-07-18,U09015
2025-07-20,U09015
2025-05-17,U09016
2025-05-19,U09016
2025-05-20,U09016
2025-05-30,U09016
2025-06-20,U09016
2025-06-14,U09017
2025-07-11,U09017
2025-07-07,U09018
2025-07-09,U09018
2025-07-15,U09018
2025-07-16,U09018
2025-07-21,U09018
2025-06-20,U09019
2025-06-22,U09019
2025-06-24,U09019
2025-06-25,U09019
2025-06-30,U09019
2025-07-03,U09019
2025-07-06,U09019
2025-07-10,U09019
2025-07-15,U09019
2025-07-17,U09019
2025-06-28,U09020
2025-07-05,U09020
2025-07-14,U09020
2025-05-17,U09021
2025-07-10,U09022
2025-07-13,U09022
2025-06-25,U09023
2025-06-26,U09023
2025-07-03,U09023
2025-07-12,U09023
2025-07-13,U09023
2025-07-16,U09023
2025-07-19,U09023
2025-06-04,U09024
2025-05-17,U09025
2025-05-24,U09025
2025-05-25,U09025
2025-05-29,U09025
2025-06-16,U09025
2025-06-22,U09025
2025-06-28,U09026
2025-06-29,U09026
2025-07-03,U09026
2025-07-06,U09026
2025-07-19,U09026
2025-07-01,U09027
2025-07-02,U09027
2025-07-02,U09027
2025-07-14,U09027
2025-07-19,U09027
2025-07-22,U09027
2025-07-22,U09027
2025-07-23,U09027
2025-07-08,U09028
2025-07-13,U09028
2025-07-15,U09028
2025-07-19,U09028
2025-07-22,U09028
2025-07-23,U09028
2025-07-19,U09029
2025-07-23,U09029
2025-07-23,U09029
2025-07-26,U09029
2025-07-26,U09029
2025-07-28,U09029
2025-07-28,U09029
2025-07-31,U09029
2025-05-17,U09030
2025-05-26,U09030
2025-05-28,U09030
2025-06-06,U09030
2025-06-13,U09030
2025-06-21,U09030
2025-06-25,U09030
2025-07-17,U09031
2025-07-29,U09031
2025-07-19,U09032
2025-07-21,U09032
2025-07-24,U09032
2025-07-27,U09032
2025-07-28,U09032
2025-08-01,U09032
2025-07-17,U09033
2025-07-20,U09033
2025-07-22,U09033
2025-07-22,U09033
2025-07-25,U09033
2025-05-28,U09034
2025-05-30,U09034
2025-06-10,U09034
2025-07-03,U09034
2025-07-04,U09034
2025-06-06,U09035
2025-06-12,U09035
2025-07-12,U09036
2025-07-13,U09036
2025-07-15,U09036
2025-07-15,U09036
2025-07-15,U09036
2025-07-22,U09036
2025-07-27,U09036
2025-07-22,U09037
2025-07-28,U09037
2025-08-01,U09037
2025-07-16,U09038
2025-07-17,U09038
2025-07-18,U09038
2025-07-18,U09038
2025-07-20,U09038
2025-07-21,U09038
2025-07-26,U09038
2025-07-28,U09038
2025-07-28,U09038
2025-07-30,U09038
2025-07-07,U09039
2025-07-10,U09039
2025-07-12,U09039
2025-07-15,U09039
2025-07-16,U09039
2025-07-19,U09039
2025-07-19,U09039
2025-07-23,U09039
2025-07-26,U09039
2025-07-11,U09040
2025-07-14,U09040
2025-07-14,U09040
2025-07-15,U09040
2025-07-26,U09040
2025-07-28,U09040
2025-06-04,U09041
2025-06-06,U09041
2025-06-12,U09041
2025-06-13,U09041
2025-06-17,U09041
2025-06-18,U09041
2025-06-05,U09042
2025-06-12,U09042
2025-05-30,U09043
2025-06-01,U09044
2025-06-19,U09044
2025-06-28,U09044
2025-06-30,U09044
2025-07-06,U09044
2025-05-29,U09045
2025-06-01,U09045
2025-06-20,U09045
2025-06-01,U09046
2025-06-09,U09046
2025-06-09,U09046
2025-06-13,U09046
2025-06-16,U09046
2025-06-24,U09046
2025-06-28,U09046
2025-07-01,U09046
2025-08-15,U09046
2025-07-07,U09047
2025-07-07,U09047
2025-07-10,U09047
2025-07-11,U09047
2025-07-13,U09047
2025-07-13,U09047
2025-07-21,U09047
2025-07-26,U09047
2025-07-07,U09048
2025-07-08,U09048
2025-07-23,U09048
2025-07-23,U09048
2025-07-26,U09048
2025-07-08,U09049
2025-07-09,U09049
2025-07-10,U09049
2025-07-10,U09049
2025-07-14,U09049
2025-07-15,U09049
2025-07-26,U09049
2025-05-20,U09050
2025-05-23,U09050
2025-06-14,U09050
2025-06-24,U09050
2025-06-04,U09051
2025-07-20,U09052
2025-07-21,U09052
2025-07-22,U09052
2025-07-23,U09052
2025-07-28,U09052
2025-07-28,U09052
2025-07-31,U09052
2025-07-31,U09052
2025-08-01,U09052
2025-06-30,U09053
2025-07-12,U09053
2025-07-13,U09053
2025-07-15,U09053
2025-07-19,U09054
2025-07-21,U09054
2025-07-21,U09054
2025-08-01,U09054
2025-06-17,U09055
2025-06-21,U09055
2025-06-22,U09055
2025-07-02,U09055
2025-07-06,U09055
2025-07-06,U09055
2025-07-15,U09055
2025-05-17,U09056
2025-05-31,U09056
2025-06-13,U09056
2025-06-15,U09056
2025-06-16,U09056
2025-06-19,U09056
2025-07-05,U09057
2025-07-08,U09057
2025-07-22,U09057
2025-07-04,U09058
2025-07-07,U09058
2025-07-23,U09058
2025-08-21,U09058
2025-05-19,U09059
2025-05-23,U09059
2025-05-25,U09059
2025-05-29,U09059
2025-06-01,U09059
2025-06-19,U09059
2025-06-27,U09059
2025-05-17,U09060
2025-06-21,U09061
2025-07-03,U09061
2025-07-04,U09061
2025-07-05,U09061
2025-07-09,U09061
2025-07-09,U09061
2025-07-16,U09061
2025-07-08,U09062
2025-07-22,U09062
2025-07-24,U09062
2025-05-17,U09063
2025-07-20,U09064
2025-07-31,U09064
2025-05-26,U09065
2025-05-29,U09065
2025-05-31,U09065
2025-06-03,U09065
2025-06-03,U09065
2025-06-21,U09065
2025-07-02,U09065
2025-07-05,U09065
2025-07-16,U09066
2025-07-21,U09066
2025-07-25,U09066
2025-07-29,U09066
2025-06-20,U09067
2025-07-10,U09067
2025-07-18,U09068
2025-07-18,U09068
2025-07-26,U09068
2025-07-27,U09068
2025-07-27,U09068
2025-07-30,U09068
2025-06-28,U09069
2025-06-30,U09069
2025-07-01,U09069
2025-07-03,U09069
2025-07-09,U09069
2025-07-18,U09069
2025-07-05,U09070
2025-07-07,U09070
2025-07-23,U09070
2025-07-24,U09070
2025-08-17,U09070
2025-07-15,U09071
2025-07-20,U09071
2025-07-21,U09071
2025-07-23,U09071
2025-07-24,U09071
2025-07-28,U09071
2025-07-29,U09071
2025-07-30,U09071
2025-07-20,U09072
2025-07-20,U09072
2025-07-22,U09072
2025-07-24,U09072
2025-07-27,U09072
2025-07-30,U09072
2025-07-31,U09072
2025-08-01,U09072
2025-05-17,U09073
2025-07-24,U09074
2025-08-01,U09074
2025-06-22,U09075
2025-06-24,U09075
2025-06-30,U09075
2025-07-10,U09075
2025-07-10,U09075
2025-07-13,U09075
2025-07-13,U09075
2025-07-15,U09075
2025-07-18,U09075
2025-07-06,U09076
2025-07-09,U09076
2025-07-14,U09076
2025-07-19,U09076
2025-07-19,U09076
2025-07-21,U09076
2025-07-21,U09076
2025-07-22,U09076
2025-07-22,U09076
2025-07-24,U09076
2025-06-29,U09077
2025-07-01,U09077
2025-07-02,U09077
2025-07-06,U09077
2025-07-07,U09077
2025-07-10,U09077
2025-07-14,U09077
2025-07-17,U09077
2025-07-21,U09077
2025-07-22,U09077
2025-05-22,U09078
2025-05-23,U09078
2025-05-30,U09078
2025-06-03,U09078
2025-06-05,U09078
2025-06-15,U09078
2025-08-15,U09078
2025-07-16,U09079
2025-07-22,U09079
2025-07-23,U09079
2025-05-20,U09080
2025-05-21,U09080
2025-06-01,U09080
2025-06-02,U09080
2025-06-12,U09080
2025-06-23,U09080
2025-06-26,U09080
2025-06-29,U09081
2025-07-05,U09081
2025-07-05,U09081
2025-07-07,U09081
2025-07-11,U09081
2025-07-14,U09081
2025-07-15,U09081
2025-07-15,U09081
2025-07-16,U09081
2025-07-17,U09081
2025-07-18,U09082
2025-07-20,U09082
2025-07-22,U09082
2025-07-05,U09083
2025-07-06,U09083
2025-07-25,U09083
2025-06-09,U09084
2025-06-26,U09084
2025-07-01,U09084
2025-07-11,U09084
2025-05-20,U09085
2025-05-24,U09085
2025-06-16,U09085
2025-05-31,U09086
2025-06-10,U09086
2025-06-14,U09086
2025-06-24,U09086
2025-06-25,U09086
2025-07-01,U09086
2025-06-13,U09087
2025-06-15,U09087
2025-06-28,U09087
2025-07-19,U09088
2025-07-21,U09088
2025-07-23,U09088
2025-07-24,U09088
2025-07-25,U09088
2025-07-26,U09088
2025-07-27,U09088
2025-07-30,U09088
2025-07-18,U09089
2025-07-27,U09089
2025-07-30,U09089
2025-05-17,U09090
2025-05-17,U09091
2025-07-22,U09092
2025-07-25,U09092
2025-07-28,U09092
2025-07-30,U09092
2025-05-17,U09093
2025-06-10,U09093
2025-06-21,U09093
2025-05-17,U09094
2025-06-07,U09094
2025-06-14,U09094
2025-06-21,U09094
2025-06-20,U09095
2025-06-25,U09095
2025-06-25,U09095
2025-07-06,U09095
2025-07-16,U09095
2025-05-21,U09096
2025-05-22,U09096
2025-06-26,U09096
2025-06-29,U09096
2025-07-12,U09097
2025-07-13,U09097
2025-07-13,U09097
2025-07-17,U09097
2025-07-18,U09097
2025-07-28,U09097
2025-07-11,U09098
2025-07-11,U09098
2025-07-12,U09098
2025-07-13,U09098
2025-07-15,U09098
2025-07-16,U09098
2025-07-24,U09098
2025-07-27,U09098
2025-07-28,U09098
2025-08-21,U09098
2025-07-20,U09099
2025-07-26,U09099
2025-07-27,U09099
2025-07-28,U09099
2025-07-16,U09100
2025-07-18,U09100
2025-07-21,U09100
2025-07-21,U09100
2025-07-24,U09100
2025-07-29,U09100
2025-05-25,U09101
2025-06-14,U09101
2025-07-15,U09102
2025-07-20,U09102
2025-07-30,U09102
2025-06-17,U09103
2025-07-14,U09103
2025-07-23,U09104
2025-07-23,U09104
2025-07-30,U09104
2025-08-01,U09104
2025-06-30,U09105
2025-07-09,U09105
2025-07-19,U09105
2025-07-21,U09105
2025-07-18,U09106
2025-07-19,U09106
2025-07-25,U09106
2025-07-28,U09106
2025-07-03,U09107
2025-07-14,U09107
2025-07-16,U09107
2025-07-24,U09107
2025-08-16,U09107
2025-06-07,U09108
2025-08-15,U09108
2025-06-02,U09109
2025-07-02,U09109
2025-05-23,U09110
2025-06-08,U09110
2025-06-09,U09110
2025-06-10,U09110
2025-06-10,U09110
2025-07-03,U09110
2025-07-17,U09111
2025-07-22,U09111
2025-07-31,U09111
2025-05-18,U09112
2025-06-07,U09112
2025-06-11,U09112
2025-06-13,U09112
2025-06-14,U09113
2025-06-18,U09113
2025-06-20,U09113
2025-06-23,U09113
2025-07-07,U09113
2025-07-07,U09113
2025-07-08,U09113
2025-07-10,U09113
2025-07-11,U09113
2025-07-13,U09113
2025-06-13,U09114
2025-06-20,U09114
2025-07-04,U09114
2025-07-17,U09115
2025-07-23,U09115
2025-07-23,U09115
2025-07-28,U09115
2025-07-30,U09115
2025-07-31,U09115
2025-06-07,U09116
2025-06-09,U09116
2025-06-20,U09116
2025-06-23,U09116
2025-05-25,U09117
2025-05-28,U09117
2025-06-20,U09118
2025-06-23,U09118
2025-07-04,U09118
2025-07-05,U09118
2025-07-13,U09118
2025-07-16,U09118
2025-06-29,U09119
2025-07-02,U09119
2025-07-05,U09119
2025-07-05,U09119
2025-07-09,U09119
2025-07-15,U09119
2025-07-20,U09119
2025-07-08,U09120
2025-07-09,U09120
2025-07-10,U09120
2025-07-10,U09120
2025-07-20,U09120
2025-07-21,U09120
2025-07-24,U09120
2025-07-24,U09120
2025-07-25,U09120
2025-07-26,U09120
2025-05-26,U09121
2025-07-12,U09122
2025-07-20,U09122
2025-07-21,U09122
2025-07-23,U09122
2025-07-21,U09123
2025-07-26,U09123
2025-08-01,U09123
2025-05-17,U09124
2025-07-20,U09125
2025-07-20,U09125
2025-07-22,U09125
2025-07-22,U09125
2025-07-23,U09125
2025-07-24,U09125
2025-07-27,U09125
2025-07-30,U09125
2025-08-01,U09125
2025-06-23,U09126
2025-06-25,U09126
2025-07-01,U09126
2025-07-01,U09126
2025-07-03,U09126
2025-07-09,U09126
2025-07-10,U09126
2025-07-13,U09126
2025-07-19,U09126
2025-07-14,U09127
2025-07-26,U09127
2025-07-27,U09127
2025-07-19,U09128
2025-07-19,U09128
2025-07-20,U09128
2025-07-21,U09128
2025-07-21,U09128
2025-07-23,U09128
2025-07-24,U09128
2025-07-26,U09128
2025-07-27,U09128
2025-08-01,U09128
2025-07-05,U09129
2025-07-05,U09129
2025-07-17,U09129
2025-07-20,U09129
2025-07-24,U09129
2025-07-18,U09130
2025-07-19,U09130
2025-07-20,U09130
2025-07-21,U09130
2025-07-21,U09130
2025-07-26,U09130
2025-07-27,U09130
2025-07-29,U09130
2025-07-31,U09130
2025-05-28,U09131
2025-06-21,U09131
2025-08-19,U09131
2025-05-17,U09132
2025-07-17,U09133
2025-07-18,U09133
2025-07-23,U09133
2025-07-23,U09133
2025-07-28,U09133
2025-07-29,U09133
2025-07-29,U09133
2025-07-31,U09133
2025-05-20,U09134
2025-06-05,U09134
2025-06-19,U09134
2025-06-30,U09134
2025-05-18,U09135
2025-06-11,U09135
2025-06-29,U09136
2025-06-30,U09136
2025-07-03,U09136
2025-07-08,U09136
2025-07-08,U09136
2025-07-13,U09136
2025-07-14,U09136
2025-07-15,U09136
2025-07-20,U09136
2025-07-22,U09136
2025-06-29,U09137
2025-07-10,U09137
2025-07-12,U09137
2025-07-13,U09137
2025-07-17,U09137
2025-07-18,U09137
2025-07-19,U09137
2025-07-22,U09137
2025-05-30,U09138
2025-06-21,U09138
2025-06-22,U09138
2025-07-12,U09139
2025-07-17,U09139
2025-07-23,U09139
2025-07-05,U09140
2025-07-06,U09140
2025-07-14,U09140
2025-07-21,U09140
2025-06-11,U09141
2025-06-13,U09141
2025-06-17,U09141
2025-06-18,U09141
2025-06-30,U09141
2025-07-07,U09141
2025-07-12,U09141
2025-07-12,U09141
2025-07-13,U09141
2025-08-15,U09141
2025-05-24,U09142
2025-05-23,U09143
2025-06-09,U09144
2025-07-02,U09144
2025-07-06,U09144
2025-06-11,U09145
2025-06-18,U09145
2025-06-23,U09145
2025-06-07,U09146
2025-06-09,U09146
2025-06-10,U09146
2025-06-13,U09146
2025-06-16,U09146
2025-06-19,U09146
2025-06-23,U09146
2025-06-24,U09146
2025-06-26,U09146
2025-07-05,U09146
2025-05-17,U09147
2025-08-21,U09147
2025-06-21,U09148
2025-06-22,U09148
2025-06-24,U09148
2025-06-25,U09148
2025-06-30,U09148
2025-06-30,U09148
2025-07-01,U09148
2025-07-05,U09148
2025-07-15,U09148
2025-05-17,U09149
2025-06-11,U09150
2025-06-19,U09150
2025-06-20,U09150
2025-06-22,U09150
2025-06-28,U09150
2025-06-30,U09150
2025-07-03,U09150
2025-07-03,U09150
2025-07-12,U09150
2025-07-07,U09151
2025-07-09,U09151
2025-07-09,U09151
2025-07-10,U09151
2025-07-17,U09151
2025-07-19,U09151
2025-07-21,U09151
2025-07-21,U09151
2025-07-24,U09151
2025-07-12,U09152
2025-07-12,U09152
2025-07-14,U09152
2025-07-23,U09152
2025-07-24,U09152
2025-06-29,U09153
2025-07-06,U09153
2025-07-08,U09153
2025-07-10,U09153
2025-07-11,U09153
2025-07-20,U09153
2025-07-20,U09153
2025-07-22,U09153
2025-05-23,U09154
2025-05-30,U09154
2025-06-01,U09154
2025-06-05,U09154
2025-06-09,U09154
2025-06-17,U09154
2025-06-22,U09154
2025-06-24,U09154
2025-06-24,U09154
2025-06-26,U09154
2025-08-16,U09154
2025-07-21,U09155
2025-07-22,U09155
2025-07-22,U09155
2025-07-23,U09155
2025-07-31,U09155
2025-07-29,U09156
2025-08-01,U09156
2025-06-19,U09157
2025-06-22,U09157
2025-06-29,U09158
2025-07-13,U09158
2025-07-22,U09158
2025-08-17,U09158
2025-06-21,U09159
2025-06-25,U09159
2025-07-01,U09159
2025-07-11,U09159
2025-07-13,U09159
2025-07-10,U09160
2025-07-14,U09160
2025-07-14,U09160
2025-07-17,U09160
2025-07-18,U09160
2025-07-21,U09160
2025-07-25,U09160
2025-06-03,U09161
2025-06-03,U09162
2025-06-08,U09162
2025-06-14,U09162
2025-06-17,U09162
2025-06-21,U09162
2025-07-07,U09162
2025-07-14,U09163
2025-07-17,U09163
2025-07-18,U09163
2025-07-19,U09163
2025-07-25,U09163
2025-07-27,U09163
2025-07-16,U09164
2025-07-20,U09164
2025-07-17,U09165
2025-07-22,U09165
2025-07-23,U09165
2025-06-29,U09166
2025-07-01,U09166
2025-07-02,U09166
2025-07-03,U09166
2025-07-07,U09166
2025-07-14,U09166
2025-07-17,U09166
2025-05-17,U09167
2025-07-09,U09168
2025-07-14,U09168
2025-07-15,U09168
2025-07-16,U09168
2025-07-17,U09168
2025-07-17,U09168
2025-07-24,U09168
2025-07-27,U09168
2025-07-03,U09169
2025-07-13,U09169
2025-07-20,U09169
2025-07-22,U09169
2025-07-23,U09169
2025-07-24,U09169
2025-05-19,U09170
2025-05-27,U09170
2025-06-02,U09170
2025-07-20,U09171
2025-07-23,U09171
2025-07-30,U09171
2025-05-24,U09172
2025-06-04,U09172
2025-06-10,U09172
2025-06-13,U09172
2025-06-18,U09172
2025-07-01,U09172
2025-07-04,U09172
2025-07-17,U09173
2025-07-24,U09173
2025-07-26,U09173
2025-07-26,U09173
2025-07-28,U09173
2025-06-20,U09174
2025-06-23,U09174
2025-06-30,U09174
2025-07-04,U09174
2025-07-05,U09174
2025-07-09,U09174
2025-07-13,U09174
2025-07-09,U09175
2025-07-10,U09175
2025-07-10,U09175
2025-07-15,U09175
2025-07-19,U09175
2025-07-20,U09175
2025-07-22,U09175
2025-07-25,U09175
2025-08-15,U09175
2025-05-27,U09176
2025-06-08,U09176
2025-08-16,U09176
2025-05-23,U09177
2025-05-26,U09177
2025-05-26,U09178
2025-05-26,U09178
2025-06-22,U09178
2025-06-21,U09179
2025-06-16,U09180
2025-06-19,U09180
2025-06-27,U09180
2025-06-28,U09180
2025-06-30,U09180
2025-07-03,U09180
2025-07-13,U09180
2025-07-15,U09180
2025-07-23,U09181
2025-07-27,U09181
2025-07-28,U09181
2025-05-23,U09182
2025-06-06,U09182
2025-06-10,U09182
2025-06-13,U09182
2025-06-23,U09182
2025-06-26,U09182
2025-06-27,U09182
2025-05-27,U09183
2025-06-02,U09183
2025-06-04,U09183
2025-06-05,U09183
2025-06-07,U09183
2025-06-17,U09183
2025-07-05,U09183
2025-06-06,U09184
2025-06-14,U09184
2025-07-09,U09185
2025-07-10,U09185
2025-07-10,U09185
2025-07-12,U09185
2025-08-16,U09185
2025-06-28,U09186
2025-07-15,U09186
2025-07-03,U09187
2025-07-03,U09187
2025-07-16,U09187
2025-07-16,U09187
2025-07-22,U09187
2025-08-16,U09187
2025-07-07,U09188
2025-07-08,U09188
2025-07-10,U09188
2025-07-12,U09188
2025-07-18,U09188
2025-07-19,U09188
2025-07-21,U09188
2025-07-21,U09188
2025-07-25,U09188
2025-05-17,U09189
2025-06-05,U09189
2025-06-18,U09189
2025-05-19,U09190
2025-05-31,U09190
2025-06-08,U09190
2025-06-11,U09190
2025-06-13,U09190
2025-06-16,U09191
2025-06-18,U09191
2025-06-25,U09191
2025-06-25,U09191
2025-07-05,U09191
2025-07-06,U09191
2025-07-07,U09191
2025-07-12,U09191
2025-07-12,U09191
2025-07-14,U09191
2025-07-02,U09192
2025-07-03,U09192
2025-07-05,U09192
2025-07-06,U09192
2025-07-06,U09192
2025-07-09,U09192
2025-07-13,U09192
2025-07-14,U09192
2025-07-14,U09192
2025-07-23,U09192
2025-05-23,U09193
2025-06-09,U09193
2025-06-13,U09193
2025-06-26,U09193
2025-05-24,U09194
2025-06-03,U09194
2025-06-11,U09194
2025-06-22,U09194
2025-06-21,U09195
2025-06-30,U09195
2025-07-06,U09195
2025-07-07,U09195
2025-07-08,U09195
2025-07-09,U09195
2025-07-12,U09195
2025-07-16,U09195
2025-05-26,U09196
2025-05-30,U09196
2025-05-31,U09196
2025-06-04,U09196
2025-06-06,U09196
2025-06-09,U09196
2025-06-11,U09196
2025-06-15,U09196
2025-06-19,U09196
2025-07-04,U09196
2025-06-25,U09197
2025-06-28,U09197
2025-07-03,U09197
2025-07-06,U09197
2025-07-09,U09197
2025-07-11,U09197
2025-07-11,U09197
2025-07-12,U09197
2025-07-20,U09197
2025-06-25,U09198
2025-06-27,U09198
2025-07-04,U09198
2025-07-07,U09198
2025-07-08,U09198
2025-07-11,U09198
2025-07-13,U09198
2025-05-23,U09199
2025-05-23,U09199
2025-06-10,U09199
2025-06-19,U09199
2025-06-25,U09199
2025-06-28,U09199
2025-06-29,U09199
2025-06-30,U09199
2025-07-03,U09199
2025-07-09,U09200
2025-07-12,U09200
2025-07-19,U09200
2025-07-26,U09200
2025-07-12,U09201
2025-07-17,U09201
2025-07-17,U09201
2025-07-26,U09201
2025-07-03,U09202
2025-07-17,U09202
2025-07-23,U09202
2025-06-07,U09203
2025-06-09,U09203
2025-06-23,U09203
2025-06-29,U09203
2025-07-04,U09203
2025-07-09,U09203
2025-07-07,U09204
2025-07-07,U09204
2025-07-08,U09204
2025-07-17,U09204
2025-05-29,U09205
2025-06-22,U09205
2025-08-19,U09205
2025-06-17,U09206
2025-06-25,U09206
2025-06-25,U09206
2025-06-26,U09206
2025-06-26,U09206
2025-07-09,U09206
2025-07-09,U09206
2025-07-14,U09206
2025-07-16,U09206
2025-06-19,U09207
2025-06-19,U09207
2025-07-02,U09207
2025-07-02,U09207
2025-07-02,U09207
2025-07-03,U09207
2025-07-09,U09207
2025-07-11,U09208
2025-07-12,U09208
2025-07-13,U09208
2025-07-14,U09208
2025-07-15,U09208
2025-07-23,U09208
2025-07-28,U09208
2025-05-28,U09209
2025-06-04,U09209
2025-06-23,U09209
2025-06-24,U09209
2025-06-27,U09209
2025-05-21,U09210
2025-06-02,U09210
2025-06-06,U09211
2025-06-08,U09211
2025-06-16,U09211
2025-06-18,U09211
2025-06-08,U09212
2025-06-12,U09212
2025-06-24,U09212
2025-07-07,U09212
2025-07-05,U09213
2025-07-05,U09213
2025-07-08,U09213
2025-07-09,U09213
2025-07-10,U09213
2025-07-11,U09213
2025-07-15,U09213
2025-07-16,U09213
2025-07-19,U09213
2025-05-27,U09214
2025-06-17,U09215
2025-06-20,U09215
2025-06-26,U09215
2025-05-17,U09216
2025-08-19,U09216
2025-06-30,U09217
2025-07-04,U09217
2025-07-06,U09217
2025-07-09,U09217
2025-07-16,U09217
2025-07-16,U09217
2025-07-17,U09217
2025-07-05,U09218
2025-07-09,U09218
2025-07-11,U09218
2025-07-17,U09218
2025-07-17,U09218
2025-07-20,U09218
2025-07-22,U09218
2025-07-22,U09218
2025-07-22,U09218
2025-07-25,U09218
2025-07-04,U09219
2025-07-20,U09219
2025-07-23,U09219
2025-08-17,U09219
2025-05-28,U09220
2025-06-10,U09220
2025-06-13,U09220
2025-05-17,U09221
2025-05-17,U09222
2025-06-12,U09223
2025-06-17,U09223
2025-06-25,U09223
2025-06-30,U09223
2025-07-04,U09223
2025-07-05,U09223
2025-07-05,U09223
2025-07-07,U09223
2025-07-13,U09223
2025-06-10,U09224
2025-06-11,U09224
2025-06-12,U09224
2025-06-15,U09224
2025-06-19,U09224
2025-06-25,U09224
2025-06-26,U09224
2025-06-30,U09224
2025-07-01,U09224
2025-07-12,U09224
2025-05-31,U09225
2025-05-31,U09225
2025-06-04,U09225
2025-06-09,U09225
2025-06-14,U09225
2025-06-28,U09225
2025-07-03,U09225
2025-07-06,U09225
2025-07-11,U09226
2025-07-19,U09226
2025-07-20,U09226
2025-07-25,U09226
2025-06-12,U09227
2025-06-12,U09227
2025-06-18,U09227
2025-06-23,U09227
2025-06-28,U09227
2025-07-04,U09227
2025-07-10,U09227
2025-07-13,U09227
2025-05-17,U09228
2025-05-30,U09229
2025-06-09,U09229
2025-06-20,U09229
2025-06-21,U09229
2025-06-27,U09229
2025-06-30,U09229
2025-07-03,U09229
2025-07-03,U09229
2025-07-04,U09229
2025-07-05,U09229
2025-05-21,U09230
2025-05-26,U09231
2025-06-05,U09231
2025-06-27,U09231
2025-07-01,U09231
2025-06-16,U09232
2025-06-19,U09232
2025-07-03,U09232
2025-07-09,U09232
2025-07-10,U09232
2025-07-14,U09232
2025-06-25,U09233
2025-06-27,U09233
2025-06-29,U09233
2025-06-29,U09233
2025-07-04,U09233
2025-07-07,U09233
2025-07-08,U09233
2025-07-10,U09233
2025-07-19,U09233
2025-05-17,U09234
2025-07-04,U09235
2025-07-10,U09235
2025-07-16,U09235
2025-07-20,U09235
2025-07-23,U09235
2025-05-28,U09236
2025-06-03,U09236
2025-06-09,U09236
2025-06-26,U09237
2025-07-03,U09237
2025-07-04,U09237
2025-07-15,U09237
2025-07-16,U09237
2025-05-26,U09238
2025-06-05,U09238
2025-06-14,U09238
2025-06-15,U09238
2025-06-10,U09239
2025-06-18,U09239
2025-06-19,U09239
2025-06-27,U09239
2025-07-05,U09239
2025-07-10,U09239
2025-07-12,U09240
2025-07-13,U09240
2025-07-14,U09240
2025-07-17,U09240
2025-07-18,U09240
2025-07-21,U09240
2025-07-27,U09240
2025-07-28,U09240
2025-07-05,U09241
2025-07-07,U09241
2025-07-10,U09241
2025-07-10,U09241
2025-07-15,U09241
2025-07-16,U09241
2025-07-16,U09241
2025-07-17,U09241
2025-07-23,U09241
2025-07-25,U09241
2025-07-07,U09242
2025-07-08,U09242
2025-07-11,U09242
2025-07-13,U09242
2025-07-15,U09242
2025-07-24,U09242
2025-07-24,U09242
2025-07-26,U09242
2025-05-28,U09243
2025-06-01,U09243
2025-06-05,U09243
2025-06-07,U09243
2025-06-08,U09243
2025-06-16,U09243
2025-06-19,U09243
2025-06-25,U09243
2025-07-01,U09243
2025-06-29,U09244
2025-07-05,U09244
2025-07-07,U09244
2025-07-09,U09244
2025-07-12,U09244
2025-07-19,U09244
2025-07-20,U09244
2025-07-22,U09244
2025-07-07,U09245
2025-07-14,U09245
2025-07-15,U09245
2025-07-22,U09245
2025-07-26,U09245
2025-05-29,U09246
2025-06-06,U09246
2025-06-11,U09246
2025-06-15,U09246
2025-06-16,U09246
2025-06-28,U09246
2025-07-13,U09247
2025-07-14,U09247
2025-07-14,U09247
2025-07-15,U09247
2025-07-15,U09247
2025-07-20,U09247
2025-07-21,U09247
2025-07-25,U09247
2025-07-26,U09247
2025-07-29,U09247
2025-05-29,U09248
2025-05-30,U09248
2025-06-03,U09248
2025-06-17,U09248
2025-05-19,U09249
2025-05-27,U09249
2025-05-31,U09249
2025-06-08,U09249
2025-06-10,U09249
2025-06-15,U09249
2025-06-26,U09249
2025-05-17,U09250
2025-06-08,U09251
2025-06-12,U09251
2025-06-15,U09251
2025-06-20,U09251
2025-06-24,U09251
2025-06-30,U09251
2025-07-11,U09251
2025-06-12,U09252
2025-06-17,U09252
2025-06-19,U09252
2025-06-23,U09252
2025-07-03,U09252
2025-07-13,U09252
2025-08-20,U09252
2025-07-13,U09253
2025-07-17,U09253
2025-07-19,U09253
2025-07-20,U09253
2025-07-20,U09253
2025-07-23,U09253
2025-07-24,U09253
2025-07-26,U09253
2025-08-17,U09253
2025-07-15,U09254
2025-07-17,U09254
2025-07-21,U09254
2025-07-23,U09254
2025-07-23,U09254
2025-07-26,U09254
2025-06-11,U09255
2025-06-12,U09255
2025-06-24,U09255
2025-06-25,U09255
2025-06-30,U09255
2025-07-01,U09255
2025-07-08,U09255
2025-07-09,U09255
2025-07-09,U09255
2025-07-13,U09255
2025-06-29,U09256
2025-06-29,U09256
2025-07-10,U09256
2025-06-27,U09257
2025-06-30,U09257
2025-06-30,U09257
2025-07-02,U09257
2025-07-02,U09257
2025-07-19,U09257
2025-07-20,U09257
2025-07-21,U09257
2025-06-23,U09258
2025-07-06,U09258
2025-07-08,U09258
2025-07-08,U09258
2025-07-08,U09258
2025-07-11,U09258
2025-07-12,U09258
2025-07-17,U09258
2025-05-27,U09259
2025-07-19,U09260
2025-07-22,U09260
2025-07-28,U09260
2025-07-30,U09260
2025-07-30,U09260
2025-08-01,U09260
2025-07-18,U09261
2025-07-20,U09261
2025-07-20,U09261
2025-07-25,U09261
2025-07-25,U09261
2025-07-26,U09261
2025-07-28,U09261
2025-07-31,U09261
2025-07-10,U09262
2025-07-14,U09262
2025-07-20,U09262
2025-06-25,U09263
2025-07-01,U09263
2025-07-02,U09263
2025-07-02,U09263
2025-07-13,U09263
2025-07-16,U09263
2025-07-17,U09264
2025-07-21,U09264
2025-07-30,U09264
2025-05-25,U09265
2025-06-04,U09265
2025-06-06,U09265
2025-06-07,U09265
2025-07-11,U09266
2025-07-18,U09266
2025-07-23,U09266
2025-08-19,U09266
2025-06-23,U09267
2025-06-23,U09267
2025-06-24,U09267
2025-07-03,U09267
2025-07-07,U09267
2025-07-08,U09267
2025-07-14,U09267
2025-07-17,U09267
2025-06-03,U09268
2025-06-11,U09268
2025-06-19,U09268
2025-07-08,U09268
2025-07-15,U09269
2025-07-15,U09269
2025-07-18,U09269
2025-07-18,U09269
2025-07-22,U09269
2025-07-22,U09269
2025-07-25,U09269
2025-07-26,U09269
2025-07-27,U09269
2025-07-30,U09269
2025-07-11,U09270
2025-07-11,U09270
2025-07-15,U09270
2025-07-16,U09270
2025-07-20,U09270
2025-07-23,U09270
2025-07-26,U09270
2025-06-03,U09271
2025-06-25,U09271
2025-07-17,U09272
2025-07-18,U09272
2025-07-19,U09272
2025-07-20,U09272
2025-07-23,U09272
2025-07-23,U09272
2025-07-26,U09272
2025-07-28,U09272
2025-07-30,U09272
2025-06-05,U09273
2025-07-05,U09273
2025-06-16,U09274
2025-06-16,U09274
2025-06-17,U09274
2025-06-26,U09274
2025-06-28,U09274
2025-05-26,U09275
2025-06-05,U09275
2025-06-10,U09275
2025-07-07,U09276
2025-07-12,U09276
2025-07-14,U09276
2025-07-18,U09276
2025-07-18,U09276
2025-07-18,U09276
2025-07-20,U09276
2025-07-25,U09276
2025-05-22,U09277
2025-08-21,U09277
2025-05-17,U09278
2025-05-20,U09278
2025-05-24,U09278
2025-05-28,U09278
2025-05-29,U09278
2025-06-07,U09278
2025-06-07,U09278
2025-06-12,U09278
2025-06-29,U09278
2025-08-19,U09278
2025-05-24,U09279
2025-06-10,U09279
2025-06-25,U09279
2025-07-01,U09280
2025-07-14,U09280
2025-07-16,U09280
2025-07-19,U09280
2025-05-17,U09281
2025-06-22,U09282
2025-06-23,U09282
2025-06-24,U09282
2025-06-26,U09282
2025-07-01,U09282
2025-07-01,U09282
2025-07-02,U09282
2025-07-07,U09282
2025-07-12,U09282
2025-07-15,U09282
2025-05-22,U09283
2025-06-09,U09284
2025-06-11,U09284
2025-06-16,U09284
2025-06-19,U09284
2025-06-20,U09284
2025-06-21,U09284
2025-06-30,U09284
2025-06-30,U09284
2025-07-02,U09284
2025-07-08,U09284
2025-05-24,U09285
2025-05-29,U09285
2025-05-31,U09285
2025-05-31,U09285
2025-06-22,U09285
2025-06-28,U09285
2025-06-30,U09285
2025-07-02,U09285
2025-05-21,U09286
2025-05-24,U09286
2025-06-14,U09286
2025-06-16,U09286
2025-06-26,U09286
2025-06-26,U09286
2025-07-02,U09286
2025-06-04,U09287
2025-05-30,U09288
2025-06-24,U09288
2025-06-25,U09288
2025-06-29,U09288
2025-07-06,U09288
2025-05-17,U09289
2025-05-24,U09290
2025-05-24,U09290
2025-06-17,U09290
2025-06-20,U09290
2025-06-23,U09290
2025-07-01,U09290
2025-06-21,U09291
2025-06-25,U09291
2025-07-17,U09291
2025-06-03,U09292
2025-05-22,U09293
2025-06-11,U09293
2025-08-15,U09293
2025-05-23,U09294
2025-07-03,U09295
2025-07-04,U09295
2025-07-09,U09295
2025-07-11,U09295
2025-07-13,U09295
2025-07-24,U09295
2025-06-13,U09296
2025-06-25,U09296
2025-07-13,U09297
2025-07-16,U09297
2025-07-16,U09297
2025-07-17,U09297
2025-07-18,U09297
2025-07-18,U09297
2025-07-21,U09297
2025-07-22,U09297
2025-07-26,U09297
2025-07-27,U09297
2025-07-07,U09298
2025-07-08,U09298
2025-07-10,U09298
2025-07-26,U09298
2025-05-23,U09299
2025-05-30,U09299
2025-06-03,U09299
2025-06-09,U09299
2025-06-19,U09299
2025-06-22,U09299
2025-07-01,U09300
2025-07-09,U09300
2025-07-22,U09300
2025-07-23,U09300
2025-05-28,U09301
2025-06-06,U09301
2025-06-09,U09301
2025-06-26,U09301
2025-06-27,U09301
2025-07-06,U09301
2025-05-20,U09302
2025-06-25,U09303
2025-07-01,U09303
2025-07-03,U09303
2025-07-11,U09303
2025-07-14,U09303
2025-06-03,U09304
2025-06-11,U09304
2025-06-18,U09304
2025-06-18,U09304
2025-06-23,U09304
2025-07-01,U09304
2025-07-07,U09304
2025-06-06,U09305
2025-06-06,U09305
2025-06-19,U09305
2025-07-04,U09305
2025-06-05,U09306
2025-06-17,U09307
2025-06-19,U09307
2025-06-19,U09307
2025-06-25,U09307
2025-07-02,U09307
2025-07-13,U09307
2025-07-16,U09307
2025-06-13,U09308
2025-07-07,U09308
2025-07-11,U09308
2025-07-14,U09308
2025-07-10,U09309
2025-07-10,U09309
2025-07-21,U09309
2025-06-21,U09310
2025-06-28,U09310
2025-06-29,U09310
2025-07-02,U09310
2025-07-07,U09310
2025-07-11,U09310
2025-07-16,U09310
2025-05-27,U09311
2025-05-29,U09311
2025-06-21,U09311
2025-07-02,U09311
2025-07-04,U09311
2025-06-27,U09312
2025-07-01,U09312
2025-07-02,U09312
2025-07-09,U09312
2025-07-10,U09312
2025-07-15,U09312
2025-07-16,U09312
2025-07-18,U09312
2025-07-21,U09312
2025-06-16,U09313
2025-06-26,U09313
2025-07-06,U09313
2025-07-03,U09314
2025-07-06,U09314
2025-07-07,U09314
2025-07-15,U09314
2025-07-20,U09314
2025-07-21,U09314
2025-07-23,U09314
2025-07-24,U09314
2025-06-03,U09315
2025-06-06,U09315
2025-08-21,U09315
2025-05-31,U09316
2025-07-15,U09317
2025-07-16,U09317
2025-07-22,U09317
2025-07-26,U09317
2025-07-27,U09317
2025-07-30,U09317
2025-06-20,U09318
2025-07-11,U09318
2025-06-15,U09319
2025-06-16,U09319
2025-06-17,U09319
2025-06-20,U09319
2025-06-23,U09319
2025-07-01,U09319
2025-07-09,U09319
2025-07-10,U09319
2025-07-14,U09319
2025-05-26,U09320
2025-06-10,U09320
2025-06-10,U09320
2025-06-15,U09320
2025-07-04,U09320
2025-07-05,U09320
2025-05-22,U09321
2025-05-27,U09321
2025-06-10,U09321
2025-06-12,U09321
2025-06-13,U09321
2025-06-14,U09321
2025-06-16,U09321
2025-06-21,U09321
2025-06-26,U09321
2025-06-02,U09322
2025-06-03,U09322
2025-06-03,U09322
2025-06-07,U09322
2025-07-03,U09322
2025-05-17,U09323
2025-07-03,U09324
2025-07-05,U09324
2025-07-10,U09324
2025-07-11,U09324
2025-07-11,U09324
2025-07-13,U09324
2025-07-16,U09324
2025-07-19,U09324
2025-07-22,U09324
2025-07-24,U09324
2025-06-13,U09325
2025-06-21,U09325
2025-06-23,U09325
2025-06-30,U09325
2025-06-30,U09325
2025-07-14,U09325
2025-05-21,U09326
2025-05-23,U09326
2025-05-31,U09326
2025-06-05,U09326
2025-06-12,U09326
2025-06-19,U09327
2025-06-23,U09327
2025-06-24,U09327
2025-06-26,U09327
2025-07-01,U09327
2025-07-06,U09327
2025-07-11,U09327
2025-07-15,U09327
2025-07-16,U09327
2025-05-17,U09328
2025-05-17,U09329
2025-06-03,U09329
2025-07-17,U09330
2025-07-18,U09330
2025-07-21,U09330
2025-07-24,U09330
2025-07-28,U09330
2025-07-29,U09330
2025-07-29,U09330
2025-07-31,U09330
2025-08-19,U09330
2025-05-19,U09331
2025-05-23,U09331
2025-05-25,U09331
2025-06-08,U09331
2025-06-20,U09332
2025-06-22,U09332
2025-06-22,U09332
2025-07-01,U09332
2025-07-09,U09332
2025-07-10,U09332
2025-07-16,U09332
2025-06-06,U09333
2025-07-05,U09333
2025-05-30,U09334
2025-06-02,U09334
2025-06-10,U09334
2025-07-07,U09334
2025-08-15,U09334
2025-05-17,U09335
2025-06-02,U09335
2025-06-14,U09335
2025-06-05,U09336
2025-06-29,U09336
2025-06-30,U09336
2025-07-02,U09336
2025-07-06,U09336
2025-07-07,U09336
2025-07-10,U09336
2025-07-02,U09337
2025-07-03,U09337
2025-07-18,U09337
2025-07-23,U09337
2025-08-19,U09337
2025-06-16,U09338
2025-07-08,U09338
2025-07-10,U09338
2025-07-12,U09338
2025-07-14,U09338
2025-07-15,U09338
2025-05-23,U09339
2025-06-22,U09339
2025-05-17,U09340
2025-06-16,U09341
2025-06-18,U09341
2025-06-18,U09341
2025-07-07,U09341
2025-07-14,U09341
2025-07-06,U09342
2025-07-16,U09342
2025-07-18,U09342
2025-07-23,U09342
2025-07-25,U09342
2025-05-27,U09343
2025-06-02,U09343
2025-06-03,U09343
2025-06-09,U09343
2025-06-09,U09343
2025-06-11,U09343
2025-06-23,U09343
2025-06-25,U09343
2025-08-15,U09343
2025-05-17,U09344
2025-05-17,U09344
2025-06-01,U09344
2025-06-05,U09344
2025-06-09,U09344
2025-06-15,U09344
2025-06-17,U09344
2025-05-19,U09345
2025-05-25,U09345
2025-06-02,U09345
2025-07-01,U09346
2025-07-03,U09346
2025-07-03,U09346
2025-07-04,U09346
2025-07-05,U09346
2025-07-10,U09346
2025-07-11,U09346
2025-07-15,U09346
2025-07-22,U09346
2025-07-19,U09347
2025-07-20,U09347
2025-07-21,U09347
2025-07-22,U09347
2025-07-22,U09347
2025-07-24,U09347
2025-07-26,U09347
2025-07-27,U09347
2025-07-30,U09347
2025-07-31,U09347
2025-06-19,U09348
2025-06-21,U09348
2025-06-21,U09348
2025-06-27,U09348
2025-06-27,U09348
2025-07-11,U09348
2025-07-15,U09348
2025-07-17,U09348
2025-06-07,U09349
2025-06-20,U09349
2025-06-26,U09349
2025-06-28,U09349
2025-07-02,U09349
2025-07-08,U09349
2025-07-09,U09350
2025-07-27,U09350
2025-05-17,U09351
2025-05-23,U09351
2025-05-31,U09351
2025-06-04,U09351
2025-06-26,U09351
2025-07-21,U09352
2025-07-25,U09352
2025-07-31,U09352
2025-06-23,U09353
2025-06-26,U09353
2025-07-04,U09353
2025-07-17,U09353
2025-05-19,U09354
2025-05-19,U09354
2025-05-20,U09354
2025-05-27,U09354
2025-06-14,U09354
2025-06-19,U09354
2025-06-21,U09354
2025-06-27,U09354
2025-05-31,U09355
2025-06-06,U09355
2025-06-11,U09355
2025-06-15,U09355
2025-06-22,U09355
2025-05-20,U09356
2025-05-22,U09356
2025-05-30,U09356
2025-05-31,U09356
2025-06-06,U09356
2025-06-05,U09357
2025-07-02,U09357
2025-07-05,U09357
2025-07-08,U09357
2025-05-19,U09358
2025-05-27,U09358
2025-06-18,U09358
2025-06-21,U09358
2025-06-22,U09358
2025-06-24,U09358
2025-07-06,U09359
2025-07-08,U09359
2025-07-09,U09359
2025-07-09,U09359
2025-07-14,U09359
2025-07-16,U09359
2025-07-25,U09359
2025-06-24,U09360
2025-06-26,U09360
2025-05-17,U09361
2025-05-22,U09362
2025-05-28,U09362
2025-06-04,U09363
2025-06-23,U09363
2025-06-07,U09364
2025-06-18,U09364
2025-06-19,U09364
2025-06-20,U09364
2025-06-21,U09364
2025-06-22,U09364
2025-06-24,U09364
2025-06-27,U09364
2025-06-28,U09364
2025-07-10,U09364
2025-05-20,U09365
2025-05-20,U09365
2025-05-31,U09365
2025-06-11,U09365
2025-06-14,U09365
2025-06-15,U09365
2025-06-20,U09365
2025-06-21,U09365
2025-06-26,U09365
2025-06-30,U09365
2025-07-14,U09366
2025-07-15,U09366
2025-07-15,U09366
2025-07-20,U09366
2025-07-22,U09366
2025-07-26,U09366
2025-07-25,U09367
2025-07-26,U09367
2025-07-27,U09367
2025-05-21,U09368
2025-05-29,U09368
2025-06-10,U09368
2025-06-11,U09368
2025-07-01,U09368
2025-06-22,U09369
2025-06-22,U09369
2025-07-01,U09369
2025-07-04,U09369
2025-07-08,U09369
2025-07-10,U09369
2025-05-19,U09370
2025-06-26,U09370
2025-06-23,U09371
2025-06-26,U09371
2025-06-27,U09371
2025-07-03,U09371
2025-07-08,U09371
2025-07-09,U09371
2025-07-10,U09371
2025-07-11,U09371
2025-07-16,U09371
2025-07-19,U09371
2025-08-17,U09371
2025-07-18,U09372
2025-07-23,U09372
2025-07-23,U09372
2025-07-25,U09372
2025-07-29,U09372
2025-07-17,U09373
2025-07-23,U09373
2025-07-31,U09373
2025-07-19,U09374
2025-07-20,U09374
2025-07-27,U09374
2025-06-24,U09375
2025-07-04,U09375
2025-07-07,U09375
2025-07-14,U09375
2025-07-18,U09375
2025-06-09,U09376
2025-06-22,U09376
2025-05-31,U09377
2025-05-17,U09378
2025-05-19,U09379
2025-05-23,U09379
2025-05-24,U09379
2025-05-20,U09380
2025-05-21,U09380
2025-05-21,U09380
2025-05-29,U09380
2025-06-05,U09380
2025-06-07,U09380
2025-06-17,U09380
2025-05-17,U09381
2025-07-19,U09382
2025-07-21,U09382
2025-07-22,U09382
2025-07-28,U09382
2025-07-29,U09382
2025-07-30,U09382
2025-07-31,U09382
2025-05-30,U09383
2025-06-25,U09383
2025-06-26,U09383
2025-07-07,U09383
2025-05-26,U09384
2025-06-12,U09384
2025-06-21,U09384
2025-05-17,U09385
2025-06-17,U09386
2025-07-12,U09386
2025-06-30,U09387
2025-07-04,U09387
2025-07-05,U09387
2025-07-20,U09387
2025-06-23,U09388
2025-06-28,U09388
2025-06-29,U09388
2025-06-30,U09388
2025-07-19,U09388
2025-07-07,U09389
2025-07-12,U09389
2025-07-15,U09389
2025-07-25,U09389
2025-07-26,U09389
2025-08-17,U09389
2025-06-02,U09390
2025-06-10,U09390
2025-06-20,U09390
2025-07-05,U09391
2025-07-05,U09391
2025-07-09,U09391
2025-07-10,U09391
2025-07-18,U09391
2025-07-22,U09391
2025-07-04,U09392
2025-07-05,U09392
2025-07-07,U09392
2025-07-11,U09392
2025-07-11,U09392
2025-07-20,U09392
2025-07-21,U09392
2025-07-22,U09392
2025-07-23,U09392
2025-07-24,U09392
2025-06-06,U09393
2025-06-07,U09393
2025-06-10,U09393
2025-06-30,U09393
2025-07-06,U09393
2025-05-19,U09394
2025-05-28,U09394
2025-06-04,U09394
2025-06-06,U09394
2025-06-20,U09395
2025-06-21,U09395
2025-07-02,U09395
2025-07-09,U09395
2025-05-23,U09396
2025-05-23,U09396
2025-06-04,U09396
2025-06-12,U09396
2025-05-21,U09397
2025-05-21,U09397
2025-06-02,U09397
2025-06-02,U09397
2025-06-10,U09397
2025-05-26,U09398
2025-06-15,U09398
2025-06-27,U09398
2025-08-16,U09398
2025-05-30,U09399
2025-06-03,U09399
2025-06-11,U09399
2025-06-12,U09399
2025-05-21,U09400
2025-05-21,U09400
2025-05-28,U09400
2025-05-30,U09400
2025-06-17,U09400
2025-06-23,U09400
2025-05-27,U09401
2025-06-19,U09401
2025-07-22,U09402
2025-07-22,U09402
2025-07-24,U09402
2025-07-25,U09402
2025-07-27,U09402
2025-07-27,U09402
2025-07-30,U09402
2025-07-31,U09402
2025-07-15,U09403
2025-07-17,U09403
2025-07-19,U09403
2025-07-27,U09403
2025-07-27,U09403
2025-07-28,U09403
2025-07-11,U09404
2025-07-17,U09404
2025-07-18,U09404
2025-07-21,U09404
2025-07-11,U09405
2025-07-18,U09405
2025-07-28,U09405
2025-05-20,U09406
2025-05-20,U09406
2025-05-27,U09406
2025-06-07,U09406
2025-06-09,U09406
2025-06-12,U09406
2025-06-24,U09406
2025-07-28,U09407
2025-08-01,U09407
2025-05-27,U09408
2025-06-10,U09408
2025-05-20,U09409
2025-06-05,U09409
2025-06-15,U09409
2025-06-16,U09409
2025-06-19,U09409
2025-06-21,U09409
2025-06-25,U09409
2025-06-30,U09409
2025-07-01,U09409
2025-06-04,U09410
2025-06-06,U09410
2025-06-08,U09410
2025-06-10,U09410
2025-06-15,U09410
2025-06-20,U09410
2025-06-28,U09410
2025-06-29,U09410
2025-07-08,U09410
2025-07-09,U09410
2025-05-17,U09411
2025-06-01,U09412
2025-06-04,U09412
2025-06-06,U09412
2025-06-09,U09412
2025-06-15,U09412
2025-06-21,U09412
2025-05-17,U09413
2025-07-14,U09414
2025-07-15,U09414
2025-07-16,U09414
2025-07-18,U09414
2025-07-20,U09414
2025-07-20,U09414
2025-07-21,U09414
2025-07-29,U09414
2025-05-17,U09415
2025-06-21,U09416
2025-06-22,U09416
2025-06-26,U09416
2025-07-11,U09416
2025-07-16,U09416
2025-07-12,U09417
2025-07-17,U09417
2025-07-26,U09417
2025-07-03,U09418
2025-07-17,U09418
2025-05-23,U09419
2025-05-24,U09419
2025-05-24,U09419
2025-05-28,U09419
2025-06-02,U09419
2025-06-07,U09419
2025-06-18,U09419
2025-06-21,U09419
2025-08-16,U09419
2025-05-17,U09420
2025-05-29,U09420
2025-06-09,U09420
2025-06-20,U09421
2025-06-21,U09421
2025-06-23,U09421
2025-06-24,U09421
2025-06-26,U09421
2025-07-12,U09421
2025-07-16,U09421
2025-07-05,U09422
2025-07-16,U09422
2025-07-17,U09422
2025-07-17,U09422
2025-07-20,U09422
2025-07-19,U09423
2025-07-27,U09423
2025-06-09,U09424
2025-06-14,U09424
2025-06-28,U09424
2025-07-11,U09425
2025-07-12,U09425
2025-07-14,U09425
2025-07-17,U09425
2025-07-24,U09425
2025-07-27,U09425
2025-07-28,U09425
2025-06-29,U09426
2025-07-01,U09426
2025-07-07,U09426
2025-07-18,U09426
2025-07-20,U09426
2025-05-17,U09427
2025-07-06,U09428
2025-07-07,U09428
2025-07-09,U09428
2025-07-13,U09428
2025-07-13,U09428
2025-07-15,U09428
2025-07-22,U09428
2025-07-23,U09428
2025-07-25,U09428
2025-08-18,U09428
2025-06-25,U09429
2025-06-28,U09429
2025-06-29,U09429
2025-07-01,U09429
2025-07-02,U09429
2025-07-09,U09429
2025-07-12,U09429
2025-07-13,U09429
2025-07-15,U09429
2025-07-20,U09429
2025-05-29,U09430
2025-06-19,U09430
2025-05-31,U09431
2025-06-04,U09431
2025-06-24,U09431
2025-05-17,U09432
2025-07-15,U09433
2025-07-16,U09433
2025-07-18,U09433
2025-07-18,U09433
2025-07-23,U09433
2025-07-24,U09433
2025-07-25,U09433
2025-07-30,U09433
2025-05-23,U09434
2025-05-26,U09434
2025-05-26,U09434
2025-06-09,U09434
2025-07-13,U09435
2025-07-18,U09435
2025-07-21,U09435
2025-07-23,U09435
2025-07-24,U09435
2025-07-26,U09435
2025-07-27,U09435
2025-07-29,U09435
2025-05-17,U09436
2025-05-30,U09437
2025-06-13,U09438
2025-06-21,U09438
2025-06-22,U09438
2025-06-24,U09438
2025-07-02,U09438
2025-07-04,U09438
2025-07-11,U09438
2025-07-13,U09438
2025-05-27,U09439
2025-06-03,U09439
2025-06-19,U09439
2025-06-26,U09439
2025-06-29,U09439
2025-07-05,U09439
2025-06-08,U09440
2025-06-09,U09440
2025-06-10,U09440
2025-06-16,U09440
2025-06-20,U09440
2025-07-02,U09440
2025-07-06,U09440
2025-07-10,U09440
2025-07-11,U09440
2025-06-02,U09441
2025-06-03,U09441
2025-07-04,U09441
2025-07-06,U09441
2025-07-16,U09442
2025-07-16,U09442
2025-07-22,U09442
2025-07-23,U09442
2025-07-27,U09442
2025-05-19,U09443
2025-07-16,U09444
2025-07-21,U09444
2025-07-21,U09444
2025-07-25,U09444
2025-07-26,U09444
2025-07-30,U09444
2025-06-27,U09445
2025-06-27,U09445
2025-07-17,U09445
2025-08-18,U09445
2025-06-19,U09446
2025-06-19,U09446
2025-07-07,U09446
2025-07-10,U09446
2025-07-17,U09446
2025-06-26,U09447
2025-07-08,U09447
2025-07-10,U09447
2025-07-10,U09447
2025-07-18,U09447
2025-05-17,U09448
2025-07-23,U09449
2025-07-24,U09449
2025-07-26,U09449
2025-07-26,U09449
2025-07-31,U09449
2025-07-22,U09450
2025-08-01,U09450
2025-07-10,U09451
2025-07-12,U09451
2025-07-13,U09451
2025-07-15,U09451
2025-07-24,U09451
2025-07-26,U09451
2025-08-21,U09451
2025-05-30,U09452
2025-06-06,U09452
2025-06-08,U09452
2025-06-16,U09453
2025-06-18,U09453
2025-06-21,U09453
2025-06-27,U09453
2025-06-30,U09453
2025-07-03,U09453
2025-07-03,U09453
2025-07-04,U09453
2025-07-15,U09453
2025-06-05,U09454
2025-06-19,U09454
2025-06-27,U09454
2025-07-11,U09455
2025-07-13,U09455
2025-07-13,U09455
2025-07-15,U09455
2025-07-20,U09455
2025-07-21,U09455
2025-07-23,U09455
2025-08-19,U09455
2025-06-27,U09456
2025-07-02,U09456
2025-07-06,U09456
2025-07-08,U09456
2025-07-08,U09456
2025-07-09,U09456
2025-07-11,U09456
2025-07-16,U09456
2025-07-19,U09456
2025-07-20,U09456
2025-07-05,U09457
2025-07-06,U09457
2025-07-07,U09457
2025-07-11,U09457
2025-07-13,U09457
2025-07-17,U09457
2025-07-18,U09457
2025-07-20,U09457
2025-07-23,U09457
2025-07-25,U09457
2025-06-09,U09458
2025-06-15,U09458
2025-06-16,U09458
2025-06-18,U09458
2025-06-28,U09458
2025-07-01,U09458
2025-07-06,U09458
2025-07-06,U09458
2025-07-08,U09458
2025-07-12,U09458
2025-06-06,U09459
2025-06-12,U09459
2025-06-15,U09459
2025-07-22,U09460
2025-07-29,U09460
2025-07-21,U09461
2025-07-22,U09461
2025-07-26,U09461
2025-07-28,U09461
2025-07-28,U09461
2025-08-01,U09461
2025-06-14,U09462
2025-06-20,U09462
2025-06-23,U09462
2025-06-23,U09462
2025-06-23,U09462
2025-07-13,U09462
2025-07-30,U09463
2025-08-01,U09463
2025-06-25,U09464
2025-07-12,U09464
2025-07-17,U09464
2025-07-20,U09464
2025-07-17,U09465
2025-07-18,U09465
2025-07-19,U09465
2025-07-19,U09465
2025-07-22,U09465
2025-07-24,U09465
2025-07-28,U09465
2025-07-29,U09465
2025-07-30,U09465
2025-07-31,U09465
2025-06-08,U09466
2025-08-15,U09466
2025-06-20,U09467
2025-06-22,U09467
2025-06-26,U09467
2025-07-02,U09467
2025-07-02,U09467
2025-07-15,U09467
2025-08-20,U09467
2025-06-07,U09468
2025-06-07,U09468
2025-06-15,U09468
2025-06-19,U09468
2025-06-21,U09468
2025-06-23,U09468
2025-06-23,U09468
2025-06-25,U09468
2025-06-29,U09468
2025-07-11,U09468
2025-07-01,U09469
2025-07-20,U09469
2025-07-01,U09470
2025-07-10,U09470
2025-07-14,U09470
2025-07-20,U09470
2025-07-20,U09470
2025-07-21,U09470
2025-07-07,U09471
2025-07-08,U09471
2025-07-10,U09471
2025-07-12,U09471
2025-07-12,U09471
2025-07-21,U09471
2025-07-21,U09471
2025-07-23,U09471
2025-07-24,U09471
2025-07-26,U09471
2025-07-13,U09472
2025-07-14,U09472
2025-07-26,U09472
2025-05-19,U09473
2025-05-20,U09473
2025-05-24,U09473
2025-06-05,U09473
2025-06-08,U09473
2025-06-30,U09473
2025-06-01,U09474
2025-06-23,U09474
2025-07-15,U09475
2025-07-16,U09475
2025-07-18,U09475
2025-07-23,U09475
2025-07-23,U09475
2025-07-28,U09475
2025-07-28,U09475
2025-07-28,U09475
2025-07-29,U09475
2025-07-30,U09475
2025-08-15,U09475
2025-06-15,U09476
2025-06-19,U09476
2025-06-23,U09476
2025-07-09,U09476
2025-07-13,U09476
2025-07-13,U09476
2025-07-15,U09476
2025-06-02,U09477
2025-06-25,U09477
2025-06-27,U09477
2025-07-14,U09478
2025-07-25,U09478
2025-07-25,U09478
2025-07-27,U09478
2025-08-18,U09478
2025-05-17,U09479
2025-05-18,U09480
2025-07-24,U09481
2025-07-26,U09481
2025-07-26,U09481
2025-07-26,U09481
2025-07-28,U09481
2025-07-30,U09481
2025-08-01,U09481
2025-05-26,U09482
2025-07-05,U09483
2025-07-07,U09483
2025-07-09,U09483
2025-07-09,U09483
2025-07-13,U09483
2025-07-16,U09483
2025-07-21,U09483
2025-07-23,U09483
2025-06-13,U09484
2025-05-30,U09485
2025-06-07,U09485
2025-06-13,U09485
2025-07-30,U09486
2025-07-31,U09486
2025-07-21,U09487
2025-07-25,U09487
2025-07-25,U09487
2025-07-30,U09487
2025-08-01,U09487
2025-07-13,U09488
2025-07-17,U09488
2025-07-18,U09488
2025-07-19,U09488
2025-07-22,U09488
2025-07-23,U09488
2025-07-25,U09488
2025-07-26,U09488
2025-07-27,U09488
2025-07-28,U09488
2025-07-07,U09489
2025-07-08,U09489
2025-07-11,U09489
2025-07-16,U09489
2025-07-20,U09489
2025-07-21,U09489
2025-07-21,U09489
2025-07-21,U09489
2025-07-26,U09489
2025-07-07,U09490
2025-07-08,U09490
2025-07-09,U09490
2025-07-09,U09490
2025-07-20,U09490
2025-07-23,U09490
2025-07-23,U09490
2025-07-26,U09490
2025-07-25,U09491
2025-07-29,U09491
2025-05-17,U09492
2025-05-26,U09492
2025-06-06,U09492
2025-06-08,U09492
2025-06-05,U09493
2025-06-06,U09493
2025-06-06,U09493
2025-06-16,U09493
2025-06-27,U09493
2025-07-02,U09493
2025-07-09,U09493
2025-07-06,U09494
2025-07-06,U09494
2025-07-07,U09494
2025-07-08,U09494
2025-07-11,U09494
2025-07-15,U09494
2025-07-19,U09494
2025-07-19,U09494
2025-07-21,U09494
2025-06-01,U09495
2025-06-15,U09496
2025-07-07,U09496
2025-07-11,U09496
2025-05-20,U09497
2025-05-26,U09497
2025-06-20,U09497
2025-06-22,U09497
2025-07-07,U09498
2025-07-09,U09498
2025-07-11,U09498
2025-07-13,U09498
2025-07-13,U09498
2025-07-15,U09498
2025-07-22,U09498
2025-07-25,U09498
2025-06-02,U09499
2025-07-29,U09500
2025-08-01,U09500
2025-06-28,U09501
2025-06-29,U09501
2025-06-29,U09501
2025-07-06,U09501
2025-07-08,U09501
2025-07-11,U09501
2025-07-17,U09501
2025-07-18,U09501
2025-07-11,U09502
2025-07-13,U09502
2025-07-21,U09502
2025-06-06,U09503
2025-06-08,U09503
2025-06-10,U09503
2025-06-15,U09503
2025-06-23,U09503
2025-06-25,U09503
2025-06-26,U09503
2025-06-29,U09503
2025-07-08,U09503
2025-07-09,U09503
2025-05-21,U09504
2025-05-26,U09504
2025-05-31,U09504
2025-06-08,U09504
2025-06-23,U09505
2025-06-27,U09505
2025-06-28,U09505
2025-07-15,U09505
2025-07-16,U09505
2025-07-17,U09505
2025-06-28,U09506
2025-06-29,U09506
2025-07-04,U09506
2025-07-08,U09506
2025-07-11,U09506
2025-07-13,U09506
2025-07-14,U09506
2025-07-15,U09506
2025-07-15,U09506
2025-07-21,U09506
2025-07-22,U09507
2025-07-23,U09507
2025-07-30,U09507
2025-07-31,U09507
2025-05-17,U09508
2025-05-17,U09509
2025-07-16,U09510
2025-07-16,U09510
2025-07-19,U09510
2025-07-20,U09510
2025-07-21,U09510
2025-07-24,U09510
2025-07-26,U09510
2025-07-30,U09510
2025-06-06,U09511
2025-06-18,U09512
2025-06-24,U09512
2025-06-29,U09513
2025-06-29,U09513
2025-07-03,U09513
2025-07-03,U09513
2025-07-09,U09513
2025-07-10,U09513
2025-07-13,U09513
2025-07-22,U09513
2025-07-07,U09514
2025-07-09,U09514
2025-07-17,U09514
2025-07-22,U09514
2025-07-25,U09514
2025-07-06,U09515
2025-07-18,U09515
2025-07-22,U09515
2025-07-06,U09516
2025-07-16,U09516
2025-05-26,U09517
2025-05-29,U09517
2025-05-29,U09517
2025-05-30,U09517
2025-06-08,U09517
2025-06-17,U09517
2025-06-22,U09517
2025-06-30,U09517
2025-07-04,U09517
2025-06-21,U09518
2025-06-25,U09518
2025-06-30,U09518
2025-06-30,U09518
2025-07-02,U09518
2025-07-02,U09518
2025-07-16,U09518
2025-06-24,U09519
2025-06-25,U09519
2025-07-17,U09519
2025-06-09,U09520
2025-06-12,U09520
2025-05-21,U09521
2025-06-03,U09521
2025-06-03,U09522
2025-07-09,U09523
2025-07-14,U09523
2025-07-20,U09523
2025-07-22,U09523
2025-07-23,U09523
2025-07-26,U09523
2025-07-27,U09523
2025-06-14,U09524
2025-06-23,U09524
2025-07-08,U09524
2025-07-10,U09524
2025-05-21,U09525
2025-05-26,U09525
2025-06-10,U09526
2025-06-14,U09526
2025-05-17,U09527
2025-05-18,U09527
2025-06-04,U09527
2025-06-11,U09527
2025-06-13,U09527
2025-06-22,U09527
2025-07-09,U09528
2025-07-10,U09528
2025-07-11,U09528
2025-07-15,U09528
2025-07-15,U09528
2025-07-17,U09528
2025-07-24,U09528
2025-05-17,U09529
2025-05-20,U09529
2025-05-21,U09529
2025-06-14,U09529
2025-06-19,U09529
2025-06-25,U09529
2025-06-27,U09529
2025-06-30,U09530
2025-07-08,U09530
2025-07-12,U09530
2025-07-15,U09530
2025-07-19,U09530
2025-07-21,U09530
2025-05-21,U09531
2025-05-23,U09531
2025-06-02,U09531
2025-06-02,U09531
2025-06-24,U09531
2025-07-01,U09531
2025-07-02,U09531
2025-05-17,U09532
2025-06-07,U09533
2025-07-16,U09534
2025-07-16,U09534
2025-07-17,U09534
2025-07-18,U09534
2025-07-19,U09534
2025-07-20,U09534
2025-07-23,U09534
2025-07-24,U09534
2025-07-28,U09534
2025-07-30,U09534
2025-05-19,U09535
2025-06-10,U09535
2025-06-13,U09535
2025-06-06,U09536
2025-06-13,U09536
2025-06-17,U09536
2025-06-19,U09536
2025-06-20,U09536
2025-07-07,U09536
2025-07-08,U09536
2025-06-01,U09537
2025-06-03,U09537
2025-06-10,U09537
2025-06-12,U09537
2025-06-28,U09537
2025-06-06,U09538
2025-06-11,U09538
2025-06-28,U09539
2025-07-06,U09539
2025-07-14,U09539
2025-07-21,U09539
2025-05-19,U09540
2025-06-28,U09540
2025-06-10,U09541
2025-06-13,U09541
2025-06-14,U09541
2025-06-22,U09541
2025-06-24,U09541
2025-06-27,U09541
2025-06-28,U09541
2025-06-28,U09541
2025-07-12,U09541
2025-05-31,U09542
2025-06-09,U09542
2025-07-21,U09543
2025-07-29,U09543
2025-07-09,U09544
2025-07-10,U09544
2025-07-15,U09544
2025-07-16,U09544
2025-07-16,U09544
2025-07-19,U09544
2025-07-21,U09544
2025-07-25,U09544
2025-07-26,U09544
2025-07-27,U09544
2025-08-18,U09544
2025-05-18,U09545
2025-06-19,U09545
2025-06-22,U09545
2025-05-29,U09546
2025-06-13,U09546
2025-06-21,U09546
2025-06-06,U09547
2025-07-16,U09548
2025-07-16,U09548
2025-07-25,U09548
2025-07-18,U09549
2025-07-21,U09549
2025-07-28,U09549
2025-06-09,U09550
2025-06-15,U09550
2025-06-15,U09550
2025-06-18,U09550
2025-06-19,U09550
2025-06-21,U09550
2025-06-22,U09550
2025-06-25,U09550
2025-06-30,U09550
2025-07-10,U09550
2025-05-23,U09551
2025-05-31,U09551
2025-06-01,U09551
2025-06-14,U09551
2025-06-18,U09551
2025-06-26,U09551
2025-05-28,U09552
2025-05-30,U09552
2025-06-15,U09552
2025-06-17,U09552
2025-06-21,U09552
2025-06-06,U09553
2025-06-20,U09553
2025-06-25,U09553
2025-06-29,U09553
2025-07-05,U09553
2025-06-21,U09554
2025-06-24,U09554
2025-07-03,U09554
2025-07-12,U09554
2025-07-18,U09554
2025-06-21,U09555
2025-06-27,U09555
2025-06-28,U09555
2025-06-30,U09555
2025-07-06,U09555
2025-07-12,U09555
2025-07-15,U09556
2025-07-16,U09556
2025-07-17,U09556
2025-07-17,U09556
2025-07-19,U09556
2025-07-21,U09556
2025-07-27,U09556
2025-07-29,U09556
2025-07-29,U09556
2025-07-30,U09556
2025-05-25,U09557
2025-06-09,U09558
2025-06-10,U09558
2025-06-20,U09558
2025-06-23,U09558
2025-06-27,U09558
2025-06-27,U09558
2025-06-27,U09558
2025-07-12,U09558
2025-06-02,U09559
2025-06-07,U09559
2025-06-13,U09559
2025-06-09,U09560
2025-06-10,U09560
2025-06-17,U09560
2025-06-19,U09560
2025-07-07,U09560
2025-07-12,U09560
2025-08-21,U09560
2025-05-17,U09561
2025-07-19,U09562
2025-07-22,U09562
2025-07-25,U09562
2025-07-29,U09562
2025-07-31,U09562
2025-07-03,U09563
2025-07-24,U09563
2025-07-18,U09564
2025-07-30,U09564
2025-08-17,U09564
2025-06-12,U09565
2025-07-20,U09566
2025-08-01,U09566
2025-07-11,U09567
2025-07-15,U09567
2025-07-24,U09567
2025-07-24,U09567
2025-07-24,U09567
2025-07-25,U09567
2025-07-26,U09567
2025-07-28,U09567
2025-05-18,U09568
2025-05-21,U09568
2025-05-24,U09568
2025-05-27,U09568
2025-06-07,U09568
2025-06-18,U09568
2025-06-20,U09568
2025-06-22,U09568
2025-06-28,U09568
2025-05-25,U09569
2025-06-01,U09569
2025-06-20,U09569
2025-06-29,U09570
2025-06-30,U09570
2025-07-07,U09570
2025-07-14,U09570
2025-07-20,U09570
2025-05-17,U09571
2025-07-09,U09572
2025-07-11,U09572
2025-07-13,U09572
2025-07-13,U09572
2025-07-14,U09572
2025-07-15,U09572
2025-07-26,U09572
2025-07-27,U09572
2025-07-21,U09573
2025-07-27,U09573
2025-07-27,U09573
2025-07-28,U09573
2025-07-28,U09573
2025-07-28,U09573
2025-07-31,U09573
2025-07-31,U09573
2025-08-01,U09573
2025-06-23,U09574
2025-06-26,U09574
2025-07-09,U09574
2025-07-09,U09574
2025-07-13,U09574
2025-07-15,U09574
2025-07-18,U09574
2025-06-15,U09575
2025-06-15,U09575
2025-06-15,U09575
2025-06-16,U09575
2025-06-27,U09575
2025-06-28,U09575
2025-07-06,U09575
2025-07-08,U09575
2025-07-09,U09575
2025-07-13,U09575
2025-06-26,U09576
2025-07-01,U09576
2025-07-02,U09576
2025-07-07,U09576
2025-07-08,U09576
2025-07-13,U09576
2025-07-13,U09576
2025-07-18,U09576
2025-07-19,U09576
2025-07-20,U09576
2025-07-20,U09577
2025-07-24,U09577
2025-06-20,U09578
2025-06-24,U09578
2025-07-15,U09578
2025-07-17,U09578
2025-05-23,U09579
2025-05-25,U09579
2025-05-28,U09579
2025-06-01,U09579
2025-06-14,U09579
2025-06-26,U09579
2025-06-27,U09579
2025-06-30,U09579
2025-07-01,U09579
2025-07-02,U09579
2025-07-03,U09580
2025-07-03,U09580
2025-07-05,U09580
2025-07-17,U09580
2025-07-18,U09580
2025-07-18,U09580
2025-07-24,U09580
2025-06-14,U09581
2025-06-21,U09581
2025-06-09,U09582
2025-06-20,U09582
2025-05-24,U09583
2025-05-29,U09583
2025-05-31,U09583
2025-06-30,U09583
2025-07-01,U09584
2025-07-04,U09584
2025-07-09,U09584
2025-07-13,U09584
2025-07-16,U09584
2025-07-16,U09584
2025-07-19,U09584
2025-07-21,U09584
2025-07-23,U09584
2025-05-19,U09585
2025-06-01,U09585
2025-06-25,U09585
2025-07-10,U09586
2025-07-20,U09586
2025-06-04,U09587
2025-06-04,U09587
2025-06-12,U09587
2025-06-21,U09587
2025-06-22,U09587
2025-06-29,U09587
2025-07-02,U09587
2025-07-08,U09587
2025-07-16,U09588
2025-07-18,U09588
2025-07-25,U09588
2025-07-28,U09588
2025-07-28,U09588
2025-07-30,U09588
2025-07-29,U09589
2025-07-30,U09589
2025-08-01,U09589
2025-07-14,U09590
2025-07-15,U09590
2025-07-17,U09590
2025-07-19,U09590
2025-07-22,U09590
2025-07-24,U09590
2025-07-25,U09590
2025-07-27,U09590
2025-05-30,U09591
2025-06-14,U09591
2025-06-15,U09592
2025-06-15,U09592
2025-06-21,U09592
2025-06-23,U09592
2025-06-28,U09592
2025-07-01,U09592
2025-07-13,U09592
2025-07-02,U09593
2025-07-02,U09593
2025-07-03,U09593
2025-07-06,U09593
2025-07-12,U09593
2025-07-13,U09593
2025-07-15,U09593
2025-07-22,U09593
2025-05-26,U09594
2025-06-17,U09594
2025-06-20,U09594
2025-08-16,U09594
2025-06-08,U09595
2025-06-21,U09595
2025-06-25,U09595
2025-06-28,U09595
2025-07-05,U09595
2025-07-08,U09595
2025-08-19,U09595
2025-06-10,U09596
2025-06-15,U09596
2025-06-17,U09596
2025-06-18,U09596
2025-06-30,U09596
2025-07-09,U09596
2025-07-13,U09597
2025-07-14,U09597
2025-07-16,U09597
2025-07-17,U09597
2025-07-18,U09597
2025-07-21,U09597
2025-07-24,U09597
2025-07-25,U09597
2025-08-19,U09597
2025-06-16,U09598
2025-06-20,U09598
2025-06-21,U09598
2025-06-23,U09598
2025-06-26,U09598
2025-06-29,U09598
2025-07-02,U09598
2025-07-02,U09598
2025-07-10,U09598
2025-07-15,U09598
2025-05-30,U09599
2025-06-24,U09600
2025-07-09,U09600
2025-07-11,U09600
2025-07-12,U09600
2025-06-24,U09601
2025-06-25,U09601
2025-06-29,U09601
2025-06-30,U09601
2025-07-03,U09601
2025-07-04,U09601
2025-07-09,U09601
2025-07-11,U09601
2025-07-14,U09601
2025-07-19,U09601
2025-07-27,U09602
2025-08-01,U09602
2025-06-17,U09603
2025-06-23,U09603
2025-06-25,U09603
2025-06-26,U09603
2025-06-29,U09603
2025-07-08,U09603
2025-07-10,U09603
2025-07-13,U09603
2025-05-19,U09604
2025-05-25,U09604
2025-05-30,U09604
2025-06-02,U09604
2025-06-08,U09604
2025-06-17,U09604
2025-06-20,U09604
2025-05-29,U09605
2025-06-03,U09605
2025-06-05,U09605
2025-06-13,U09605
2025-06-17,U09605
2025-07-05,U09606
2025-07-18,U09606
2025-06-25,U09607
2025-06-26,U09607
2025-06-27,U09607
2025-07-09,U09607
2025-07-09,U09607
2025-07-13,U09607
2025-07-19,U09607
2025-05-18,U09608
2025-05-30,U09608
2025-06-11,U09608
2025-06-13,U09608
2025-05-22,U09609
2025-05-17,U09610
2025-06-20,U09611
2025-06-24,U09611
2025-06-27,U09611
2025-07-06,U09611
2025-06-12,U09612
2025-06-12,U09612
2025-06-29,U09612
2025-07-02,U09612
2025-07-04,U09612
2025-07-08,U09612
2025-06-11,U09613
2025-06-12,U09613
2025-06-12,U09613
2025-06-12,U09613
2025-06-20,U09613
2025-07-06,U09613
2025-07-07,U09613
2025-07-08,U09613
2025-07-10,U09613
2025-07-11,U09613
2025-06-27,U09614
2025-07-04,U09614
2025-07-04,U09614
2025-07-04,U09614
2025-07-12,U09614
2025-07-17,U09614
2025-07-21,U09614
2025-05-30,U09615
2025-06-09,U09616
2025-06-14,U09616
2025-06-27,U09616
2025-07-03,U09616
2025-07-04,U09616
2025-07-06,U09616
2025-07-07,U09616
2025-07-09,U09616
2025-07-10,U09616
2025-07-12,U09616
2025-05-30,U09617
2025-05-31,U09617
2025-06-01,U09617
2025-06-06,U09617
2025-06-06,U09617
2025-06-12,U09617
2025-06-14,U09617
2025-06-22,U09617
2025-07-04,U09617
2025-06-30,U09618
2025-07-02,U09618
2025-07-12,U09618
2025-07-08,U09619
2025-07-09,U09619
2025-07-18,U09619
2025-07-20,U09619
2025-07-20,U09619
2025-07-22,U09619
2025-07-23,U09619
2025-07-24,U09619
2025-07-25,U09619
2025-07-26,U09619
2025-05-30,U09620
2025-06-08,U09620
2025-06-23,U09620
2025-07-07,U09621
2025-07-08,U09621
2025-07-14,U09621
2025-07-16,U09621
2025-07-23,U09621
2025-07-26,U09621
2025-05-22,U09622
2025-05-27,U09622
2025-05-29,U09622
2025-06-06,U09622
2025-06-13,U09622
2025-06-18,U09622
2025-06-26,U09622
2025-07-08,U09623
2025-07-10,U09623
2025-07-17,U09623
2025-07-17,U09623
2025-07-22,U09623
2025-07-22,U09623
2025-07-24,U09623
2025-07-24,U09623
2025-07-26,U09623
2025-06-05,U09624
2025-06-06,U09624
2025-06-19,U09624
2025-06-23,U09624
2025-07-04,U09624
2025-07-08,U09624
2025-07-09,U09624
2025-06-04,U09625
2025-06-12,U09625
2025-06-13,U09625
2025-06-14,U09625
2025-06-20,U09625
2025-06-22,U09625
2025-06-27,U09625
2025-06-28,U09625
2025-07-02,U09625
2025-07-05,U09625
2025-07-10,U09626
2025-07-11,U09626
2025-07-12,U09626
2025-07-16,U09626
2025-07-18,U09626
2025-07-19,U09626
2025-07-21,U09626
2025-07-26,U09626
2025-08-19,U09626
2025-06-02,U09627
2025-06-21,U09627
2025-06-24,U09627
2025-05-25,U09628
2025-05-31,U09628
2025-06-07,U09628
2025-06-24,U09628
2025-06-27,U09628
2025-06-12,U09629
2025-06-13,U09629
2025-06-19,U09629
2025-06-23,U09629
2025-06-25,U09629
2025-06-27,U09629
2025-06-29,U09629
2025-06-29,U09629
2025-07-01,U09629
2025-06-01,U09630
2025-06-01,U09630
2025-06-12,U09630
2025-06-19,U09630
2025-06-27,U09630
2025-07-08,U09630
2025-08-15,U09630
2025-07-19,U09631
2025-07-19,U09631
2025-07-21,U09631
2025-07-22,U09631
2025-07-23,U09631
2025-07-23,U09631
2025-07-23,U09631
2025-07-30,U09631
2025-07-31,U09631
2025-08-01,U09631
2025-06-12,U09632
2025-06-17,U09632
2025-06-20,U09632
2025-06-30,U09632
2025-07-10,U09632
2025-07-13,U09632
2025-07-20,U09633
2025-07-22,U09633
2025-07-23,U09633
2025-07-29,U09633
2025-08-01,U09633
2025-06-05,U09634
2025-06-25,U09634
2025-07-20,U09635
2025-07-21,U09635
2025-07-27,U09635
2025-07-27,U09635
2025-07-28,U09635
2025-07-30,U09635
2025-08-01,U09635
2025-05-23,U09636
2025-05-20,U09637
2025-05-30,U09637
2025-06-01,U09637
2025-06-07,U09637
2025-06-12,U09637
2025-06-14,U09637
2025-06-28,U09637
2025-07-01,U09637
2025-05-26,U09638
2025-05-28,U09638
2025-05-29,U09638
2025-05-23,U09639
2025-05-30,U09639
2025-06-01,U09639
2025-06-17,U09639
2025-07-12,U09640
2025-07-16,U09640
2025-07-10,U09641
2025-07-10,U09641
2025-07-18,U09641
2025-07-21,U09641
2025-07-21,U09641
2025-07-24,U09641
2025-07-25,U09641
2025-07-27,U09641
2025-05-17,U09642
2025-05-26,U09642
2025-05-31,U09642
2025-06-04,U09642
2025-07-08,U09643
2025-07-10,U09643
2025-07-15,U09643
2025-07-23,U09643
2025-07-25,U09643
2025-07-22,U09644
2025-07-25,U09644
2025-07-31,U09644
2025-07-15,U09645
2025-07-16,U09645
2025-07-18,U09645
2025-07-21,U09646
2025-07-23,U09646
2025-07-27,U09646
2025-07-27,U09646
2025-07-28,U09646
2025-07-30,U09646
2025-08-01,U09646
2025-05-21,U09647
2025-05-31,U09647
2025-06-01,U09647
2025-06-11,U09647
2025-06-21,U09647
2025-06-22,U09647
2025-06-24,U09647
2025-06-24,U09647
2025-06-26,U09647
2025-07-02,U09647
2025-07-22,U09648
2025-07-25,U09648
2025-07-30,U09648
2025-06-21,U09649
2025-06-26,U09649
2025-07-05,U09649
2025-07-07,U09649
2025-07-15,U09649
2025-05-17,U09650
2025-06-04,U09650
2025-05-22,U09651
2025-06-15,U09651
2025-06-29,U09652
2025-07-05,U09652
2025-07-06,U09652
2025-07-07,U09652
2025-07-14,U09652
2025-07-16,U09652
2025-07-20,U09652
2025-07-03,U09653
2025-07-04,U09653
2025-07-17,U09653
2025-07-11,U09654
2025-07-15,U09654
2025-07-17,U09654
2025-07-21,U09654
2025-07-24,U09654
2025-07-26,U09654
2025-07-27,U09654
2025-05-26,U09655
2025-06-01,U09655
2025-06-03,U09655
2025-06-05,U09655
2025-06-13,U09655
2025-06-20,U09655
2025-06-23,U09655
2025-06-27,U09655
2025-06-29,U09655
2025-07-05,U09655
2025-05-22,U09656
2025-05-30,U09656
2025-06-16,U09656
2025-06-20,U09656
2025-06-25,U09656
2025-06-25,U09656
2025-07-03,U09656
2025-05-19,U09657
2025-05-20,U09657
2025-05-24,U09657
2025-05-30,U09657
2025-06-08,U09657
2025-06-09,U09657
2025-06-13,U09657
2025-06-16,U09657
2025-06-21,U09657
2025-07-01,U09657
2025-06-06,U09658
2025-06-11,U09658
2025-06-20,U09658
2025-06-23,U09658
2025-06-26,U09658
2025-06-29,U09658
2025-07-03,U09658
2025-07-06,U09658
2025-07-10,U09658
2025-07-10,U09659
2025-07-15,U09659
2025-07-17,U09659
2025-07-18,U09659
2025-07-20,U09659
2025-07-20,U09659
2025-07-21,U09659
2025-07-24,U09659
2025-07-25,U09659
2025-07-27,U09659
2025-06-29,U09660
2025-07-03,U09660
2025-07-07,U09660
2025-07-15,U09660
2025-07-18,U09660
2025-07-19,U09660
2025-07-22,U09660
2025-08-17,U09660
2025-05-17,U09661
2025-07-20,U09662
2025-07-22,U09662
2025-07-22,U09662
2025-07-23,U09662
2025-07-28,U09662
2025-07-31,U09662
2025-06-07,U09663
2025-06-20,U09663
2025-07-02,U09663
2025-07-06,U09663
2025-06-06,U09664
2025-06-06,U09664
2025-06-11,U09664
2025-06-20,U09664
2025-07-14,U09665
2025-07-21,U09665
2025-07-26,U09665
2025-06-10,U09666
2025-07-11,U09667
2025-07-23,U09667
2025-07-18,U09668
2025-07-21,U09668
2025-07-30,U09668
2025-07-07,U09669
2025-07-20,U09669
2025-05-30,U09670
2025-06-18,U09670
2025-07-09,U09671
2025-07-10,U09671
2025-07-14,U09671
2025-07-19,U09671
2025-07-20,U09671
2025-07-21,U09671
2025-07-25,U09671
2025-07-27,U09671
2025-05-19,U09672
2025-05-20,U09672
2025-05-22,U09672
2025-06-02,U09672
2025-08-17,U09672
2025-06-11,U09673
2025-07-04,U09673
2025-06-06,U09674
2025-06-07,U09674
2025-06-10,U09674
2025-06-20,U09674
2025-06-22,U09674
2025-06-23,U09674
2025-07-01,U09674
2025-07-10,U09674
2025-05-17,U09675
2025-05-17,U09676
2025-06-27,U09677
2025-06-29,U09677
2025-06-30,U09677
2025-06-30,U09677
2025-07-05,U09677
2025-07-09,U09677
2025-07-12,U09677
2025-07-13,U09677
2025-07-13,U09677
2025-07-20,U09677
2025-05-31,U09678
2025-06-09,U09678
2025-06-10,U09678
2025-05-25,U09679
2025-05-29,U09679
2025-05-31,U09679
2025-06-09,U09679
2025-06-10,U09679
2025-06-15,U09679
2025-06-16,U09679
2025-07-01,U09679
2025-05-18,U09680
2025-06-03,U09680
2025-06-20,U09680
2025-06-20,U09681
2025-06-22,U09681
2025-06-26,U09681
2025-06-30,U09681
2025-07-03,U09681
2025-07-06,U09681
2025-07-11,U09681
2025-07-11,U09681
2025-07-11,U09681
2025-07-17,U09681
2025-05-19,U09682
2025-08-21,U09682
2025-06-01,U09683
2025-06-06,U09683
2025-06-24,U09683
2025-07-10,U09684
2025-07-12,U09684
2025-07-12,U09684
2025-07-13,U09684
2025-07-22,U09684
2025-07-23,U09684
2025-07-24,U09684
2025-07-25,U09684
2025-05-28,U09685
2025-06-14,U09685
2025-07-12,U09686
2025-07-15,U09686
2025-07-24,U09686
2025-06-17,U09687
2025-07-02,U09687
2025-06-10,U09688
2025-06-14,U09688
2025-06-17,U09688
2025-06-22,U09688
2025-06-25,U09688
2025-06-30,U09688
2025-07-06,U09688
2025-05-18,U09689
2025-05-27,U09689
2025-06-01,U09689
2025-06-02,U09689
2025-06-05,U09689
2025-06-21,U09689
2025-06-22,U09689
2025-06-04,U09690
2025-05-17,U09691
2025-05-31,U09692
2025-06-13,U09692
2025-06-15,U09692
2025-06-21,U09692
2025-05-17,U09693
2025-06-18,U09694
2025-07-12,U09694
2025-07-08,U09695
2025-07-09,U09695
2025-07-12,U09695
2025-07-25,U09695
2025-07-09,U09696
2025-07-26,U09696
2025-06-07,U09697
2025-06-23,U09697
2025-07-06,U09697
2025-07-08,U09697
2025-06-10,U09698
2025-06-12,U09698
2025-06-13,U09698
2025-06-27,U09698
2025-07-01,U09698
2025-07-05,U09698
2025-07-09,U09698
2025-07-14,U09699
2025-07-21,U09699
2025-07-28,U09699
2025-08-16,U09699
2025-07-10,U09700
2025-07-16,U09700
2025-07-16,U09701
2025-07-21,U09701
2025-05-27,U09702
2025-05-29,U09702
2025-06-01,U09702
2025-06-22,U09702
2025-06-28,U09702
2025-06-27,U09703
2025-06-29,U09703
2025-07-09,U09703
2025-07-11,U09703
2025-07-14,U09703
2025-07-15,U09703
2025-07-11,U09704
2025-07-18,U09704
2025-07-19,U09704
2025-07-20,U09704
2025-07-22,U09704
2025-07-26,U09704
2025-07-27,U09704
2025-06-23,U09705
2025-06-25,U09705
2025-07-06,U09705
2025-07-07,U09705
2025-07-08,U09705
2025-07-18,U09705
2025-05-19,U09706
2025-05-24,U09706
2025-06-05,U09706
2025-06-19,U09706
2025-06-21,U09706
2025-06-26,U09706
2025-06-27,U09706
2025-06-29,U09706
2025-06-19,U09707
2025-06-19,U09707
2025-06-24,U09707
2025-07-01,U09707
2025-07-17,U09707
2025-06-21,U09708
2025-06-22,U09708
2025-06-25,U09708
2025-06-27,U09708
2025-07-01,U09708
2025-07-04,U09708
2025-07-18,U09708
2025-06-02,U09709
2025-06-06,U09709
2025-06-01,U09710
2025-06-12,U09710
2025-06-19,U09710
2025-05-21,U09711
2025-05-25,U09711
2025-05-29,U09711
2025-06-23,U09711
2025-06-26,U09711
2025-06-16,U09712
2025-06-22,U09712
2025-07-01,U09712
2025-07-11,U09712
2025-06-30,U09713
2025-07-10,U09713
2025-07-20,U09713
2025-08-20,U09713
2025-05-31,U09714
2025-06-05,U09714
2025-06-10,U09714
2025-06-23,U09714
2025-06-27,U09714
2025-06-28,U09714
2025-06-30,U09714
2025-07-01,U09714
2025-07-04,U09714
2025-06-23,U09715
2025-06-27,U09715
2025-06-29,U09715
2025-07-01,U09715
2025-07-04,U09715
2025-07-07,U09715
2025-07-15,U09715
2025-07-15,U09715
2025-07-16,U09715
2025-07-17,U09715
2025-06-06,U09716
2025-06-16,U09716
2025-06-17,U09716
2025-06-18,U09716
2025-07-04,U09716
2025-07-08,U09716
2025-05-27,U09717
2025-05-29,U09717
2025-05-31,U09717
2025-06-02,U09717
2025-06-05,U09717
2025-06-19,U09717
2025-06-20,U09717
2025-05-19,U09718
2025-06-04,U09718
2025-05-17,U09719
2025-05-18,U09719
2025-05-30,U09719
2025-05-17,U09720
2025-06-15,U09721
2025-06-18,U09721
2025-06-19,U09721
2025-06-20,U09721
2025-07-06,U09721
2025-07-12,U09721
2025-07-14,U09721
2025-07-15,U09721
2025-05-20,U09722
2025-06-22,U09722
2025-06-27,U09722
2025-06-29,U09722
2025-05-24,U09723
2025-05-31,U09723
2025-06-02,U09723
2025-06-15,U09723
2025-06-27,U09723
2025-06-28,U09723
2025-07-04,U09723
2025-07-06,U09724
2025-07-23,U09724
2025-05-17,U09725
2025-06-05,U09726
2025-06-08,U09726
2025-07-18,U09727
2025-07-24,U09727
2025-07-27,U09727
2025-07-04,U09728
2025-07-04,U09728
2025-07-06,U09728
2025-07-08,U09728
2025-07-09,U09728
2025-07-11,U09728
2025-07-18,U09728
2025-07-23,U09728
2025-08-16,U09728
2025-06-12,U09729
2025-06-14,U09729
2025-06-24,U09729
2025-06-25,U09729
2025-06-28,U09729
2025-07-11,U09729
2025-05-17,U09730
2025-08-18,U09730
2025-07-04,U09731
2025-07-05,U09731
2025-07-07,U09731
2025-07-11,U09731
2025-07-12,U09731
2025-07-13,U09731
2025-07-16,U09731
2025-07-19,U09731
2025-07-20,U09731
2025-07-23,U09731
2025-06-06,U09732
2025-06-10,U09732
2025-06-24,U09732
2025-06-29,U09732
2025-07-20,U09733
2025-07-28,U09733
2025-07-31,U09733
2025-05-18,U09734
2025-05-25,U09734
2025-06-22,U09734
2025-06-25,U09735
2025-07-02,U09735
2025-07-04,U09735
2025-07-04,U09735
2025-07-10,U09735
2025-07-13,U09735
2025-07-16,U09735
2025-07-17,U09735
2025-07-19,U09735
2025-05-21,U09736
2025-06-04,U09736
2025-06-05,U09736
2025-07-17,U09737
2025-07-18,U09737
2025-07-22,U09737
2025-07-29,U09737
2025-07-30,U09737
2025-07-16,U09738
2025-07-18,U09738
2025-07-20,U09738
2025-07-21,U09738
2025-07-23,U09738
2025-07-24,U09738
2025-07-25,U09738
2025-07-27,U09738
2025-07-28,U09738
2025-07-30,U09738
2025-07-09,U09739
2025-07-10,U09739
2025-07-13,U09739
2025-07-14,U09739
2025-07-14,U09739
2025-07-16,U09739
2025-07-20,U09739
2025-07-24,U09739
2025-07-26,U09739
2025-07-02,U09740
2025-07-15,U09740
2025-06-15,U09741
2025-06-18,U09741
2025-07-13,U09741
2025-05-25,U09742
2025-07-05,U09743
2025-07-07,U09743
2025-07-10,U09743
2025-07-10,U09743
2025-07-11,U09743
2025-07-11,U09743
2025-07-19,U09743
2025-07-22,U09743
2025-07-23,U09743
2025-08-20,U09743
2025-07-19,U09744
2025-07-21,U09744
2025-07-21,U09744
2025-07-23,U09744
2025-07-27,U09744
2025-07-31,U09744
2025-08-01,U09744
2025-06-09,U09745
2025-06-17,U09745
2025-06-30,U09745
2025-07-02,U09745
2025-07-03,U09745
2025-07-06,U09745
2025-07-09,U09745
2025-07-09,U09745
2025-07-10,U09745
2025-05-17,U09746
2025-07-03,U09747
2025-07-04,U09747
2025-07-06,U09747
2025-07-10,U09747
2025-07-10,U09747
2025-07-14,U09747
2025-07-17,U09747
2025-07-20,U09747
2025-07-22,U09747
2025-06-16,U09748
2025-07-09,U09748
2025-07-21,U09749
2025-08-01,U09749
2025-06-05,U09750
2025-06-08,U09750
2025-06-08,U09750
2025-06-10,U09750
2025-06-18,U09750
2025-06-18,U09750
2025-06-23,U09750
2025-06-28,U09750
2025-06-30,U09750
2025-07-09,U09750
2025-06-21,U09751
2025-06-22,U09751
2025-07-12,U09751
2025-07-15,U09751
2025-07-16,U09751
2025-05-19,U09752
2025-05-20,U09752
2025-05-24,U09752
2025-06-17,U09752
2025-06-19,U09752
2025-06-23,U09752
2025-06-24,U09752
2025-06-07,U09753
2025-06-15,U09753
2025-06-23,U09753
2025-06-27,U09753
2025-07-11,U09753
2025-05-21,U09754
2025-05-21,U09754
2025-05-23,U09754
2025-05-27,U09754
2025-05-28,U09754
2025-06-09,U09754
2025-06-20,U09754
2025-06-24,U09754
2025-07-02,U09754
2025-06-07,U09755
2025-06-20,U09755
2025-06-21,U09755
2025-07-07,U09755
2025-05-17,U09756
2025-07-15,U09757
2025-07-17,U09757
2025-07-18,U09757
2025-07-22,U09757
2025-07-25,U09757
2025-07-26,U09757
2025-07-30,U09757
2025-06-05,U09758
2025-06-15,U09758
2025-06-23,U09758
2025-06-30,U09758
2025-07-02,U09758
2025-07-03,U09758
2025-07-04,U09758
2025-07-07,U09758
2025-06-19,U09759
2025-06-23,U09759
2025-06-24,U09759
2025-06-24,U09759
2025-06-28,U09759
2025-07-03,U09759
2025-07-05,U09759
2025-07-06,U09759
2025-07-16,U09759
2025-07-03,U09760
2025-07-06,U09760
2025-07-09,U09760
2025-07-11,U09760
2025-07-12,U09760
2025-07-17,U09760
2025-07-20,U09760
2025-07-22,U09760
2025-07-24,U09760
2025-08-15,U09760
2025-07-07,U09761
2025-07-08,U09761
2025-07-09,U09761
2025-07-14,U09761
2025-07-17,U09761
2025-07-23,U09761
2025-07-24,U09761
2025-07-24,U09761
2025-07-25,U09761
2025-05-17,U09762
2025-08-19,U09762
2025-05-27,U09763
2025-05-29,U09763
2025-06-01,U09763
2025-06-06,U09763
2025-06-08,U09763
2025-06-27,U09764
2025-07-02,U09764
2025-07-02,U09764
2025-07-04,U09764
2025-07-06,U09764
2025-07-08,U09764
2025-07-13,U09764
2025-07-13,U09764
2025-07-15,U09764
2025-07-21,U09764
2025-06-03,U09765
2025-06-07,U09765
2025-06-28,U09765
2025-06-28,U09765
2025-07-02,U09765
2025-07-08,U09765
2025-07-02,U09766
2025-07-04,U09766
2025-07-13,U09766
2025-07-15,U09766
2025-07-19,U09766
2025-07-20,U09766
2025-07-21,U09766
2025-07-22,U09767
2025-07-22,U09767
2025-07-22,U09767
2025-07-24,U09767
2025-07-25,U09767
2025-05-19,U09768
2025-05-18,U09769
2025-05-17,U09770
2025-06-15,U09771
2025-06-16,U09771
2025-06-16,U09771
2025-06-27,U09771
2025-07-01,U09771
2025-07-03,U09771
2025-07-13,U09771
2025-07-13,U09771
2025-07-15,U09771
2025-07-09,U09772
2025-07-11,U09772
2025-05-30,U09773
2025-06-09,U09773
2025-06-09,U09774
2025-06-10,U09774
2025-06-15,U09774
2025-06-18,U09774
2025-06-24,U09774
2025-07-10,U09774
2025-07-11,U09774
2025-07-06,U09775
2025-07-06,U09775
2025-07-07,U09775
2025-07-09,U09775
2025-07-11,U09775
2025-07-13,U09775
2025-07-21,U09775
2025-07-22,U09775
2025-07-25,U09775
2025-06-23,U09776
2025-07-14,U09777
2025-07-15,U09777
2025-07-16,U09777
2025-07-16,U09777
2025-07-18,U09777
2025-07-18,U09777
2025-07-23,U09777
2025-07-28,U09777
2025-07-20,U09778
2025-07-20,U09778
2025-07-20,U09778
2025-07-23,U09778
2025-07-25,U09778
2025-07-25,U09778
2025-07-26,U09778
2025-07-26,U09778
2025-07-31,U09778
2025-08-01,U09778
2025-05-17,U09779
2025-07-06,U09780
2025-07-08,U09780
2025-07-11,U09780
2025-07-16,U09780
2025-07-19,U09780
2025-07-21,U09780
2025-07-22,U09780
2025-07-14,U09781
2025-07-23,U09781
2025-07-25,U09781
2025-07-25,U09781
2025-07-29,U09781
2025-06-03,U09782
2025-05-24,U09783
2025-07-02,U09784
2025-07-08,U09784
2025-06-17,U09785
2025-06-24,U09785
2025-06-30,U09785
2025-07-07,U09785
2025-07-09,U09785
2025-07-09,U09785
2025-07-10,U09785
2025-07-16,U09785
2025-07-06,U09786
2025-07-10,U09786
2025-07-13,U09786
2025-07-25,U09786
2025-05-26,U09787
2025-05-31,U09787
2025-06-09,U09787
2025-06-11,U09787
2025-05-17,U09788
2025-05-17,U09789
2025-05-17,U09790
2025-07-22,U09791
2025-07-23,U09791
2025-07-27,U09791
2025-07-28,U09791
2025-07-31,U09791
2025-07-11,U09792
2025-07-20,U09792
2025-06-11,U09793
2025-06-30,U09793
2025-07-07,U09793
2025-08-20,U09793
2025-06-02,U09794
2025-06-19,U09794
2025-07-17,U09795
2025-07-20,U09795
2025-07-22,U09795
2025-07-23,U09795
2025-07-23,U09795
2025-07-26,U09795
2025-07-27,U09795
2025-07-28,U09795
2025-07-29,U09795
2025-07-30,U09795
2025-07-01,U09796
2025-07-02,U09796
2025-07-05,U09796
2025-07-06,U09796
2025-07-07,U09796
2025-07-08,U09796
2025-07-13,U09796
2025-07-16,U09796
2025-06-21,U09797
2025-06-24,U09797
2025-06-22,U09798
2025-06-24,U09798
2025-06-25,U09798
2025-06-25,U09798
2025-06-28,U09798
2025-07-05,U09798
2025-07-12,U09798
2025-06-07,U09799
2025-05-20,U09800
2025-06-07,U09800
2025-06-25,U09800
2025-05-20,U09801
2025-05-22,U09801
2025-05-26,U09801
2025-06-28,U09801
2025-07-01,U09801
2025-06-18,U09802
2025-06-25,U09802
2025-07-07,U09802
2025-07-07,U09802
2025-07-12,U09802
2025-07-13,U09802
2025-06-27,U09803
2025-06-27,U09803
2025-06-29,U09803
2025-07-07,U09803
2025-07-09,U09803
2025-07-10,U09803
2025-07-15,U09803
2025-07-19,U09803
2025-07-20,U09803
2025-06-07,U09804
2025-06-12,U09804
2025-05-28,U09805
2025-06-05,U09805
2025-07-04,U09806
2025-07-09,U09806
2025-07-15,U09806
2025-07-17,U09806
2025-08-20,U09806
2025-06-28,U09807
2025-07-08,U09807
2025-07-21,U09807
2025-07-05,U09808
2025-07-21,U09808
2025-07-18,U09809
2025-07-19,U09809
2025-07-19,U09809
2025-07-19,U09809
2025-07-21,U09809
2025-07-23,U09809
2025-07-24,U09809
2025-07-26,U09809
2025-07-27,U09809
2025-07-30,U09809
2025-07-11,U09810
2025-07-27,U09810
2025-05-17,U09811
2025-05-17,U09812
2025-05-30,U09812
2025-06-12,U09812
2025-06-17,U09812
2025-06-18,U09812
2025-06-21,U09812
2025-06-22,U09812
2025-06-26,U09812
2025-05-19,U09813
2025-05-25,U09813
2025-06-15,U09813
2025-06-18,U09813
2025-07-10,U09814
2025-07-14,U09814
2025-07-17,U09814
2025-07-18,U09814
2025-07-20,U09814
2025-07-22,U09814
2025-07-27,U09814
2025-07-19,U09815
2025-07-20,U09815
2025-07-24,U09815
2025-07-29,U09815
2025-07-30,U09815
2025-07-31,U09815
2025-05-31,U09816
2025-07-04,U09816
2025-05-31,U09817
2025-06-10,U09817
2025-07-04,U09817
2025-05-19,U09818
2025-05-21,U09818
2025-05-21,U09818
2025-05-26,U09818
2025-05-31,U09818
2025-06-09,U09818
2025-06-14,U09818
2025-06-18,U09818
2025-06-24,U09818
2025-07-07,U09819
2025-07-09,U09819
2025-07-12,U09819
2025-07-20,U09819
2025-07-21,U09819
2025-07-24,U09819
2025-05-19,U09820
2025-05-20,U09820
2025-06-18,U09820
2025-06-24,U09820
2025-05-27,U09821
2025-05-31,U09821
2025-06-03,U09821
2025-06-21,U09821
2025-06-12,U09822
2025-06-14,U09822
2025-06-21,U09822
2025-07-22,U09823
2025-07-25,U09823
2025-06-01,U09824
2025-06-03,U09824
2025-06-18,U09824
2025-06-19,U09824
2025-06-27,U09824
2025-06-28,U09824
2025-07-05,U09824
2025-07-08,U09824
2025-07-23,U09825
2025-07-24,U09825
2025-07-25,U09825
2025-07-26,U09825
2025-07-27,U09825
2025-07-27,U09825
2025-07-30,U09825
2025-07-30,U09825
2025-07-31,U09825
2025-07-03,U09826
2025-07-07,U09826
2025-07-10,U09826
2025-07-17,U09826
2025-07-18,U09826
2025-07-20,U09826
2025-07-23,U09826
2025-07-18,U09827
2025-07-30,U09827
2025-07-17,U09828
2025-07-21,U09828
2025-07-22,U09828
2025-07-25,U09828
2025-07-27,U09828
2025-07-27,U09828
2025-07-29,U09828
2025-07-31,U09828
2025-06-25,U09829
2025-07-13,U09829
2025-06-08,U09830
2025-06-13,U09830
2025-06-29,U09831
2025-07-01,U09831
2025-07-06,U09831
2025-07-08,U09831
2025-07-13,U09831
2025-07-22,U09831
2025-06-22,U09832
2025-07-02,U09832
2025-07-08,U09832
2025-05-26,U09833
2025-05-26,U09833
2025-06-09,U09833
2025-06-10,U09833
2025-06-22,U09833
2025-06-24,U09833
2025-07-09,U09834
2025-07-14,U09834
2025-07-17,U09835
2025-07-22,U09835
2025-07-23,U09835
2025-07-27,U09835
2025-07-31,U09835
2025-05-19,U09836
2025-06-03,U09836
2025-06-05,U09836
2025-06-14,U09836
2025-06-25,U09836
2025-06-25,U09836
2025-06-27,U09836
2025-06-10,U09837
2025-06-14,U09837
2025-06-27,U09838
2025-07-02,U09838
2025-07-07,U09838
2025-07-11,U09838
2025-07-20,U09838
2025-06-01,U09839
2025-06-07,U09839
2025-06-08,U09839
2025-06-30,U09840
2025-07-17,U09840
2025-07-18,U09840
2025-07-22,U09840
2025-05-29,U09841
2025-06-12,U09842
2025-06-19,U09842
2025-06-23,U09842
2025-07-01,U09842
2025-07-04,U09842
2025-07-05,U09842
2025-07-06,U09842
2025-07-12,U09842
2025-07-13,U09842
2025-08-21,U09842
2025-05-17,U09843
2025-06-05,U09844
2025-06-11,U09844
2025-06-30,U09844
2025-07-04,U09844
2025-07-07,U09844
2025-07-07,U09844
2025-07-09,U09844
2025-07-18,U09845
2025-07-20,U09845
2025-07-22,U09845
2025-07-24,U09845
2025-07-31,U09845
2025-06-11,U09846
2025-06-15,U09846
2025-06-27,U09846
2025-07-01,U09846
2025-07-10,U09846
2025-07-12,U09846
2025-07-13,U09846
2025-06-17,U09847
2025-06-23,U09847
2025-06-28,U09847
2025-07-03,U09847
2025-07-14,U09847
2025-07-16,U09847
2025-06-06,U09848
2025-06-09,U09848
2025-06-17,U09848
2025-06-21,U09848
2025-05-23,U09849
2025-06-17,U09850
2025-06-20,U09850
2025-07-01,U09850
2025-07-01,U09850
2025-07-02,U09850
2025-07-11,U09850
2025-07-16,U09850
2025-06-21,U09851
2025-07-01,U09851
2025-07-02,U09851
2025-07-09,U09851
2025-07-13,U09851
2025-07-17,U09851
2025-07-18,U09851
2025-06-01,U09852
2025-06-14,U09853
2025-06-18,U09853
2025-06-23,U09853
2025-06-24,U09853
2025-07-23,U09854
2025-07-26,U09854
2025-07-02,U09855
2025-07-11,U09855
2025-06-06,U09856
2025-05-29,U09857
2025-05-30,U09857
2025-06-07,U09857
2025-06-26,U09857
2025-07-18,U09858
2025-07-26,U09858
2025-07-10,U09859
2025-07-14,U09859
2025-07-15,U09859
2025-07-16,U09859
2025-07-19,U09859
2025-07-20,U09859
2025-07-21,U09859
2025-07-24,U09859
2025-07-26,U09859
2025-07-27,U09859
2025-07-15,U09860
2025-07-16,U09860
2025-07-21,U09860
2025-07-23,U09860
2025-07-24,U09860
2025-07-26,U09860
2025-07-29,U09860
2025-05-17,U09861
2025-05-24,U09862
2025-06-23,U09862
2025-07-09,U09863
2025-07-17,U09863
2025-07-26,U09863
2025-07-27,U09863
2025-05-17,U09864
2025-05-17,U09864
2025-05-18,U09864
2025-06-01,U09864
2025-06-02,U09864
2025-06-08,U09864
2025-06-13,U09864
2025-06-28,U09864
2025-05-17,U09865
2025-06-04,U09866
2025-06-12,U09866
2025-06-12,U09866
2025-06-15,U09866
2025-06-16,U09866
2025-06-18,U09866
2025-06-19,U09866
2025-06-24,U09866
2025-07-03,U09866
2025-07-09,U09866
2025-05-17,U09867
2025-06-01,U09868
2025-06-05,U09868
2025-06-07,U09868
2025-06-10,U09868
2025-06-16,U09868
2025-07-03,U09869
2025-07-03,U09869
2025-07-04,U09869
2025-07-04,U09869
2025-07-06,U09869
2025-07-07,U09869
2025-07-16,U09869
2025-07-21,U09869
2025-07-22,U09869
2025-07-23,U09869
2025-05-19,U09870
2025-05-23,U09870
2025-05-23,U09870
2025-06-01,U09870
2025-06-06,U09870
2025-06-13,U09870
2025-06-17,U09870
2025-06-27,U09870
2025-05-24,U09871
2025-06-13,U09871
2025-06-19,U09871
2025-06-20,U09871
2025-06-28,U09871
2025-07-01,U09871
2025-07-02,U09871
2025-08-17,U09871
2025-06-13,U09872
2025-06-25,U09872
2025-07-01,U09872
2025-07-10,U09872
2025-07-14,U09872
2025-06-09,U09873
2025-07-15,U09874
2025-07-15,U09874
2025-07-18,U09874
2025-07-19,U09874
2025-07-19,U09874
2025-07-22,U09874
2025-07-22,U09874
2025-07-24,U09874
2025-07-26,U09874
2025-07-29,U09874
2025-05-20,U09875
2025-05-24,U09875
2025-05-27,U09875
2025-05-29,U09875
2025-05-31,U09875
2025-06-02,U09875
2025-06-05,U09875
2025-06-19,U09875
2025-06-20,U09875
2025-06-28,U09875
2025-05-17,U09876
2025-05-31,U09877
2025-06-07,U09877
2025-06-10,U09877
2025-06-13,U09877
2025-07-15,U09878
2025-07-20,U09878
2025-07-21,U09878
2025-07-24,U09878
2025-07-28,U09878
2025-07-29,U09878
2025-05-22,U09879
2025-06-05,U09879
2025-06-11,U09879
2025-06-20,U09879
2025-05-28,U09880
2025-06-03,U09880
2025-06-11,U09880
2025-07-05,U09881
2025-07-08,U09881
2025-07-09,U09881
2025-07-12,U09881
2025-07-12,U09881
2025-07-16,U09881
2025-07-24,U09881
2025-06-26,U09882
2025-07-01,U09882
2025-07-05,U09882
2025-07-12,U09882
2025-07-17,U09882
2025-07-18,U09882
2025-07-20,U09882
2025-06-11,U09883
2025-06-20,U09883
2025-06-24,U09883
2025-07-10,U09883
2025-07-10,U09883
2025-07-12,U09883
2025-07-02,U09884
2025-07-03,U09884
2025-07-06,U09884
2025-07-06,U09884
2025-07-13,U09884
2025-07-13,U09884
2025-07-18,U09884
2025-07-20,U09884
2025-07-01,U09885
2025-07-13,U09885
2025-07-14,U09885
2025-07-14,U09885
2025-07-17,U09885
2025-07-23,U09885
2025-06-05,U09886
2025-08-15,U09886
2025-07-22,U09887
2025-07-22,U09887
2025-07-22,U09887
2025-07-30,U09887
2025-05-19,U09888
2025-07-03,U09889
2025-07-14,U09889
2025-07-17,U09889
2025-07-24,U09889
2025-06-18,U09890
2025-06-22,U09890
2025-06-30,U09890
2025-07-08,U09890
2025-07-15,U09890
2025-07-16,U09890
2025-08-19,U09890
2025-06-27,U09891
2025-07-08,U09891
2025-07-13,U09891
2025-07-21,U09891
2025-07-09,U09892
2025-07-14,U09892
2025-07-18,U09892
2025-07-20,U09892
2025-07-20,U09892
2025-07-25,U09892
2025-07-16,U09893
2025-07-30,U09893
2025-07-14,U09894
2025-07-27,U09894
2025-07-28,U09894
2025-07-09,U09895
2025-07-10,U09895
2025-07-10,U09895
2025-07-11,U09895
2025-07-12,U09895
2025-07-13,U09895
2025-07-16,U09895
2025-07-19,U09895
2025-07-21,U09895
2025-07-26,U09895
2025-05-22,U09896
2025-05-24,U09896
2025-05-29,U09896
2025-07-17,U09897
2025-07-17,U09897
2025-07-25,U09897
2025-07-26,U09897
2025-07-26,U09897
2025-07-28,U09897
2025-07-28,U09897
2025-07-29,U09897
2025-07-31,U09897
2025-06-21,U09898
2025-06-21,U09898
2025-06-23,U09898
2025-06-25,U09898
2025-06-28,U09898
2025-07-08,U09898
2025-07-09,U09898
2025-07-09,U09898
2025-07-16,U09898
2025-07-18,U09898
2025-07-15,U09899
2025-07-18,U09899
2025-07-20,U09899
2025-07-22,U09899
2025-07-25,U09899
2025-07-27,U09899
2025-07-27,U09899
2025-07-28,U09899
2025-07-30,U09899
2025-06-27,U09900
2025-06-29,U09900
2025-07-03,U09900
2025-07-06,U09900
2025-07-06,U09900
2025-07-10,U09900
2025-07-11,U09900
2025-07-14,U09900
2025-07-16,U09900
2025-08-16,U09900
2025-06-29,U09901
2025-07-02,U09901
2025-07-12,U09901
2025-07-16,U09901
2025-07-21,U09901
2025-06-18,U09902
2025-06-26,U09902
2025-06-27,U09902
2025-06-30,U09902
2025-07-04,U09902
2025-07-15,U09902
2025-05-28,U09903
2025-06-09,U09903
2025-07-04,U09903
2025-08-18,U09903
2025-07-03,U09904
2025-07-04,U09904
2025-07-07,U09904
2025-07-08,U09904
2025-07-10,U09904
2025-07-12,U09904
2025-07-15,U09904
2025-07-22,U09904
2025-07-24,U09904
2025-07-13,U09905
2025-07-14,U09905
2025-07-17,U09905
2025-07-29,U09905
2025-07-13,U09906
2025-07-22,U09906
2025-07-25,U09906
2025-07-29,U09906
2025-05-18,U09907
2025-05-21,U09907
2025-06-04,U09907
2025-06-06,U09907
2025-05-20,U09908
2025-05-23,U09908
2025-05-25,U09908
2025-06-15,U09908
2025-06-19,U09908
2025-06-29,U09909
2025-06-30,U09909
2025-07-01,U09909
2025-07-05,U09909
2025-07-05,U09909
2025-07-05,U09909
2025-07-13,U09909
2025-07-16,U09909
2025-07-19,U09909
2025-07-22,U09909
2025-05-17,U09910
2025-06-02,U09911
2025-06-05,U09911
2025-06-10,U09911
2025-06-15,U09911
2025-06-16,U09911
2025-06-17,U09911
2025-06-22,U09911
2025-06-23,U09911
2025-05-26,U09912
2025-06-02,U09912
2025-06-06,U09912
2025-06-09,U09912
2025-06-14,U09912
2025-06-22,U09912
2025-06-24,U09912
2025-06-26,U09912
2025-06-27,U09912
2025-07-04,U09912
2025-05-21,U09913
2025-06-02,U09913
2025-06-08,U09913
2025-06-18,U09913
2025-06-20,U09913
2025-06-22,U09913
2025-06-23,U09913
2025-06-13,U09914
2025-06-16,U09914
2025-06-17,U09914
2025-06-18,U09914
2025-06-21,U09914
2025-06-25,U09914
2025-06-25,U09914
2025-07-09,U09914
2025-07-13,U09914
2025-06-19,U09915
2025-07-03,U09915
2025-07-11,U09915
2025-07-13,U09915
2025-07-16,U09915
2025-05-26,U09916
2025-05-31,U09916
2025-06-06,U09916
2025-06-18,U09916
2025-06-21,U09916
2025-06-25,U09916
2025-06-26,U09916
2025-07-02,U09916
2025-07-05,U09916
2025-07-09,U09917
2025-07-23,U09917
2025-05-26,U09918
2025-05-29,U09918
2025-05-30,U09918
2025-06-15,U09918
2025-06-17,U09918
2025-06-26,U09918
2025-07-02,U09918
2025-07-04,U09918
2025-07-13,U09919
2025-07-21,U09919
2025-07-27,U09919
2025-06-21,U09920
2025-06-21,U09920
2025-07-08,U09920
2025-07-14,U09920
2025-07-14,U09920
2025-07-16,U09920
2025-08-17,U09920
2025-05-27,U09921
2025-05-29,U09921
2025-06-05,U09921
2025-06-06,U09921
2025-06-08,U09921
2025-06-26,U09921
2025-07-05,U09921
2025-06-17,U09922
2025-06-17,U09922
2025-06-21,U09922
2025-06-22,U09922
2025-06-23,U09922
2025-06-29,U09922
2025-06-29,U09922
2025-07-02,U09922
2025-07-11,U09922
2025-07-12,U09922
2025-07-09,U09923
2025-07-12,U09923
2025-07-13,U09923
2025-07-15,U09923
2025-07-15,U09923
2025-07-20,U09923
2025-07-22,U09923
2025-07-23,U09923
2025-07-27,U09923
2025-05-17,U09924
2025-06-28,U09925
2025-07-01,U09925
2025-07-03,U09925
2025-07-06,U09925
2025-07-07,U09925
2025-07-12,U09925
2025-07-17,U09925
2025-07-17,U09925
2025-07-21,U09925
2025-07-18,U09926
2025-07-18,U09926
2025-07-18,U09926
2025-07-23,U09926
2025-07-23,U09926
2025-07-26,U09926
2025-07-31,U09926
2025-06-13,U09927
2025-07-07,U09928
2025-07-09,U09928
2025-07-10,U09928
2025-07-13,U09928
2025-07-20,U09928
2025-07-21,U09928
2025-07-26,U09928
2025-07-06,U09929
2025-07-25,U09929
2025-07-03,U09930
2025-07-04,U09930
2025-07-13,U09930
2025-07-14,U09930
2025-07-15,U09930
2025-07-17,U09930
2025-07-20,U09930
2025-07-22,U09930
2025-07-24,U09930
2025-07-16,U09931
2025-07-17,U09931
2025-07-17,U09931
2025-07-20,U09931
2025-07-23,U09931
2025-07-25,U09931
2025-07-27,U09931
2025-07-29,U09931
2025-06-21,U09932
2025-06-30,U09932
2025-07-14,U09932
2025-07-15,U09932
2025-07-17,U09932
2025-06-27,U09933
2025-06-29,U09933
2025-07-17,U09933
2025-06-03,U09934
2025-06-19,U09934
2025-07-19,U09935
2025-07-21,U09935
2025-07-22,U09935
2025-07-25,U09935
2025-07-27,U09935
2025-07-29,U09935
2025-06-16,U09936
2025-05-25,U09937
2025-05-30,U09937
2025-06-04,U09937
2025-07-18,U09938
2025-07-21,U09938
2025-07-21,U09938
2025-07-23,U09938
2025-07-26,U09938
2025-07-28,U09938
2025-07-29,U09938
2025-07-31,U09938
2025-08-15,U09938
2025-06-17,U09939
2025-06-30,U09939
2025-07-09,U09939
2025-06-16,U09940
2025-06-16,U09940
2025-06-17,U09940
2025-06-19,U09940
2025-07-05,U09940
2025-07-06,U09940
2025-07-09,U09940
2025-07-09,U09940
2025-07-12,U09940
2025-07-13,U09940
2025-05-21,U09941
2025-05-27,U09941
2025-06-02,U09941
2025-06-04,U09941
2025-06-10,U09941
2025-06-19,U09942
2025-06-28,U09942
2025-07-02,U09942
2025-07-07,U09942
2025-05-18,U09943
2025-06-09,U09943
2025-05-20,U09944
2025-05-29,U09944
2025-06-04,U09944
2025-07-12,U09945
2025-07-19,U09945
2025-07-23,U09945
2025-07-25,U09945
2025-07-27,U09945
2025-05-20,U09946
2025-05-23,U09946
2025-05-31,U09946
2025-06-05,U09946
2025-06-10,U09946
2025-06-17,U09946
2025-06-30,U09946
2025-06-30,U09946
2025-07-02,U09946
2025-07-23,U09947
2025-07-24,U09947
2025-07-30,U09947
2025-06-27,U09948
2025-06-30,U09948
2025-07-04,U09948
2025-07-12,U09948
2025-07-21,U09949
2025-07-21,U09949
2025-07-23,U09949
2025-07-25,U09949
2025-07-26,U09949
2025-08-01,U09949
2025-05-17,U09950
2025-05-29,U09951
2025-06-08,U09951
2025-06-20,U09951
2025-08-18,U09951
2025-06-19,U09952
2025-07-06,U09952
2025-07-08,U09952
2025-07-11,U09952
2025-06-26,U09953
2025-07-03,U09953
2025-07-06,U09953
2025-07-09,U09953
2025-07-10,U09953
2025-07-15,U09953
2025-07-20,U09953
2025-06-16,U09954
2025-07-04,U09954
2025-07-08,U09954
2025-07-09,U09954
2025-07-10,U09954
2025-07-12,U09954
2025-07-14,U09954
2025-07-04,U09955
2025-07-11,U09955
2025-07-24,U09955
2025-05-23,U09956
2025-06-14,U09956
2025-07-17,U09957
2025-07-21,U09957
2025-07-23,U09957
2025-07-25,U09957
2025-07-27,U09957
2025-07-31,U09957
2025-07-07,U09958
2025-07-11,U09958
2025-07-18,U09958
2025-07-18,U09958
2025-07-18,U09958
2025-07-21,U09958
2025-07-24,U09958
2025-08-15,U09958
2025-05-22,U09959
2025-05-28,U09959
2025-06-01,U09959
2025-06-10,U09959
2025-06-13,U09959
2025-06-20,U09959
2025-05-18,U09960
2025-05-25,U09960
2025-06-14,U09960
2025-06-20,U09960
2025-06-27,U09961
2025-06-29,U09961
2025-07-07,U09961
2025-07-14,U09961
2025-07-16,U09961
2025-07-20,U09961
2025-07-21,U09961
2025-08-18,U09961
2025-05-17,U09962
2025-07-07,U09963
2025-07-08,U09963
2025-07-08,U09963
2025-07-10,U09963
2025-07-12,U09963
2025-07-13,U09963
2025-07-14,U09963
2025-07-24,U09963
2025-07-25,U09963
2025-07-26,U09963
2025-07-11,U09964
2025-07-18,U09964
2025-05-18,U09965
2025-05-27,U09966
2025-05-27,U09966
2025-06-17,U09966
2025-07-05,U09967
2025-07-08,U09967
2025-07-16,U09967
2025-07-18,U09967
2025-07-05,U09968
2025-07-11,U09968
2025-07-11,U09968
2025-07-13,U09968
2025-07-15,U09968
2025-07-20,U09968
2025-07-21,U09968
2025-07-21,U09968
2025-07-25,U09968
2025-06-14,U09969
2025-06-15,U09969
2025-06-20,U09969
2025-06-21,U09969
2025-06-25,U09969
2025-06-28,U09969
2025-06-29,U09969
2025-06-10,U09970
2025-06-10,U09970
2025-06-18,U09970
2025-06-19,U09970
2025-06-24,U09970
2025-06-30,U09970
2025-07-07,U09970
2025-07-07,U09970
2025-07-10,U09970
2025-07-11,U09970
2025-06-05,U09971
2025-06-08,U09971
2025-06-10,U09971
2025-06-13,U09971
2025-06-26,U09971
2025-06-30,U09971
2025-07-03,U09971
2025-07-07,U09971
2025-07-08,U09971
2025-07-10,U09972
2025-07-13,U09972
2025-07-18,U09972
2025-07-06,U09973
2025-07-10,U09973
2025-07-10,U09973
2025-07-10,U09973
2025-07-11,U09973
2025-07-12,U09973
2025-07-18,U09973
2025-07-19,U09973
2025-07-21,U09973
2025-07-24,U09973
2025-06-01,U09974
2025-07-02,U09974
2025-05-21,U09975
2025-05-25,U09975
2025-06-01,U09975
2025-06-06,U09975
2025-06-22,U09975
2025-06-24,U09975
2025-06-27,U09975
2025-08-21,U09975
2025-06-27,U09976
2025-06-29,U09976
2025-07-05,U09976
2025-07-07,U09976
2025-07-08,U09976
2025-07-09,U09976
2025-07-13,U09976
2025-07-15,U09976
2025-07-16,U09976
2025-07-17,U09976
2025-08-15,U09976
2025-07-11,U09977
2025-07-11,U09977
2025-07-13,U09977
2025-07-17,U09977
2025-07-19,U09977
2025-07-20,U09977
2025-07-25,U09977
2025-07-27,U09977
2025-06-20,U09978
2025-07-10,U09978
2025-07-14,U09978
2025-07-15,U09978
2025-07-03,U09979
2025-07-04,U09979
2025-07-11,U09979
2025-07-16,U09979
2025-07-16,U09979
2025-07-20,U09979
2025-07-07,U09980
2025-07-23,U09980
2025-07-04,U09981
2025-07-13,U09981
2025-07-20,U09981
2025-06-06,U09982
2025-05-19,U09983
2025-07-07,U09984
2025-07-07,U09984
2025-07-13,U09984
2025-07-21,U09984
2025-07-22,U09984
2025-07-25,U09984
2025-07-26,U09984
2025-07-03,U09985
2025-07-04,U09985
2025-07-12,U09985
2025-07-19,U09985
2025-07-20,U09985
2025-07-21,U09985
2025-07-22,U09985
2025-07-22,U09985
2025-07-23,U09985
2025-07-24,U09985
2025-06-04,U09986
2025-06-06,U09986
2025-06-08,U09986
2025-06-12,U09986
2025-07-19,U09987
2025-07-19,U09987
2025-07-20,U09987
2025-07-20,U09987
2025-07-20,U09987
2025-07-23,U09987
2025-07-26,U09987
2025-07-27,U09987
2025-07-31,U09987
2025-07-11,U09988
2025-07-13,U09988
2025-07-13,U09988
2025-07-13,U09988
2025-07-14,U09988
2025-07-17,U09988
2025-07-17,U09988
2025-07-19,U09988
2025-07-23,U09988
2025-07-28,U09988
2025-07-15,U09989
2025-07-21,U09989
2025-07-18,U09990
2025-07-18,U09990
2025-07-20,U09990
2025-07-23,U09990
2025-07-25,U09990
2025-07-26,U09990
2025-07-26,U09990
2025-07-27,U09990
2025-07-30,U09990
2025-06-27,U09991
2025-05-17,U09992
2025-05-28,U09993
2025-06-08,U09993
2025-06-09,U09993
2025-06-07,U09994
2025-06-24,U09994
2025-06-27,U09994
2025-06-29,U09994
2025-07-03,U09994
2025-07-10,U09994
2025-07-11,U09994
2025-07-19,U09995
2025-07-21,U09995
2025-07-25,U09995
2025-07-25,U09995
2025-07-26,U09995
2025-07-28,U09995
2025-07-30,U09995
2025-05-24,U09996
2025-06-09,U09996
2025-07-12,U09997
2025-07-15,U09997
2025-07-17,U09997
2025-07-20,U09997
2025-07-21,U09997
2025-07-22,U09997
2025-07-23,U09997
2025-07-23,U09997
2025-07-26,U09997
2025-07-28,U09997
2025-06-03,U09998
2025-06-06,U09998
2025-06-08,U09998
2025-06-23,U09998
2025-06-24,U09998
2025-06-26,U09998
2025-06-28,U09998
2025-06-14,U09999
2025-06-17,U09999
2025-06-17,U09999
2025-06-19,U09999
2025-07-01,U09999
2025-07-03,U09999
2025-07-05,U09999
2025-07-05,U09999
2025-07-14,U09999
2025-05-18,U10000
2025-05-23,U10000
2025-05-27,U10000
2025-05-29,U10000
2025-06-08,U10000
2025-06-13,U10000
2025-06-15,U10000
