user_id,is_treated,send_date,msg_type
U00001,1,2025-08-15,benefit
U00002,1,2025-08-15,nostalgia
U00003,1,2025-08-15,nostalgia
U00004,0,,none
U00005,0,,none
U00006,0,,none
U00007,1,2025-08-15,nostalgia
U00008,1,2025-08-15,nostalgia
U00009,0,,none
U00010,1,2025-08-15,benefit
U00011,0,,none
U00012,0,,none
U00013,0,,none
U00014,0,,none
U00015,0,,none
U00016,1,2025-08-15,nostalgia
U00017,0,,none
U00018,0,,none
U00019,0,,none
U00020,0,,none
U00021,1,2025-08-15,benefit
U00022,0,,none
U00023,1,2025-08-15,benefit
U00024,0,,none
U00025,0,,none
U00026,0,,none
U00027,1,2025-08-15,nostalgia
U00028,1,2025-08-15,benefit
U00029,1,2025-08-15,nostalgia
U00030,0,,none
U00031,0,,none
U00032,1,2025-08-15,benefit
U00033,0,,none
U00034,0,,none
U00035,0,,none
U00036,1,2025-08-15,nostalgia
U00037,1,2025-08-15,nostalgia
U00038,1,2025-08-15,benefit
U00039,0,,none
U00040,0,,none
U00041,1,2025-08-15,benefit
U00042,1,2025-08-15,nostalgia
U00043,1,2025-08-15,nostalgia
U00044,0,,none
U00045,1,2025-08-15,nostalgia
U00046,1,2025-08-15,nostalgia
U00047,1,2025-08-15,benefit
U00048,0,,none
U00049,0,,none
U00050,1,2025-08-15,nostalgia
U00051,0,,none
U00052,0,,none
U00053,1,2025-08-15,benefit
U00054,0,,none
U00055,1,2025-08-15,benefit
U00056,0,,none
U00057,0,,none
U00058,0,,none
U00059,0,,none
U00060,1,2025-08-15,benefit
U00061,1,2025-08-15,benefit
U00062,1,2025-08-15,benefit
U00063,1,2025-08-15,benefit
U00064,0,,none
U00065,1,2025-08-15,benefit
U00066,1,2025-08-15,benefit
U00067,0,,none
U00068,1,2025-08-15,benefit
U00069,1,2025-08-15,nostalgia
U00070,1,2025-08-15,benefit
U00071,0,,none
U00072,1,2025-08-15,nostalgia
U00073,1,2025-08-15,benefit
U00074,1,2025-08-15,benefit
U00075,1,2025-08-15,nostalgia
U00076,1,2025-08-15,nostalgia
U00077,1,2025-08-15,nostalgia
U00078,0,,none
U00079,1,2025-08-15,benefit
U00080,1,2025-08-15,nostalgia
U00081,1,2025-08-15,nostalgia
U00082,1,2025-08-15,nostalgia
U00083,1,2025-08-15,benefit
U00084,0,,none
U00085,1,2025-08-15,nostalgia
U00086,0,,none
U00087,0,,none
U00088,1,2025-08-15,benefit
U00089,0,,none
U00090,0,,none
U00091,1,2025-08-15,benefit
U00092,1,2025-08-15,nostalgia
U00093,0,,none
U00094,0,,none
U00095,0,,none
U00096,1,2025-08-15,benefit
U00097,0,,none
U00098,0,,none
U00099,1,2025-08-15,nostalgia
U00100,0,,none
U00101,0,,none
U00102,0,,none
U00103,1,2025-08-15,benefit
U00104,0,,none
U00105,0,,none
U00106,0,,none
U00107,0,,none
U00108,1,2025-08-15,benefit
U00109,1,2025-08-15,nostalgia
U00110,1,2025-08-15,nostalgia
U00111,0,,none
U00112,1,2025-08-15,benefit
U00113,1,2025-08-15,nostalgia
U00114,0,,none
U00115,1,2025-08-15,nostalgia
U00116,1,2025-08-15,nostalgia
U00117,1,2025-08-15,benefit
U00118,1,2025-08-15,benefit
U00119,1,2025-08-15,benefit
U00120,0,,none
U00121,0,,none
U00122,0,,none
U00123,0,,none
U00124,1,2025-08-15,nostalgia
U00125,1,2025-08-15,nostalgia
U00126,0,,none
U00127,1,2025-08-15,benefit
U00128,0,,none
U00129,0,,none
U00130,0,,none
U00131,0,,none
U00132,1,2025-08-15,nostalgia
U00133,1,2025-08-15,benefit
U00134,0,,none
U00135,0,,none
U00136,1,2025-08-15,nostalgia
U00137,0,,none
U00138,1,2025-08-15,benefit
U00139,1,2025-08-15,benefit
U00140,1,2025-08-15,nostalgia
U00141,1,2025-08-15,nostalgia
U00142,1,2025-08-15,benefit
U00143,1,2025-08-15,benefit
U00144,0,,none
U00145,1,2025-08-15,benefit
U00146,1,2025-08-15,benefit
U00147,0,,none
U00148,1,2025-08-15,benefit
U00149,0,,none
U00150,1,2025-08-15,benefit
U00151,0,,none
U00152,0,,none
U00153,1,2025-08-15,benefit
U00154,1,2025-08-15,benefit
U00155,0,,none
U00156,0,,none
U00157,1,2025-08-15,nostalgia
U00158,1,2025-08-15,benefit
U00159,0,,none
U00160,0,,none
U00161,1,2025-08-15,benefit
U00162,1,2025-08-15,benefit
U00163,0,,none
U00164,0,,none
U00165,1,2025-08-15,nostalgia
U00166,0,,none
U00167,0,,none
U00168,0,,none
U00169,0,,none
U00170,1,2025-08-15,benefit
U00171,1,2025-08-15,benefit
U00172,0,,none
U00173,1,2025-08-15,benefit
U00174,1,2025-08-15,benefit
U00175,0,,none
U00176,0,,none
U00177,1,2025-08-15,nostalgia
U00178,1,2025-08-15,nostalgia
U00179,0,,none
U00180,1,2025-08-15,benefit
U00181,1,2025-08-15,benefit
U00182,1,2025-08-15,nostalgia
U00183,0,,none
U00184,0,,none
U00185,0,,none
U00186,1,2025-08-15,nostalgia
U00187,1,2025-08-15,benefit
U00188,0,,none
U00189,0,,none
U00190,0,,none
U00191,1,2025-08-15,benefit
U00192,0,,none
U00193,0,,none
U00194,1,2025-08-15,benefit
U00195,1,2025-08-15,nostalgia
U00196,1,2025-08-15,nostalgia
U00197,1,2025-08-15,benefit
U00198,0,,none
U00199,1,2025-08-15,nostalgia
U00200,1,2025-08-15,nostalgia
U00201,0,,none
U00202,1,2025-08-15,nostalgia
U00203,1,2025-08-15,nostalgia
U00204,1,2025-08-15,nostalgia
U00205,1,2025-08-15,benefit
U00206,0,,none
U00207,1,2025-08-15,nostalgia
U00208,1,2025-08-15,nostalgia
U00209,1,2025-08-15,nostalgia
U00210,0,,none
U00211,1,2025-08-15,nostalgia
U00212,1,2025-08-15,nostalgia
U00213,0,,none
U00214,1,2025-08-15,nostalgia
U00215,1,2025-08-15,benefit
U00216,0,,none
U00217,0,,none
U00218,1,2025-08-15,nostalgia
U00219,0,,none
U00220,0,,none
U00221,0,,none
U00222,1,2025-08-15,nostalgia
U00223,0,,none
U00224,1,2025-08-15,benefit
U00225,1,2025-08-15,benefit
U00226,0,,none
U00227,0,,none
U00228,1,2025-08-15,benefit
U00229,1,2025-08-15,nostalgia
U00230,0,,none
U00231,0,,none
U00232,1,2025-08-15,benefit
U00233,0,,none
U00234,1,2025-08-15,nostalgia
U00235,0,,none
U00236,1,2025-08-15,benefit
U00237,1,2025-08-15,benefit
U00238,0,,none
U00239,0,,none
U00240,0,,none
U00241,1,2025-08-15,nostalgia
U00242,1,2025-08-15,nostalgia
U00243,1,2025-08-15,benefit
U00244,0,,none
U00245,1,2025-08-15,nostalgia
U00246,0,,none
U00247,0,,none
U00248,0,,none
U00249,1,2025-08-15,benefit
U00250,1,2025-08-15,nostalgia
U00251,0,,none
U00252,1,2025-08-15,benefit
U00253,0,,none
U00254,1,2025-08-15,nostalgia
U00255,0,,none
U00256,0,,none
U00257,0,,none
U00258,1,2025-08-15,benefit
U00259,1,2025-08-15,nostalgia
U00260,1,2025-08-15,nostalgia
U00261,1,2025-08-15,nostalgia
U00262,1,2025-08-15,benefit
U00263,0,,none
U00264,1,2025-08-15,nostalgia
U00265,1,2025-08-15,benefit
U00266,1,2025-08-15,nostalgia
U00267,0,,none
U00268,1,2025-08-15,benefit
U00269,0,,none
U00270,0,,none
U00271,0,,none
U00272,1,2025-08-15,nostalgia
U00273,1,2025-08-15,nostalgia
U00274,0,,none
U00275,0,,none
U00276,0,,none
U00277,1,2025-08-15,benefit
U00278,1,2025-08-15,nostalgia
U00279,0,,none
U00280,0,,none
U00281,0,,none
U00282,0,,none
U00283,1,2025-08-15,benefit
U00284,0,,none
U00285,1,2025-08-15,benefit
U00286,1,2025-08-15,benefit
U00287,1,2025-08-15,nostalgia
U00288,1,2025-08-15,benefit
U00289,0,,none
U00290,1,2025-08-15,benefit
U00291,1,2025-08-15,nostalgia
U00292,0,,none
U00293,0,,none
U00294,1,2025-08-15,benefit
U00295,0,,none
U00296,1,2025-08-15,benefit
U00297,1,2025-08-15,nostalgia
U00298,0,,none
U00299,1,2025-08-15,benefit
U00300,1,2025-08-15,nostalgia
U00301,0,,none
U00302,0,,none
U00303,0,,none
U00304,1,2025-08-15,nostalgia
U00305,1,2025-08-15,benefit
U00306,0,,none
U00307,1,2025-08-15,benefit
U00308,1,2025-08-15,benefit
U00309,1,2025-08-15,nostalgia
U00310,1,2025-08-15,nostalgia
U00311,1,2025-08-15,benefit
U00312,0,,none
U00313,0,,none
U00314,0,,none
U00315,0,,none
U00316,0,,none
U00317,0,,none
U00318,1,2025-08-15,benefit
U00319,1,2025-08-15,benefit
U00320,1,2025-08-15,benefit
U00321,0,,none
U00322,1,2025-08-15,benefit
U00323,1,2025-08-15,benefit
U00324,1,2025-08-15,benefit
U00325,1,2025-08-15,nostalgia
U00326,1,2025-08-15,benefit
U00327,0,,none
U00328,0,,none
U00329,1,2025-08-15,nostalgia
U00330,0,,none
U00331,0,,none
U00332,1,2025-08-15,nostalgia
U00333,1,2025-08-15,nostalgia
U00334,0,,none
U00335,0,,none
U00336,1,2025-08-15,nostalgia
U00337,1,2025-08-15,nostalgia
U00338,1,2025-08-15,nostalgia
U00339,0,,none
U00340,0,,none
U00341,1,2025-08-15,benefit
U00342,0,,none
U00343,1,2025-08-15,benefit
U00344,1,2025-08-15,benefit
U00345,0,,none
U00346,1,2025-08-15,nostalgia
U00347,0,,none
U00348,0,,none
U00349,1,2025-08-15,nostalgia
U00350,0,,none
U00351,0,,none
U00352,1,2025-08-15,nostalgia
U00353,0,,none
U00354,1,2025-08-15,nostalgia
U00355,1,2025-08-15,benefit
U00356,0,,none
U00357,1,2025-08-15,nostalgia
U00358,1,2025-08-15,benefit
U00359,0,,none
U00360,0,,none
U00361,0,,none
U00362,1,2025-08-15,nostalgia
U00363,0,,none
U00364,1,2025-08-15,nostalgia
U00365,0,,none
U00366,1,2025-08-15,benefit
U00367,0,,none
U00368,0,,none
U00369,1,2025-08-15,benefit
U00370,1,2025-08-15,benefit
U00371,1,2025-08-15,nostalgia
U00372,0,,none
U00373,0,,none
U00374,0,,none
U00375,1,2025-08-15,nostalgia
U00376,0,,none
U00377,0,,none
U00378,0,,none
U00379,0,,none
U00380,0,,none
U00381,0,,none
U00382,1,2025-08-15,nostalgia
U00383,0,,none
U00384,1,2025-08-15,nostalgia
U00385,1,2025-08-15,benefit
U00386,0,,none
U00387,1,2025-08-15,benefit
U00388,0,,none
U00389,1,2025-08-15,nostalgia
U00390,0,,none
U00391,1,2025-08-15,benefit
U00392,1,2025-08-15,benefit
U00393,0,,none
U00394,0,,none
U00395,1,2025-08-15,benefit
U00396,1,2025-08-15,nostalgia
U00397,0,,none
U00398,1,2025-08-15,benefit
U00399,0,,none
U00400,0,,none
U00401,1,2025-08-15,benefit
U00402,1,2025-08-15,benefit
U00403,0,,none
U00404,1,2025-08-15,benefit
U00405,0,,none
U00406,1,2025-08-15,benefit
U00407,0,,none
U00408,0,,none
U00409,1,2025-08-15,nostalgia
U00410,0,,none
U00411,1,2025-08-15,benefit
U00412,0,,none
U00413,0,,none
U00414,1,2025-08-15,benefit
U00415,0,,none
U00416,0,,none
U00417,0,,none
U00418,1,2025-08-15,benefit
U00419,0,,none
U00420,0,,none
U00421,1,2025-08-15,nostalgia
U00422,1,2025-08-15,benefit
U00423,1,2025-08-15,nostalgia
U00424,1,2025-08-15,nostalgia
U00425,1,2025-08-15,benefit
U00426,0,,none
U00427,1,2025-08-15,nostalgia
U00428,1,2025-08-15,nostalgia
U00429,0,,none
U00430,0,,none
U00431,0,,none
U00432,1,2025-08-15,nostalgia
U00433,0,,none
U00434,1,2025-08-15,nostalgia
U00435,0,,none
U00436,1,2025-08-15,nostalgia
U00437,1,2025-08-15,nostalgia
U00438,1,2025-08-15,nostalgia
U00439,0,,none
U00440,1,2025-08-15,benefit
U00441,1,2025-08-15,benefit
U00442,0,,none
U00443,0,,none
U00444,0,,none
U00445,1,2025-08-15,nostalgia
U00446,0,,none
U00447,1,2025-08-15,nostalgia
U00448,0,,none
U00449,1,2025-08-15,nostalgia
U00450,0,,none
U00451,1,2025-08-15,nostalgia
U00452,1,2025-08-15,nostalgia
U00453,0,,none
U00454,0,,none
U00455,0,,none
U00456,0,,none
U00457,0,,none
U00458,0,,none
U00459,1,2025-08-15,nostalgia
U00460,0,,none
U00461,1,2025-08-15,benefit
U00462,0,,none
U00463,0,,none
U00464,1,2025-08-15,benefit
U00465,1,2025-08-15,benefit
U00466,1,2025-08-15,nostalgia
U00467,0,,none
U00468,1,2025-08-15,nostalgia
U00469,0,,none
U00470,0,,none
U00471,1,2025-08-15,nostalgia
U00472,1,2025-08-15,nostalgia
U00473,0,,none
U00474,1,2025-08-15,benefit
U00475,0,,none
U00476,0,,none
U00477,1,2025-08-15,benefit
U00478,0,,none
U00479,0,,none
U00480,1,2025-08-15,benefit
U00481,1,2025-08-15,benefit
U00482,1,2025-08-15,nostalgia
U00483,0,,none
U00484,0,,none
U00485,1,2025-08-15,benefit
U00486,1,2025-08-15,benefit
U00487,1,2025-08-15,nostalgia
U00488,0,,none
U00489,0,,none
U00490,0,,none
U00491,1,2025-08-15,nostalgia
U00492,1,2025-08-15,nostalgia
U00493,0,,none
U00494,1,2025-08-15,benefit
U00495,0,,none
U00496,0,,none
U00497,1,2025-08-15,nostalgia
U00498,0,,none
U00499,1,2025-08-15,benefit
U00500,0,,none
U00501,1,2025-08-15,benefit
U00502,0,,none
U00503,1,2025-08-15,benefit
U00504,0,,none
U00505,0,,none
U00506,1,2025-08-15,nostalgia
U00507,0,,none
U00508,1,2025-08-15,benefit
U00509,1,2025-08-15,benefit
U00510,1,2025-08-15,benefit
U00511,1,2025-08-15,benefit
U00512,1,2025-08-15,benefit
U00513,1,2025-08-15,benefit
U00514,1,2025-08-15,benefit
U00515,1,2025-08-15,benefit
U00516,1,2025-08-15,benefit
U00517,0,,none
U00518,1,2025-08-15,nostalgia
U00519,1,2025-08-15,benefit
U00520,0,,none
U00521,1,2025-08-15,nostalgia
U00522,0,,none
U00523,0,,none
U00524,1,2025-08-15,nostalgia
U00525,0,,none
U00526,1,2025-08-15,nostalgia
U00527,1,2025-08-15,benefit
U00528,0,,none
U00529,1,2025-08-15,benefit
U00530,1,2025-08-15,nostalgia
U00531,1,2025-08-15,nostalgia
U00532,0,,none
U00533,1,2025-08-15,nostalgia
U00534,1,2025-08-15,benefit
U00535,1,2025-08-15,nostalgia
U00536,1,2025-08-15,benefit
U00537,0,,none
U00538,0,,none
U00539,0,,none
U00540,1,2025-08-15,nostalgia
U00541,0,,none
U00542,0,,none
U00543,1,2025-08-15,benefit
U00544,0,,none
U00545,1,2025-08-15,nostalgia
U00546,1,2025-08-15,benefit
U00547,0,,none
U00548,1,2025-08-15,benefit
U00549,0,,none
U00550,1,2025-08-15,benefit
U00551,1,2025-08-15,benefit
U00552,1,2025-08-15,benefit
U00553,1,2025-08-15,nostalgia
U00554,0,,none
U00555,1,2025-08-15,benefit
U00556,1,2025-08-15,benefit
U00557,1,2025-08-15,nostalgia
U00558,1,2025-08-15,benefit
U00559,1,2025-08-15,benefit
U00560,1,2025-08-15,benefit
U00561,1,2025-08-15,benefit
U00562,1,2025-08-15,benefit
U00563,1,2025-08-15,benefit
U00564,1,2025-08-15,benefit
U00565,0,,none
U00566,0,,none
U00567,1,2025-08-15,nostalgia
U00568,0,,none
U00569,0,,none
U00570,1,2025-08-15,benefit
U00571,1,2025-08-15,benefit
U00572,0,,none
U00573,1,2025-08-15,nostalgia
U00574,1,2025-08-15,nostalgia
U00575,1,2025-08-15,benefit
U00576,1,2025-08-15,nostalgia
U00577,1,2025-08-15,benefit
U00578,1,2025-08-15,benefit
U00579,1,2025-08-15,benefit
U00580,1,2025-08-15,benefit
U00581,1,2025-08-15,benefit
U00582,1,2025-08-15,benefit
U00583,1,2025-08-15,nostalgia
U00584,1,2025-08-15,nostalgia
U00585,0,,none
U00586,1,2025-08-15,nostalgia
U00587,0,,none
U00588,0,,none
U00589,0,,none
U00590,0,,none
U00591,1,2025-08-15,benefit
U00592,0,,none
U00593,1,2025-08-15,benefit
U00594,1,2025-08-15,nostalgia
U00595,0,,none
U00596,1,2025-08-15,benefit
U00597,1,2025-08-15,nostalgia
U00598,1,2025-08-15,benefit
U00599,1,2025-08-15,benefit
U00600,1,2025-08-15,nostalgia
U00601,0,,none
U00602,1,2025-08-15,benefit
U00603,0,,none
U00604,0,,none
U00605,0,,none
U00606,0,,none
U00607,0,,none
U00608,0,,none
U00609,0,,none
U00610,0,,none
U00611,1,2025-08-15,benefit
U00612,1,2025-08-15,nostalgia
U00613,1,2025-08-15,nostalgia
U00614,0,,none
U00615,0,,none
U00616,1,2025-08-15,nostalgia
U00617,0,,none
U00618,0,,none
U00619,0,,none
U00620,0,,none
U00621,0,,none
U00622,1,2025-08-15,nostalgia
U00623,0,,none
U00624,0,,none
U00625,1,2025-08-15,benefit
U00626,1,2025-08-15,benefit
U00627,1,2025-08-15,nostalgia
U00628,1,2025-08-15,benefit
U00629,0,,none
U00630,1,2025-08-15,nostalgia
U00631,1,2025-08-15,benefit
U00632,0,,none
U00633,1,2025-08-15,nostalgia
U00634,0,,none
U00635,1,2025-08-15,benefit
U00636,1,2025-08-15,nostalgia
U00637,1,2025-08-15,benefit
U00638,0,,none
U00639,1,2025-08-15,benefit
U00640,0,,none
U00641,0,,none
U00642,1,2025-08-15,nostalgia
U00643,0,,none
U00644,1,2025-08-15,nostalgia
U00645,1,2025-08-15,nostalgia
U00646,0,,none
U00647,1,2025-08-15,nostalgia
U00648,0,,none
U00649,0,,none
U00650,1,2025-08-15,nostalgia
U00651,1,2025-08-15,nostalgia
U00652,0,,none
U00653,0,,none
U00654,1,2025-08-15,benefit
U00655,1,2025-08-15,benefit
U00656,1,2025-08-15,benefit
U00657,0,,none
U00658,0,,none
U00659,0,,none
U00660,1,2025-08-15,benefit
U00661,1,2025-08-15,nostalgia
U00662,1,2025-08-15,benefit
U00663,1,2025-08-15,nostalgia
U00664,0,,none
U00665,1,2025-08-15,benefit
U00666,1,2025-08-15,nostalgia
U00667,0,,none
U00668,1,2025-08-15,benefit
U00669,1,2025-08-15,benefit
U00670,1,2025-08-15,nostalgia
U00671,0,,none
U00672,1,2025-08-15,nostalgia
U00673,0,,none
U00674,0,,none
U00675,1,2025-08-15,nostalgia
U00676,1,2025-08-15,nostalgia
U00677,1,2025-08-15,benefit
U00678,1,2025-08-15,nostalgia
U00679,1,2025-08-15,benefit
U00680,0,,none
U00681,0,,none
U00682,1,2025-08-15,nostalgia
U00683,1,2025-08-15,nostalgia
U00684,0,,none
U00685,1,2025-08-15,nostalgia
U00686,1,2025-08-15,nostalgia
U00687,1,2025-08-15,benefit
U00688,0,,none
U00689,1,2025-08-15,nostalgia
U00690,0,,none
U00691,1,2025-08-15,benefit
U00692,1,2025-08-15,benefit
U00693,1,2025-08-15,nostalgia
U00694,0,,none
U00695,1,2025-08-15,nostalgia
U00696,1,2025-08-15,benefit
U00697,0,,none
U00698,1,2025-08-15,benefit
U00699,0,,none
U00700,0,,none
U00701,0,,none
U00702,1,2025-08-15,nostalgia
U00703,1,2025-08-15,nostalgia
U00704,1,2025-08-15,nostalgia
U00705,0,,none
U00706,0,,none
U00707,1,2025-08-15,nostalgia
U00708,1,2025-08-15,benefit
U00709,1,2025-08-15,benefit
U00710,1,2025-08-15,benefit
U00711,1,2025-08-15,benefit
U00712,0,,none
U00713,0,,none
U00714,0,,none
U00715,0,,none
U00716,0,,none
U00717,1,2025-08-15,nostalgia
U00718,0,,none
U00719,0,,none
U00720,0,,none
U00721,0,,none
U00722,0,,none
U00723,1,2025-08-15,benefit
U00724,0,,none
U00725,1,2025-08-15,benefit
U00726,1,2025-08-15,nostalgia
U00727,1,2025-08-15,benefit
U00728,0,,none
U00729,0,,none
U00730,0,,none
U00731,0,,none
U00732,0,,none
U00733,1,2025-08-15,benefit
U00734,1,2025-08-15,benefit
U00735,0,,none
U00736,0,,none
U00737,1,2025-08-15,benefit
U00738,0,,none
U00739,0,,none
U00740,1,2025-08-15,benefit
U00741,1,2025-08-15,nostalgia
U00742,0,,none
U00743,1,2025-08-15,benefit
U00744,0,,none
U00745,1,2025-08-15,benefit
U00746,1,2025-08-15,nostalgia
U00747,1,2025-08-15,nostalgia
U00748,0,,none
U00749,0,,none
U00750,0,,none
U00751,0,,none
U00752,0,,none
U00753,1,2025-08-15,nostalgia
U00754,0,,none
U00755,0,,none
U00756,1,2025-08-15,benefit
U00757,1,2025-08-15,nostalgia
U00758,0,,none
U00759,1,2025-08-15,benefit
U00760,1,2025-08-15,nostalgia
U00761,0,,none
U00762,1,2025-08-15,nostalgia
U00763,0,,none
U00764,0,,none
U00765,1,2025-08-15,benefit
U00766,0,,none
U00767,0,,none
U00768,1,2025-08-15,nostalgia
U00769,1,2025-08-15,nostalgia
U00770,1,2025-08-15,nostalgia
U00771,1,2025-08-15,benefit
U00772,1,2025-08-15,nostalgia
U00773,0,,none
U00774,0,,none
U00775,1,2025-08-15,nostalgia
U00776,1,2025-08-15,nostalgia
U00777,0,,none
U00778,1,2025-08-15,nostalgia
U00779,0,,none
U00780,1,2025-08-15,benefit
U00781,0,,none
U00782,0,,none
U00783,0,,none
U00784,0,,none
U00785,0,,none
U00786,0,,none
U00787,1,2025-08-15,benefit
U00788,0,,none
U00789,1,2025-08-15,benefit
U00790,1,2025-08-15,benefit
U00791,0,,none
U00792,1,2025-08-15,benefit
U00793,0,,none
U00794,1,2025-08-15,benefit
U00795,1,2025-08-15,benefit
U00796,0,,none
U00797,0,,none
U00798,0,,none
U00799,0,,none
U00800,1,2025-08-15,nostalgia
U00801,1,2025-08-15,nostalgia
U00802,0,,none
U00803,1,2025-08-15,benefit
U00804,1,2025-08-15,benefit
U00805,0,,none
U00806,1,2025-08-15,nostalgia
U00807,1,2025-08-15,benefit
U00808,0,,none
U00809,0,,none
U00810,0,,none
U00811,0,,none
U00812,0,,none
U00813,1,2025-08-15,nostalgia
U00814,1,2025-08-15,benefit
U00815,1,2025-08-15,benefit
U00816,1,2025-08-15,benefit
U00817,1,2025-08-15,nostalgia
U00818,0,,none
U00819,0,,none
U00820,1,2025-08-15,nostalgia
U00821,1,2025-08-15,nostalgia
U00822,1,2025-08-15,nostalgia
U00823,1,2025-08-15,nostalgia
U00824,0,,none
U00825,0,,none
U00826,1,2025-08-15,nostalgia
U00827,1,2025-08-15,benefit
U00828,1,2025-08-15,benefit
U00829,1,2025-08-15,benefit
U00830,1,2025-08-15,nostalgia
U00831,1,2025-08-15,benefit
U00832,0,,none
U00833,1,2025-08-15,nostalgia
U00834,0,,none
U00835,1,2025-08-15,nostalgia
U00836,1,2025-08-15,nostalgia
U00837,0,,none
U00838,1,2025-08-15,nostalgia
U00839,0,,none
U00840,0,,none
U00841,0,,none
U00842,0,,none
U00843,1,2025-08-15,benefit
U00844,0,,none
U00845,0,,none
U00846,1,2025-08-15,benefit
U00847,0,,none
U00848,1,2025-08-15,benefit
U00849,0,,none
U00850,0,,none
U00851,1,2025-08-15,benefit
U00852,0,,none
U00853,0,,none
U00854,0,,none
U00855,1,2025-08-15,benefit
U00856,1,2025-08-15,nostalgia
U00857,0,,none
U00858,1,2025-08-15,nostalgia
U00859,1,2025-08-15,benefit
U00860,0,,none
U00861,1,2025-08-15,benefit
U00862,0,,none
U00863,0,,none
U00864,0,,none
U00865,0,,none
U00866,0,,none
U00867,0,,none
U00868,1,2025-08-15,nostalgia
U00869,1,2025-08-15,benefit
U00870,0,,none
U00871,0,,none
U00872,0,,none
U00873,1,2025-08-15,benefit
U00874,0,,none
U00875,1,2025-08-15,nostalgia
U00876,0,,none
U00877,1,2025-08-15,nostalgia
U00878,1,2025-08-15,nostalgia
U00879,1,2025-08-15,benefit
U00880,1,2025-08-15,benefit
U00881,0,,none
U00882,1,2025-08-15,benefit
U00883,0,,none
U00884,1,2025-08-15,benefit
U00885,0,,none
U00886,1,2025-08-15,nostalgia
U00887,1,2025-08-15,benefit
U00888,0,,none
U00889,1,2025-08-15,benefit
U00890,0,,none
U00891,1,2025-08-15,benefit
U00892,1,2025-08-15,nostalgia
U00893,1,2025-08-15,nostalgia
U00894,0,,none
U00895,0,,none
U00896,1,2025-08-15,benefit
U00897,1,2025-08-15,benefit
U00898,1,2025-08-15,benefit
U00899,1,2025-08-15,nostalgia
U00900,1,2025-08-15,benefit
U00901,0,,none
U00902,1,2025-08-15,benefit
U00903,1,2025-08-15,benefit
U00904,0,,none
U00905,0,,none
U00906,1,2025-08-15,nostalgia
U00907,0,,none
U00908,1,2025-08-15,benefit
U00909,1,2025-08-15,nostalgia
U00910,1,2025-08-15,nostalgia
U00911,0,,none
U00912,1,2025-08-15,benefit
U00913,0,,none
U00914,1,2025-08-15,benefit
U00915,1,2025-08-15,benefit
U00916,1,2025-08-15,nostalgia
U00917,0,,none
U00918,1,2025-08-15,nostalgia
U00919,1,2025-08-15,benefit
U00920,1,2025-08-15,benefit
U00921,0,,none
U00922,1,2025-08-15,benefit
U00923,0,,none
U00924,0,,none
U00925,1,2025-08-15,benefit
U00926,1,2025-08-15,benefit
U00927,0,,none
U00928,1,2025-08-15,benefit
U00929,0,,none
U00930,0,,none
U00931,0,,none
U00932,1,2025-08-15,nostalgia
U00933,1,2025-08-15,nostalgia
U00934,1,2025-08-15,nostalgia
U00935,0,,none
U00936,0,,none
U00937,1,2025-08-15,benefit
U00938,0,,none
U00939,1,2025-08-15,benefit
U00940,1,2025-08-15,nostalgia
U00941,0,,none
U00942,0,,none
U00943,0,,none
U00944,0,,none
U00945,1,2025-08-15,nostalgia
U00946,0,,none
U00947,0,,none
U00948,1,2025-08-15,benefit
U00949,0,,none
U00950,1,2025-08-15,nostalgia
U00951,0,,none
U00952,0,,none
U00953,0,,none
U00954,0,,none
U00955,1,2025-08-15,benefit
U00956,0,,none
U00957,1,2025-08-15,benefit
U00958,1,2025-08-15,benefit
U00959,1,2025-08-15,nostalgia
U00960,1,2025-08-15,benefit
U00961,0,,none
U00962,0,,none
U00963,1,2025-08-15,nostalgia
U00964,0,,none
U00965,1,2025-08-15,nostalgia
U00966,1,2025-08-15,benefit
U00967,1,2025-08-15,benefit
U00968,1,2025-08-15,benefit
U00969,1,2025-08-15,benefit
U00970,1,2025-08-15,nostalgia
U00971,0,,none
U00972,0,,none
U00973,0,,none
U00974,0,,none
U00975,0,,none
U00976,0,,none
U00977,0,,none
U00978,1,2025-08-15,benefit
U00979,1,2025-08-15,benefit
U00980,1,2025-08-15,benefit
U00981,1,2025-08-15,nostalgia
U00982,1,2025-08-15,nostalgia
U00983,0,,none
U00984,0,,none
U00985,0,,none
U00986,1,2025-08-15,nostalgia
U00987,0,,none
U00988,0,,none
U00989,0,,none
U00990,1,2025-08-15,nostalgia
U00991,0,,none
U00992,1,2025-08-15,nostalgia
U00993,1,2025-08-15,benefit
U00994,1,2025-08-15,benefit
U00995,0,,none
U00996,0,,none
U00997,1,2025-08-15,benefit
U00998,1,2025-08-15,nostalgia
U00999,1,2025-08-15,nostalgia
U01000,1,2025-08-15,benefit
U01001,0,,none
U01002,0,,none
U01003,1,2025-08-15,nostalgia
U01004,0,,none
U01005,0,,none
U01006,0,,none
U01007,0,,none
U01008,0,,none
U01009,1,2025-08-15,benefit
U01010,1,2025-08-15,nostalgia
U01011,1,2025-08-15,benefit
U01012,0,,none
U01013,0,,none
U01014,1,2025-08-15,benefit
U01015,1,2025-08-15,benefit
U01016,1,2025-08-15,nostalgia
U01017,1,2025-08-15,benefit
U01018,0,,none
U01019,0,,none
U01020,1,2025-08-15,benefit
U01021,1,2025-08-15,benefit
U01022,0,,none
U01023,1,2025-08-15,benefit
U01024,1,2025-08-15,nostalgia
U01025,1,2025-08-15,nostalgia
U01026,0,,none
U01027,0,,none
U01028,0,,none
U01029,0,,none
U01030,1,2025-08-15,nostalgia
U01031,0,,none
U01032,0,,none
U01033,0,,none
U01034,0,,none
U01035,0,,none
U01036,1,2025-08-15,benefit
U01037,1,2025-08-15,benefit
U01038,1,2025-08-15,nostalgia
U01039,1,2025-08-15,benefit
U01040,1,2025-08-15,nostalgia
U01041,1,2025-08-15,nostalgia
U01042,1,2025-08-15,nostalgia
U01043,0,,none
U01044,0,,none
U01045,1,2025-08-15,nostalgia
U01046,1,2025-08-15,nostalgia
U01047,1,2025-08-15,nostalgia
U01048,0,,none
U01049,0,,none
U01050,1,2025-08-15,benefit
U01051,1,2025-08-15,benefit
U01052,1,2025-08-15,benefit
U01053,1,2025-08-15,benefit
U01054,0,,none
U01055,1,2025-08-15,nostalgia
U01056,0,,none
U01057,0,,none
U01058,1,2025-08-15,nostalgia
U01059,1,2025-08-15,benefit
U01060,0,,none
U01061,1,2025-08-15,nostalgia
U01062,1,2025-08-15,nostalgia
U01063,0,,none
U01064,0,,none
U01065,1,2025-08-15,nostalgia
U01066,1,2025-08-15,benefit
U01067,0,,none
U01068,0,,none
U01069,1,2025-08-15,benefit
U01070,0,,none
U01071,1,2025-08-15,nostalgia
U01072,1,2025-08-15,benefit
U01073,1,2025-08-15,nostalgia
U01074,0,,none
U01075,1,2025-08-15,benefit
U01076,1,2025-08-15,nostalgia
U01077,1,2025-08-15,nostalgia
U01078,1,2025-08-15,nostalgia
U01079,1,2025-08-15,benefit
U01080,0,,none
U01081,0,,none
U01082,1,2025-08-15,benefit
U01083,1,2025-08-15,nostalgia
U01084,1,2025-08-15,nostalgia
U01085,1,2025-08-15,nostalgia
U01086,0,,none
U01087,1,2025-08-15,benefit
U01088,0,,none
U01089,1,2025-08-15,nostalgia
U01090,1,2025-08-15,benefit
U01091,0,,none
U01092,1,2025-08-15,nostalgia
U01093,1,2025-08-15,benefit
U01094,1,2025-08-15,nostalgia
U01095,0,,none
U01096,0,,none
U01097,1,2025-08-15,benefit
U01098,1,2025-08-15,benefit
U01099,1,2025-08-15,benefit
U01100,1,2025-08-15,nostalgia
U01101,1,2025-08-15,benefit
U01102,1,2025-08-15,benefit
U01103,1,2025-08-15,benefit
U01104,1,2025-08-15,nostalgia
U01105,0,,none
U01106,1,2025-08-15,nostalgia
U01107,1,2025-08-15,benefit
U01108,0,,none
U01109,0,,none
U01110,1,2025-08-15,nostalgia
U01111,0,,none
U01112,1,2025-08-15,benefit
U01113,1,2025-08-15,benefit
U01114,0,,none
U01115,1,2025-08-15,nostalgia
U01116,1,2025-08-15,nostalgia
U01117,1,2025-08-15,benefit
U01118,0,,none
U01119,1,2025-08-15,nostalgia
U01120,1,2025-08-15,nostalgia
U01121,1,2025-08-15,nostalgia
U01122,0,,none
U01123,0,,none
U01124,0,,none
U01125,0,,none
U01126,1,2025-08-15,nostalgia
U01127,0,,none
U01128,1,2025-08-15,nostalgia
U01129,1,2025-08-15,benefit
U01130,0,,none
U01131,0,,none
U01132,0,,none
U01133,1,2025-08-15,benefit
U01134,0,,none
U01135,0,,none
U01136,1,2025-08-15,benefit
U01137,1,2025-08-15,nostalgia
U01138,0,,none
U01139,1,2025-08-15,benefit
U01140,0,,none
U01141,1,2025-08-15,nostalgia
U01142,1,2025-08-15,nostalgia
U01143,1,2025-08-15,nostalgia
U01144,1,2025-08-15,nostalgia
U01145,0,,none
U01146,1,2025-08-15,nostalgia
U01147,1,2025-08-15,benefit
U01148,0,,none
U01149,0,,none
U01150,1,2025-08-15,benefit
U01151,1,2025-08-15,nostalgia
U01152,1,2025-08-15,nostalgia
U01153,0,,none
U01154,0,,none
U01155,0,,none
U01156,0,,none
U01157,0,,none
U01158,1,2025-08-15,benefit
U01159,0,,none
U01160,1,2025-08-15,benefit
U01161,0,,none
U01162,1,2025-08-15,benefit
U01163,0,,none
U01164,0,,none
U01165,1,2025-08-15,benefit
U01166,0,,none
U01167,1,2025-08-15,nostalgia
U01168,0,,none
U01169,0,,none
U01170,1,2025-08-15,nostalgia
U01171,1,2025-08-15,benefit
U01172,1,2025-08-15,benefit
U01173,1,2025-08-15,benefit
U01174,0,,none
U01175,1,2025-08-15,nostalgia
U01176,1,2025-08-15,nostalgia
U01177,0,,none
U01178,1,2025-08-15,benefit
U01179,0,,none
U01180,0,,none
U01181,0,,none
U01182,1,2025-08-15,nostalgia
U01183,1,2025-08-15,benefit
U01184,1,2025-08-15,nostalgia
U01185,1,2025-08-15,nostalgia
U01186,1,2025-08-15,nostalgia
U01187,1,2025-08-15,benefit
U01188,1,2025-08-15,nostalgia
U01189,0,,none
U01190,0,,none
U01191,0,,none
U01192,0,,none
U01193,1,2025-08-15,benefit
U01194,1,2025-08-15,benefit
U01195,0,,none
U01196,0,,none
U01197,0,,none
U01198,0,,none
U01199,0,,none
U01200,1,2025-08-15,benefit
U01201,1,2025-08-15,nostalgia
U01202,0,,none
U01203,0,,none
U01204,0,,none
U01205,0,,none
U01206,0,,none
U01207,1,2025-08-15,nostalgia
U01208,1,2025-08-15,benefit
U01209,0,,none
U01210,1,2025-08-15,benefit
U01211,0,,none
U01212,0,,none
U01213,0,,none
U01214,1,2025-08-15,benefit
U01215,1,2025-08-15,nostalgia
U01216,0,,none
U01217,1,2025-08-15,nostalgia
U01218,0,,none
U01219,0,,none
U01220,0,,none
U01221,0,,none
U01222,0,,none
U01223,1,2025-08-15,nostalgia
U01224,0,,none
U01225,1,2025-08-15,benefit
U01226,0,,none
U01227,0,,none
U01228,1,2025-08-15,benefit
U01229,0,,none
U01230,0,,none
U01231,1,2025-08-15,nostalgia
U01232,0,,none
U01233,0,,none
U01234,1,2025-08-15,benefit
U01235,1,2025-08-15,nostalgia
U01236,1,2025-08-15,benefit
U01237,0,,none
U01238,0,,none
U01239,0,,none
U01240,1,2025-08-15,nostalgia
U01241,0,,none
U01242,0,,none
U01243,0,,none
U01244,0,,none
U01245,1,2025-08-15,benefit
U01246,0,,none
U01247,0,,none
U01248,1,2025-08-15,benefit
U01249,0,,none
U01250,1,2025-08-15,benefit
U01251,1,2025-08-15,nostalgia
U01252,0,,none
U01253,0,,none
U01254,1,2025-08-15,nostalgia
U01255,0,,none
U01256,1,2025-08-15,benefit
U01257,0,,none
U01258,1,2025-08-15,nostalgia
U01259,1,2025-08-15,benefit
U01260,1,2025-08-15,nostalgia
U01261,0,,none
U01262,1,2025-08-15,benefit
U01263,1,2025-08-15,nostalgia
U01264,1,2025-08-15,nostalgia
U01265,1,2025-08-15,benefit
U01266,0,,none
U01267,1,2025-08-15,benefit
U01268,0,,none
U01269,1,2025-08-15,nostalgia
U01270,1,2025-08-15,benefit
U01271,0,,none
U01272,0,,none
U01273,0,,none
U01274,0,,none
U01275,0,,none
U01276,0,,none
U01277,0,,none
U01278,1,2025-08-15,benefit
U01279,0,,none
U01280,0,,none
U01281,1,2025-08-15,benefit
U01282,1,2025-08-15,nostalgia
U01283,0,,none
U01284,1,2025-08-15,benefit
U01285,0,,none
U01286,1,2025-08-15,nostalgia
U01287,0,,none
U01288,0,,none
U01289,0,,none
U01290,0,,none
U01291,1,2025-08-15,benefit
U01292,1,2025-08-15,benefit
U01293,0,,none
U01294,0,,none
U01295,1,2025-08-15,nostalgia
U01296,0,,none
U01297,1,2025-08-15,nostalgia
U01298,1,2025-08-15,nostalgia
U01299,0,,none
U01300,0,,none
U01301,1,2025-08-15,benefit
U01302,1,2025-08-15,benefit
U01303,1,2025-08-15,benefit
U01304,1,2025-08-15,nostalgia
U01305,1,2025-08-15,benefit
U01306,1,2025-08-15,benefit
U01307,0,,none
U01308,0,,none
U01309,1,2025-08-15,nostalgia
U01310,1,2025-08-15,nostalgia
U01311,1,2025-08-15,nostalgia
U01312,1,2025-08-15,benefit
U01313,1,2025-08-15,nostalgia
U01314,0,,none
U01315,1,2025-08-15,nostalgia
U01316,1,2025-08-15,benefit
U01317,1,2025-08-15,benefit
U01318,1,2025-08-15,nostalgia
U01319,0,,none
U01320,1,2025-08-15,benefit
U01321,0,,none
U01322,1,2025-08-15,benefit
U01323,1,2025-08-15,benefit
U01324,0,,none
U01325,0,,none
U01326,1,2025-08-15,benefit
U01327,1,2025-08-15,benefit
U01328,0,,none
U01329,1,2025-08-15,benefit
U01330,1,2025-08-15,nostalgia
U01331,1,2025-08-15,benefit
U01332,1,2025-08-15,benefit
U01333,1,2025-08-15,benefit
U01334,1,2025-08-15,nostalgia
U01335,0,,none
U01336,0,,none
U01337,0,,none
U01338,0,,none
U01339,1,2025-08-15,benefit
U01340,1,2025-08-15,benefit
U01341,1,2025-08-15,benefit
U01342,1,2025-08-15,nostalgia
U01343,1,2025-08-15,nostalgia
U01344,0,,none
U01345,1,2025-08-15,benefit
U01346,0,,none
U01347,1,2025-08-15,nostalgia
U01348,0,,none
U01349,1,2025-08-15,benefit
U01350,0,,none
U01351,0,,none
U01352,1,2025-08-15,benefit
U01353,0,,none
U01354,1,2025-08-15,nostalgia
U01355,0,,none
U01356,1,2025-08-15,benefit
U01357,0,,none
U01358,0,,none
U01359,1,2025-08-15,benefit
U01360,0,,none
U01361,0,,none
U01362,0,,none
U01363,0,,none
U01364,1,2025-08-15,benefit
U01365,0,,none
U01366,1,2025-08-15,benefit
U01367,1,2025-08-15,benefit
U01368,1,2025-08-15,benefit
U01369,0,,none
U01370,0,,none
U01371,1,2025-08-15,nostalgia
U01372,1,2025-08-15,benefit
U01373,0,,none
U01374,1,2025-08-15,benefit
U01375,0,,none
U01376,0,,none
U01377,1,2025-08-15,nostalgia
U01378,0,,none
U01379,0,,none
U01380,1,2025-08-15,nostalgia
U01381,1,2025-08-15,nostalgia
U01382,1,2025-08-15,benefit
U01383,0,,none
U01384,1,2025-08-15,benefit
U01385,0,,none
U01386,0,,none
U01387,1,2025-08-15,nostalgia
U01388,1,2025-08-15,nostalgia
U01389,1,2025-08-15,benefit
U01390,0,,none
U01391,1,2025-08-15,nostalgia
U01392,0,,none
U01393,0,,none
U01394,1,2025-08-15,benefit
U01395,0,,none
U01396,0,,none
U01397,1,2025-08-15,nostalgia
U01398,0,,none
U01399,1,2025-08-15,benefit
U01400,0,,none
U01401,1,2025-08-15,nostalgia
U01402,0,,none
U01403,0,,none
U01404,1,2025-08-15,nostalgia
U01405,0,,none
U01406,0,,none
U01407,0,,none
U01408,0,,none
U01409,0,,none
U01410,0,,none
U01411,1,2025-08-15,benefit
U01412,1,2025-08-15,benefit
U01413,0,,none
U01414,0,,none
U01415,1,2025-08-15,nostalgia
U01416,1,2025-08-15,nostalgia
U01417,0,,none
U01418,1,2025-08-15,nostalgia
U01419,0,,none
U01420,1,2025-08-15,nostalgia
U01421,0,,none
U01422,1,2025-08-15,nostalgia
U01423,1,2025-08-15,benefit
U01424,1,2025-08-15,nostalgia
U01425,1,2025-08-15,nostalgia
U01426,0,,none
U01427,0,,none
U01428,1,2025-08-15,benefit
U01429,1,2025-08-15,benefit
U01430,0,,none
U01431,0,,none
U01432,1,2025-08-15,benefit
U01433,0,,none
U01434,0,,none
U01435,0,,none
U01436,0,,none
U01437,1,2025-08-15,benefit
U01438,1,2025-08-15,nostalgia
U01439,1,2025-08-15,nostalgia
U01440,0,,none
U01441,0,,none
U01442,0,,none
U01443,0,,none
U01444,1,2025-08-15,nostalgia
U01445,0,,none
U01446,0,,none
U01447,1,2025-08-15,nostalgia
U01448,0,,none
U01449,0,,none
U01450,0,,none
U01451,0,,none
U01452,0,,none
U01453,0,,none
U01454,0,,none
U01455,0,,none
U01456,1,2025-08-15,nostalgia
U01457,0,,none
U01458,1,2025-08-15,benefit
U01459,1,2025-08-15,benefit
U01460,1,2025-08-15,nostalgia
U01461,0,,none
U01462,0,,none
U01463,1,2025-08-15,nostalgia
U01464,1,2025-08-15,benefit
U01465,1,2025-08-15,nostalgia
U01466,0,,none
U01467,0,,none
U01468,0,,none
U01469,0,,none
U01470,0,,none
U01471,1,2025-08-15,nostalgia
U01472,1,2025-08-15,nostalgia
U01473,0,,none
U01474,1,2025-08-15,nostalgia
U01475,1,2025-08-15,benefit
U01476,0,,none
U01477,0,,none
U01478,1,2025-08-15,nostalgia
U01479,1,2025-08-15,benefit
U01480,1,2025-08-15,benefit
U01481,0,,none
U01482,1,2025-08-15,nostalgia
U01483,0,,none
U01484,1,2025-08-15,benefit
U01485,1,2025-08-15,nostalgia
U01486,0,,none
U01487,1,2025-08-15,nostalgia
U01488,0,,none
U01489,1,2025-08-15,benefit
U01490,1,2025-08-15,nostalgia
U01491,0,,none
U01492,1,2025-08-15,benefit
U01493,1,2025-08-15,benefit
U01494,0,,none
U01495,1,2025-08-15,nostalgia
U01496,0,,none
U01497,0,,none
U01498,0,,none
U01499,1,2025-08-15,benefit
U01500,0,,none
U01501,0,,none
U01502,1,2025-08-15,nostalgia
U01503,0,,none
U01504,0,,none
U01505,1,2025-08-15,benefit
U01506,0,,none
U01507,0,,none
U01508,0,,none
U01509,0,,none
U01510,0,,none
U01511,0,,none
U01512,0,,none
U01513,0,,none
U01514,1,2025-08-15,nostalgia
U01515,1,2025-08-15,nostalgia
U01516,0,,none
U01517,0,,none
U01518,1,2025-08-15,benefit
U01519,1,2025-08-15,benefit
U01520,1,2025-08-15,nostalgia
U01521,0,,none
U01522,1,2025-08-15,nostalgia
U01523,1,2025-08-15,nostalgia
U01524,1,2025-08-15,nostalgia
U01525,1,2025-08-15,nostalgia
U01526,0,,none
U01527,1,2025-08-15,nostalgia
U01528,1,2025-08-15,nostalgia
U01529,0,,none
U01530,0,,none
U01531,1,2025-08-15,benefit
U01532,0,,none
U01533,1,2025-08-15,benefit
U01534,1,2025-08-15,nostalgia
U01535,0,,none
U01536,0,,none
U01537,0,,none
U01538,1,2025-08-15,benefit
U01539,1,2025-08-15,benefit
U01540,0,,none
U01541,1,2025-08-15,benefit
U01542,0,,none
U01543,1,2025-08-15,benefit
U01544,0,,none
U01545,0,,none
U01546,0,,none
U01547,1,2025-08-15,benefit
U01548,1,2025-08-15,benefit
U01549,1,2025-08-15,nostalgia
U01550,0,,none
U01551,0,,none
U01552,1,2025-08-15,benefit
U01553,0,,none
U01554,1,2025-08-15,nostalgia
U01555,0,,none
U01556,0,,none
U01557,1,2025-08-15,benefit
U01558,1,2025-08-15,nostalgia
U01559,0,,none
U01560,1,2025-08-15,nostalgia
U01561,0,,none
U01562,0,,none
U01563,1,2025-08-15,nostalgia
U01564,0,,none
U01565,0,,none
U01566,0,,none
U01567,1,2025-08-15,nostalgia
U01568,1,2025-08-15,nostalgia
U01569,1,2025-08-15,benefit
U01570,0,,none
U01571,1,2025-08-15,nostalgia
U01572,0,,none
U01573,1,2025-08-15,benefit
U01574,0,,none
U01575,1,2025-08-15,nostalgia
U01576,1,2025-08-15,benefit
U01577,0,,none
U01578,0,,none
U01579,1,2025-08-15,benefit
U01580,0,,none
U01581,1,2025-08-15,nostalgia
U01582,0,,none
U01583,0,,none
U01584,1,2025-08-15,nostalgia
U01585,1,2025-08-15,benefit
U01586,0,,none
U01587,1,2025-08-15,nostalgia
U01588,1,2025-08-15,nostalgia
U01589,0,,none
U01590,1,2025-08-15,benefit
U01591,0,,none
U01592,1,2025-08-15,nostalgia
U01593,1,2025-08-15,nostalgia
U01594,0,,none
U01595,1,2025-08-15,benefit
U01596,1,2025-08-15,nostalgia
U01597,0,,none
U01598,0,,none
U01599,1,2025-08-15,nostalgia
U01600,0,,none
U01601,1,2025-08-15,benefit
U01602,1,2025-08-15,nostalgia
U01603,1,2025-08-15,nostalgia
U01604,0,,none
U01605,1,2025-08-15,nostalgia
U01606,0,,none
U01607,1,2025-08-15,nostalgia
U01608,0,,none
U01609,1,2025-08-15,benefit
U01610,0,,none
U01611,0,,none
U01612,1,2025-08-15,benefit
U01613,0,,none
U01614,0,,none
U01615,1,2025-08-15,nostalgia
U01616,1,2025-08-15,nostalgia
U01617,1,2025-08-15,nostalgia
U01618,0,,none
U01619,0,,none
U01620,1,2025-08-15,nostalgia
U01621,0,,none
U01622,0,,none
U01623,1,2025-08-15,nostalgia
U01624,1,2025-08-15,nostalgia
U01625,1,2025-08-15,benefit
U01626,1,2025-08-15,benefit
U01627,0,,none
U01628,0,,none
U01629,1,2025-08-15,nostalgia
U01630,0,,none
U01631,0,,none
U01632,1,2025-08-15,benefit
U01633,0,,none
U01634,0,,none
U01635,0,,none
U01636,1,2025-08-15,nostalgia
U01637,1,2025-08-15,benefit
U01638,0,,none
U01639,1,2025-08-15,nostalgia
U01640,1,2025-08-15,benefit
U01641,0,,none
U01642,0,,none
U01643,0,,none
U01644,1,2025-08-15,benefit
U01645,1,2025-08-15,nostalgia
U01646,1,2025-08-15,nostalgia
U01647,0,,none
U01648,0,,none
U01649,1,2025-08-15,benefit
U01650,0,,none
U01651,0,,none
U01652,0,,none
U01653,1,2025-08-15,nostalgia
U01654,1,2025-08-15,nostalgia
U01655,0,,none
U01656,0,,none
U01657,1,2025-08-15,nostalgia
U01658,1,2025-08-15,nostalgia
U01659,0,,none
U01660,1,2025-08-15,nostalgia
U01661,1,2025-08-15,benefit
U01662,0,,none
U01663,1,2025-08-15,nostalgia
U01664,0,,none
U01665,1,2025-08-15,nostalgia
U01666,1,2025-08-15,nostalgia
U01667,1,2025-08-15,benefit
U01668,1,2025-08-15,nostalgia
U01669,0,,none
U01670,0,,none
U01671,1,2025-08-15,nostalgia
U01672,0,,none
U01673,1,2025-08-15,benefit
U01674,0,,none
U01675,1,2025-08-15,benefit
U01676,0,,none
U01677,0,,none
U01678,1,2025-08-15,benefit
U01679,0,,none
U01680,1,2025-08-15,benefit
U01681,1,2025-08-15,nostalgia
U01682,0,,none
U01683,1,2025-08-15,benefit
U01684,0,,none
U01685,0,,none
U01686,1,2025-08-15,nostalgia
U01687,1,2025-08-15,benefit
U01688,1,2025-08-15,nostalgia
U01689,1,2025-08-15,nostalgia
U01690,1,2025-08-15,benefit
U01691,1,2025-08-15,nostalgia
U01692,1,2025-08-15,nostalgia
U01693,1,2025-08-15,nostalgia
U01694,0,,none
U01695,0,,none
U01696,1,2025-08-15,benefit
U01697,0,,none
U01698,1,2025-08-15,benefit
U01699,1,2025-08-15,benefit
U01700,0,,none
U01701,0,,none
U01702,0,,none
U01703,1,2025-08-15,nostalgia
U01704,0,,none
U01705,1,2025-08-15,nostalgia
U01706,0,,none
U01707,1,2025-08-15,benefit
U01708,1,2025-08-15,nostalgia
U01709,1,2025-08-15,nostalgia
U01710,1,2025-08-15,nostalgia
U01711,0,,none
U01712,1,2025-08-15,nostalgia
U01713,0,,none
U01714,1,2025-08-15,benefit
U01715,0,,none
U01716,0,,none
U01717,1,2025-08-15,benefit
U01718,0,,none
U01719,0,,none
U01720,0,,none
U01721,0,,none
U01722,1,2025-08-15,benefit
U01723,0,,none
U01724,1,2025-08-15,benefit
U01725,1,2025-08-15,nostalgia
U01726,1,2025-08-15,nostalgia
U01727,1,2025-08-15,benefit
U01728,0,,none
U01729,1,2025-08-15,nostalgia
U01730,0,,none
U01731,1,2025-08-15,benefit
U01732,1,2025-08-15,nostalgia
U01733,1,2025-08-15,nostalgia
U01734,1,2025-08-15,benefit
U01735,1,2025-08-15,benefit
U01736,0,,none
U01737,1,2025-08-15,nostalgia
U01738,0,,none
U01739,1,2025-08-15,benefit
U01740,0,,none
U01741,1,2025-08-15,nostalgia
U01742,1,2025-08-15,benefit
U01743,1,2025-08-15,nostalgia
U01744,1,2025-08-15,nostalgia
U01745,0,,none
U01746,0,,none
U01747,0,,none
U01748,0,,none
U01749,1,2025-08-15,benefit
U01750,0,,none
U01751,1,2025-08-15,benefit
U01752,1,2025-08-15,nostalgia
U01753,1,2025-08-15,benefit
U01754,0,,none
U01755,0,,none
U01756,0,,none
U01757,0,,none
U01758,0,,none
U01759,0,,none
U01760,1,2025-08-15,benefit
U01761,1,2025-08-15,benefit
U01762,0,,none
U01763,0,,none
U01764,1,2025-08-15,benefit
U01765,0,,none
U01766,1,2025-08-15,nostalgia
U01767,0,,none
U01768,0,,none
U01769,1,2025-08-15,benefit
U01770,1,2025-08-15,benefit
U01771,0,,none
U01772,0,,none
U01773,0,,none
U01774,0,,none
U01775,0,,none
U01776,0,,none
U01777,0,,none
U01778,0,,none
U01779,0,,none
U01780,0,,none
U01781,1,2025-08-15,nostalgia
U01782,0,,none
U01783,0,,none
U01784,1,2025-08-15,benefit
U01785,0,,none
U01786,0,,none
U01787,0,,none
U01788,1,2025-08-15,benefit
U01789,0,,none
U01790,1,2025-08-15,nostalgia
U01791,0,,none
U01792,0,,none
U01793,0,,none
U01794,1,2025-08-15,nostalgia
U01795,0,,none
U01796,0,,none
U01797,0,,none
U01798,1,2025-08-15,nostalgia
U01799,0,,none
U01800,1,2025-08-15,benefit
U01801,0,,none
U01802,1,2025-08-15,benefit
U01803,1,2025-08-15,nostalgia
U01804,0,,none
U01805,1,2025-08-15,nostalgia
U01806,0,,none
U01807,1,2025-08-15,nostalgia
U01808,1,2025-08-15,benefit
U01809,0,,none
U01810,0,,none
U01811,0,,none
U01812,1,2025-08-15,benefit
U01813,1,2025-08-15,benefit
U01814,0,,none
U01815,0,,none
U01816,1,2025-08-15,nostalgia
U01817,1,2025-08-15,nostalgia
U01818,0,,none
U01819,1,2025-08-15,nostalgia
U01820,0,,none
U01821,1,2025-08-15,nostalgia
U01822,0,,none
U01823,1,2025-08-15,benefit
U01824,1,2025-08-15,benefit
U01825,0,,none
U01826,0,,none
U01827,0,,none
U01828,0,,none
U01829,0,,none
U01830,1,2025-08-15,benefit
U01831,1,2025-08-15,benefit
U01832,0,,none
U01833,1,2025-08-15,nostalgia
U01834,0,,none
U01835,1,2025-08-15,benefit
U01836,0,,none
U01837,0,,none
U01838,0,,none
U01839,1,2025-08-15,nostalgia
U01840,1,2025-08-15,benefit
U01841,1,2025-08-15,benefit
U01842,0,,none
U01843,1,2025-08-15,benefit
U01844,0,,none
U01845,0,,none
U01846,1,2025-08-15,nostalgia
U01847,1,2025-08-15,nostalgia
U01848,0,,none
U01849,1,2025-08-15,nostalgia
U01850,0,,none
U01851,0,,none
U01852,1,2025-08-15,benefit
U01853,1,2025-08-15,nostalgia
U01854,1,2025-08-15,nostalgia
U01855,1,2025-08-15,nostalgia
U01856,0,,none
U01857,0,,none
U01858,0,,none
U01859,0,,none
U01860,1,2025-08-15,nostalgia
U01861,0,,none
U01862,0,,none
U01863,1,2025-08-15,benefit
U01864,1,2025-08-15,benefit
U01865,1,2025-08-15,benefit
U01866,1,2025-08-15,benefit
U01867,0,,none
U01868,1,2025-08-15,nostalgia
U01869,1,2025-08-15,nostalgia
U01870,0,,none
U01871,0,,none
U01872,0,,none
U01873,1,2025-08-15,benefit
U01874,1,2025-08-15,benefit
U01875,1,2025-08-15,benefit
U01876,0,,none
U01877,0,,none
U01878,0,,none
U01879,0,,none
U01880,1,2025-08-15,nostalgia
U01881,0,,none
U01882,0,,none
U01883,0,,none
U01884,1,2025-08-15,nostalgia
U01885,0,,none
U01886,1,2025-08-15,benefit
U01887,0,,none
U01888,1,2025-08-15,benefit
U01889,1,2025-08-15,benefit
U01890,1,2025-08-15,nostalgia
U01891,0,,none
U01892,1,2025-08-15,nostalgia
U01893,1,2025-08-15,nostalgia
U01894,0,,none
U01895,1,2025-08-15,nostalgia
U01896,0,,none
U01897,0,,none
U01898,0,,none
U01899,0,,none
U01900,0,,none
U01901,0,,none
U01902,1,2025-08-15,nostalgia
U01903,1,2025-08-15,benefit
U01904,1,2025-08-15,benefit
U01905,1,2025-08-15,nostalgia
U01906,1,2025-08-15,benefit
U01907,0,,none
U01908,1,2025-08-15,benefit
U01909,0,,none
U01910,0,,none
U01911,1,2025-08-15,benefit
U01912,0,,none
U01913,0,,none
U01914,1,2025-08-15,benefit
U01915,0,,none
U01916,0,,none
U01917,1,2025-08-15,benefit
U01918,0,,none
U01919,1,2025-08-15,nostalgia
U01920,1,2025-08-15,nostalgia
U01921,1,2025-08-15,benefit
U01922,1,2025-08-15,benefit
U01923,1,2025-08-15,nostalgia
U01924,0,,none
U01925,1,2025-08-15,benefit
U01926,1,2025-08-15,benefit
U01927,0,,none
U01928,1,2025-08-15,benefit
U01929,1,2025-08-15,benefit
U01930,1,2025-08-15,nostalgia
U01931,0,,none
U01932,1,2025-08-15,benefit
U01933,0,,none
U01934,0,,none
U01935,1,2025-08-15,nostalgia
U01936,0,,none
U01937,0,,none
U01938,1,2025-08-15,nostalgia
U01939,1,2025-08-15,benefit
U01940,1,2025-08-15,nostalgia
U01941,0,,none
U01942,0,,none
U01943,0,,none
U01944,1,2025-08-15,benefit
U01945,1,2025-08-15,nostalgia
U01946,1,2025-08-15,benefit
U01947,1,2025-08-15,nostalgia
U01948,1,2025-08-15,nostalgia
U01949,0,,none
U01950,1,2025-08-15,benefit
U01951,0,,none
U01952,0,,none
U01953,1,2025-08-15,benefit
U01954,0,,none
U01955,0,,none
U01956,0,,none
U01957,1,2025-08-15,nostalgia
U01958,1,2025-08-15,benefit
U01959,1,2025-08-15,nostalgia
U01960,1,2025-08-15,benefit
U01961,1,2025-08-15,nostalgia
U01962,0,,none
U01963,1,2025-08-15,nostalgia
U01964,0,,none
U01965,0,,none
U01966,0,,none
U01967,0,,none
U01968,1,2025-08-15,nostalgia
U01969,0,,none
U01970,1,2025-08-15,benefit
U01971,1,2025-08-15,benefit
U01972,1,2025-08-15,benefit
U01973,1,2025-08-15,benefit
U01974,0,,none
U01975,0,,none
U01976,0,,none
U01977,1,2025-08-15,nostalgia
U01978,1,2025-08-15,nostalgia
U01979,0,,none
U01980,1,2025-08-15,benefit
U01981,0,,none
U01982,1,2025-08-15,nostalgia
U01983,1,2025-08-15,benefit
U01984,0,,none
U01985,0,,none
U01986,1,2025-08-15,benefit
U01987,0,,none
U01988,0,,none
U01989,1,2025-08-15,benefit
U01990,0,,none
U01991,1,2025-08-15,nostalgia
U01992,1,2025-08-15,benefit
U01993,0,,none
U01994,1,2025-08-15,benefit
U01995,1,2025-08-15,benefit
U01996,0,,none
U01997,1,2025-08-15,nostalgia
U01998,1,2025-08-15,benefit
U01999,1,2025-08-15,nostalgia
U02000,0,,none
U02001,0,,none
U02002,0,,none
U02003,0,,none
U02004,1,2025-08-15,benefit
U02005,0,,none
U02006,0,,none
U02007,0,,none
U02008,1,2025-08-15,benefit
U02009,1,2025-08-15,benefit
U02010,0,,none
U02011,0,,none
U02012,0,,none
U02013,1,2025-08-15,benefit
U02014,0,,none
U02015,1,2025-08-15,benefit
U02016,0,,none
U02017,1,2025-08-15,nostalgia
U02018,0,,none
U02019,0,,none
U02020,1,2025-08-15,nostalgia
U02021,0,,none
U02022,1,2025-08-15,benefit
U02023,1,2025-08-15,benefit
U02024,1,2025-08-15,nostalgia
U02025,0,,none
U02026,1,2025-08-15,benefit
U02027,1,2025-08-15,benefit
U02028,0,,none
U02029,1,2025-08-15,benefit
U02030,1,2025-08-15,benefit
U02031,0,,none
U02032,0,,none
U02033,1,2025-08-15,nostalgia
U02034,1,2025-08-15,benefit
U02035,0,,none
U02036,0,,none
U02037,0,,none
U02038,1,2025-08-15,nostalgia
U02039,0,,none
U02040,0,,none
U02041,1,2025-08-15,nostalgia
U02042,0,,none
U02043,1,2025-08-15,nostalgia
U02044,0,,none
U02045,1,2025-08-15,benefit
U02046,1,2025-08-15,benefit
U02047,1,2025-08-15,benefit
U02048,0,,none
U02049,0,,none
U02050,0,,none
U02051,1,2025-08-15,nostalgia
U02052,0,,none
U02053,1,2025-08-15,benefit
U02054,1,2025-08-15,nostalgia
U02055,0,,none
U02056,0,,none
U02057,1,2025-08-15,nostalgia
U02058,1,2025-08-15,benefit
U02059,1,2025-08-15,nostalgia
U02060,0,,none
U02061,0,,none
U02062,1,2025-08-15,benefit
U02063,0,,none
U02064,0,,none
U02065,0,,none
U02066,0,,none
U02067,0,,none
U02068,0,,none
U02069,1,2025-08-15,benefit
U02070,1,2025-08-15,nostalgia
U02071,0,,none
U02072,0,,none
U02073,0,,none
U02074,0,,none
U02075,0,,none
U02076,1,2025-08-15,benefit
U02077,0,,none
U02078,0,,none
U02079,1,2025-08-15,nostalgia
U02080,1,2025-08-15,benefit
U02081,1,2025-08-15,benefit
U02082,1,2025-08-15,nostalgia
U02083,0,,none
U02084,0,,none
U02085,1,2025-08-15,benefit
U02086,0,,none
U02087,0,,none
U02088,1,2025-08-15,benefit
U02089,0,,none
U02090,1,2025-08-15,benefit
U02091,1,2025-08-15,benefit
U02092,0,,none
U02093,0,,none
U02094,0,,none
U02095,1,2025-08-15,nostalgia
U02096,0,,none
U02097,0,,none
U02098,1,2025-08-15,nostalgia
U02099,1,2025-08-15,benefit
U02100,0,,none
U02101,0,,none
U02102,1,2025-08-15,nostalgia
U02103,0,,none
U02104,1,2025-08-15,nostalgia
U02105,1,2025-08-15,benefit
U02106,1,2025-08-15,nostalgia
U02107,0,,none
U02108,1,2025-08-15,nostalgia
U02109,0,,none
U02110,0,,none
U02111,1,2025-08-15,nostalgia
U02112,1,2025-08-15,nostalgia
U02113,1,2025-08-15,benefit
U02114,0,,none
U02115,1,2025-08-15,nostalgia
U02116,0,,none
U02117,0,,none
U02118,0,,none
U02119,0,,none
U02120,0,,none
U02121,1,2025-08-15,nostalgia
U02122,1,2025-08-15,nostalgia
U02123,1,2025-08-15,benefit
U02124,0,,none
U02125,1,2025-08-15,benefit
U02126,0,,none
U02127,0,,none
U02128,1,2025-08-15,nostalgia
U02129,1,2025-08-15,benefit
U02130,1,2025-08-15,nostalgia
U02131,0,,none
U02132,0,,none
U02133,1,2025-08-15,nostalgia
U02134,1,2025-08-15,benefit
U02135,1,2025-08-15,benefit
U02136,0,,none
U02137,0,,none
U02138,0,,none
U02139,1,2025-08-15,benefit
U02140,0,,none
U02141,1,2025-08-15,nostalgia
U02142,0,,none
U02143,0,,none
U02144,1,2025-08-15,nostalgia
U02145,1,2025-08-15,benefit
U02146,0,,none
U02147,0,,none
U02148,1,2025-08-15,benefit
U02149,0,,none
U02150,0,,none
U02151,0,,none
U02152,1,2025-08-15,nostalgia
U02153,0,,none
U02154,1,2025-08-15,benefit
U02155,1,2025-08-15,benefit
U02156,0,,none
U02157,1,2025-08-15,benefit
U02158,1,2025-08-15,benefit
U02159,1,2025-08-15,nostalgia
U02160,0,,none
U02161,1,2025-08-15,nostalgia
U02162,0,,none
U02163,1,2025-08-15,nostalgia
U02164,0,,none
U02165,1,2025-08-15,nostalgia
U02166,1,2025-08-15,benefit
U02167,1,2025-08-15,benefit
U02168,1,2025-08-15,benefit
U02169,0,,none
U02170,0,,none
U02171,0,,none
U02172,0,,none
U02173,0,,none
U02174,1,2025-08-15,nostalgia
U02175,0,,none
U02176,1,2025-08-15,benefit
U02177,0,,none
U02178,1,2025-08-15,benefit
U02179,1,2025-08-15,benefit
U02180,1,2025-08-15,nostalgia
U02181,1,2025-08-15,nostalgia
U02182,1,2025-08-15,nostalgia
U02183,0,,none
U02184,1,2025-08-15,benefit
U02185,1,2025-08-15,benefit
U02186,1,2025-08-15,nostalgia
U02187,1,2025-08-15,benefit
U02188,0,,none
U02189,0,,none
U02190,0,,none
U02191,0,,none
U02192,1,2025-08-15,benefit
U02193,0,,none
U02194,0,,none
U02195,1,2025-08-15,nostalgia
U02196,1,2025-08-15,benefit
U02197,1,2025-08-15,nostalgia
U02198,0,,none
U02199,0,,none
U02200,1,2025-08-15,nostalgia
U02201,1,2025-08-15,benefit
U02202,0,,none
U02203,0,,none
U02204,0,,none
U02205,1,2025-08-15,nostalgia
U02206,0,,none
U02207,0,,none
U02208,0,,none
U02209,0,,none
U02210,0,,none
U02211,1,2025-08-15,nostalgia
U02212,0,,none
U02213,0,,none
U02214,0,,none
U02215,1,2025-08-15,nostalgia
U02216,1,2025-08-15,benefit
U02217,0,,none
U02218,0,,none
U02219,1,2025-08-15,nostalgia
U02220,0,,none
U02221,0,,none
U02222,0,,none
U02223,1,2025-08-15,nostalgia
U02224,1,2025-08-15,benefit
U02225,1,2025-08-15,benefit
U02226,0,,none
U02227,0,,none
U02228,1,2025-08-15,benefit
U02229,1,2025-08-15,nostalgia
U02230,1,2025-08-15,nostalgia
U02231,1,2025-08-15,nostalgia
U02232,1,2025-08-15,benefit
U02233,0,,none
U02234,0,,none
U02235,0,,none
U02236,1,2025-08-15,benefit
U02237,0,,none
U02238,1,2025-08-15,nostalgia
U02239,0,,none
U02240,1,2025-08-15,benefit
U02241,0,,none
U02242,0,,none
U02243,1,2025-08-15,nostalgia
U02244,0,,none
U02245,0,,none
U02246,0,,none
U02247,0,,none
U02248,0,,none
U02249,1,2025-08-15,nostalgia
U02250,1,2025-08-15,benefit
U02251,1,2025-08-15,nostalgia
U02252,1,2025-08-15,benefit
U02253,1,2025-08-15,benefit
U02254,0,,none
U02255,1,2025-08-15,benefit
U02256,0,,none
U02257,1,2025-08-15,benefit
U02258,1,2025-08-15,benefit
U02259,1,2025-08-15,benefit
U02260,1,2025-08-15,benefit
U02261,1,2025-08-15,benefit
U02262,1,2025-08-15,benefit
U02263,0,,none
U02264,1,2025-08-15,benefit
U02265,1,2025-08-15,nostalgia
U02266,0,,none
U02267,0,,none
U02268,0,,none
U02269,0,,none
U02270,1,2025-08-15,benefit
U02271,0,,none
U02272,0,,none
U02273,0,,none
U02274,0,,none
U02275,0,,none
U02276,0,,none
U02277,0,,none
U02278,1,2025-08-15,nostalgia
U02279,0,,none
U02280,1,2025-08-15,nostalgia
U02281,0,,none
U02282,1,2025-08-15,benefit
U02283,0,,none
U02284,1,2025-08-15,nostalgia
U02285,1,2025-08-15,nostalgia
U02286,1,2025-08-15,nostalgia
U02287,0,,none
U02288,1,2025-08-15,nostalgia
U02289,0,,none
U02290,1,2025-08-15,nostalgia
U02291,1,2025-08-15,nostalgia
U02292,1,2025-08-15,benefit
U02293,1,2025-08-15,benefit
U02294,1,2025-08-15,benefit
U02295,0,,none
U02296,0,,none
U02297,1,2025-08-15,benefit
U02298,1,2025-08-15,benefit
U02299,0,,none
U02300,0,,none
U02301,1,2025-08-15,nostalgia
U02302,0,,none
U02303,0,,none
U02304,1,2025-08-15,benefit
U02305,0,,none
U02306,1,2025-08-15,nostalgia
U02307,0,,none
U02308,1,2025-08-15,benefit
U02309,1,2025-08-15,nostalgia
U02310,1,2025-08-15,nostalgia
U02311,1,2025-08-15,nostalgia
U02312,0,,none
U02313,1,2025-08-15,benefit
U02314,1,2025-08-15,benefit
U02315,0,,none
U02316,0,,none
U02317,0,,none
U02318,0,,none
U02319,1,2025-08-15,nostalgia
U02320,1,2025-08-15,nostalgia
U02321,1,2025-08-15,nostalgia
U02322,0,,none
U02323,1,2025-08-15,nostalgia
U02324,1,2025-08-15,benefit
U02325,1,2025-08-15,nostalgia
U02326,1,2025-08-15,nostalgia
U02327,0,,none
U02328,1,2025-08-15,benefit
U02329,1,2025-08-15,benefit
U02330,1,2025-08-15,benefit
U02331,1,2025-08-15,benefit
U02332,1,2025-08-15,nostalgia
U02333,0,,none
U02334,0,,none
U02335,1,2025-08-15,benefit
U02336,1,2025-08-15,benefit
U02337,0,,none
U02338,1,2025-08-15,benefit
U02339,0,,none
U02340,0,,none
U02341,1,2025-08-15,benefit
U02342,1,2025-08-15,nostalgia
U02343,1,2025-08-15,benefit
U02344,1,2025-08-15,benefit
U02345,1,2025-08-15,nostalgia
U02346,1,2025-08-15,nostalgia
U02347,0,,none
U02348,0,,none
U02349,0,,none
U02350,0,,none
U02351,0,,none
U02352,0,,none
U02353,0,,none
U02354,0,,none
U02355,0,,none
U02356,0,,none
U02357,0,,none
U02358,0,,none
U02359,1,2025-08-15,nostalgia
U02360,1,2025-08-15,benefit
U02361,0,,none
U02362,1,2025-08-15,nostalgia
U02363,0,,none
U02364,0,,none
U02365,1,2025-08-15,nostalgia
U02366,1,2025-08-15,nostalgia
U02367,0,,none
U02368,0,,none
U02369,0,,none
U02370,1,2025-08-15,benefit
U02371,1,2025-08-15,nostalgia
U02372,0,,none
U02373,0,,none
U02374,1,2025-08-15,benefit
U02375,1,2025-08-15,nostalgia
U02376,1,2025-08-15,benefit
U02377,0,,none
U02378,0,,none
U02379,1,2025-08-15,benefit
U02380,0,,none
U02381,0,,none
U02382,1,2025-08-15,nostalgia
U02383,1,2025-08-15,benefit
U02384,0,,none
U02385,0,,none
U02386,1,2025-08-15,benefit
U02387,1,2025-08-15,benefit
U02388,0,,none
U02389,0,,none
U02390,1,2025-08-15,nostalgia
U02391,0,,none
U02392,1,2025-08-15,nostalgia
U02393,1,2025-08-15,benefit
U02394,0,,none
U02395,0,,none
U02396,1,2025-08-15,nostalgia
U02397,1,2025-08-15,nostalgia
U02398,0,,none
U02399,0,,none
U02400,0,,none
U02401,0,,none
U02402,0,,none
U02403,1,2025-08-15,nostalgia
U02404,0,,none
U02405,0,,none
U02406,1,2025-08-15,benefit
U02407,0,,none
U02408,0,,none
U02409,0,,none
U02410,0,,none
U02411,0,,none
U02412,1,2025-08-15,nostalgia
U02413,0,,none
U02414,0,,none
U02415,0,,none
U02416,0,,none
U02417,1,2025-08-15,benefit
U02418,1,2025-08-15,benefit
U02419,0,,none
U02420,0,,none
U02421,1,2025-08-15,nostalgia
U02422,1,2025-08-15,benefit
U02423,0,,none
U02424,0,,none
U02425,1,2025-08-15,benefit
U02426,1,2025-08-15,nostalgia
U02427,0,,none
U02428,1,2025-08-15,nostalgia
U02429,0,,none
U02430,1,2025-08-15,benefit
U02431,1,2025-08-15,benefit
U02432,1,2025-08-15,nostalgia
U02433,0,,none
U02434,1,2025-08-15,nostalgia
U02435,0,,none
U02436,1,2025-08-15,benefit
U02437,0,,none
U02438,1,2025-08-15,benefit
U02439,0,,none
U02440,0,,none
U02441,0,,none
U02442,0,,none
U02443,1,2025-08-15,nostalgia
U02444,0,,none
U02445,1,2025-08-15,benefit
U02446,1,2025-08-15,nostalgia
U02447,0,,none
U02448,0,,none
U02449,0,,none
U02450,0,,none
U02451,0,,none
U02452,1,2025-08-15,benefit
U02453,0,,none
U02454,1,2025-08-15,nostalgia
U02455,1,2025-08-15,benefit
U02456,0,,none
U02457,0,,none
U02458,0,,none
U02459,0,,none
U02460,1,2025-08-15,nostalgia
U02461,0,,none
U02462,0,,none
U02463,1,2025-08-15,benefit
U02464,1,2025-08-15,benefit
U02465,0,,none
U02466,1,2025-08-15,nostalgia
U02467,0,,none
U02468,1,2025-08-15,nostalgia
U02469,1,2025-08-15,nostalgia
U02470,1,2025-08-15,nostalgia
U02471,1,2025-08-15,benefit
U02472,0,,none
U02473,1,2025-08-15,benefit
U02474,1,2025-08-15,nostalgia
U02475,0,,none
U02476,1,2025-08-15,nostalgia
U02477,0,,none
U02478,0,,none
U02479,0,,none
U02480,0,,none
U02481,0,,none
U02482,0,,none
U02483,0,,none
U02484,1,2025-08-15,nostalgia
U02485,1,2025-08-15,benefit
U02486,1,2025-08-15,benefit
U02487,0,,none
U02488,0,,none
U02489,1,2025-08-15,nostalgia
U02490,0,,none
U02491,0,,none
U02492,1,2025-08-15,benefit
U02493,1,2025-08-15,nostalgia
U02494,0,,none
U02495,0,,none
U02496,0,,none
U02497,0,,none
U02498,1,2025-08-15,nostalgia
U02499,1,2025-08-15,nostalgia
U02500,1,2025-08-15,nostalgia
U02501,1,2025-08-15,benefit
U02502,0,,none
U02503,1,2025-08-15,nostalgia
U02504,0,,none
U02505,0,,none
U02506,0,,none
U02507,1,2025-08-15,benefit
U02508,1,2025-08-15,nostalgia
U02509,1,2025-08-15,nostalgia
U02510,1,2025-08-15,benefit
U02511,0,,none
U02512,1,2025-08-15,benefit
U02513,1,2025-08-15,benefit
U02514,1,2025-08-15,benefit
U02515,1,2025-08-15,nostalgia
U02516,0,,none
U02517,0,,none
U02518,1,2025-08-15,benefit
U02519,1,2025-08-15,benefit
U02520,1,2025-08-15,benefit
U02521,0,,none
U02522,0,,none
U02523,1,2025-08-15,nostalgia
U02524,0,,none
U02525,1,2025-08-15,benefit
U02526,0,,none
U02527,1,2025-08-15,benefit
U02528,0,,none
U02529,0,,none
U02530,1,2025-08-15,benefit
U02531,1,2025-08-15,nostalgia
U02532,1,2025-08-15,benefit
U02533,1,2025-08-15,benefit
U02534,0,,none
U02535,0,,none
U02536,0,,none
U02537,0,,none
U02538,1,2025-08-15,benefit
U02539,1,2025-08-15,benefit
U02540,1,2025-08-15,nostalgia
U02541,1,2025-08-15,nostalgia
U02542,1,2025-08-15,benefit
U02543,1,2025-08-15,benefit
U02544,1,2025-08-15,nostalgia
U02545,0,,none
U02546,0,,none
U02547,0,,none
U02548,0,,none
U02549,1,2025-08-15,benefit
U02550,1,2025-08-15,benefit
U02551,1,2025-08-15,benefit
U02552,1,2025-08-15,benefit
U02553,1,2025-08-15,benefit
U02554,0,,none
U02555,1,2025-08-15,benefit
U02556,0,,none
U02557,0,,none
U02558,1,2025-08-15,benefit
U02559,0,,none
U02560,1,2025-08-15,nostalgia
U02561,0,,none
U02562,1,2025-08-15,nostalgia
U02563,1,2025-08-15,benefit
U02564,1,2025-08-15,benefit
U02565,0,,none
U02566,0,,none
U02567,0,,none
U02568,1,2025-08-15,benefit
U02569,0,,none
U02570,0,,none
U02571,0,,none
U02572,1,2025-08-15,nostalgia
U02573,1,2025-08-15,benefit
U02574,1,2025-08-15,nostalgia
U02575,0,,none
U02576,0,,none
U02577,0,,none
U02578,0,,none
U02579,0,,none
U02580,0,,none
U02581,1,2025-08-15,nostalgia
U02582,1,2025-08-15,nostalgia
U02583,0,,none
U02584,1,2025-08-15,nostalgia
U02585,1,2025-08-15,nostalgia
U02586,0,,none
U02587,1,2025-08-15,nostalgia
U02588,1,2025-08-15,benefit
U02589,0,,none
U02590,1,2025-08-15,benefit
U02591,0,,none
U02592,0,,none
U02593,1,2025-08-15,nostalgia
U02594,1,2025-08-15,nostalgia
U02595,1,2025-08-15,benefit
U02596,1,2025-08-15,benefit
U02597,1,2025-08-15,benefit
U02598,0,,none
U02599,1,2025-08-15,nostalgia
U02600,0,,none
U02601,1,2025-08-15,nostalgia
U02602,1,2025-08-15,nostalgia
U02603,1,2025-08-15,nostalgia
U02604,0,,none
U02605,1,2025-08-15,nostalgia
U02606,1,2025-08-15,nostalgia
U02607,0,,none
U02608,0,,none
U02609,1,2025-08-15,nostalgia
U02610,1,2025-08-15,benefit
U02611,1,2025-08-15,benefit
U02612,1,2025-08-15,nostalgia
U02613,1,2025-08-15,nostalgia
U02614,0,,none
U02615,1,2025-08-15,nostalgia
U02616,1,2025-08-15,benefit
U02617,1,2025-08-15,nostalgia
U02618,1,2025-08-15,nostalgia
U02619,0,,none
U02620,1,2025-08-15,benefit
U02621,0,,none
U02622,0,,none
U02623,0,,none
U02624,0,,none
U02625,0,,none
U02626,1,2025-08-15,benefit
U02627,0,,none
U02628,0,,none
U02629,1,2025-08-15,benefit
U02630,1,2025-08-15,nostalgia
U02631,0,,none
U02632,1,2025-08-15,benefit
U02633,0,,none
U02634,0,,none
U02635,0,,none
U02636,1,2025-08-15,nostalgia
U02637,1,2025-08-15,nostalgia
U02638,0,,none
U02639,0,,none
U02640,0,,none
U02641,1,2025-08-15,nostalgia
U02642,0,,none
U02643,1,2025-08-15,benefit
U02644,1,2025-08-15,nostalgia
U02645,1,2025-08-15,nostalgia
U02646,1,2025-08-15,nostalgia
U02647,1,2025-08-15,nostalgia
U02648,0,,none
U02649,0,,none
U02650,0,,none
U02651,1,2025-08-15,nostalgia
U02652,0,,none
U02653,0,,none
U02654,1,2025-08-15,benefit
U02655,0,,none
U02656,0,,none
U02657,0,,none
U02658,1,2025-08-15,benefit
U02659,0,,none
U02660,0,,none
U02661,1,2025-08-15,nostalgia
U02662,1,2025-08-15,nostalgia
U02663,1,2025-08-15,nostalgia
U02664,0,,none
U02665,1,2025-08-15,nostalgia
U02666,0,,none
U02667,0,,none
U02668,1,2025-08-15,benefit
U02669,0,,none
U02670,1,2025-08-15,benefit
U02671,1,2025-08-15,benefit
U02672,1,2025-08-15,benefit
U02673,0,,none
U02674,1,2025-08-15,nostalgia
U02675,1,2025-08-15,benefit
U02676,0,,none
U02677,1,2025-08-15,nostalgia
U02678,1,2025-08-15,benefit
U02679,1,2025-08-15,nostalgia
U02680,0,,none
U02681,1,2025-08-15,nostalgia
U02682,1,2025-08-15,nostalgia
U02683,1,2025-08-15,nostalgia
U02684,1,2025-08-15,benefit
U02685,0,,none
U02686,1,2025-08-15,nostalgia
U02687,1,2025-08-15,nostalgia
U02688,1,2025-08-15,nostalgia
U02689,0,,none
U02690,0,,none
U02691,0,,none
U02692,0,,none
U02693,1,2025-08-15,nostalgia
U02694,1,2025-08-15,nostalgia
U02695,1,2025-08-15,nostalgia
U02696,0,,none
U02697,1,2025-08-15,benefit
U02698,1,2025-08-15,nostalgia
U02699,0,,none
U02700,0,,none
U02701,0,,none
U02702,1,2025-08-15,benefit
U02703,0,,none
U02704,1,2025-08-15,benefit
U02705,0,,none
U02706,1,2025-08-15,nostalgia
U02707,1,2025-08-15,nostalgia
U02708,1,2025-08-15,benefit
U02709,0,,none
U02710,1,2025-08-15,benefit
U02711,1,2025-08-15,nostalgia
U02712,1,2025-08-15,benefit
U02713,1,2025-08-15,benefit
U02714,0,,none
U02715,0,,none
U02716,0,,none
U02717,1,2025-08-15,benefit
U02718,0,,none
U02719,0,,none
U02720,1,2025-08-15,nostalgia
U02721,1,2025-08-15,benefit
U02722,1,2025-08-15,benefit
U02723,1,2025-08-15,benefit
U02724,1,2025-08-15,benefit
U02725,0,,none
U02726,0,,none
U02727,0,,none
U02728,0,,none
U02729,1,2025-08-15,nostalgia
U02730,0,,none
U02731,1,2025-08-15,benefit
U02732,0,,none
U02733,1,2025-08-15,benefit
U02734,1,2025-08-15,benefit
U02735,0,,none
U02736,1,2025-08-15,nostalgia
U02737,1,2025-08-15,nostalgia
U02738,0,,none
U02739,1,2025-08-15,benefit
U02740,0,,none
U02741,1,2025-08-15,benefit
U02742,0,,none
U02743,0,,none
U02744,1,2025-08-15,nostalgia
U02745,1,2025-08-15,benefit
U02746,1,2025-08-15,nostalgia
U02747,1,2025-08-15,benefit
U02748,0,,none
U02749,1,2025-08-15,benefit
U02750,0,,none
U02751,1,2025-08-15,benefit
U02752,0,,none
U02753,1,2025-08-15,benefit
U02754,0,,none
U02755,1,2025-08-15,nostalgia
U02756,0,,none
U02757,0,,none
U02758,1,2025-08-15,benefit
U02759,1,2025-08-15,nostalgia
U02760,0,,none
U02761,1,2025-08-15,benefit
U02762,1,2025-08-15,nostalgia
U02763,0,,none
U02764,0,,none
U02765,1,2025-08-15,benefit
U02766,1,2025-08-15,nostalgia
U02767,1,2025-08-15,nostalgia
U02768,1,2025-08-15,nostalgia
U02769,1,2025-08-15,benefit
U02770,0,,none
U02771,0,,none
U02772,0,,none
U02773,0,,none
U02774,1,2025-08-15,benefit
U02775,1,2025-08-15,nostalgia
U02776,0,,none
U02777,1,2025-08-15,benefit
U02778,1,2025-08-15,nostalgia
U02779,0,,none
U02780,1,2025-08-15,benefit
U02781,1,2025-08-15,nostalgia
U02782,1,2025-08-15,nostalgia
U02783,1,2025-08-15,nostalgia
U02784,1,2025-08-15,benefit
U02785,0,,none
U02786,1,2025-08-15,nostalgia
U02787,1,2025-08-15,nostalgia
U02788,0,,none
U02789,0,,none
U02790,0,,none
U02791,0,,none
U02792,1,2025-08-15,nostalgia
U02793,1,2025-08-15,benefit
U02794,0,,none
U02795,0,,none
U02796,0,,none
U02797,0,,none
U02798,0,,none
U02799,1,2025-08-15,nostalgia
U02800,0,,none
U02801,0,,none
U02802,1,2025-08-15,nostalgia
U02803,0,,none
U02804,0,,none
U02805,0,,none
U02806,0,,none
U02807,1,2025-08-15,nostalgia
U02808,1,2025-08-15,nostalgia
U02809,0,,none
U02810,1,2025-08-15,benefit
U02811,1,2025-08-15,nostalgia
U02812,1,2025-08-15,nostalgia
U02813,1,2025-08-15,benefit
U02814,0,,none
U02815,0,,none
U02816,1,2025-08-15,benefit
U02817,1,2025-08-15,nostalgia
U02818,0,,none
U02819,1,2025-08-15,nostalgia
U02820,1,2025-08-15,benefit
U02821,1,2025-08-15,benefit
U02822,0,,none
U02823,1,2025-08-15,nostalgia
U02824,0,,none
U02825,1,2025-08-15,nostalgia
U02826,0,,none
U02827,0,,none
U02828,0,,none
U02829,0,,none
U02830,0,,none
U02831,1,2025-08-15,nostalgia
U02832,0,,none
U02833,0,,none
U02834,1,2025-08-15,nostalgia
U02835,1,2025-08-15,nostalgia
U02836,1,2025-08-15,nostalgia
U02837,1,2025-08-15,nostalgia
U02838,1,2025-08-15,nostalgia
U02839,1,2025-08-15,nostalgia
U02840,1,2025-08-15,benefit
U02841,1,2025-08-15,nostalgia
U02842,0,,none
U02843,1,2025-08-15,benefit
U02844,1,2025-08-15,nostalgia
U02845,1,2025-08-15,benefit
U02846,1,2025-08-15,benefit
U02847,1,2025-08-15,nostalgia
U02848,1,2025-08-15,nostalgia
U02849,1,2025-08-15,nostalgia
U02850,0,,none
U02851,1,2025-08-15,nostalgia
U02852,0,,none
U02853,1,2025-08-15,nostalgia
U02854,0,,none
U02855,1,2025-08-15,nostalgia
U02856,0,,none
U02857,1,2025-08-15,nostalgia
U02858,0,,none
U02859,1,2025-08-15,nostalgia
U02860,0,,none
U02861,0,,none
U02862,0,,none
U02863,1,2025-08-15,nostalgia
U02864,1,2025-08-15,nostalgia
U02865,1,2025-08-15,nostalgia
U02866,0,,none
U02867,0,,none
U02868,0,,none
U02869,1,2025-08-15,nostalgia
U02870,1,2025-08-15,nostalgia
U02871,1,2025-08-15,nostalgia
U02872,0,,none
U02873,0,,none
U02874,1,2025-08-15,benefit
U02875,1,2025-08-15,nostalgia
U02876,0,,none
U02877,0,,none
U02878,1,2025-08-15,nostalgia
U02879,0,,none
U02880,1,2025-08-15,nostalgia
U02881,0,,none
U02882,1,2025-08-15,nostalgia
U02883,0,,none
U02884,0,,none
U02885,1,2025-08-15,nostalgia
U02886,1,2025-08-15,benefit
U02887,1,2025-08-15,nostalgia
U02888,0,,none
U02889,0,,none
U02890,1,2025-08-15,benefit
U02891,0,,none
U02892,0,,none
U02893,1,2025-08-15,benefit
U02894,1,2025-08-15,benefit
U02895,1,2025-08-15,benefit
U02896,0,,none
U02897,0,,none
U02898,0,,none
U02899,0,,none
U02900,0,,none
U02901,1,2025-08-15,benefit
U02902,1,2025-08-15,nostalgia
U02903,1,2025-08-15,benefit
U02904,1,2025-08-15,nostalgia
U02905,1,2025-08-15,benefit
U02906,0,,none
U02907,1,2025-08-15,benefit
U02908,1,2025-08-15,nostalgia
U02909,1,2025-08-15,benefit
U02910,0,,none
U02911,1,2025-08-15,nostalgia
U02912,1,2025-08-15,nostalgia
U02913,1,2025-08-15,benefit
U02914,1,2025-08-15,nostalgia
U02915,1,2025-08-15,benefit
U02916,1,2025-08-15,nostalgia
U02917,0,,none
U02918,1,2025-08-15,nostalgia
U02919,0,,none
U02920,0,,none
U02921,0,,none
U02922,1,2025-08-15,benefit
U02923,0,,none
U02924,0,,none
U02925,1,2025-08-15,nostalgia
U02926,0,,none
U02927,1,2025-08-15,nostalgia
U02928,0,,none
U02929,0,,none
U02930,1,2025-08-15,benefit
U02931,1,2025-08-15,nostalgia
U02932,0,,none
U02933,0,,none
U02934,1,2025-08-15,nostalgia
U02935,0,,none
U02936,1,2025-08-15,benefit
U02937,1,2025-08-15,benefit
U02938,1,2025-08-15,benefit
U02939,0,,none
U02940,0,,none
U02941,0,,none
U02942,1,2025-08-15,benefit
U02943,0,,none
U02944,1,2025-08-15,benefit
U02945,0,,none
U02946,1,2025-08-15,nostalgia
U02947,0,,none
U02948,1,2025-08-15,benefit
U02949,1,2025-08-15,benefit
U02950,1,2025-08-15,benefit
U02951,0,,none
U02952,0,,none
U02953,1,2025-08-15,nostalgia
U02954,0,,none
U02955,1,2025-08-15,nostalgia
U02956,0,,none
U02957,1,2025-08-15,nostalgia
U02958,0,,none
U02959,1,2025-08-15,benefit
U02960,0,,none
U02961,0,,none
U02962,0,,none
U02963,1,2025-08-15,nostalgia
U02964,0,,none
U02965,1,2025-08-15,benefit
U02966,0,,none
U02967,1,2025-08-15,nostalgia
U02968,1,2025-08-15,benefit
U02969,0,,none
U02970,0,,none
U02971,1,2025-08-15,nostalgia
U02972,1,2025-08-15,benefit
U02973,0,,none
U02974,0,,none
U02975,1,2025-08-15,benefit
U02976,0,,none
U02977,1,2025-08-15,nostalgia
U02978,0,,none
U02979,0,,none
U02980,0,,none
U02981,1,2025-08-15,nostalgia
U02982,0,,none
U02983,0,,none
U02984,0,,none
U02985,0,,none
U02986,1,2025-08-15,benefit
U02987,0,,none
U02988,1,2025-08-15,nostalgia
U02989,1,2025-08-15,benefit
U02990,1,2025-08-15,nostalgia
U02991,1,2025-08-15,nostalgia
U02992,1,2025-08-15,benefit
U02993,1,2025-08-15,benefit
U02994,1,2025-08-15,nostalgia
U02995,1,2025-08-15,benefit
U02996,0,,none
U02997,0,,none
U02998,0,,none
U02999,0,,none
U03000,0,,none
U03001,1,2025-08-15,benefit
U03002,1,2025-08-15,benefit
U03003,0,,none
U03004,1,2025-08-15,benefit
U03005,0,,none
U03006,1,2025-08-15,benefit
U03007,1,2025-08-15,nostalgia
U03008,0,,none
U03009,1,2025-08-15,benefit
U03010,1,2025-08-15,nostalgia
U03011,1,2025-08-15,nostalgia
U03012,1,2025-08-15,benefit
U03013,0,,none
U03014,0,,none
U03015,0,,none
U03016,0,,none
U03017,0,,none
U03018,0,,none
U03019,0,,none
U03020,0,,none
U03021,1,2025-08-15,benefit
U03022,1,2025-08-15,nostalgia
U03023,0,,none
U03024,1,2025-08-15,nostalgia
U03025,0,,none
U03026,1,2025-08-15,benefit
U03027,1,2025-08-15,benefit
U03028,1,2025-08-15,benefit
U03029,0,,none
U03030,0,,none
U03031,1,2025-08-15,nostalgia
U03032,1,2025-08-15,benefit
U03033,0,,none
U03034,0,,none
U03035,1,2025-08-15,benefit
U03036,1,2025-08-15,benefit
U03037,1,2025-08-15,benefit
U03038,0,,none
U03039,1,2025-08-15,benefit
U03040,0,,none
U03041,1,2025-08-15,nostalgia
U03042,0,,none
U03043,1,2025-08-15,nostalgia
U03044,0,,none
U03045,0,,none
U03046,0,,none
U03047,0,,none
U03048,0,,none
U03049,0,,none
U03050,1,2025-08-15,nostalgia
U03051,1,2025-08-15,benefit
U03052,1,2025-08-15,nostalgia
U03053,0,,none
U03054,1,2025-08-15,benefit
U03055,0,,none
U03056,1,2025-08-15,benefit
U03057,1,2025-08-15,nostalgia
U03058,0,,none
U03059,1,2025-08-15,nostalgia
U03060,0,,none
U03061,1,2025-08-15,nostalgia
U03062,0,,none
U03063,1,2025-08-15,benefit
U03064,1,2025-08-15,benefit
U03065,1,2025-08-15,benefit
U03066,1,2025-08-15,nostalgia
U03067,1,2025-08-15,nostalgia
U03068,1,2025-08-15,nostalgia
U03069,0,,none
U03070,0,,none
U03071,1,2025-08-15,nostalgia
U03072,0,,none
U03073,0,,none
U03074,0,,none
U03075,0,,none
U03076,0,,none
U03077,0,,none
U03078,1,2025-08-15,benefit
U03079,0,,none
U03080,0,,none
U03081,0,,none
U03082,1,2025-08-15,nostalgia
U03083,0,,none
U03084,1,2025-08-15,nostalgia
U03085,0,,none
U03086,1,2025-08-15,nostalgia
U03087,0,,none
U03088,0,,none
U03089,0,,none
U03090,0,,none
U03091,0,,none
U03092,1,2025-08-15,nostalgia
U03093,0,,none
U03094,1,2025-08-15,nostalgia
U03095,1,2025-08-15,benefit
U03096,1,2025-08-15,nostalgia
U03097,0,,none
U03098,0,,none
U03099,1,2025-08-15,benefit
U03100,1,2025-08-15,benefit
U03101,1,2025-08-15,benefit
U03102,1,2025-08-15,benefit
U03103,1,2025-08-15,nostalgia
U03104,1,2025-08-15,nostalgia
U03105,1,2025-08-15,nostalgia
U03106,1,2025-08-15,benefit
U03107,0,,none
U03108,0,,none
U03109,1,2025-08-15,nostalgia
U03110,0,,none
U03111,0,,none
U03112,0,,none
U03113,0,,none
U03114,0,,none
U03115,0,,none
U03116,1,2025-08-15,benefit
U03117,0,,none
U03118,1,2025-08-15,benefit
U03119,0,,none
U03120,1,2025-08-15,nostalgia
U03121,1,2025-08-15,benefit
U03122,1,2025-08-15,benefit
U03123,1,2025-08-15,nostalgia
U03124,0,,none
U03125,0,,none
U03126,0,,none
U03127,0,,none
U03128,0,,none
U03129,0,,none
U03130,0,,none
U03131,1,2025-08-15,nostalgia
U03132,0,,none
U03133,1,2025-08-15,benefit
U03134,0,,none
U03135,0,,none
U03136,0,,none
U03137,0,,none
U03138,0,,none
U03139,1,2025-08-15,nostalgia
U03140,1,2025-08-15,benefit
U03141,1,2025-08-15,nostalgia
U03142,1,2025-08-15,nostalgia
U03143,0,,none
U03144,0,,none
U03145,1,2025-08-15,benefit
U03146,0,,none
U03147,0,,none
U03148,1,2025-08-15,benefit
U03149,1,2025-08-15,nostalgia
U03150,0,,none
U03151,0,,none
U03152,0,,none
U03153,1,2025-08-15,nostalgia
U03154,0,,none
U03155,0,,none
U03156,1,2025-08-15,benefit
U03157,1,2025-08-15,benefit
U03158,0,,none
U03159,0,,none
U03160,0,,none
U03161,1,2025-08-15,benefit
U03162,1,2025-08-15,nostalgia
U03163,1,2025-08-15,nostalgia
U03164,0,,none
U03165,0,,none
U03166,0,,none
U03167,1,2025-08-15,nostalgia
U03168,1,2025-08-15,nostalgia
U03169,1,2025-08-15,benefit
U03170,0,,none
U03171,0,,none
U03172,1,2025-08-15,nostalgia
U03173,0,,none
U03174,1,2025-08-15,nostalgia
U03175,1,2025-08-15,benefit
U03176,0,,none
U03177,1,2025-08-15,nostalgia
U03178,0,,none
U03179,1,2025-08-15,nostalgia
U03180,0,,none
U03181,1,2025-08-15,benefit
U03182,0,,none
U03183,1,2025-08-15,nostalgia
U03184,0,,none
U03185,1,2025-08-15,nostalgia
U03186,0,,none
U03187,1,2025-08-15,benefit
U03188,1,2025-08-15,benefit
U03189,1,2025-08-15,benefit
U03190,1,2025-08-15,nostalgia
U03191,1,2025-08-15,benefit
U03192,0,,none
U03193,0,,none
U03194,1,2025-08-15,benefit
U03195,1,2025-08-15,benefit
U03196,1,2025-08-15,benefit
U03197,0,,none
U03198,0,,none
U03199,1,2025-08-15,benefit
U03200,1,2025-08-15,nostalgia
U03201,1,2025-08-15,nostalgia
U03202,0,,none
U03203,1,2025-08-15,nostalgia
U03204,1,2025-08-15,benefit
U03205,1,2025-08-15,nostalgia
U03206,0,,none
U03207,1,2025-08-15,nostalgia
U03208,0,,none
U03209,0,,none
U03210,0,,none
U03211,1,2025-08-15,benefit
U03212,0,,none
U03213,0,,none
U03214,1,2025-08-15,benefit
U03215,1,2025-08-15,benefit
U03216,1,2025-08-15,benefit
U03217,1,2025-08-15,benefit
U03218,1,2025-08-15,nostalgia
U03219,0,,none
U03220,1,2025-08-15,nostalgia
U03221,1,2025-08-15,nostalgia
U03222,0,,none
U03223,0,,none
U03224,1,2025-08-15,benefit
U03225,1,2025-08-15,nostalgia
U03226,1,2025-08-15,benefit
U03227,1,2025-08-15,nostalgia
U03228,0,,none
U03229,0,,none
U03230,1,2025-08-15,nostalgia
U03231,1,2025-08-15,benefit
U03232,0,,none
U03233,1,2025-08-15,nostalgia
U03234,0,,none
U03235,1,2025-08-15,benefit
U03236,1,2025-08-15,nostalgia
U03237,1,2025-08-15,nostalgia
U03238,1,2025-08-15,benefit
U03239,1,2025-08-15,benefit
U03240,1,2025-08-15,benefit
U03241,0,,none
U03242,0,,none
U03243,1,2025-08-15,benefit
U03244,0,,none
U03245,0,,none
U03246,0,,none
U03247,0,,none
U03248,1,2025-08-15,benefit
U03249,1,2025-08-15,benefit
U03250,0,,none
U03251,0,,none
U03252,0,,none
U03253,0,,none
U03254,1,2025-08-15,benefit
U03255,0,,none
U03256,0,,none
U03257,1,2025-08-15,benefit
U03258,1,2025-08-15,benefit
U03259,0,,none
U03260,0,,none
U03261,1,2025-08-15,nostalgia
U03262,0,,none
U03263,0,,none
U03264,1,2025-08-15,benefit
U03265,1,2025-08-15,benefit
U03266,0,,none
U03267,1,2025-08-15,nostalgia
U03268,0,,none
U03269,1,2025-08-15,nostalgia
U03270,0,,none
U03271,0,,none
U03272,1,2025-08-15,benefit
U03273,0,,none
U03274,0,,none
U03275,1,2025-08-15,nostalgia
U03276,1,2025-08-15,benefit
U03277,0,,none
U03278,1,2025-08-15,benefit
U03279,0,,none
U03280,1,2025-08-15,nostalgia
U03281,0,,none
U03282,1,2025-08-15,nostalgia
U03283,0,,none
U03284,1,2025-08-15,nostalgia
U03285,1,2025-08-15,nostalgia
U03286,1,2025-08-15,nostalgia
U03287,1,2025-08-15,benefit
U03288,0,,none
U03289,0,,none
U03290,1,2025-08-15,nostalgia
U03291,1,2025-08-15,benefit
U03292,0,,none
U03293,1,2025-08-15,nostalgia
U03294,0,,none
U03295,1,2025-08-15,nostalgia
U03296,1,2025-08-15,nostalgia
U03297,0,,none
U03298,0,,none
U03299,0,,none
U03300,0,,none
U03301,1,2025-08-15,benefit
U03302,0,,none
U03303,0,,none
U03304,0,,none
U03305,0,,none
U03306,0,,none
U03307,1,2025-08-15,benefit
U03308,0,,none
U03309,1,2025-08-15,benefit
U03310,0,,none
U03311,1,2025-08-15,benefit
U03312,1,2025-08-15,benefit
U03313,0,,none
U03314,0,,none
U03315,1,2025-08-15,nostalgia
U03316,0,,none
U03317,1,2025-08-15,nostalgia
U03318,1,2025-08-15,benefit
U03319,0,,none
U03320,0,,none
U03321,1,2025-08-15,benefit
U03322,0,,none
U03323,0,,none
U03324,1,2025-08-15,nostalgia
U03325,0,,none
U03326,0,,none
U03327,0,,none
U03328,0,,none
U03329,1,2025-08-15,benefit
U03330,1,2025-08-15,nostalgia
U03331,0,,none
U03332,0,,none
U03333,0,,none
U03334,1,2025-08-15,nostalgia
U03335,0,,none
U03336,1,2025-08-15,nostalgia
U03337,1,2025-08-15,benefit
U03338,0,,none
U03339,0,,none
U03340,0,,none
U03341,0,,none
U03342,0,,none
U03343,0,,none
U03344,1,2025-08-15,nostalgia
U03345,0,,none
U03346,1,2025-08-15,nostalgia
U03347,1,2025-08-15,nostalgia
U03348,0,,none
U03349,0,,none
U03350,0,,none
U03351,1,2025-08-15,benefit
U03352,1,2025-08-15,benefit
U03353,1,2025-08-15,benefit
U03354,1,2025-08-15,nostalgia
U03355,1,2025-08-15,nostalgia
U03356,1,2025-08-15,nostalgia
U03357,1,2025-08-15,nostalgia
U03358,0,,none
U03359,0,,none
U03360,1,2025-08-15,benefit
U03361,1,2025-08-15,nostalgia
U03362,1,2025-08-15,nostalgia
U03363,0,,none
U03364,0,,none
U03365,0,,none
U03366,1,2025-08-15,nostalgia
U03367,0,,none
U03368,1,2025-08-15,nostalgia
U03369,0,,none
U03370,1,2025-08-15,nostalgia
U03371,0,,none
U03372,1,2025-08-15,benefit
U03373,0,,none
U03374,0,,none
U03375,1,2025-08-15,nostalgia
U03376,1,2025-08-15,nostalgia
U03377,0,,none
U03378,1,2025-08-15,benefit
U03379,0,,none
U03380,1,2025-08-15,nostalgia
U03381,0,,none
U03382,0,,none
U03383,1,2025-08-15,benefit
U03384,1,2025-08-15,nostalgia
U03385,1,2025-08-15,benefit
U03386,0,,none
U03387,1,2025-08-15,benefit
U03388,1,2025-08-15,nostalgia
U03389,1,2025-08-15,benefit
U03390,0,,none
U03391,1,2025-08-15,nostalgia
U03392,0,,none
U03393,1,2025-08-15,nostalgia
U03394,0,,none
U03395,0,,none
U03396,1,2025-08-15,benefit
U03397,0,,none
U03398,1,2025-08-15,benefit
U03399,1,2025-08-15,benefit
U03400,0,,none
U03401,0,,none
U03402,0,,none
U03403,0,,none
U03404,1,2025-08-15,nostalgia
U03405,1,2025-08-15,nostalgia
U03406,1,2025-08-15,nostalgia
U03407,1,2025-08-15,nostalgia
U03408,0,,none
U03409,1,2025-08-15,nostalgia
U03410,0,,none
U03411,0,,none
U03412,0,,none
U03413,1,2025-08-15,nostalgia
U03414,0,,none
U03415,0,,none
U03416,1,2025-08-15,nostalgia
U03417,1,2025-08-15,benefit
U03418,1,2025-08-15,nostalgia
U03419,1,2025-08-15,nostalgia
U03420,0,,none
U03421,0,,none
U03422,1,2025-08-15,benefit
U03423,0,,none
U03424,1,2025-08-15,benefit
U03425,0,,none
U03426,1,2025-08-15,benefit
U03427,1,2025-08-15,benefit
U03428,1,2025-08-15,nostalgia
U03429,0,,none
U03430,1,2025-08-15,benefit
U03431,1,2025-08-15,benefit
U03432,1,2025-08-15,benefit
U03433,1,2025-08-15,benefit
U03434,0,,none
U03435,0,,none
U03436,1,2025-08-15,nostalgia
U03437,1,2025-08-15,benefit
U03438,0,,none
U03439,1,2025-08-15,benefit
U03440,1,2025-08-15,benefit
U03441,0,,none
U03442,1,2025-08-15,nostalgia
U03443,0,,none
U03444,0,,none
U03445,1,2025-08-15,nostalgia
U03446,1,2025-08-15,benefit
U03447,1,2025-08-15,nostalgia
U03448,1,2025-08-15,nostalgia
U03449,1,2025-08-15,benefit
U03450,1,2025-08-15,nostalgia
U03451,0,,none
U03452,0,,none
U03453,0,,none
U03454,0,,none
U03455,1,2025-08-15,benefit
U03456,1,2025-08-15,nostalgia
U03457,1,2025-08-15,nostalgia
U03458,0,,none
U03459,1,2025-08-15,benefit
U03460,0,,none
U03461,0,,none
U03462,1,2025-08-15,nostalgia
U03463,0,,none
U03464,0,,none
U03465,1,2025-08-15,nostalgia
U03466,1,2025-08-15,benefit
U03467,1,2025-08-15,benefit
U03468,0,,none
U03469,0,,none
U03470,0,,none
U03471,1,2025-08-15,nostalgia
U03472,0,,none
U03473,0,,none
U03474,1,2025-08-15,benefit
U03475,0,,none
U03476,1,2025-08-15,nostalgia
U03477,1,2025-08-15,nostalgia
U03478,0,,none
U03479,0,,none
U03480,0,,none
U03481,0,,none
U03482,1,2025-08-15,nostalgia
U03483,1,2025-08-15,benefit
U03484,1,2025-08-15,benefit
U03485,0,,none
U03486,1,2025-08-15,nostalgia
U03487,0,,none
U03488,0,,none
U03489,0,,none
U03490,1,2025-08-15,benefit
U03491,0,,none
U03492,0,,none
U03493,1,2025-08-15,benefit
U03494,0,,none
U03495,1,2025-08-15,benefit
U03496,1,2025-08-15,nostalgia
U03497,1,2025-08-15,nostalgia
U03498,1,2025-08-15,nostalgia
U03499,0,,none
U03500,1,2025-08-15,nostalgia
U03501,0,,none
U03502,0,,none
U03503,0,,none
U03504,0,,none
U03505,1,2025-08-15,nostalgia
U03506,0,,none
U03507,1,2025-08-15,nostalgia
U03508,0,,none
U03509,0,,none
U03510,1,2025-08-15,benefit
U03511,1,2025-08-15,benefit
U03512,0,,none
U03513,0,,none
U03514,1,2025-08-15,benefit
U03515,1,2025-08-15,benefit
U03516,1,2025-08-15,nostalgia
U03517,1,2025-08-15,nostalgia
U03518,1,2025-08-15,benefit
U03519,1,2025-08-15,benefit
U03520,1,2025-08-15,benefit
U03521,0,,none
U03522,0,,none
U03523,0,,none
U03524,1,2025-08-15,benefit
U03525,0,,none
U03526,1,2025-08-15,nostalgia
U03527,1,2025-08-15,benefit
U03528,1,2025-08-15,nostalgia
U03529,0,,none
U03530,0,,none
U03531,0,,none
U03532,1,2025-08-15,benefit
U03533,1,2025-08-15,benefit
U03534,1,2025-08-15,nostalgia
U03535,1,2025-08-15,benefit
U03536,0,,none
U03537,0,,none
U03538,0,,none
U03539,1,2025-08-15,benefit
U03540,0,,none
U03541,0,,none
U03542,0,,none
U03543,1,2025-08-15,nostalgia
U03544,0,,none
U03545,0,,none
U03546,0,,none
U03547,0,,none
U03548,1,2025-08-15,nostalgia
U03549,0,,none
U03550,0,,none
U03551,0,,none
U03552,1,2025-08-15,nostalgia
U03553,0,,none
U03554,0,,none
U03555,0,,none
U03556,0,,none
U03557,1,2025-08-15,nostalgia
U03558,1,2025-08-15,nostalgia
U03559,0,,none
U03560,0,,none
U03561,0,,none
U03562,1,2025-08-15,nostalgia
U03563,1,2025-08-15,nostalgia
U03564,1,2025-08-15,nostalgia
U03565,0,,none
U03566,1,2025-08-15,benefit
U03567,0,,none
U03568,1,2025-08-15,benefit
U03569,0,,none
U03570,0,,none
U03571,0,,none
U03572,1,2025-08-15,nostalgia
U03573,1,2025-08-15,nostalgia
U03574,1,2025-08-15,nostalgia
U03575,0,,none
U03576,0,,none
U03577,0,,none
U03578,0,,none
U03579,1,2025-08-15,nostalgia
U03580,0,,none
U03581,0,,none
U03582,0,,none
U03583,0,,none
U03584,0,,none
U03585,0,,none
U03586,0,,none
U03587,0,,none
U03588,0,,none
U03589,1,2025-08-15,nostalgia
U03590,1,2025-08-15,benefit
U03591,0,,none
U03592,0,,none
U03593,0,,none
U03594,0,,none
U03595,0,,none
U03596,0,,none
U03597,1,2025-08-15,benefit
U03598,1,2025-08-15,nostalgia
U03599,1,2025-08-15,benefit
U03600,1,2025-08-15,nostalgia
U03601,0,,none
U03602,1,2025-08-15,benefit
U03603,1,2025-08-15,benefit
U03604,1,2025-08-15,benefit
U03605,1,2025-08-15,benefit
U03606,0,,none
U03607,0,,none
U03608,0,,none
U03609,1,2025-08-15,nostalgia
U03610,1,2025-08-15,benefit
U03611,1,2025-08-15,benefit
U03612,1,2025-08-15,nostalgia
U03613,0,,none
U03614,0,,none
U03615,1,2025-08-15,benefit
U03616,0,,none
U03617,1,2025-08-15,benefit
U03618,0,,none
U03619,1,2025-08-15,nostalgia
U03620,0,,none
U03621,1,2025-08-15,nostalgia
U03622,1,2025-08-15,benefit
U03623,0,,none
U03624,1,2025-08-15,benefit
U03625,1,2025-08-15,benefit
U03626,0,,none
U03627,0,,none
U03628,0,,none
U03629,1,2025-08-15,nostalgia
U03630,0,,none
U03631,0,,none
U03632,0,,none
U03633,0,,none
U03634,1,2025-08-15,nostalgia
U03635,1,2025-08-15,benefit
U03636,1,2025-08-15,nostalgia
U03637,1,2025-08-15,nostalgia
U03638,1,2025-08-15,benefit
U03639,0,,none
U03640,0,,none
U03641,1,2025-08-15,benefit
U03642,0,,none
U03643,1,2025-08-15,benefit
U03644,1,2025-08-15,benefit
U03645,0,,none
U03646,1,2025-08-15,nostalgia
U03647,0,,none
U03648,1,2025-08-15,nostalgia
U03649,1,2025-08-15,benefit
U03650,1,2025-08-15,benefit
U03651,0,,none
U03652,1,2025-08-15,nostalgia
U03653,1,2025-08-15,nostalgia
U03654,1,2025-08-15,benefit
U03655,1,2025-08-15,benefit
U03656,1,2025-08-15,nostalgia
U03657,0,,none
U03658,1,2025-08-15,nostalgia
U03659,0,,none
U03660,1,2025-08-15,nostalgia
U03661,0,,none
U03662,0,,none
U03663,0,,none
U03664,0,,none
U03665,0,,none
U03666,1,2025-08-15,nostalgia
U03667,0,,none
U03668,0,,none
U03669,0,,none
U03670,0,,none
U03671,1,2025-08-15,nostalgia
U03672,1,2025-08-15,benefit
U03673,1,2025-08-15,benefit
U03674,1,2025-08-15,nostalgia
U03675,1,2025-08-15,nostalgia
U03676,1,2025-08-15,benefit
U03677,1,2025-08-15,benefit
U03678,1,2025-08-15,nostalgia
U03679,1,2025-08-15,benefit
U03680,1,2025-08-15,benefit
U03681,0,,none
U03682,1,2025-08-15,benefit
U03683,1,2025-08-15,nostalgia
U03684,1,2025-08-15,benefit
U03685,1,2025-08-15,benefit
U03686,1,2025-08-15,nostalgia
U03687,0,,none
U03688,1,2025-08-15,benefit
U03689,1,2025-08-15,nostalgia
U03690,0,,none
U03691,1,2025-08-15,nostalgia
U03692,0,,none
U03693,1,2025-08-15,nostalgia
U03694,1,2025-08-15,benefit
U03695,1,2025-08-15,benefit
U03696,0,,none
U03697,1,2025-08-15,benefit
U03698,0,,none
U03699,0,,none
U03700,1,2025-08-15,benefit
U03701,0,,none
U03702,1,2025-08-15,nostalgia
U03703,1,2025-08-15,nostalgia
U03704,1,2025-08-15,nostalgia
U03705,1,2025-08-15,benefit
U03706,0,,none
U03707,1,2025-08-15,benefit
U03708,1,2025-08-15,benefit
U03709,0,,none
U03710,0,,none
U03711,0,,none
U03712,0,,none
U03713,0,,none
U03714,0,,none
U03715,1,2025-08-15,benefit
U03716,1,2025-08-15,nostalgia
U03717,0,,none
U03718,0,,none
U03719,0,,none
U03720,1,2025-08-15,benefit
U03721,0,,none
U03722,0,,none
U03723,1,2025-08-15,benefit
U03724,1,2025-08-15,benefit
U03725,0,,none
U03726,1,2025-08-15,benefit
U03727,0,,none
U03728,1,2025-08-15,nostalgia
U03729,1,2025-08-15,nostalgia
U03730,1,2025-08-15,nostalgia
U03731,0,,none
U03732,0,,none
U03733,0,,none
U03734,1,2025-08-15,benefit
U03735,0,,none
U03736,0,,none
U03737,1,2025-08-15,benefit
U03738,0,,none
U03739,0,,none
U03740,0,,none
U03741,0,,none
U03742,1,2025-08-15,benefit
U03743,1,2025-08-15,benefit
U03744,1,2025-08-15,nostalgia
U03745,0,,none
U03746,0,,none
U03747,1,2025-08-15,benefit
U03748,1,2025-08-15,nostalgia
U03749,0,,none
U03750,1,2025-08-15,benefit
U03751,0,,none
U03752,0,,none
U03753,0,,none
U03754,1,2025-08-15,benefit
U03755,1,2025-08-15,nostalgia
U03756,1,2025-08-15,benefit
U03757,0,,none
U03758,0,,none
U03759,0,,none
U03760,1,2025-08-15,benefit
U03761,1,2025-08-15,benefit
U03762,1,2025-08-15,benefit
U03763,1,2025-08-15,benefit
U03764,1,2025-08-15,nostalgia
U03765,0,,none
U03766,0,,none
U03767,1,2025-08-15,nostalgia
U03768,1,2025-08-15,nostalgia
U03769,0,,none
U03770,1,2025-08-15,benefit
U03771,1,2025-08-15,benefit
U03772,0,,none
U03773,0,,none
U03774,1,2025-08-15,nostalgia
U03775,1,2025-08-15,nostalgia
U03776,0,,none
U03777,0,,none
U03778,0,,none
U03779,1,2025-08-15,nostalgia
U03780,0,,none
U03781,1,2025-08-15,nostalgia
U03782,1,2025-08-15,nostalgia
U03783,1,2025-08-15,nostalgia
U03784,0,,none
U03785,0,,none
U03786,0,,none
U03787,1,2025-08-15,benefit
U03788,1,2025-08-15,nostalgia
U03789,1,2025-08-15,nostalgia
U03790,0,,none
U03791,0,,none
U03792,0,,none
U03793,1,2025-08-15,benefit
U03794,1,2025-08-15,benefit
U03795,1,2025-08-15,benefit
U03796,0,,none
U03797,1,2025-08-15,nostalgia
U03798,1,2025-08-15,nostalgia
U03799,1,2025-08-15,benefit
U03800,0,,none
U03801,0,,none
U03802,0,,none
U03803,1,2025-08-15,benefit
U03804,1,2025-08-15,nostalgia
U03805,0,,none
U03806,1,2025-08-15,benefit
U03807,1,2025-08-15,benefit
U03808,0,,none
U03809,1,2025-08-15,nostalgia
U03810,1,2025-08-15,nostalgia
U03811,0,,none
U03812,1,2025-08-15,benefit
U03813,0,,none
U03814,1,2025-08-15,nostalgia
U03815,0,,none
U03816,0,,none
U03817,1,2025-08-15,nostalgia
U03818,0,,none
U03819,0,,none
U03820,0,,none
U03821,0,,none
U03822,0,,none
U03823,0,,none
U03824,0,,none
U03825,0,,none
U03826,0,,none
U03827,0,,none
U03828,0,,none
U03829,0,,none
U03830,1,2025-08-15,benefit
U03831,0,,none
U03832,1,2025-08-15,nostalgia
U03833,0,,none
U03834,1,2025-08-15,benefit
U03835,0,,none
U03836,0,,none
U03837,0,,none
U03838,1,2025-08-15,benefit
U03839,0,,none
U03840,1,2025-08-15,benefit
U03841,1,2025-08-15,benefit
U03842,1,2025-08-15,nostalgia
U03843,1,2025-08-15,benefit
U03844,1,2025-08-15,benefit
U03845,0,,none
U03846,0,,none
U03847,1,2025-08-15,benefit
U03848,0,,none
U03849,0,,none
U03850,0,,none
U03851,0,,none
U03852,1,2025-08-15,benefit
U03853,1,2025-08-15,nostalgia
U03854,1,2025-08-15,benefit
U03855,1,2025-08-15,benefit
U03856,1,2025-08-15,benefit
U03857,0,,none
U03858,0,,none
U03859,1,2025-08-15,nostalgia
U03860,0,,none
U03861,1,2025-08-15,benefit
U03862,1,2025-08-15,nostalgia
U03863,1,2025-08-15,nostalgia
U03864,1,2025-08-15,nostalgia
U03865,0,,none
U03866,0,,none
U03867,0,,none
U03868,1,2025-08-15,nostalgia
U03869,0,,none
U03870,0,,none
U03871,0,,none
U03872,1,2025-08-15,nostalgia
U03873,1,2025-08-15,benefit
U03874,1,2025-08-15,nostalgia
U03875,1,2025-08-15,benefit
U03876,1,2025-08-15,nostalgia
U03877,1,2025-08-15,benefit
U03878,0,,none
U03879,0,,none
U03880,1,2025-08-15,nostalgia
U03881,1,2025-08-15,nostalgia
U03882,1,2025-08-15,nostalgia
U03883,0,,none
U03884,1,2025-08-15,nostalgia
U03885,0,,none
U03886,0,,none
U03887,1,2025-08-15,nostalgia
U03888,0,,none
U03889,1,2025-08-15,benefit
U03890,1,2025-08-15,nostalgia
U03891,1,2025-08-15,benefit
U03892,1,2025-08-15,nostalgia
U03893,1,2025-08-15,benefit
U03894,0,,none
U03895,1,2025-08-15,nostalgia
U03896,1,2025-08-15,nostalgia
U03897,1,2025-08-15,nostalgia
U03898,0,,none
U03899,1,2025-08-15,benefit
U03900,0,,none
U03901,1,2025-08-15,nostalgia
U03902,0,,none
U03903,0,,none
U03904,1,2025-08-15,nostalgia
U03905,0,,none
U03906,0,,none
U03907,0,,none
U03908,1,2025-08-15,benefit
U03909,1,2025-08-15,nostalgia
U03910,1,2025-08-15,benefit
U03911,0,,none
U03912,0,,none
U03913,0,,none
U03914,1,2025-08-15,benefit
U03915,1,2025-08-15,nostalgia
U03916,1,2025-08-15,nostalgia
U03917,0,,none
U03918,1,2025-08-15,benefit
U03919,1,2025-08-15,benefit
U03920,0,,none
U03921,0,,none
U03922,0,,none
U03923,0,,none
U03924,1,2025-08-15,benefit
U03925,0,,none
U03926,1,2025-08-15,benefit
U03927,0,,none
U03928,0,,none
U03929,1,2025-08-15,benefit
U03930,0,,none
U03931,0,,none
U03932,0,,none
U03933,0,,none
U03934,1,2025-08-15,nostalgia
U03935,1,2025-08-15,nostalgia
U03936,0,,none
U03937,0,,none
U03938,1,2025-08-15,benefit
U03939,0,,none
U03940,0,,none
U03941,1,2025-08-15,nostalgia
U03942,0,,none
U03943,0,,none
U03944,1,2025-08-15,benefit
U03945,1,2025-08-15,benefit
U03946,1,2025-08-15,benefit
U03947,1,2025-08-15,benefit
U03948,1,2025-08-15,nostalgia
U03949,1,2025-08-15,nostalgia
U03950,1,2025-08-15,benefit
U03951,0,,none
U03952,1,2025-08-15,benefit
U03953,1,2025-08-15,benefit
U03954,0,,none
U03955,1,2025-08-15,nostalgia
U03956,0,,none
U03957,0,,none
U03958,1,2025-08-15,nostalgia
U03959,1,2025-08-15,benefit
U03960,1,2025-08-15,benefit
U03961,0,,none
U03962,0,,none
U03963,0,,none
U03964,1,2025-08-15,benefit
U03965,1,2025-08-15,nostalgia
U03966,0,,none
U03967,0,,none
U03968,1,2025-08-15,benefit
U03969,0,,none
U03970,1,2025-08-15,benefit
U03971,1,2025-08-15,nostalgia
U03972,0,,none
U03973,0,,none
U03974,0,,none
U03975,0,,none
U03976,0,,none
U03977,0,,none
U03978,0,,none
U03979,0,,none
U03980,0,,none
U03981,0,,none
U03982,1,2025-08-15,nostalgia
U03983,0,,none
U03984,1,2025-08-15,nostalgia
U03985,0,,none
U03986,0,,none
U03987,1,2025-08-15,benefit
U03988,0,,none
U03989,0,,none
U03990,1,2025-08-15,nostalgia
U03991,1,2025-08-15,nostalgia
U03992,0,,none
U03993,0,,none
U03994,1,2025-08-15,benefit
U03995,0,,none
U03996,0,,none
U03997,1,2025-08-15,nostalgia
U03998,0,,none
U03999,0,,none
U04000,0,,none
U04001,1,2025-08-15,nostalgia
U04002,1,2025-08-15,nostalgia
U04003,1,2025-08-15,benefit
U04004,1,2025-08-15,benefit
U04005,0,,none
U04006,1,2025-08-15,nostalgia
U04007,1,2025-08-15,benefit
U04008,1,2025-08-15,nostalgia
U04009,1,2025-08-15,nostalgia
U04010,1,2025-08-15,nostalgia
U04011,0,,none
U04012,0,,none
U04013,0,,none
U04014,1,2025-08-15,nostalgia
U04015,0,,none
U04016,0,,none
U04017,0,,none
U04018,1,2025-08-15,nostalgia
U04019,0,,none
U04020,1,2025-08-15,benefit
U04021,0,,none
U04022,1,2025-08-15,nostalgia
U04023,1,2025-08-15,benefit
U04024,1,2025-08-15,nostalgia
U04025,0,,none
U04026,1,2025-08-15,benefit
U04027,0,,none
U04028,0,,none
U04029,1,2025-08-15,benefit
U04030,1,2025-08-15,nostalgia
U04031,0,,none
U04032,0,,none
U04033,0,,none
U04034,0,,none
U04035,1,2025-08-15,nostalgia
U04036,0,,none
U04037,0,,none
U04038,1,2025-08-15,nostalgia
U04039,1,2025-08-15,nostalgia
U04040,0,,none
U04041,0,,none
U04042,0,,none
U04043,1,2025-08-15,benefit
U04044,1,2025-08-15,benefit
U04045,0,,none
U04046,0,,none
U04047,0,,none
U04048,1,2025-08-15,benefit
U04049,1,2025-08-15,benefit
U04050,0,,none
U04051,0,,none
U04052,1,2025-08-15,benefit
U04053,0,,none
U04054,0,,none
U04055,0,,none
U04056,1,2025-08-15,nostalgia
U04057,0,,none
U04058,1,2025-08-15,benefit
U04059,1,2025-08-15,benefit
U04060,0,,none
U04061,0,,none
U04062,1,2025-08-15,benefit
U04063,0,,none
U04064,0,,none
U04065,0,,none
U04066,0,,none
U04067,1,2025-08-15,benefit
U04068,0,,none
U04069,1,2025-08-15,nostalgia
U04070,1,2025-08-15,benefit
U04071,1,2025-08-15,nostalgia
U04072,0,,none
U04073,1,2025-08-15,benefit
U04074,0,,none
U04075,1,2025-08-15,benefit
U04076,1,2025-08-15,benefit
U04077,0,,none
U04078,1,2025-08-15,benefit
U04079,1,2025-08-15,benefit
U04080,0,,none
U04081,1,2025-08-15,nostalgia
U04082,1,2025-08-15,nostalgia
U04083,0,,none
U04084,0,,none
U04085,1,2025-08-15,benefit
U04086,1,2025-08-15,nostalgia
U04087,0,,none
U04088,0,,none
U04089,1,2025-08-15,benefit
U04090,0,,none
U04091,1,2025-08-15,nostalgia
U04092,0,,none
U04093,1,2025-08-15,benefit
U04094,1,2025-08-15,nostalgia
U04095,0,,none
U04096,1,2025-08-15,benefit
U04097,0,,none
U04098,1,2025-08-15,benefit
U04099,1,2025-08-15,benefit
U04100,1,2025-08-15,nostalgia
U04101,1,2025-08-15,benefit
U04102,1,2025-08-15,benefit
U04103,0,,none
U04104,1,2025-08-15,benefit
U04105,1,2025-08-15,nostalgia
U04106,0,,none
U04107,0,,none
U04108,1,2025-08-15,nostalgia
U04109,0,,none
U04110,1,2025-08-15,nostalgia
U04111,0,,none
U04112,1,2025-08-15,nostalgia
U04113,0,,none
U04114,0,,none
U04115,0,,none
U04116,0,,none
U04117,0,,none
U04118,1,2025-08-15,benefit
U04119,1,2025-08-15,benefit
U04120,1,2025-08-15,benefit
U04121,1,2025-08-15,benefit
U04122,1,2025-08-15,benefit
U04123,1,2025-08-15,benefit
U04124,1,2025-08-15,nostalgia
U04125,1,2025-08-15,nostalgia
U04126,1,2025-08-15,nostalgia
U04127,1,2025-08-15,benefit
U04128,1,2025-08-15,benefit
U04129,1,2025-08-15,benefit
U04130,0,,none
U04131,0,,none
U04132,0,,none
U04133,0,,none
U04134,0,,none
U04135,1,2025-08-15,nostalgia
U04136,0,,none
U04137,0,,none
U04138,0,,none
U04139,1,2025-08-15,benefit
U04140,1,2025-08-15,nostalgia
U04141,1,2025-08-15,benefit
U04142,1,2025-08-15,benefit
U04143,0,,none
U04144,0,,none
U04145,1,2025-08-15,benefit
U04146,0,,none
U04147,1,2025-08-15,nostalgia
U04148,1,2025-08-15,nostalgia
U04149,0,,none
U04150,0,,none
U04151,1,2025-08-15,benefit
U04152,0,,none
U04153,0,,none
U04154,0,,none
U04155,1,2025-08-15,nostalgia
U04156,1,2025-08-15,benefit
U04157,1,2025-08-15,benefit
U04158,0,,none
U04159,0,,none
U04160,0,,none
U04161,1,2025-08-15,nostalgia
U04162,1,2025-08-15,benefit
U04163,0,,none
U04164,0,,none
U04165,1,2025-08-15,nostalgia
U04166,1,2025-08-15,nostalgia
U04167,1,2025-08-15,nostalgia
U04168,0,,none
U04169,0,,none
U04170,0,,none
U04171,0,,none
U04172,1,2025-08-15,nostalgia
U04173,0,,none
U04174,1,2025-08-15,nostalgia
U04175,0,,none
U04176,1,2025-08-15,nostalgia
U04177,1,2025-08-15,benefit
U04178,0,,none
U04179,0,,none
U04180,1,2025-08-15,nostalgia
U04181,1,2025-08-15,benefit
U04182,1,2025-08-15,benefit
U04183,0,,none
U04184,1,2025-08-15,nostalgia
U04185,0,,none
U04186,1,2025-08-15,benefit
U04187,0,,none
U04188,1,2025-08-15,benefit
U04189,1,2025-08-15,benefit
U04190,1,2025-08-15,nostalgia
U04191,0,,none
U04192,1,2025-08-15,nostalgia
U04193,0,,none
U04194,0,,none
U04195,1,2025-08-15,nostalgia
U04196,1,2025-08-15,nostalgia
U04197,0,,none
U04198,1,2025-08-15,nostalgia
U04199,0,,none
U04200,1,2025-08-15,benefit
U04201,1,2025-08-15,benefit
U04202,0,,none
U04203,1,2025-08-15,benefit
U04204,0,,none
U04205,0,,none
U04206,1,2025-08-15,nostalgia
U04207,0,,none
U04208,1,2025-08-15,benefit
U04209,1,2025-08-15,nostalgia
U04210,1,2025-08-15,nostalgia
U04211,0,,none
U04212,1,2025-08-15,benefit
U04213,1,2025-08-15,nostalgia
U04214,1,2025-08-15,nostalgia
U04215,1,2025-08-15,nostalgia
U04216,0,,none
U04217,1,2025-08-15,benefit
U04218,0,,none
U04219,1,2025-08-15,benefit
U04220,0,,none
U04221,1,2025-08-15,nostalgia
U04222,0,,none
U04223,0,,none
U04224,0,,none
U04225,1,2025-08-15,benefit
U04226,0,,none
U04227,1,2025-08-15,benefit
U04228,0,,none
U04229,1,2025-08-15,nostalgia
U04230,0,,none
U04231,1,2025-08-15,nostalgia
U04232,0,,none
U04233,1,2025-08-15,benefit
U04234,1,2025-08-15,nostalgia
U04235,1,2025-08-15,nostalgia
U04236,0,,none
U04237,0,,none
U04238,1,2025-08-15,benefit
U04239,0,,none
U04240,1,2025-08-15,nostalgia
U04241,0,,none
U04242,0,,none
U04243,1,2025-08-15,nostalgia
U04244,0,,none
U04245,0,,none
U04246,0,,none
U04247,1,2025-08-15,benefit
U04248,1,2025-08-15,benefit
U04249,0,,none
U04250,0,,none
U04251,0,,none
U04252,0,,none
U04253,1,2025-08-15,benefit
U04254,0,,none
U04255,0,,none
U04256,1,2025-08-15,nostalgia
U04257,0,,none
U04258,0,,none
U04259,0,,none
U04260,1,2025-08-15,nostalgia
U04261,0,,none
U04262,1,2025-08-15,nostalgia
U04263,0,,none
U04264,1,2025-08-15,nostalgia
U04265,0,,none
U04266,0,,none
U04267,0,,none
U04268,0,,none
U04269,1,2025-08-15,nostalgia
U04270,1,2025-08-15,benefit
U04271,1,2025-08-15,nostalgia
U04272,1,2025-08-15,nostalgia
U04273,0,,none
U04274,1,2025-08-15,benefit
U04275,0,,none
U04276,0,,none
U04277,0,,none
U04278,0,,none
U04279,0,,none
U04280,0,,none
U04281,0,,none
U04282,0,,none
U04283,0,,none
U04284,0,,none
U04285,1,2025-08-15,benefit
U04286,0,,none
U04287,0,,none
U04288,0,,none
U04289,1,2025-08-15,nostalgia
U04290,0,,none
U04291,1,2025-08-15,benefit
U04292,0,,none
U04293,1,2025-08-15,benefit
U04294,1,2025-08-15,nostalgia
U04295,0,,none
U04296,0,,none
U04297,1,2025-08-15,benefit
U04298,1,2025-08-15,benefit
U04299,1,2025-08-15,benefit
U04300,1,2025-08-15,nostalgia
U04301,1,2025-08-15,nostalgia
U04302,1,2025-08-15,benefit
U04303,1,2025-08-15,nostalgia
U04304,0,,none
U04305,1,2025-08-15,nostalgia
U04306,0,,none
U04307,1,2025-08-15,nostalgia
U04308,0,,none
U04309,0,,none
U04310,1,2025-08-15,nostalgia
U04311,1,2025-08-15,benefit
U04312,0,,none
U04313,0,,none
U04314,1,2025-08-15,benefit
U04315,0,,none
U04316,1,2025-08-15,nostalgia
U04317,1,2025-08-15,benefit
U04318,0,,none
U04319,1,2025-08-15,benefit
U04320,0,,none
U04321,0,,none
U04322,1,2025-08-15,benefit
U04323,0,,none
U04324,0,,none
U04325,0,,none
U04326,0,,none
U04327,1,2025-08-15,benefit
U04328,0,,none
U04329,0,,none
U04330,0,,none
U04331,0,,none
U04332,1,2025-08-15,benefit
U04333,1,2025-08-15,nostalgia
U04334,1,2025-08-15,benefit
U04335,1,2025-08-15,nostalgia
U04336,1,2025-08-15,benefit
U04337,1,2025-08-15,benefit
U04338,1,2025-08-15,benefit
U04339,0,,none
U04340,1,2025-08-15,nostalgia
U04341,0,,none
U04342,0,,none
U04343,1,2025-08-15,benefit
U04344,1,2025-08-15,benefit
U04345,0,,none
U04346,1,2025-08-15,nostalgia
U04347,1,2025-08-15,benefit
U04348,0,,none
U04349,1,2025-08-15,nostalgia
U04350,0,,none
U04351,1,2025-08-15,benefit
U04352,0,,none
U04353,1,2025-08-15,benefit
U04354,0,,none
U04355,1,2025-08-15,benefit
U04356,1,2025-08-15,benefit
U04357,0,,none
U04358,1,2025-08-15,nostalgia
U04359,1,2025-08-15,nostalgia
U04360,0,,none
U04361,0,,none
U04362,0,,none
U04363,1,2025-08-15,nostalgia
U04364,1,2025-08-15,nostalgia
U04365,1,2025-08-15,benefit
U04366,0,,none
U04367,1,2025-08-15,nostalgia
U04368,0,,none
U04369,0,,none
U04370,1,2025-08-15,nostalgia
U04371,0,,none
U04372,0,,none
U04373,0,,none
U04374,0,,none
U04375,1,2025-08-15,nostalgia
U04376,1,2025-08-15,nostalgia
U04377,1,2025-08-15,benefit
U04378,0,,none
U04379,0,,none
U04380,1,2025-08-15,benefit
U04381,1,2025-08-15,benefit
U04382,0,,none
U04383,0,,none
U04384,1,2025-08-15,nostalgia
U04385,1,2025-08-15,benefit
U04386,1,2025-08-15,benefit
U04387,0,,none
U04388,1,2025-08-15,nostalgia
U04389,0,,none
U04390,0,,none
U04391,1,2025-08-15,benefit
U04392,1,2025-08-15,benefit
U04393,1,2025-08-15,benefit
U04394,1,2025-08-15,nostalgia
U04395,0,,none
U04396,0,,none
U04397,0,,none
U04398,1,2025-08-15,nostalgia
U04399,0,,none
U04400,1,2025-08-15,benefit
U04401,1,2025-08-15,benefit
U04402,0,,none
U04403,1,2025-08-15,nostalgia
U04404,0,,none
U04405,1,2025-08-15,benefit
U04406,0,,none
U04407,1,2025-08-15,benefit
U04408,0,,none
U04409,1,2025-08-15,benefit
U04410,0,,none
U04411,0,,none
U04412,0,,none
U04413,0,,none
U04414,0,,none
U04415,0,,none
U04416,0,,none
U04417,0,,none
U04418,1,2025-08-15,benefit
U04419,0,,none
U04420,1,2025-08-15,benefit
U04421,0,,none
U04422,0,,none
U04423,1,2025-08-15,benefit
U04424,1,2025-08-15,nostalgia
U04425,1,2025-08-15,benefit
U04426,0,,none
U04427,0,,none
U04428,1,2025-08-15,benefit
U04429,1,2025-08-15,nostalgia
U04430,1,2025-08-15,nostalgia
U04431,0,,none
U04432,0,,none
U04433,1,2025-08-15,nostalgia
U04434,1,2025-08-15,nostalgia
U04435,0,,none
U04436,0,,none
U04437,1,2025-08-15,benefit
U04438,1,2025-08-15,benefit
U04439,1,2025-08-15,benefit
U04440,1,2025-08-15,benefit
U04441,0,,none
U04442,0,,none
U04443,1,2025-08-15,benefit
U04444,0,,none
U04445,1,2025-08-15,nostalgia
U04446,1,2025-08-15,benefit
U04447,1,2025-08-15,benefit
U04448,0,,none
U04449,1,2025-08-15,nostalgia
U04450,1,2025-08-15,nostalgia
U04451,1,2025-08-15,benefit
U04452,1,2025-08-15,benefit
U04453,0,,none
U04454,0,,none
U04455,0,,none
U04456,0,,none
U04457,1,2025-08-15,benefit
U04458,1,2025-08-15,nostalgia
U04459,0,,none
U04460,1,2025-08-15,benefit
U04461,1,2025-08-15,nostalgia
U04462,1,2025-08-15,benefit
U04463,0,,none
U04464,0,,none
U04465,1,2025-08-15,benefit
U04466,0,,none
U04467,0,,none
U04468,0,,none
U04469,0,,none
U04470,1,2025-08-15,nostalgia
U04471,0,,none
U04472,0,,none
U04473,1,2025-08-15,nostalgia
U04474,1,2025-08-15,benefit
U04475,0,,none
U04476,0,,none
U04477,1,2025-08-15,nostalgia
U04478,0,,none
U04479,0,,none
U04480,0,,none
U04481,0,,none
U04482,0,,none
U04483,0,,none
U04484,0,,none
U04485,0,,none
U04486,1,2025-08-15,nostalgia
U04487,1,2025-08-15,benefit
U04488,1,2025-08-15,benefit
U04489,0,,none
U04490,1,2025-08-15,benefit
U04491,1,2025-08-15,nostalgia
U04492,0,,none
U04493,0,,none
U04494,0,,none
U04495,0,,none
U04496,1,2025-08-15,nostalgia
U04497,0,,none
U04498,0,,none
U04499,0,,none
U04500,0,,none
U04501,1,2025-08-15,nostalgia
U04502,1,2025-08-15,benefit
U04503,1,2025-08-15,nostalgia
U04504,1,2025-08-15,nostalgia
U04505,0,,none
U04506,0,,none
U04507,0,,none
U04508,0,,none
U04509,1,2025-08-15,nostalgia
U04510,1,2025-08-15,benefit
U04511,1,2025-08-15,nostalgia
U04512,0,,none
U04513,1,2025-08-15,nostalgia
U04514,1,2025-08-15,benefit
U04515,0,,none
U04516,0,,none
U04517,0,,none
U04518,1,2025-08-15,benefit
U04519,1,2025-08-15,benefit
U04520,1,2025-08-15,nostalgia
U04521,0,,none
U04522,1,2025-08-15,benefit
U04523,0,,none
U04524,1,2025-08-15,benefit
U04525,0,,none
U04526,0,,none
U04527,0,,none
U04528,1,2025-08-15,nostalgia
U04529,0,,none
U04530,0,,none
U04531,0,,none
U04532,0,,none
U04533,0,,none
U04534,1,2025-08-15,nostalgia
U04535,1,2025-08-15,benefit
U04536,0,,none
U04537,0,,none
U04538,1,2025-08-15,nostalgia
U04539,1,2025-08-15,benefit
U04540,0,,none
U04541,0,,none
U04542,0,,none
U04543,0,,none
U04544,0,,none
U04545,0,,none
U04546,1,2025-08-15,benefit
U04547,0,,none
U04548,0,,none
U04549,0,,none
U04550,0,,none
U04551,1,2025-08-15,benefit
U04552,1,2025-08-15,nostalgia
U04553,0,,none
U04554,0,,none
U04555,1,2025-08-15,nostalgia
U04556,1,2025-08-15,nostalgia
U04557,0,,none
U04558,0,,none
U04559,1,2025-08-15,nostalgia
U04560,1,2025-08-15,benefit
U04561,0,,none
U04562,0,,none
U04563,0,,none
U04564,0,,none
U04565,0,,none
U04566,0,,none
U04567,1,2025-08-15,benefit
U04568,1,2025-08-15,benefit
U04569,1,2025-08-15,nostalgia
U04570,0,,none
U04571,1,2025-08-15,benefit
U04572,0,,none
U04573,1,2025-08-15,benefit
U04574,1,2025-08-15,benefit
U04575,0,,none
U04576,0,,none
U04577,1,2025-08-15,benefit
U04578,1,2025-08-15,benefit
U04579,1,2025-08-15,nostalgia
U04580,1,2025-08-15,benefit
U04581,1,2025-08-15,benefit
U04582,0,,none
U04583,0,,none
U04584,0,,none
U04585,1,2025-08-15,benefit
U04586,1,2025-08-15,benefit
U04587,1,2025-08-15,benefit
U04588,1,2025-08-15,benefit
U04589,0,,none
U04590,0,,none
U04591,1,2025-08-15,benefit
U04592,1,2025-08-15,nostalgia
U04593,1,2025-08-15,nostalgia
U04594,1,2025-08-15,nostalgia
U04595,0,,none
U04596,1,2025-08-15,benefit
U04597,1,2025-08-15,nostalgia
U04598,0,,none
U04599,1,2025-08-15,nostalgia
U04600,1,2025-08-15,benefit
U04601,0,,none
U04602,1,2025-08-15,benefit
U04603,0,,none
U04604,0,,none
U04605,1,2025-08-15,benefit
U04606,0,,none
U04607,1,2025-08-15,benefit
U04608,1,2025-08-15,benefit
U04609,1,2025-08-15,benefit
U04610,0,,none
U04611,1,2025-08-15,nostalgia
U04612,0,,none
U04613,1,2025-08-15,nostalgia
U04614,1,2025-08-15,benefit
U04615,0,,none
U04616,0,,none
U04617,0,,none
U04618,0,,none
U04619,1,2025-08-15,benefit
U04620,1,2025-08-15,benefit
U04621,0,,none
U04622,0,,none
U04623,0,,none
U04624,0,,none
U04625,0,,none
U04626,0,,none
U04627,0,,none
U04628,0,,none
U04629,0,,none
U04630,1,2025-08-15,benefit
U04631,1,2025-08-15,benefit
U04632,0,,none
U04633,0,,none
U04634,1,2025-08-15,benefit
U04635,0,,none
U04636,1,2025-08-15,benefit
U04637,1,2025-08-15,benefit
U04638,1,2025-08-15,benefit
U04639,0,,none
U04640,0,,none
U04641,0,,none
U04642,1,2025-08-15,nostalgia
U04643,0,,none
U04644,0,,none
U04645,0,,none
U04646,0,,none
U04647,1,2025-08-15,nostalgia
U04648,1,2025-08-15,benefit
U04649,0,,none
U04650,0,,none
U04651,1,2025-08-15,nostalgia
U04652,0,,none
U04653,1,2025-08-15,benefit
U04654,0,,none
U04655,0,,none
U04656,1,2025-08-15,benefit
U04657,0,,none
U04658,1,2025-08-15,benefit
U04659,1,2025-08-15,benefit
U04660,0,,none
U04661,1,2025-08-15,benefit
U04662,0,,none
U04663,1,2025-08-15,nostalgia
U04664,0,,none
U04665,0,,none
U04666,0,,none
U04667,0,,none
U04668,0,,none
U04669,0,,none
U04670,0,,none
U04671,1,2025-08-15,nostalgia
U04672,0,,none
U04673,1,2025-08-15,nostalgia
U04674,1,2025-08-15,benefit
U04675,0,,none
U04676,1,2025-08-15,nostalgia
U04677,1,2025-08-15,benefit
U04678,1,2025-08-15,nostalgia
U04679,1,2025-08-15,nostalgia
U04680,0,,none
U04681,0,,none
U04682,1,2025-08-15,nostalgia
U04683,0,,none
U04684,0,,none
U04685,0,,none
U04686,0,,none
U04687,0,,none
U04688,1,2025-08-15,benefit
U04689,1,2025-08-15,benefit
U04690,1,2025-08-15,nostalgia
U04691,0,,none
U04692,0,,none
U04693,0,,none
U04694,1,2025-08-15,benefit
U04695,1,2025-08-15,nostalgia
U04696,0,,none
U04697,0,,none
U04698,1,2025-08-15,nostalgia
U04699,0,,none
U04700,1,2025-08-15,benefit
U04701,1,2025-08-15,nostalgia
U04702,0,,none
U04703,0,,none
U04704,0,,none
U04705,0,,none
U04706,1,2025-08-15,nostalgia
U04707,0,,none
U04708,1,2025-08-15,benefit
U04709,1,2025-08-15,nostalgia
U04710,0,,none
U04711,1,2025-08-15,benefit
U04712,1,2025-08-15,benefit
U04713,1,2025-08-15,nostalgia
U04714,0,,none
U04715,1,2025-08-15,benefit
U04716,1,2025-08-15,benefit
U04717,0,,none
U04718,0,,none
U04719,1,2025-08-15,nostalgia
U04720,1,2025-08-15,benefit
U04721,1,2025-08-15,nostalgia
U04722,1,2025-08-15,benefit
U04723,0,,none
U04724,1,2025-08-15,benefit
U04725,1,2025-08-15,nostalgia
U04726,0,,none
U04727,0,,none
U04728,1,2025-08-15,nostalgia
U04729,0,,none
U04730,1,2025-08-15,benefit
U04731,1,2025-08-15,benefit
U04732,1,2025-08-15,benefit
U04733,1,2025-08-15,benefit
U04734,1,2025-08-15,nostalgia
U04735,0,,none
U04736,0,,none
U04737,1,2025-08-15,nostalgia
U04738,0,,none
U04739,1,2025-08-15,nostalgia
U04740,0,,none
U04741,1,2025-08-15,benefit
U04742,0,,none
U04743,1,2025-08-15,benefit
U04744,0,,none
U04745,1,2025-08-15,nostalgia
U04746,0,,none
U04747,1,2025-08-15,nostalgia
U04748,0,,none
U04749,0,,none
U04750,0,,none
U04751,1,2025-08-15,nostalgia
U04752,0,,none
U04753,0,,none
U04754,1,2025-08-15,nostalgia
U04755,1,2025-08-15,nostalgia
U04756,0,,none
U04757,1,2025-08-15,nostalgia
U04758,0,,none
U04759,1,2025-08-15,benefit
U04760,1,2025-08-15,nostalgia
U04761,0,,none
U04762,0,,none
U04763,0,,none
U04764,0,,none
U04765,0,,none
U04766,0,,none
U04767,0,,none
U04768,0,,none
U04769,0,,none
U04770,1,2025-08-15,nostalgia
U04771,1,2025-08-15,benefit
U04772,1,2025-08-15,nostalgia
U04773,1,2025-08-15,benefit
U04774,0,,none
U04775,0,,none
U04776,1,2025-08-15,nostalgia
U04777,0,,none
U04778,0,,none
U04779,1,2025-08-15,benefit
U04780,0,,none
U04781,0,,none
U04782,0,,none
U04783,0,,none
U04784,0,,none
U04785,0,,none
U04786,0,,none
U04787,1,2025-08-15,benefit
U04788,0,,none
U04789,0,,none
U04790,1,2025-08-15,benefit
U04791,1,2025-08-15,benefit
U04792,0,,none
U04793,1,2025-08-15,nostalgia
U04794,0,,none
U04795,1,2025-08-15,nostalgia
U04796,1,2025-08-15,benefit
U04797,0,,none
U04798,1,2025-08-15,nostalgia
U04799,0,,none
U04800,0,,none
U04801,1,2025-08-15,benefit
U04802,1,2025-08-15,nostalgia
U04803,0,,none
U04804,0,,none
U04805,1,2025-08-15,benefit
U04806,1,2025-08-15,nostalgia
U04807,1,2025-08-15,benefit
U04808,0,,none
U04809,1,2025-08-15,nostalgia
U04810,1,2025-08-15,benefit
U04811,0,,none
U04812,0,,none
U04813,1,2025-08-15,benefit
U04814,1,2025-08-15,nostalgia
U04815,1,2025-08-15,nostalgia
U04816,1,2025-08-15,benefit
U04817,0,,none
U04818,0,,none
U04819,0,,none
U04820,1,2025-08-15,nostalgia
U04821,1,2025-08-15,nostalgia
U04822,0,,none
U04823,1,2025-08-15,benefit
U04824,1,2025-08-15,benefit
U04825,0,,none
U04826,0,,none
U04827,1,2025-08-15,nostalgia
U04828,0,,none
U04829,0,,none
U04830,0,,none
U04831,1,2025-08-15,nostalgia
U04832,0,,none
U04833,0,,none
U04834,0,,none
U04835,1,2025-08-15,benefit
U04836,0,,none
U04837,0,,none
U04838,1,2025-08-15,nostalgia
U04839,1,2025-08-15,nostalgia
U04840,1,2025-08-15,nostalgia
U04841,0,,none
U04842,1,2025-08-15,benefit
U04843,0,,none
U04844,1,2025-08-15,nostalgia
U04845,0,,none
U04846,0,,none
U04847,0,,none
U04848,1,2025-08-15,benefit
U04849,0,,none
U04850,0,,none
U04851,0,,none
U04852,1,2025-08-15,nostalgia
U04853,0,,none
U04854,0,,none
U04855,0,,none
U04856,1,2025-08-15,benefit
U04857,1,2025-08-15,benefit
U04858,0,,none
U04859,1,2025-08-15,nostalgia
U04860,1,2025-08-15,nostalgia
U04861,1,2025-08-15,nostalgia
U04862,0,,none
U04863,0,,none
U04864,0,,none
U04865,0,,none
U04866,0,,none
U04867,0,,none
U04868,1,2025-08-15,nostalgia
U04869,1,2025-08-15,benefit
U04870,0,,none
U04871,1,2025-08-15,nostalgia
U04872,0,,none
U04873,0,,none
U04874,0,,none
U04875,0,,none
U04876,0,,none
U04877,1,2025-08-15,nostalgia
U04878,0,,none
U04879,1,2025-08-15,nostalgia
U04880,1,2025-08-15,benefit
U04881,0,,none
U04882,1,2025-08-15,nostalgia
U04883,0,,none
U04884,0,,none
U04885,0,,none
U04886,1,2025-08-15,benefit
U04887,1,2025-08-15,benefit
U04888,1,2025-08-15,benefit
U04889,1,2025-08-15,nostalgia
U04890,0,,none
U04891,0,,none
U04892,0,,none
U04893,1,2025-08-15,benefit
U04894,1,2025-08-15,benefit
U04895,0,,none
U04896,1,2025-08-15,nostalgia
U04897,0,,none
U04898,1,2025-08-15,benefit
U04899,0,,none
U04900,0,,none
U04901,0,,none
U04902,0,,none
U04903,0,,none
U04904,1,2025-08-15,nostalgia
U04905,0,,none
U04906,0,,none
U04907,1,2025-08-15,benefit
U04908,1,2025-08-15,benefit
U04909,1,2025-08-15,benefit
U04910,1,2025-08-15,benefit
U04911,1,2025-08-15,nostalgia
U04912,1,2025-08-15,nostalgia
U04913,1,2025-08-15,nostalgia
U04914,1,2025-08-15,nostalgia
U04915,0,,none
U04916,0,,none
U04917,0,,none
U04918,1,2025-08-15,nostalgia
U04919,0,,none
U04920,1,2025-08-15,nostalgia
U04921,0,,none
U04922,1,2025-08-15,benefit
U04923,1,2025-08-15,nostalgia
U04924,1,2025-08-15,benefit
U04925,1,2025-08-15,nostalgia
U04926,0,,none
U04927,0,,none
U04928,1,2025-08-15,nostalgia
U04929,1,2025-08-15,benefit
U04930,1,2025-08-15,benefit
U04931,1,2025-08-15,nostalgia
U04932,0,,none
U04933,0,,none
U04934,0,,none
U04935,0,,none
U04936,0,,none
U04937,0,,none
U04938,0,,none
U04939,0,,none
U04940,1,2025-08-15,benefit
U04941,1,2025-08-15,nostalgia
U04942,1,2025-08-15,benefit
U04943,0,,none
U04944,1,2025-08-15,benefit
U04945,0,,none
U04946,0,,none
U04947,1,2025-08-15,nostalgia
U04948,1,2025-08-15,nostalgia
U04949,1,2025-08-15,benefit
U04950,1,2025-08-15,nostalgia
U04951,1,2025-08-15,nostalgia
U04952,0,,none
U04953,1,2025-08-15,benefit
U04954,1,2025-08-15,nostalgia
U04955,0,,none
U04956,1,2025-08-15,benefit
U04957,0,,none
U04958,0,,none
U04959,0,,none
U04960,1,2025-08-15,nostalgia
U04961,1,2025-08-15,benefit
U04962,0,,none
U04963,1,2025-08-15,nostalgia
U04964,0,,none
U04965,0,,none
U04966,0,,none
U04967,1,2025-08-15,nostalgia
U04968,0,,none
U04969,1,2025-08-15,nostalgia
U04970,1,2025-08-15,nostalgia
U04971,1,2025-08-15,benefit
U04972,0,,none
U04973,1,2025-08-15,nostalgia
U04974,1,2025-08-15,nostalgia
U04975,1,2025-08-15,benefit
U04976,1,2025-08-15,nostalgia
U04977,1,2025-08-15,nostalgia
U04978,0,,none
U04979,0,,none
U04980,0,,none
U04981,0,,none
U04982,1,2025-08-15,nostalgia
U04983,1,2025-08-15,benefit
U04984,1,2025-08-15,benefit
U04985,0,,none
U04986,1,2025-08-15,nostalgia
U04987,0,,none
U04988,0,,none
U04989,1,2025-08-15,benefit
U04990,1,2025-08-15,nostalgia
U04991,1,2025-08-15,nostalgia
U04992,1,2025-08-15,nostalgia
U04993,0,,none
U04994,0,,none
U04995,1,2025-08-15,benefit
U04996,0,,none
U04997,0,,none
U04998,0,,none
U04999,1,2025-08-15,nostalgia
U05000,0,,none
U05001,0,,none
U05002,1,2025-08-15,nostalgia
U05003,1,2025-08-15,benefit
U05004,0,,none
U05005,0,,none
U05006,1,2025-08-15,benefit
U05007,1,2025-08-15,benefit
U05008,1,2025-08-15,nostalgia
U05009,0,,none
U05010,1,2025-08-15,benefit
U05011,0,,none
U05012,0,,none
U05013,1,2025-08-15,nostalgia
U05014,0,,none
U05015,0,,none
U05016,1,2025-08-15,benefit
U05017,1,2025-08-15,benefit
U05018,0,,none
U05019,0,,none
U05020,0,,none
U05021,0,,none
U05022,0,,none
U05023,1,2025-08-15,benefit
U05024,0,,none
U05025,0,,none
U05026,1,2025-08-15,benefit
U05027,0,,none
U05028,0,,none
U05029,0,,none
U05030,0,,none
U05031,1,2025-08-15,nostalgia
U05032,0,,none
U05033,1,2025-08-15,benefit
U05034,1,2025-08-15,benefit
U05035,1,2025-08-15,nostalgia
U05036,0,,none
U05037,0,,none
U05038,0,,none
U05039,1,2025-08-15,benefit
U05040,0,,none
U05041,0,,none
U05042,0,,none
U05043,0,,none
U05044,1,2025-08-15,nostalgia
U05045,1,2025-08-15,benefit
U05046,1,2025-08-15,nostalgia
U05047,1,2025-08-15,benefit
U05048,0,,none
U05049,0,,none
U05050,1,2025-08-15,benefit
U05051,0,,none
U05052,1,2025-08-15,benefit
U05053,0,,none
U05054,0,,none
U05055,0,,none
U05056,0,,none
U05057,1,2025-08-15,benefit
U05058,0,,none
U05059,0,,none
U05060,0,,none
U05061,0,,none
U05062,0,,none
U05063,1,2025-08-15,nostalgia
U05064,0,,none
U05065,0,,none
U05066,0,,none
U05067,0,,none
U05068,0,,none
U05069,0,,none
U05070,0,,none
U05071,1,2025-08-15,nostalgia
U05072,0,,none
U05073,1,2025-08-15,benefit
U05074,0,,none
U05075,0,,none
U05076,0,,none
U05077,1,2025-08-15,benefit
U05078,0,,none
U05079,0,,none
U05080,1,2025-08-15,nostalgia
U05081,1,2025-08-15,benefit
U05082,1,2025-08-15,benefit
U05083,1,2025-08-15,benefit
U05084,0,,none
U05085,0,,none
U05086,0,,none
U05087,1,2025-08-15,nostalgia
U05088,1,2025-08-15,nostalgia
U05089,1,2025-08-15,benefit
U05090,0,,none
U05091,0,,none
U05092,0,,none
U05093,1,2025-08-15,benefit
U05094,1,2025-08-15,benefit
U05095,1,2025-08-15,benefit
U05096,1,2025-08-15,nostalgia
U05097,1,2025-08-15,benefit
U05098,0,,none
U05099,0,,none
U05100,0,,none
U05101,1,2025-08-15,benefit
U05102,0,,none
U05103,0,,none
U05104,1,2025-08-15,benefit
U05105,1,2025-08-15,nostalgia
U05106,1,2025-08-15,benefit
U05107,1,2025-08-15,benefit
U05108,0,,none
U05109,1,2025-08-15,benefit
U05110,0,,none
U05111,0,,none
U05112,1,2025-08-15,benefit
U05113,0,,none
U05114,1,2025-08-15,nostalgia
U05115,1,2025-08-15,nostalgia
U05116,0,,none
U05117,1,2025-08-15,benefit
U05118,0,,none
U05119,1,2025-08-15,benefit
U05120,0,,none
U05121,0,,none
U05122,0,,none
U05123,0,,none
U05124,1,2025-08-15,benefit
U05125,0,,none
U05126,1,2025-08-15,benefit
U05127,0,,none
U05128,0,,none
U05129,1,2025-08-15,nostalgia
U05130,1,2025-08-15,nostalgia
U05131,1,2025-08-15,benefit
U05132,1,2025-08-15,nostalgia
U05133,1,2025-08-15,benefit
U05134,0,,none
U05135,0,,none
U05136,0,,none
U05137,1,2025-08-15,nostalgia
U05138,1,2025-08-15,nostalgia
U05139,1,2025-08-15,benefit
U05140,0,,none
U05141,1,2025-08-15,benefit
U05142,0,,none
U05143,1,2025-08-15,nostalgia
U05144,0,,none
U05145,1,2025-08-15,benefit
U05146,0,,none
U05147,0,,none
U05148,1,2025-08-15,nostalgia
U05149,0,,none
U05150,1,2025-08-15,nostalgia
U05151,0,,none
U05152,1,2025-08-15,benefit
U05153,0,,none
U05154,0,,none
U05155,0,,none
U05156,0,,none
U05157,1,2025-08-15,nostalgia
U05158,1,2025-08-15,benefit
U05159,0,,none
U05160,1,2025-08-15,nostalgia
U05161,0,,none
U05162,1,2025-08-15,nostalgia
U05163,0,,none
U05164,0,,none
U05165,0,,none
U05166,0,,none
U05167,1,2025-08-15,benefit
U05168,1,2025-08-15,benefit
U05169,0,,none
U05170,1,2025-08-15,benefit
U05171,1,2025-08-15,nostalgia
U05172,0,,none
U05173,0,,none
U05174,0,,none
U05175,1,2025-08-15,benefit
U05176,0,,none
U05177,0,,none
U05178,1,2025-08-15,nostalgia
U05179,1,2025-08-15,nostalgia
U05180,1,2025-08-15,benefit
U05181,1,2025-08-15,benefit
U05182,0,,none
U05183,0,,none
U05184,0,,none
U05185,1,2025-08-15,benefit
U05186,0,,none
U05187,1,2025-08-15,benefit
U05188,0,,none
U05189,0,,none
U05190,0,,none
U05191,1,2025-08-15,benefit
U05192,0,,none
U05193,0,,none
U05194,0,,none
U05195,0,,none
U05196,1,2025-08-15,benefit
U05197,1,2025-08-15,benefit
U05198,1,2025-08-15,benefit
U05199,0,,none
U05200,0,,none
U05201,0,,none
U05202,0,,none
U05203,0,,none
U05204,0,,none
U05205,0,,none
U05206,1,2025-08-15,benefit
U05207,0,,none
U05208,0,,none
U05209,1,2025-08-15,nostalgia
U05210,1,2025-08-15,nostalgia
U05211,1,2025-08-15,benefit
U05212,0,,none
U05213,1,2025-08-15,nostalgia
U05214,0,,none
U05215,0,,none
U05216,1,2025-08-15,benefit
U05217,0,,none
U05218,0,,none
U05219,1,2025-08-15,nostalgia
U05220,1,2025-08-15,benefit
U05221,0,,none
U05222,0,,none
U05223,0,,none
U05224,1,2025-08-15,benefit
U05225,0,,none
U05226,1,2025-08-15,nostalgia
U05227,1,2025-08-15,benefit
U05228,0,,none
U05229,0,,none
U05230,1,2025-08-15,benefit
U05231,0,,none
U05232,1,2025-08-15,benefit
U05233,0,,none
U05234,1,2025-08-15,nostalgia
U05235,0,,none
U05236,0,,none
U05237,0,,none
U05238,1,2025-08-15,benefit
U05239,1,2025-08-15,nostalgia
U05240,0,,none
U05241,1,2025-08-15,benefit
U05242,1,2025-08-15,benefit
U05243,1,2025-08-15,benefit
U05244,1,2025-08-15,benefit
U05245,0,,none
U05246,0,,none
U05247,0,,none
U05248,0,,none
U05249,1,2025-08-15,benefit
U05250,0,,none
U05251,1,2025-08-15,benefit
U05252,1,2025-08-15,nostalgia
U05253,1,2025-08-15,benefit
U05254,1,2025-08-15,benefit
U05255,0,,none
U05256,1,2025-08-15,benefit
U05257,0,,none
U05258,0,,none
U05259,0,,none
U05260,1,2025-08-15,nostalgia
U05261,1,2025-08-15,nostalgia
U05262,0,,none
U05263,1,2025-08-15,benefit
U05264,1,2025-08-15,benefit
U05265,0,,none
U05266,0,,none
U05267,1,2025-08-15,nostalgia
U05268,1,2025-08-15,benefit
U05269,1,2025-08-15,nostalgia
U05270,1,2025-08-15,benefit
U05271,0,,none
U05272,1,2025-08-15,benefit
U05273,0,,none
U05274,0,,none
U05275,0,,none
U05276,0,,none
U05277,0,,none
U05278,1,2025-08-15,benefit
U05279,0,,none
U05280,1,2025-08-15,nostalgia
U05281,0,,none
U05282,0,,none
U05283,0,,none
U05284,1,2025-08-15,benefit
U05285,0,,none
U05286,1,2025-08-15,benefit
U05287,0,,none
U05288,1,2025-08-15,nostalgia
U05289,0,,none
U05290,0,,none
U05291,1,2025-08-15,benefit
U05292,1,2025-08-15,benefit
U05293,1,2025-08-15,nostalgia
U05294,1,2025-08-15,benefit
U05295,1,2025-08-15,nostalgia
U05296,1,2025-08-15,nostalgia
U05297,0,,none
U05298,0,,none
U05299,1,2025-08-15,benefit
U05300,1,2025-08-15,benefit
U05301,0,,none
U05302,1,2025-08-15,nostalgia
U05303,0,,none
U05304,0,,none
U05305,0,,none
U05306,0,,none
U05307,1,2025-08-15,benefit
U05308,1,2025-08-15,benefit
U05309,1,2025-08-15,benefit
U05310,0,,none
U05311,0,,none
U05312,1,2025-08-15,nostalgia
U05313,1,2025-08-15,nostalgia
U05314,0,,none
U05315,0,,none
U05316,0,,none
U05317,1,2025-08-15,nostalgia
U05318,1,2025-08-15,nostalgia
U05319,1,2025-08-15,nostalgia
U05320,0,,none
U05321,0,,none
U05322,1,2025-08-15,benefit
U05323,1,2025-08-15,nostalgia
U05324,0,,none
U05325,0,,none
U05326,0,,none
U05327,1,2025-08-15,benefit
U05328,0,,none
U05329,1,2025-08-15,nostalgia
U05330,1,2025-08-15,nostalgia
U05331,1,2025-08-15,nostalgia
U05332,0,,none
U05333,0,,none
U05334,0,,none
U05335,0,,none
U05336,0,,none
U05337,0,,none
U05338,1,2025-08-15,benefit
U05339,0,,none
U05340,0,,none
U05341,1,2025-08-15,benefit
U05342,1,2025-08-15,benefit
U05343,0,,none
U05344,0,,none
U05345,1,2025-08-15,nostalgia
U05346,0,,none
U05347,1,2025-08-15,nostalgia
U05348,0,,none
U05349,0,,none
U05350,1,2025-08-15,nostalgia
U05351,1,2025-08-15,nostalgia
U05352,1,2025-08-15,nostalgia
U05353,0,,none
U05354,1,2025-08-15,benefit
U05355,1,2025-08-15,nostalgia
U05356,1,2025-08-15,nostalgia
U05357,1,2025-08-15,benefit
U05358,0,,none
U05359,0,,none
U05360,1,2025-08-15,nostalgia
U05361,0,,none
U05362,1,2025-08-15,nostalgia
U05363,1,2025-08-15,nostalgia
U05364,1,2025-08-15,benefit
U05365,1,2025-08-15,nostalgia
U05366,0,,none
U05367,1,2025-08-15,benefit
U05368,0,,none
U05369,0,,none
U05370,0,,none
U05371,1,2025-08-15,nostalgia
U05372,1,2025-08-15,nostalgia
U05373,1,2025-08-15,benefit
U05374,0,,none
U05375,0,,none
U05376,1,2025-08-15,benefit
U05377,1,2025-08-15,nostalgia
U05378,1,2025-08-15,benefit
U05379,1,2025-08-15,nostalgia
U05380,1,2025-08-15,nostalgia
U05381,1,2025-08-15,nostalgia
U05382,0,,none
U05383,1,2025-08-15,nostalgia
U05384,1,2025-08-15,nostalgia
U05385,1,2025-08-15,benefit
U05386,0,,none
U05387,1,2025-08-15,benefit
U05388,1,2025-08-15,benefit
U05389,1,2025-08-15,nostalgia
U05390,1,2025-08-15,benefit
U05391,1,2025-08-15,benefit
U05392,1,2025-08-15,benefit
U05393,0,,none
U05394,1,2025-08-15,nostalgia
U05395,0,,none
U05396,0,,none
U05397,1,2025-08-15,nostalgia
U05398,0,,none
U05399,0,,none
U05400,0,,none
U05401,1,2025-08-15,benefit
U05402,0,,none
U05403,1,2025-08-15,benefit
U05404,1,2025-08-15,benefit
U05405,0,,none
U05406,0,,none
U05407,1,2025-08-15,nostalgia
U05408,0,,none
U05409,1,2025-08-15,benefit
U05410,1,2025-08-15,nostalgia
U05411,1,2025-08-15,benefit
U05412,0,,none
U05413,0,,none
U05414,0,,none
U05415,0,,none
U05416,0,,none
U05417,1,2025-08-15,nostalgia
U05418,0,,none
U05419,0,,none
U05420,0,,none
U05421,1,2025-08-15,nostalgia
U05422,0,,none
U05423,1,2025-08-15,benefit
U05424,0,,none
U05425,0,,none
U05426,1,2025-08-15,benefit
U05427,0,,none
U05428,1,2025-08-15,benefit
U05429,1,2025-08-15,benefit
U05430,1,2025-08-15,nostalgia
U05431,0,,none
U05432,0,,none
U05433,0,,none
U05434,1,2025-08-15,nostalgia
U05435,1,2025-08-15,benefit
U05436,0,,none
U05437,0,,none
U05438,1,2025-08-15,benefit
U05439,1,2025-08-15,benefit
U05440,1,2025-08-15,benefit
U05441,0,,none
U05442,1,2025-08-15,benefit
U05443,1,2025-08-15,benefit
U05444,0,,none
U05445,0,,none
U05446,0,,none
U05447,0,,none
U05448,0,,none
U05449,0,,none
U05450,0,,none
U05451,1,2025-08-15,benefit
U05452,1,2025-08-15,benefit
U05453,0,,none
U05454,1,2025-08-15,benefit
U05455,1,2025-08-15,nostalgia
U05456,0,,none
U05457,1,2025-08-15,nostalgia
U05458,0,,none
U05459,1,2025-08-15,nostalgia
U05460,0,,none
U05461,0,,none
U05462,0,,none
U05463,1,2025-08-15,benefit
U05464,1,2025-08-15,benefit
U05465,0,,none
U05466,1,2025-08-15,nostalgia
U05467,1,2025-08-15,benefit
U05468,1,2025-08-15,nostalgia
U05469,0,,none
U05470,0,,none
U05471,0,,none
U05472,1,2025-08-15,benefit
U05473,1,2025-08-15,nostalgia
U05474,1,2025-08-15,nostalgia
U05475,0,,none
U05476,1,2025-08-15,nostalgia
U05477,0,,none
U05478,0,,none
U05479,1,2025-08-15,nostalgia
U05480,1,2025-08-15,benefit
U05481,0,,none
U05482,0,,none
U05483,1,2025-08-15,nostalgia
U05484,1,2025-08-15,benefit
U05485,1,2025-08-15,nostalgia
U05486,1,2025-08-15,benefit
U05487,1,2025-08-15,benefit
U05488,0,,none
U05489,1,2025-08-15,nostalgia
U05490,1,2025-08-15,nostalgia
U05491,1,2025-08-15,nostalgia
U05492,0,,none
U05493,0,,none
U05494,1,2025-08-15,benefit
U05495,0,,none
U05496,0,,none
U05497,0,,none
U05498,1,2025-08-15,benefit
U05499,1,2025-08-15,nostalgia
U05500,0,,none
U05501,1,2025-08-15,benefit
U05502,0,,none
U05503,0,,none
U05504,0,,none
U05505,1,2025-08-15,benefit
U05506,0,,none
U05507,0,,none
U05508,0,,none
U05509,0,,none
U05510,1,2025-08-15,benefit
U05511,1,2025-08-15,nostalgia
U05512,1,2025-08-15,benefit
U05513,1,2025-08-15,benefit
U05514,1,2025-08-15,benefit
U05515,0,,none
U05516,0,,none
U05517,1,2025-08-15,benefit
U05518,1,2025-08-15,nostalgia
U05519,1,2025-08-15,benefit
U05520,1,2025-08-15,nostalgia
U05521,0,,none
U05522,0,,none
U05523,0,,none
U05524,0,,none
U05525,0,,none
U05526,1,2025-08-15,benefit
U05527,0,,none
U05528,0,,none
U05529,1,2025-08-15,benefit
U05530,1,2025-08-15,benefit
U05531,0,,none
U05532,1,2025-08-15,benefit
U05533,1,2025-08-15,benefit
U05534,0,,none
U05535,0,,none
U05536,1,2025-08-15,nostalgia
U05537,0,,none
U05538,1,2025-08-15,nostalgia
U05539,0,,none
U05540,1,2025-08-15,nostalgia
U05541,1,2025-08-15,nostalgia
U05542,1,2025-08-15,benefit
U05543,0,,none
U05544,0,,none
U05545,0,,none
U05546,1,2025-08-15,benefit
U05547,1,2025-08-15,benefit
U05548,0,,none
U05549,0,,none
U05550,0,,none
U05551,0,,none
U05552,1,2025-08-15,nostalgia
U05553,1,2025-08-15,benefit
U05554,1,2025-08-15,nostalgia
U05555,0,,none
U05556,0,,none
U05557,0,,none
U05558,0,,none
U05559,1,2025-08-15,benefit
U05560,1,2025-08-15,benefit
U05561,1,2025-08-15,benefit
U05562,0,,none
U05563,1,2025-08-15,benefit
U05564,1,2025-08-15,benefit
U05565,1,2025-08-15,benefit
U05566,1,2025-08-15,nostalgia
U05567,1,2025-08-15,nostalgia
U05568,1,2025-08-15,benefit
U05569,0,,none
U05570,1,2025-08-15,benefit
U05571,1,2025-08-15,nostalgia
U05572,0,,none
U05573,0,,none
U05574,0,,none
U05575,1,2025-08-15,nostalgia
U05576,0,,none
U05577,1,2025-08-15,nostalgia
U05578,1,2025-08-15,benefit
U05579,0,,none
U05580,1,2025-08-15,benefit
U05581,1,2025-08-15,nostalgia
U05582,1,2025-08-15,benefit
U05583,1,2025-08-15,benefit
U05584,0,,none
U05585,0,,none
U05586,0,,none
U05587,0,,none
U05588,0,,none
U05589,1,2025-08-15,nostalgia
U05590,1,2025-08-15,benefit
U05591,0,,none
U05592,0,,none
U05593,1,2025-08-15,benefit
U05594,0,,none
U05595,1,2025-08-15,benefit
U05596,1,2025-08-15,nostalgia
U05597,1,2025-08-15,benefit
U05598,0,,none
U05599,0,,none
U05600,1,2025-08-15,benefit
U05601,1,2025-08-15,nostalgia
U05602,0,,none
U05603,1,2025-08-15,benefit
U05604,1,2025-08-15,nostalgia
U05605,0,,none
U05606,0,,none
U05607,1,2025-08-15,nostalgia
U05608,1,2025-08-15,benefit
U05609,0,,none
U05610,1,2025-08-15,benefit
U05611,1,2025-08-15,nostalgia
U05612,0,,none
U05613,0,,none
U05614,1,2025-08-15,benefit
U05615,0,,none
U05616,0,,none
U05617,1,2025-08-15,nostalgia
U05618,0,,none
U05619,0,,none
U05620,1,2025-08-15,benefit
U05621,0,,none
U05622,1,2025-08-15,benefit
U05623,0,,none
U05624,1,2025-08-15,nostalgia
U05625,1,2025-08-15,benefit
U05626,0,,none
U05627,1,2025-08-15,benefit
U05628,0,,none
U05629,1,2025-08-15,benefit
U05630,0,,none
U05631,0,,none
U05632,0,,none
U05633,0,,none
U05634,0,,none
U05635,0,,none
U05636,1,2025-08-15,nostalgia
U05637,0,,none
U05638,1,2025-08-15,nostalgia
U05639,0,,none
U05640,1,2025-08-15,benefit
U05641,1,2025-08-15,nostalgia
U05642,0,,none
U05643,0,,none
U05644,0,,none
U05645,0,,none
U05646,1,2025-08-15,benefit
U05647,1,2025-08-15,benefit
U05648,1,2025-08-15,benefit
U05649,0,,none
U05650,1,2025-08-15,benefit
U05651,0,,none
U05652,1,2025-08-15,nostalgia
U05653,0,,none
U05654,0,,none
U05655,1,2025-08-15,benefit
U05656,1,2025-08-15,benefit
U05657,0,,none
U05658,1,2025-08-15,nostalgia
U05659,0,,none
U05660,1,2025-08-15,benefit
U05661,1,2025-08-15,benefit
U05662,1,2025-08-15,benefit
U05663,0,,none
U05664,1,2025-08-15,nostalgia
U05665,0,,none
U05666,1,2025-08-15,nostalgia
U05667,0,,none
U05668,0,,none
U05669,1,2025-08-15,benefit
U05670,0,,none
U05671,1,2025-08-15,nostalgia
U05672,1,2025-08-15,benefit
U05673,0,,none
U05674,1,2025-08-15,nostalgia
U05675,0,,none
U05676,1,2025-08-15,nostalgia
U05677,1,2025-08-15,nostalgia
U05678,0,,none
U05679,1,2025-08-15,nostalgia
U05680,1,2025-08-15,nostalgia
U05681,1,2025-08-15,benefit
U05682,1,2025-08-15,benefit
U05683,0,,none
U05684,1,2025-08-15,nostalgia
U05685,1,2025-08-15,nostalgia
U05686,0,,none
U05687,0,,none
U05688,0,,none
U05689,1,2025-08-15,benefit
U05690,0,,none
U05691,0,,none
U05692,1,2025-08-15,benefit
U05693,0,,none
U05694,0,,none
U05695,1,2025-08-15,nostalgia
U05696,1,2025-08-15,benefit
U05697,1,2025-08-15,nostalgia
U05698,1,2025-08-15,nostalgia
U05699,0,,none
U05700,0,,none
U05701,0,,none
U05702,1,2025-08-15,nostalgia
U05703,1,2025-08-15,nostalgia
U05704,1,2025-08-15,nostalgia
U05705,1,2025-08-15,nostalgia
U05706,0,,none
U05707,0,,none
U05708,1,2025-08-15,nostalgia
U05709,1,2025-08-15,nostalgia
U05710,1,2025-08-15,nostalgia
U05711,0,,none
U05712,0,,none
U05713,1,2025-08-15,nostalgia
U05714,0,,none
U05715,0,,none
U05716,0,,none
U05717,1,2025-08-15,nostalgia
U05718,0,,none
U05719,0,,none
U05720,1,2025-08-15,benefit
U05721,0,,none
U05722,0,,none
U05723,1,2025-08-15,benefit
U05724,1,2025-08-15,nostalgia
U05725,0,,none
U05726,0,,none
U05727,1,2025-08-15,benefit
U05728,1,2025-08-15,nostalgia
U05729,0,,none
U05730,1,2025-08-15,benefit
U05731,1,2025-08-15,benefit
U05732,1,2025-08-15,benefit
U05733,0,,none
U05734,1,2025-08-15,benefit
U05735,1,2025-08-15,benefit
U05736,1,2025-08-15,benefit
U05737,1,2025-08-15,nostalgia
U05738,1,2025-08-15,nostalgia
U05739,1,2025-08-15,benefit
U05740,0,,none
U05741,0,,none
U05742,1,2025-08-15,nostalgia
U05743,0,,none
U05744,1,2025-08-15,benefit
U05745,0,,none
U05746,1,2025-08-15,nostalgia
U05747,0,,none
U05748,0,,none
U05749,0,,none
U05750,1,2025-08-15,nostalgia
U05751,0,,none
U05752,0,,none
U05753,0,,none
U05754,1,2025-08-15,benefit
U05755,1,2025-08-15,nostalgia
U05756,0,,none
U05757,0,,none
U05758,1,2025-08-15,nostalgia
U05759,0,,none
U05760,0,,none
U05761,1,2025-08-15,nostalgia
U05762,0,,none
U05763,0,,none
U05764,0,,none
U05765,1,2025-08-15,benefit
U05766,1,2025-08-15,benefit
U05767,1,2025-08-15,nostalgia
U05768,1,2025-08-15,nostalgia
U05769,0,,none
U05770,0,,none
U05771,0,,none
U05772,0,,none
U05773,1,2025-08-15,nostalgia
U05774,0,,none
U05775,0,,none
U05776,0,,none
U05777,1,2025-08-15,nostalgia
U05778,0,,none
U05779,0,,none
U05780,1,2025-08-15,nostalgia
U05781,0,,none
U05782,0,,none
U05783,1,2025-08-15,benefit
U05784,1,2025-08-15,benefit
U05785,1,2025-08-15,benefit
U05786,0,,none
U05787,0,,none
U05788,1,2025-08-15,benefit
U05789,1,2025-08-15,nostalgia
U05790,0,,none
U05791,1,2025-08-15,benefit
U05792,1,2025-08-15,benefit
U05793,0,,none
U05794,0,,none
U05795,0,,none
U05796,0,,none
U05797,0,,none
U05798,1,2025-08-15,benefit
U05799,1,2025-08-15,benefit
U05800,1,2025-08-15,nostalgia
U05801,0,,none
U05802,1,2025-08-15,benefit
U05803,0,,none
U05804,1,2025-08-15,nostalgia
U05805,0,,none
U05806,0,,none
U05807,1,2025-08-15,benefit
U05808,1,2025-08-15,benefit
U05809,1,2025-08-15,benefit
U05810,1,2025-08-15,benefit
U05811,0,,none
U05812,1,2025-08-15,nostalgia
U05813,1,2025-08-15,benefit
U05814,0,,none
U05815,1,2025-08-15,benefit
U05816,0,,none
U05817,0,,none
U05818,0,,none
U05819,0,,none
U05820,1,2025-08-15,benefit
U05821,0,,none
U05822,1,2025-08-15,nostalgia
U05823,0,,none
U05824,1,2025-08-15,nostalgia
U05825,1,2025-08-15,benefit
U05826,1,2025-08-15,benefit
U05827,1,2025-08-15,nostalgia
U05828,0,,none
U05829,0,,none
U05830,0,,none
U05831,1,2025-08-15,benefit
U05832,1,2025-08-15,nostalgia
U05833,1,2025-08-15,nostalgia
U05834,1,2025-08-15,nostalgia
U05835,1,2025-08-15,nostalgia
U05836,1,2025-08-15,nostalgia
U05837,1,2025-08-15,nostalgia
U05838,1,2025-08-15,nostalgia
U05839,1,2025-08-15,benefit
U05840,1,2025-08-15,benefit
U05841,0,,none
U05842,1,2025-08-15,benefit
U05843,1,2025-08-15,benefit
U05844,1,2025-08-15,nostalgia
U05845,0,,none
U05846,1,2025-08-15,nostalgia
U05847,1,2025-08-15,nostalgia
U05848,0,,none
U05849,0,,none
U05850,0,,none
U05851,0,,none
U05852,0,,none
U05853,1,2025-08-15,nostalgia
U05854,1,2025-08-15,nostalgia
U05855,0,,none
U05856,0,,none
U05857,0,,none
U05858,1,2025-08-15,nostalgia
U05859,1,2025-08-15,benefit
U05860,1,2025-08-15,nostalgia
U05861,0,,none
U05862,0,,none
U05863,0,,none
U05864,1,2025-08-15,benefit
U05865,1,2025-08-15,benefit
U05866,1,2025-08-15,nostalgia
U05867,1,2025-08-15,nostalgia
U05868,1,2025-08-15,nostalgia
U05869,1,2025-08-15,benefit
U05870,1,2025-08-15,benefit
U05871,0,,none
U05872,0,,none
U05873,0,,none
U05874,0,,none
U05875,0,,none
U05876,0,,none
U05877,0,,none
U05878,1,2025-08-15,benefit
U05879,0,,none
U05880,1,2025-08-15,nostalgia
U05881,1,2025-08-15,benefit
U05882,1,2025-08-15,nostalgia
U05883,1,2025-08-15,benefit
U05884,1,2025-08-15,benefit
U05885,1,2025-08-15,nostalgia
U05886,0,,none
U05887,0,,none
U05888,1,2025-08-15,nostalgia
U05889,0,,none
U05890,1,2025-08-15,nostalgia
U05891,0,,none
U05892,0,,none
U05893,0,,none
U05894,0,,none
U05895,1,2025-08-15,nostalgia
U05896,0,,none
U05897,1,2025-08-15,benefit
U05898,0,,none
U05899,0,,none
U05900,1,2025-08-15,nostalgia
U05901,1,2025-08-15,benefit
U05902,0,,none
U05903,1,2025-08-15,nostalgia
U05904,0,,none
U05905,1,2025-08-15,nostalgia
U05906,1,2025-08-15,nostalgia
U05907,0,,none
U05908,1,2025-08-15,benefit
U05909,1,2025-08-15,nostalgia
U05910,0,,none
U05911,1,2025-08-15,benefit
U05912,1,2025-08-15,nostalgia
U05913,1,2025-08-15,nostalgia
U05914,0,,none
U05915,1,2025-08-15,nostalgia
U05916,0,,none
U05917,1,2025-08-15,nostalgia
U05918,1,2025-08-15,nostalgia
U05919,1,2025-08-15,nostalgia
U05920,1,2025-08-15,nostalgia
U05921,1,2025-08-15,benefit
U05922,0,,none
U05923,0,,none
U05924,0,,none
U05925,0,,none
U05926,0,,none
U05927,0,,none
U05928,1,2025-08-15,nostalgia
U05929,1,2025-08-15,benefit
U05930,0,,none
U05931,1,2025-08-15,benefit
U05932,1,2025-08-15,benefit
U05933,0,,none
U05934,1,2025-08-15,nostalgia
U05935,0,,none
U05936,1,2025-08-15,benefit
U05937,1,2025-08-15,benefit
U05938,0,,none
U05939,0,,none
U05940,1,2025-08-15,benefit
U05941,0,,none
U05942,0,,none
U05943,0,,none
U05944,0,,none
U05945,0,,none
U05946,1,2025-08-15,benefit
U05947,1,2025-08-15,benefit
U05948,0,,none
U05949,1,2025-08-15,benefit
U05950,1,2025-08-15,benefit
U05951,0,,none
U05952,1,2025-08-15,nostalgia
U05953,0,,none
U05954,0,,none
U05955,0,,none
U05956,0,,none
U05957,0,,none
U05958,0,,none
U05959,1,2025-08-15,benefit
U05960,1,2025-08-15,nostalgia
U05961,0,,none
U05962,1,2025-08-15,benefit
U05963,0,,none
U05964,1,2025-08-15,benefit
U05965,1,2025-08-15,nostalgia
U05966,0,,none
U05967,0,,none
U05968,1,2025-08-15,benefit
U05969,1,2025-08-15,nostalgia
U05970,1,2025-08-15,nostalgia
U05971,0,,none
U05972,0,,none
U05973,1,2025-08-15,nostalgia
U05974,1,2025-08-15,nostalgia
U05975,0,,none
U05976,0,,none
U05977,0,,none
U05978,1,2025-08-15,nostalgia
U05979,0,,none
U05980,0,,none
U05981,1,2025-08-15,nostalgia
U05982,1,2025-08-15,benefit
U05983,1,2025-08-15,nostalgia
U05984,1,2025-08-15,nostalgia
U05985,0,,none
U05986,1,2025-08-15,benefit
U05987,0,,none
U05988,0,,none
U05989,0,,none
U05990,0,,none
U05991,0,,none
U05992,0,,none
U05993,1,2025-08-15,nostalgia
U05994,1,2025-08-15,benefit
U05995,0,,none
U05996,0,,none
U05997,0,,none
U05998,1,2025-08-15,nostalgia
U05999,0,,none
U06000,1,2025-08-15,nostalgia
U06001,1,2025-08-15,benefit
U06002,1,2025-08-15,benefit
U06003,0,,none
U06004,1,2025-08-15,benefit
U06005,0,,none
U06006,1,2025-08-15,nostalgia
U06007,1,2025-08-15,benefit
U06008,0,,none
U06009,0,,none
U06010,0,,none
U06011,0,,none
U06012,0,,none
U06013,1,2025-08-15,nostalgia
U06014,1,2025-08-15,benefit
U06015,1,2025-08-15,nostalgia
U06016,0,,none
U06017,1,2025-08-15,benefit
U06018,1,2025-08-15,benefit
U06019,1,2025-08-15,benefit
U06020,0,,none
U06021,1,2025-08-15,nostalgia
U06022,0,,none
U06023,1,2025-08-15,benefit
U06024,0,,none
U06025,0,,none
U06026,1,2025-08-15,benefit
U06027,1,2025-08-15,nostalgia
U06028,1,2025-08-15,benefit
U06029,0,,none
U06030,0,,none
U06031,1,2025-08-15,nostalgia
U06032,0,,none
U06033,0,,none
U06034,1,2025-08-15,benefit
U06035,0,,none
U06036,0,,none
U06037,1,2025-08-15,nostalgia
U06038,0,,none
U06039,0,,none
U06040,0,,none
U06041,0,,none
U06042,1,2025-08-15,benefit
U06043,1,2025-08-15,benefit
U06044,0,,none
U06045,1,2025-08-15,nostalgia
U06046,0,,none
U06047,0,,none
U06048,0,,none
U06049,1,2025-08-15,nostalgia
U06050,1,2025-08-15,nostalgia
U06051,1,2025-08-15,nostalgia
U06052,0,,none
U06053,1,2025-08-15,nostalgia
U06054,1,2025-08-15,benefit
U06055,1,2025-08-15,benefit
U06056,1,2025-08-15,nostalgia
U06057,1,2025-08-15,benefit
U06058,1,2025-08-15,nostalgia
U06059,0,,none
U06060,0,,none
U06061,0,,none
U06062,1,2025-08-15,benefit
U06063,1,2025-08-15,benefit
U06064,0,,none
U06065,0,,none
U06066,1,2025-08-15,benefit
U06067,0,,none
U06068,0,,none
U06069,0,,none
U06070,0,,none
U06071,1,2025-08-15,nostalgia
U06072,0,,none
U06073,0,,none
U06074,0,,none
U06075,0,,none
U06076,0,,none
U06077,0,,none
U06078,0,,none
U06079,0,,none
U06080,1,2025-08-15,nostalgia
U06081,1,2025-08-15,benefit
U06082,1,2025-08-15,nostalgia
U06083,0,,none
U06084,0,,none
U06085,1,2025-08-15,benefit
U06086,1,2025-08-15,benefit
U06087,0,,none
U06088,1,2025-08-15,benefit
U06089,0,,none
U06090,0,,none
U06091,0,,none
U06092,1,2025-08-15,nostalgia
U06093,1,2025-08-15,nostalgia
U06094,0,,none
U06095,1,2025-08-15,nostalgia
U06096,0,,none
U06097,1,2025-08-15,benefit
U06098,1,2025-08-15,nostalgia
U06099,1,2025-08-15,benefit
U06100,1,2025-08-15,benefit
U06101,0,,none
U06102,0,,none
U06103,0,,none
U06104,1,2025-08-15,benefit
U06105,0,,none
U06106,1,2025-08-15,nostalgia
U06107,1,2025-08-15,benefit
U06108,0,,none
U06109,1,2025-08-15,benefit
U06110,0,,none
U06111,1,2025-08-15,benefit
U06112,0,,none
U06113,0,,none
U06114,1,2025-08-15,nostalgia
U06115,1,2025-08-15,nostalgia
U06116,0,,none
U06117,0,,none
U06118,0,,none
U06119,0,,none
U06120,1,2025-08-15,benefit
U06121,0,,none
U06122,0,,none
U06123,0,,none
U06124,1,2025-08-15,nostalgia
U06125,0,,none
U06126,1,2025-08-15,nostalgia
U06127,1,2025-08-15,benefit
U06128,0,,none
U06129,0,,none
U06130,0,,none
U06131,0,,none
U06132,1,2025-08-15,nostalgia
U06133,1,2025-08-15,nostalgia
U06134,1,2025-08-15,benefit
U06135,1,2025-08-15,nostalgia
U06136,0,,none
U06137,1,2025-08-15,nostalgia
U06138,1,2025-08-15,benefit
U06139,0,,none
U06140,1,2025-08-15,nostalgia
U06141,1,2025-08-15,nostalgia
U06142,0,,none
U06143,0,,none
U06144,0,,none
U06145,1,2025-08-15,benefit
U06146,0,,none
U06147,0,,none
U06148,1,2025-08-15,nostalgia
U06149,1,2025-08-15,nostalgia
U06150,0,,none
U06151,0,,none
U06152,0,,none
U06153,0,,none
U06154,1,2025-08-15,nostalgia
U06155,1,2025-08-15,benefit
U06156,1,2025-08-15,nostalgia
U06157,0,,none
U06158,0,,none
U06159,0,,none
U06160,0,,none
U06161,1,2025-08-15,benefit
U06162,0,,none
U06163,1,2025-08-15,nostalgia
U06164,1,2025-08-15,nostalgia
U06165,0,,none
U06166,0,,none
U06167,1,2025-08-15,nostalgia
U06168,1,2025-08-15,nostalgia
U06169,1,2025-08-15,benefit
U06170,0,,none
U06171,1,2025-08-15,benefit
U06172,0,,none
U06173,1,2025-08-15,nostalgia
U06174,0,,none
U06175,0,,none
U06176,1,2025-08-15,benefit
U06177,1,2025-08-15,nostalgia
U06178,1,2025-08-15,benefit
U06179,1,2025-08-15,nostalgia
U06180,0,,none
U06181,0,,none
U06182,1,2025-08-15,nostalgia
U06183,0,,none
U06184,1,2025-08-15,nostalgia
U06185,1,2025-08-15,nostalgia
U06186,1,2025-08-15,benefit
U06187,1,2025-08-15,benefit
U06188,1,2025-08-15,benefit
U06189,0,,none
U06190,1,2025-08-15,nostalgia
U06191,1,2025-08-15,nostalgia
U06192,0,,none
U06193,1,2025-08-15,nostalgia
U06194,1,2025-08-15,nostalgia
U06195,1,2025-08-15,benefit
U06196,0,,none
U06197,0,,none
U06198,1,2025-08-15,benefit
U06199,0,,none
U06200,1,2025-08-15,nostalgia
U06201,0,,none
U06202,0,,none
U06203,0,,none
U06204,0,,none
U06205,1,2025-08-15,benefit
U06206,1,2025-08-15,benefit
U06207,1,2025-08-15,nostalgia
U06208,1,2025-08-15,nostalgia
U06209,0,,none
U06210,1,2025-08-15,nostalgia
U06211,1,2025-08-15,nostalgia
U06212,0,,none
U06213,0,,none
U06214,0,,none
U06215,1,2025-08-15,nostalgia
U06216,0,,none
U06217,0,,none
U06218,1,2025-08-15,nostalgia
U06219,0,,none
U06220,0,,none
U06221,1,2025-08-15,nostalgia
U06222,0,,none
U06223,1,2025-08-15,nostalgia
U06224,1,2025-08-15,benefit
U06225,1,2025-08-15,nostalgia
U06226,0,,none
U06227,0,,none
U06228,0,,none
U06229,0,,none
U06230,1,2025-08-15,nostalgia
U06231,0,,none
U06232,0,,none
U06233,1,2025-08-15,nostalgia
U06234,1,2025-08-15,nostalgia
U06235,0,,none
U06236,1,2025-08-15,nostalgia
U06237,0,,none
U06238,0,,none
U06239,0,,none
U06240,1,2025-08-15,benefit
U06241,0,,none
U06242,0,,none
U06243,1,2025-08-15,nostalgia
U06244,1,2025-08-15,benefit
U06245,1,2025-08-15,benefit
U06246,1,2025-08-15,benefit
U06247,1,2025-08-15,nostalgia
U06248,1,2025-08-15,benefit
U06249,1,2025-08-15,nostalgia
U06250,0,,none
U06251,1,2025-08-15,nostalgia
U06252,0,,none
U06253,0,,none
U06254,1,2025-08-15,benefit
U06255,1,2025-08-15,benefit
U06256,1,2025-08-15,nostalgia
U06257,0,,none
U06258,0,,none
U06259,1,2025-08-15,nostalgia
U06260,1,2025-08-15,benefit
U06261,0,,none
U06262,0,,none
U06263,1,2025-08-15,nostalgia
U06264,1,2025-08-15,nostalgia
U06265,0,,none
U06266,1,2025-08-15,nostalgia
U06267,1,2025-08-15,benefit
U06268,1,2025-08-15,nostalgia
U06269,1,2025-08-15,nostalgia
U06270,0,,none
U06271,0,,none
U06272,0,,none
U06273,0,,none
U06274,1,2025-08-15,nostalgia
U06275,0,,none
U06276,0,,none
U06277,0,,none
U06278,0,,none
U06279,1,2025-08-15,nostalgia
U06280,0,,none
U06281,1,2025-08-15,benefit
U06282,1,2025-08-15,benefit
U06283,1,2025-08-15,benefit
U06284,1,2025-08-15,benefit
U06285,1,2025-08-15,nostalgia
U06286,0,,none
U06287,0,,none
U06288,0,,none
U06289,1,2025-08-15,benefit
U06290,1,2025-08-15,benefit
U06291,1,2025-08-15,nostalgia
U06292,1,2025-08-15,benefit
U06293,1,2025-08-15,nostalgia
U06294,1,2025-08-15,benefit
U06295,0,,none
U06296,0,,none
U06297,1,2025-08-15,nostalgia
U06298,1,2025-08-15,nostalgia
U06299,1,2025-08-15,benefit
U06300,1,2025-08-15,nostalgia
U06301,0,,none
U06302,1,2025-08-15,benefit
U06303,1,2025-08-15,benefit
U06304,1,2025-08-15,nostalgia
U06305,0,,none
U06306,0,,none
U06307,0,,none
U06308,1,2025-08-15,benefit
U06309,0,,none
U06310,1,2025-08-15,benefit
U06311,0,,none
U06312,0,,none
U06313,0,,none
U06314,1,2025-08-15,nostalgia
U06315,1,2025-08-15,benefit
U06316,1,2025-08-15,benefit
U06317,0,,none
U06318,0,,none
U06319,1,2025-08-15,nostalgia
U06320,1,2025-08-15,benefit
U06321,1,2025-08-15,benefit
U06322,0,,none
U06323,0,,none
U06324,1,2025-08-15,benefit
U06325,0,,none
U06326,1,2025-08-15,benefit
U06327,1,2025-08-15,benefit
U06328,0,,none
U06329,1,2025-08-15,nostalgia
U06330,0,,none
U06331,1,2025-08-15,nostalgia
U06332,0,,none
U06333,1,2025-08-15,benefit
U06334,0,,none
U06335,0,,none
U06336,0,,none
U06337,0,,none
U06338,1,2025-08-15,nostalgia
U06339,0,,none
U06340,0,,none
U06341,1,2025-08-15,nostalgia
U06342,0,,none
U06343,1,2025-08-15,nostalgia
U06344,0,,none
U06345,0,,none
U06346,1,2025-08-15,nostalgia
U06347,0,,none
U06348,1,2025-08-15,nostalgia
U06349,0,,none
U06350,0,,none
U06351,1,2025-08-15,nostalgia
U06352,1,2025-08-15,nostalgia
U06353,1,2025-08-15,nostalgia
U06354,0,,none
U06355,0,,none
U06356,1,2025-08-15,nostalgia
U06357,0,,none
U06358,0,,none
U06359,1,2025-08-15,benefit
U06360,1,2025-08-15,benefit
U06361,1,2025-08-15,benefit
U06362,1,2025-08-15,benefit
U06363,0,,none
U06364,0,,none
U06365,0,,none
U06366,0,,none
U06367,0,,none
U06368,0,,none
U06369,0,,none
U06370,1,2025-08-15,nostalgia
U06371,1,2025-08-15,nostalgia
U06372,0,,none
U06373,0,,none
U06374,1,2025-08-15,nostalgia
U06375,1,2025-08-15,nostalgia
U06376,1,2025-08-15,benefit
U06377,0,,none
U06378,0,,none
U06379,0,,none
U06380,0,,none
U06381,0,,none
U06382,0,,none
U06383,1,2025-08-15,nostalgia
U06384,1,2025-08-15,nostalgia
U06385,0,,none
U06386,0,,none
U06387,1,2025-08-15,nostalgia
U06388,1,2025-08-15,benefit
U06389,1,2025-08-15,benefit
U06390,0,,none
U06391,1,2025-08-15,nostalgia
U06392,1,2025-08-15,nostalgia
U06393,0,,none
U06394,0,,none
U06395,1,2025-08-15,benefit
U06396,0,,none
U06397,0,,none
U06398,0,,none
U06399,0,,none
U06400,0,,none
U06401,1,2025-08-15,benefit
U06402,1,2025-08-15,benefit
U06403,1,2025-08-15,nostalgia
U06404,0,,none
U06405,0,,none
U06406,0,,none
U06407,0,,none
U06408,0,,none
U06409,0,,none
U06410,1,2025-08-15,benefit
U06411,1,2025-08-15,nostalgia
U06412,0,,none
U06413,0,,none
U06414,0,,none
U06415,1,2025-08-15,nostalgia
U06416,1,2025-08-15,nostalgia
U06417,1,2025-08-15,nostalgia
U06418,1,2025-08-15,benefit
U06419,1,2025-08-15,benefit
U06420,0,,none
U06421,1,2025-08-15,benefit
U06422,1,2025-08-15,benefit
U06423,0,,none
U06424,0,,none
U06425,1,2025-08-15,nostalgia
U06426,0,,none
U06427,0,,none
U06428,1,2025-08-15,nostalgia
U06429,1,2025-08-15,benefit
U06430,1,2025-08-15,benefit
U06431,0,,none
U06432,1,2025-08-15,nostalgia
U06433,0,,none
U06434,0,,none
U06435,1,2025-08-15,nostalgia
U06436,1,2025-08-15,benefit
U06437,0,,none
U06438,0,,none
U06439,0,,none
U06440,1,2025-08-15,benefit
U06441,0,,none
U06442,1,2025-08-15,benefit
U06443,0,,none
U06444,0,,none
U06445,1,2025-08-15,benefit
U06446,1,2025-08-15,benefit
U06447,1,2025-08-15,benefit
U06448,1,2025-08-15,nostalgia
U06449,1,2025-08-15,nostalgia
U06450,0,,none
U06451,1,2025-08-15,nostalgia
U06452,0,,none
U06453,0,,none
U06454,0,,none
U06455,1,2025-08-15,benefit
U06456,1,2025-08-15,benefit
U06457,1,2025-08-15,nostalgia
U06458,1,2025-08-15,nostalgia
U06459,1,2025-08-15,benefit
U06460,1,2025-08-15,nostalgia
U06461,0,,none
U06462,0,,none
U06463,0,,none
U06464,0,,none
U06465,1,2025-08-15,nostalgia
U06466,0,,none
U06467,0,,none
U06468,0,,none
U06469,1,2025-08-15,nostalgia
U06470,1,2025-08-15,nostalgia
U06471,0,,none
U06472,0,,none
U06473,1,2025-08-15,benefit
U06474,0,,none
U06475,1,2025-08-15,benefit
U06476,1,2025-08-15,nostalgia
U06477,1,2025-08-15,benefit
U06478,0,,none
U06479,0,,none
U06480,0,,none
U06481,0,,none
U06482,0,,none
U06483,0,,none
U06484,0,,none
U06485,1,2025-08-15,benefit
U06486,1,2025-08-15,nostalgia
U06487,0,,none
U06488,0,,none
U06489,0,,none
U06490,1,2025-08-15,benefit
U06491,1,2025-08-15,benefit
U06492,0,,none
U06493,0,,none
U06494,0,,none
U06495,0,,none
U06496,1,2025-08-15,benefit
U06497,0,,none
U06498,0,,none
U06499,0,,none
U06500,1,2025-08-15,nostalgia
U06501,1,2025-08-15,benefit
U06502,0,,none
U06503,1,2025-08-15,nostalgia
U06504,1,2025-08-15,nostalgia
U06505,0,,none
U06506,0,,none
U06507,0,,none
U06508,1,2025-08-15,benefit
U06509,1,2025-08-15,benefit
U06510,1,2025-08-15,benefit
U06511,0,,none
U06512,1,2025-08-15,benefit
U06513,1,2025-08-15,nostalgia
U06514,1,2025-08-15,nostalgia
U06515,0,,none
U06516,0,,none
U06517,1,2025-08-15,nostalgia
U06518,1,2025-08-15,nostalgia
U06519,1,2025-08-15,nostalgia
U06520,0,,none
U06521,1,2025-08-15,nostalgia
U06522,0,,none
U06523,0,,none
U06524,0,,none
U06525,1,2025-08-15,benefit
U06526,1,2025-08-15,nostalgia
U06527,1,2025-08-15,nostalgia
U06528,1,2025-08-15,benefit
U06529,0,,none
U06530,1,2025-08-15,benefit
U06531,0,,none
U06532,0,,none
U06533,1,2025-08-15,benefit
U06534,0,,none
U06535,0,,none
U06536,1,2025-08-15,benefit
U06537,1,2025-08-15,nostalgia
U06538,0,,none
U06539,1,2025-08-15,nostalgia
U06540,0,,none
U06541,1,2025-08-15,nostalgia
U06542,1,2025-08-15,benefit
U06543,0,,none
U06544,0,,none
U06545,1,2025-08-15,benefit
U06546,0,,none
U06547,1,2025-08-15,benefit
U06548,0,,none
U06549,0,,none
U06550,1,2025-08-15,nostalgia
U06551,1,2025-08-15,nostalgia
U06552,0,,none
U06553,1,2025-08-15,nostalgia
U06554,1,2025-08-15,nostalgia
U06555,0,,none
U06556,1,2025-08-15,nostalgia
U06557,0,,none
U06558,1,2025-08-15,nostalgia
U06559,0,,none
U06560,0,,none
U06561,0,,none
U06562,0,,none
U06563,1,2025-08-15,nostalgia
U06564,0,,none
U06565,0,,none
U06566,1,2025-08-15,benefit
U06567,1,2025-08-15,benefit
U06568,0,,none
U06569,1,2025-08-15,nostalgia
U06570,1,2025-08-15,benefit
U06571,1,2025-08-15,benefit
U06572,1,2025-08-15,benefit
U06573,0,,none
U06574,0,,none
U06575,0,,none
U06576,0,,none
U06577,1,2025-08-15,benefit
U06578,0,,none
U06579,0,,none
U06580,0,,none
U06581,1,2025-08-15,benefit
U06582,1,2025-08-15,nostalgia
U06583,1,2025-08-15,nostalgia
U06584,0,,none
U06585,0,,none
U06586,0,,none
U06587,1,2025-08-15,nostalgia
U06588,0,,none
U06589,1,2025-08-15,benefit
U06590,0,,none
U06591,0,,none
U06592,0,,none
U06593,1,2025-08-15,nostalgia
U06594,0,,none
U06595,1,2025-08-15,benefit
U06596,1,2025-08-15,nostalgia
U06597,0,,none
U06598,0,,none
U06599,1,2025-08-15,nostalgia
U06600,0,,none
U06601,1,2025-08-15,nostalgia
U06602,1,2025-08-15,benefit
U06603,0,,none
U06604,1,2025-08-15,nostalgia
U06605,1,2025-08-15,benefit
U06606,1,2025-08-15,nostalgia
U06607,0,,none
U06608,1,2025-08-15,benefit
U06609,1,2025-08-15,benefit
U06610,0,,none
U06611,1,2025-08-15,benefit
U06612,0,,none
U06613,0,,none
U06614,1,2025-08-15,nostalgia
U06615,0,,none
U06616,0,,none
U06617,1,2025-08-15,nostalgia
U06618,1,2025-08-15,benefit
U06619,0,,none
U06620,1,2025-08-15,nostalgia
U06621,1,2025-08-15,benefit
U06622,0,,none
U06623,0,,none
U06624,0,,none
U06625,0,,none
U06626,0,,none
U06627,1,2025-08-15,benefit
U06628,0,,none
U06629,0,,none
U06630,1,2025-08-15,benefit
U06631,0,,none
U06632,0,,none
U06633,1,2025-08-15,nostalgia
U06634,0,,none
U06635,0,,none
U06636,1,2025-08-15,nostalgia
U06637,0,,none
U06638,1,2025-08-15,benefit
U06639,1,2025-08-15,nostalgia
U06640,1,2025-08-15,nostalgia
U06641,0,,none
U06642,1,2025-08-15,nostalgia
U06643,0,,none
U06644,0,,none
U06645,0,,none
U06646,0,,none
U06647,0,,none
U06648,0,,none
U06649,0,,none
U06650,1,2025-08-15,nostalgia
U06651,0,,none
U06652,0,,none
U06653,0,,none
U06654,1,2025-08-15,benefit
U06655,0,,none
U06656,0,,none
U06657,0,,none
U06658,1,2025-08-15,nostalgia
U06659,0,,none
U06660,0,,none
U06661,0,,none
U06662,0,,none
U06663,1,2025-08-15,nostalgia
U06664,1,2025-08-15,benefit
U06665,0,,none
U06666,1,2025-08-15,nostalgia
U06667,0,,none
U06668,0,,none
U06669,0,,none
U06670,0,,none
U06671,0,,none
U06672,0,,none
U06673,1,2025-08-15,benefit
U06674,0,,none
U06675,0,,none
U06676,1,2025-08-15,benefit
U06677,0,,none
U06678,0,,none
U06679,0,,none
U06680,0,,none
U06681,0,,none
U06682,0,,none
U06683,0,,none
U06684,0,,none
U06685,0,,none
U06686,1,2025-08-15,benefit
U06687,0,,none
U06688,0,,none
U06689,0,,none
U06690,1,2025-08-15,benefit
U06691,1,2025-08-15,benefit
U06692,0,,none
U06693,0,,none
U06694,0,,none
U06695,1,2025-08-15,benefit
U06696,1,2025-08-15,benefit
U06697,1,2025-08-15,nostalgia
U06698,1,2025-08-15,nostalgia
U06699,1,2025-08-15,nostalgia
U06700,0,,none
U06701,0,,none
U06702,0,,none
U06703,1,2025-08-15,benefit
U06704,1,2025-08-15,nostalgia
U06705,1,2025-08-15,nostalgia
U06706,0,,none
U06707,0,,none
U06708,1,2025-08-15,benefit
U06709,0,,none
U06710,0,,none
U06711,0,,none
U06712,1,2025-08-15,nostalgia
U06713,1,2025-08-15,benefit
U06714,0,,none
U06715,0,,none
U06716,0,,none
U06717,1,2025-08-15,nostalgia
U06718,0,,none
U06719,0,,none
U06720,1,2025-08-15,nostalgia
U06721,0,,none
U06722,1,2025-08-15,nostalgia
U06723,0,,none
U06724,0,,none
U06725,0,,none
U06726,0,,none
U06727,0,,none
U06728,1,2025-08-15,nostalgia
U06729,0,,none
U06730,1,2025-08-15,nostalgia
U06731,1,2025-08-15,benefit
U06732,0,,none
U06733,0,,none
U06734,1,2025-08-15,nostalgia
U06735,0,,none
U06736,1,2025-08-15,nostalgia
U06737,0,,none
U06738,1,2025-08-15,benefit
U06739,0,,none
U06740,1,2025-08-15,nostalgia
U06741,1,2025-08-15,nostalgia
U06742,1,2025-08-15,benefit
U06743,1,2025-08-15,nostalgia
U06744,0,,none
U06745,0,,none
U06746,1,2025-08-15,benefit
U06747,0,,none
U06748,1,2025-08-15,nostalgia
U06749,0,,none
U06750,1,2025-08-15,benefit
U06751,0,,none
U06752,1,2025-08-15,nostalgia
U06753,1,2025-08-15,nostalgia
U06754,1,2025-08-15,benefit
U06755,1,2025-08-15,benefit
U06756,0,,none
U06757,1,2025-08-15,benefit
U06758,1,2025-08-15,benefit
U06759,0,,none
U06760,0,,none
U06761,1,2025-08-15,nostalgia
U06762,0,,none
U06763,0,,none
U06764,0,,none
U06765,0,,none
U06766,1,2025-08-15,nostalgia
U06767,1,2025-08-15,nostalgia
U06768,1,2025-08-15,nostalgia
U06769,0,,none
U06770,1,2025-08-15,benefit
U06771,1,2025-08-15,benefit
U06772,0,,none
U06773,1,2025-08-15,nostalgia
U06774,1,2025-08-15,benefit
U06775,0,,none
U06776,0,,none
U06777,0,,none
U06778,0,,none
U06779,1,2025-08-15,nostalgia
U06780,1,2025-08-15,benefit
U06781,1,2025-08-15,benefit
U06782,1,2025-08-15,benefit
U06783,1,2025-08-15,nostalgia
U06784,0,,none
U06785,0,,none
U06786,1,2025-08-15,benefit
U06787,0,,none
U06788,0,,none
U06789,1,2025-08-15,benefit
U06790,0,,none
U06791,0,,none
U06792,0,,none
U06793,0,,none
U06794,0,,none
U06795,0,,none
U06796,1,2025-08-15,benefit
U06797,0,,none
U06798,1,2025-08-15,benefit
U06799,0,,none
U06800,0,,none
U06801,0,,none
U06802,1,2025-08-15,benefit
U06803,0,,none
U06804,0,,none
U06805,1,2025-08-15,nostalgia
U06806,0,,none
U06807,1,2025-08-15,nostalgia
U06808,0,,none
U06809,0,,none
U06810,1,2025-08-15,nostalgia
U06811,0,,none
U06812,1,2025-08-15,nostalgia
U06813,1,2025-08-15,benefit
U06814,0,,none
U06815,1,2025-08-15,nostalgia
U06816,0,,none
U06817,0,,none
U06818,1,2025-08-15,nostalgia
U06819,0,,none
U06820,1,2025-08-15,nostalgia
U06821,1,2025-08-15,nostalgia
U06822,0,,none
U06823,1,2025-08-15,benefit
U06824,1,2025-08-15,nostalgia
U06825,1,2025-08-15,benefit
U06826,0,,none
U06827,0,,none
U06828,0,,none
U06829,0,,none
U06830,0,,none
U06831,1,2025-08-15,benefit
U06832,0,,none
U06833,0,,none
U06834,0,,none
U06835,0,,none
U06836,1,2025-08-15,nostalgia
U06837,0,,none
U06838,1,2025-08-15,benefit
U06839,0,,none
U06840,1,2025-08-15,benefit
U06841,1,2025-08-15,nostalgia
U06842,0,,none
U06843,1,2025-08-15,benefit
U06844,1,2025-08-15,nostalgia
U06845,0,,none
U06846,1,2025-08-15,nostalgia
U06847,0,,none
U06848,0,,none
U06849,0,,none
U06850,1,2025-08-15,nostalgia
U06851,1,2025-08-15,benefit
U06852,1,2025-08-15,nostalgia
U06853,1,2025-08-15,benefit
U06854,0,,none
U06855,0,,none
U06856,0,,none
U06857,0,,none
U06858,1,2025-08-15,nostalgia
U06859,0,,none
U06860,0,,none
U06861,1,2025-08-15,nostalgia
U06862,1,2025-08-15,benefit
U06863,1,2025-08-15,benefit
U06864,1,2025-08-15,benefit
U06865,1,2025-08-15,nostalgia
U06866,0,,none
U06867,0,,none
U06868,1,2025-08-15,benefit
U06869,1,2025-08-15,nostalgia
U06870,1,2025-08-15,nostalgia
U06871,1,2025-08-15,nostalgia
U06872,1,2025-08-15,nostalgia
U06873,0,,none
U06874,1,2025-08-15,benefit
U06875,1,2025-08-15,nostalgia
U06876,0,,none
U06877,1,2025-08-15,benefit
U06878,0,,none
U06879,1,2025-08-15,benefit
U06880,1,2025-08-15,benefit
U06881,0,,none
U06882,0,,none
U06883,0,,none
U06884,1,2025-08-15,nostalgia
U06885,1,2025-08-15,nostalgia
U06886,0,,none
U06887,0,,none
U06888,1,2025-08-15,benefit
U06889,0,,none
U06890,0,,none
U06891,0,,none
U06892,1,2025-08-15,nostalgia
U06893,0,,none
U06894,0,,none
U06895,0,,none
U06896,0,,none
U06897,0,,none
U06898,1,2025-08-15,benefit
U06899,1,2025-08-15,nostalgia
U06900,0,,none
U06901,0,,none
U06902,1,2025-08-15,nostalgia
U06903,1,2025-08-15,nostalgia
U06904,0,,none
U06905,1,2025-08-15,nostalgia
U06906,0,,none
U06907,0,,none
U06908,0,,none
U06909,1,2025-08-15,benefit
U06910,0,,none
U06911,0,,none
U06912,0,,none
U06913,1,2025-08-15,nostalgia
U06914,1,2025-08-15,benefit
U06915,0,,none
U06916,1,2025-08-15,benefit
U06917,1,2025-08-15,nostalgia
U06918,0,,none
U06919,0,,none
U06920,0,,none
U06921,1,2025-08-15,benefit
U06922,0,,none
U06923,1,2025-08-15,benefit
U06924,0,,none
U06925,0,,none
U06926,1,2025-08-15,nostalgia
U06927,0,,none
U06928,1,2025-08-15,benefit
U06929,1,2025-08-15,nostalgia
U06930,0,,none
U06931,1,2025-08-15,benefit
U06932,1,2025-08-15,nostalgia
U06933,1,2025-08-15,nostalgia
U06934,1,2025-08-15,benefit
U06935,0,,none
U06936,1,2025-08-15,benefit
U06937,1,2025-08-15,benefit
U06938,0,,none
U06939,1,2025-08-15,nostalgia
U06940,0,,none
U06941,1,2025-08-15,nostalgia
U06942,1,2025-08-15,nostalgia
U06943,1,2025-08-15,benefit
U06944,1,2025-08-15,benefit
U06945,1,2025-08-15,benefit
U06946,1,2025-08-15,benefit
U06947,1,2025-08-15,benefit
U06948,0,,none
U06949,0,,none
U06950,0,,none
U06951,1,2025-08-15,benefit
U06952,0,,none
U06953,1,2025-08-15,nostalgia
U06954,1,2025-08-15,nostalgia
U06955,0,,none
U06956,0,,none
U06957,0,,none
U06958,0,,none
U06959,1,2025-08-15,nostalgia
U06960,1,2025-08-15,nostalgia
U06961,1,2025-08-15,benefit
U06962,1,2025-08-15,nostalgia
U06963,1,2025-08-15,nostalgia
U06964,0,,none
U06965,0,,none
U06966,0,,none
U06967,1,2025-08-15,nostalgia
U06968,0,,none
U06969,1,2025-08-15,benefit
U06970,1,2025-08-15,benefit
U06971,0,,none
U06972,1,2025-08-15,nostalgia
U06973,0,,none
U06974,1,2025-08-15,nostalgia
U06975,1,2025-08-15,nostalgia
U06976,0,,none
U06977,0,,none
U06978,0,,none
U06979,0,,none
U06980,0,,none
U06981,0,,none
U06982,1,2025-08-15,benefit
U06983,0,,none
U06984,1,2025-08-15,nostalgia
U06985,0,,none
U06986,1,2025-08-15,nostalgia
U06987,0,,none
U06988,1,2025-08-15,nostalgia
U06989,1,2025-08-15,benefit
U06990,0,,none
U06991,0,,none
U06992,1,2025-08-15,benefit
U06993,0,,none
U06994,1,2025-08-15,nostalgia
U06995,0,,none
U06996,1,2025-08-15,benefit
U06997,0,,none
U06998,1,2025-08-15,benefit
U06999,0,,none
U07000,1,2025-08-15,nostalgia
U07001,1,2025-08-15,nostalgia
U07002,0,,none
U07003,1,2025-08-15,nostalgia
U07004,1,2025-08-15,nostalgia
U07005,1,2025-08-15,nostalgia
U07006,1,2025-08-15,nostalgia
U07007,1,2025-08-15,nostalgia
U07008,1,2025-08-15,nostalgia
U07009,1,2025-08-15,nostalgia
U07010,0,,none
U07011,1,2025-08-15,benefit
U07012,0,,none
U07013,1,2025-08-15,nostalgia
U07014,0,,none
U07015,1,2025-08-15,nostalgia
U07016,0,,none
U07017,0,,none
U07018,0,,none
U07019,0,,none
U07020,0,,none
U07021,0,,none
U07022,0,,none
U07023,1,2025-08-15,nostalgia
U07024,0,,none
U07025,0,,none
U07026,1,2025-08-15,nostalgia
U07027,0,,none
U07028,1,2025-08-15,benefit
U07029,0,,none
U07030,1,2025-08-15,nostalgia
U07031,1,2025-08-15,nostalgia
U07032,1,2025-08-15,nostalgia
U07033,1,2025-08-15,nostalgia
U07034,1,2025-08-15,benefit
U07035,0,,none
U07036,1,2025-08-15,benefit
U07037,0,,none
U07038,0,,none
U07039,0,,none
U07040,1,2025-08-15,benefit
U07041,1,2025-08-15,nostalgia
U07042,1,2025-08-15,benefit
U07043,1,2025-08-15,nostalgia
U07044,0,,none
U07045,1,2025-08-15,benefit
U07046,1,2025-08-15,nostalgia
U07047,0,,none
U07048,1,2025-08-15,nostalgia
U07049,0,,none
U07050,0,,none
U07051,0,,none
U07052,1,2025-08-15,nostalgia
U07053,0,,none
U07054,1,2025-08-15,benefit
U07055,1,2025-08-15,nostalgia
U07056,0,,none
U07057,1,2025-08-15,nostalgia
U07058,1,2025-08-15,nostalgia
U07059,0,,none
U07060,0,,none
U07061,1,2025-08-15,nostalgia
U07062,0,,none
U07063,1,2025-08-15,benefit
U07064,1,2025-08-15,benefit
U07065,0,,none
U07066,0,,none
U07067,1,2025-08-15,nostalgia
U07068,1,2025-08-15,nostalgia
U07069,1,2025-08-15,nostalgia
U07070,1,2025-08-15,nostalgia
U07071,1,2025-08-15,nostalgia
U07072,1,2025-08-15,nostalgia
U07073,1,2025-08-15,benefit
U07074,0,,none
U07075,0,,none
U07076,1,2025-08-15,nostalgia
U07077,0,,none
U07078,0,,none
U07079,1,2025-08-15,benefit
U07080,1,2025-08-15,nostalgia
U07081,1,2025-08-15,nostalgia
U07082,1,2025-08-15,nostalgia
U07083,1,2025-08-15,benefit
U07084,1,2025-08-15,nostalgia
U07085,1,2025-08-15,benefit
U07086,0,,none
U07087,1,2025-08-15,benefit
U07088,0,,none
U07089,0,,none
U07090,1,2025-08-15,nostalgia
U07091,0,,none
U07092,1,2025-08-15,nostalgia
U07093,1,2025-08-15,nostalgia
U07094,0,,none
U07095,0,,none
U07096,1,2025-08-15,benefit
U07097,1,2025-08-15,nostalgia
U07098,0,,none
U07099,0,,none
U07100,0,,none
U07101,0,,none
U07102,0,,none
U07103,1,2025-08-15,nostalgia
U07104,0,,none
U07105,1,2025-08-15,benefit
U07106,1,2025-08-15,benefit
U07107,1,2025-08-15,benefit
U07108,1,2025-08-15,benefit
U07109,0,,none
U07110,1,2025-08-15,nostalgia
U07111,0,,none
U07112,1,2025-08-15,nostalgia
U07113,0,,none
U07114,1,2025-08-15,nostalgia
U07115,1,2025-08-15,benefit
U07116,1,2025-08-15,benefit
U07117,1,2025-08-15,benefit
U07118,0,,none
U07119,0,,none
U07120,1,2025-08-15,nostalgia
U07121,0,,none
U07122,0,,none
U07123,0,,none
U07124,0,,none
U07125,0,,none
U07126,1,2025-08-15,benefit
U07127,0,,none
U07128,0,,none
U07129,0,,none
U07130,0,,none
U07131,1,2025-08-15,benefit
U07132,1,2025-08-15,benefit
U07133,1,2025-08-15,nostalgia
U07134,0,,none
U07135,1,2025-08-15,nostalgia
U07136,0,,none
U07137,1,2025-08-15,nostalgia
U07138,0,,none
U07139,0,,none
U07140,1,2025-08-15,benefit
U07141,1,2025-08-15,nostalgia
U07142,1,2025-08-15,nostalgia
U07143,1,2025-08-15,benefit
U07144,0,,none
U07145,1,2025-08-15,nostalgia
U07146,1,2025-08-15,nostalgia
U07147,1,2025-08-15,benefit
U07148,0,,none
U07149,1,2025-08-15,nostalgia
U07150,0,,none
U07151,0,,none
U07152,0,,none
U07153,0,,none
U07154,0,,none
U07155,0,,none
U07156,0,,none
U07157,1,2025-08-15,benefit
U07158,1,2025-08-15,benefit
U07159,1,2025-08-15,benefit
U07160,1,2025-08-15,nostalgia
U07161,1,2025-08-15,nostalgia
U07162,0,,none
U07163,0,,none
U07164,1,2025-08-15,nostalgia
U07165,0,,none
U07166,0,,none
U07167,0,,none
U07168,1,2025-08-15,benefit
U07169,1,2025-08-15,nostalgia
U07170,1,2025-08-15,nostalgia
U07171,0,,none
U07172,0,,none
U07173,0,,none
U07174,1,2025-08-15,nostalgia
U07175,1,2025-08-15,benefit
U07176,0,,none
U07177,1,2025-08-15,benefit
U07178,1,2025-08-15,benefit
U07179,0,,none
U07180,0,,none
U07181,0,,none
U07182,1,2025-08-15,nostalgia
U07183,0,,none
U07184,1,2025-08-15,nostalgia
U07185,0,,none
U07186,0,,none
U07187,1,2025-08-15,nostalgia
U07188,1,2025-08-15,nostalgia
U07189,1,2025-08-15,benefit
U07190,1,2025-08-15,benefit
U07191,1,2025-08-15,benefit
U07192,1,2025-08-15,nostalgia
U07193,0,,none
U07194,0,,none
U07195,1,2025-08-15,nostalgia
U07196,0,,none
U07197,1,2025-08-15,nostalgia
U07198,0,,none
U07199,1,2025-08-15,nostalgia
U07200,1,2025-08-15,nostalgia
U07201,0,,none
U07202,0,,none
U07203,0,,none
U07204,0,,none
U07205,0,,none
U07206,0,,none
U07207,1,2025-08-15,nostalgia
U07208,1,2025-08-15,nostalgia
U07209,1,2025-08-15,benefit
U07210,0,,none
U07211,1,2025-08-15,nostalgia
U07212,1,2025-08-15,benefit
U07213,0,,none
U07214,1,2025-08-15,nostalgia
U07215,1,2025-08-15,benefit
U07216,1,2025-08-15,nostalgia
U07217,0,,none
U07218,1,2025-08-15,nostalgia
U07219,1,2025-08-15,benefit
U07220,0,,none
U07221,1,2025-08-15,benefit
U07222,1,2025-08-15,nostalgia
U07223,0,,none
U07224,0,,none
U07225,0,,none
U07226,0,,none
U07227,1,2025-08-15,benefit
U07228,1,2025-08-15,benefit
U07229,1,2025-08-15,benefit
U07230,0,,none
U07231,0,,none
U07232,0,,none
U07233,0,,none
U07234,1,2025-08-15,nostalgia
U07235,0,,none
U07236,0,,none
U07237,0,,none
U07238,0,,none
U07239,0,,none
U07240,0,,none
U07241,1,2025-08-15,benefit
U07242,0,,none
U07243,1,2025-08-15,benefit
U07244,0,,none
U07245,1,2025-08-15,nostalgia
U07246,1,2025-08-15,nostalgia
U07247,0,,none
U07248,0,,none
U07249,1,2025-08-15,benefit
U07250,1,2025-08-15,benefit
U07251,0,,none
U07252,1,2025-08-15,benefit
U07253,0,,none
U07254,1,2025-08-15,nostalgia
U07255,0,,none
U07256,0,,none
U07257,1,2025-08-15,nostalgia
U07258,1,2025-08-15,benefit
U07259,1,2025-08-15,nostalgia
U07260,0,,none
U07261,0,,none
U07262,0,,none
U07263,1,2025-08-15,benefit
U07264,0,,none
U07265,0,,none
U07266,1,2025-08-15,nostalgia
U07267,1,2025-08-15,nostalgia
U07268,1,2025-08-15,benefit
U07269,1,2025-08-15,benefit
U07270,0,,none
U07271,0,,none
U07272,0,,none
U07273,0,,none
U07274,1,2025-08-15,nostalgia
U07275,1,2025-08-15,benefit
U07276,1,2025-08-15,nostalgia
U07277,1,2025-08-15,nostalgia
U07278,0,,none
U07279,1,2025-08-15,benefit
U07280,0,,none
U07281,0,,none
U07282,1,2025-08-15,benefit
U07283,1,2025-08-15,benefit
U07284,0,,none
U07285,1,2025-08-15,nostalgia
U07286,1,2025-08-15,nostalgia
U07287,1,2025-08-15,benefit
U07288,1,2025-08-15,benefit
U07289,1,2025-08-15,nostalgia
U07290,1,2025-08-15,benefit
U07291,1,2025-08-15,benefit
U07292,0,,none
U07293,1,2025-08-15,benefit
U07294,1,2025-08-15,benefit
U07295,0,,none
U07296,0,,none
U07297,1,2025-08-15,nostalgia
U07298,0,,none
U07299,1,2025-08-15,nostalgia
U07300,0,,none
U07301,1,2025-08-15,benefit
U07302,1,2025-08-15,benefit
U07303,1,2025-08-15,benefit
U07304,0,,none
U07305,0,,none
U07306,1,2025-08-15,nostalgia
U07307,1,2025-08-15,benefit
U07308,0,,none
U07309,0,,none
U07310,0,,none
U07311,1,2025-08-15,benefit
U07312,0,,none
U07313,0,,none
U07314,1,2025-08-15,benefit
U07315,1,2025-08-15,nostalgia
U07316,1,2025-08-15,nostalgia
U07317,0,,none
U07318,0,,none
U07319,1,2025-08-15,benefit
U07320,1,2025-08-15,benefit
U07321,1,2025-08-15,nostalgia
U07322,1,2025-08-15,nostalgia
U07323,0,,none
U07324,1,2025-08-15,benefit
U07325,0,,none
U07326,1,2025-08-15,nostalgia
U07327,1,2025-08-15,nostalgia
U07328,0,,none
U07329,1,2025-08-15,benefit
U07330,1,2025-08-15,benefit
U07331,1,2025-08-15,nostalgia
U07332,1,2025-08-15,nostalgia
U07333,1,2025-08-15,nostalgia
U07334,1,2025-08-15,benefit
U07335,1,2025-08-15,nostalgia
U07336,1,2025-08-15,nostalgia
U07337,0,,none
U07338,0,,none
U07339,1,2025-08-15,benefit
U07340,1,2025-08-15,benefit
U07341,1,2025-08-15,nostalgia
U07342,0,,none
U07343,0,,none
U07344,1,2025-08-15,nostalgia
U07345,1,2025-08-15,nostalgia
U07346,0,,none
U07347,1,2025-08-15,benefit
U07348,0,,none
U07349,1,2025-08-15,benefit
U07350,0,,none
U07351,0,,none
U07352,0,,none
U07353,0,,none
U07354,1,2025-08-15,nostalgia
U07355,0,,none
U07356,1,2025-08-15,nostalgia
U07357,1,2025-08-15,nostalgia
U07358,1,2025-08-15,benefit
U07359,1,2025-08-15,benefit
U07360,1,2025-08-15,benefit
U07361,1,2025-08-15,benefit
U07362,1,2025-08-15,nostalgia
U07363,1,2025-08-15,benefit
U07364,1,2025-08-15,nostalgia
U07365,0,,none
U07366,1,2025-08-15,nostalgia
U07367,1,2025-08-15,nostalgia
U07368,0,,none
U07369,0,,none
U07370,1,2025-08-15,benefit
U07371,1,2025-08-15,benefit
U07372,0,,none
U07373,1,2025-08-15,nostalgia
U07374,0,,none
U07375,0,,none
U07376,0,,none
U07377,1,2025-08-15,nostalgia
U07378,0,,none
U07379,0,,none
U07380,0,,none
U07381,1,2025-08-15,nostalgia
U07382,0,,none
U07383,0,,none
U07384,1,2025-08-15,nostalgia
U07385,1,2025-08-15,nostalgia
U07386,0,,none
U07387,1,2025-08-15,nostalgia
U07388,0,,none
U07389,0,,none
U07390,0,,none
U07391,0,,none
U07392,0,,none
U07393,1,2025-08-15,nostalgia
U07394,0,,none
U07395,0,,none
U07396,0,,none
U07397,0,,none
U07398,0,,none
U07399,0,,none
U07400,0,,none
U07401,0,,none
U07402,1,2025-08-15,nostalgia
U07403,1,2025-08-15,benefit
U07404,1,2025-08-15,nostalgia
U07405,1,2025-08-15,nostalgia
U07406,0,,none
U07407,0,,none
U07408,1,2025-08-15,nostalgia
U07409,0,,none
U07410,1,2025-08-15,benefit
U07411,1,2025-08-15,nostalgia
U07412,1,2025-08-15,nostalgia
U07413,0,,none
U07414,0,,none
U07415,1,2025-08-15,benefit
U07416,0,,none
U07417,1,2025-08-15,benefit
U07418,1,2025-08-15,nostalgia
U07419,0,,none
U07420,1,2025-08-15,benefit
U07421,0,,none
U07422,1,2025-08-15,benefit
U07423,1,2025-08-15,benefit
U07424,0,,none
U07425,0,,none
U07426,0,,none
U07427,0,,none
U07428,1,2025-08-15,nostalgia
U07429,1,2025-08-15,benefit
U07430,0,,none
U07431,0,,none
U07432,1,2025-08-15,nostalgia
U07433,1,2025-08-15,benefit
U07434,0,,none
U07435,0,,none
U07436,0,,none
U07437,0,,none
U07438,0,,none
U07439,0,,none
U07440,1,2025-08-15,nostalgia
U07441,0,,none
U07442,1,2025-08-15,nostalgia
U07443,0,,none
U07444,0,,none
U07445,0,,none
U07446,0,,none
U07447,1,2025-08-15,nostalgia
U07448,1,2025-08-15,nostalgia
U07449,1,2025-08-15,benefit
U07450,0,,none
U07451,1,2025-08-15,benefit
U07452,0,,none
U07453,1,2025-08-15,benefit
U07454,1,2025-08-15,nostalgia
U07455,1,2025-08-15,benefit
U07456,0,,none
U07457,1,2025-08-15,benefit
U07458,1,2025-08-15,nostalgia
U07459,0,,none
U07460,0,,none
U07461,1,2025-08-15,nostalgia
U07462,0,,none
U07463,0,,none
U07464,0,,none
U07465,0,,none
U07466,1,2025-08-15,benefit
U07467,0,,none
U07468,0,,none
U07469,1,2025-08-15,nostalgia
U07470,0,,none
U07471,0,,none
U07472,0,,none
U07473,1,2025-08-15,benefit
U07474,0,,none
U07475,1,2025-08-15,nostalgia
U07476,0,,none
U07477,1,2025-08-15,nostalgia
U07478,0,,none
U07479,1,2025-08-15,benefit
U07480,0,,none
U07481,1,2025-08-15,nostalgia
U07482,1,2025-08-15,benefit
U07483,0,,none
U07484,0,,none
U07485,0,,none
U07486,1,2025-08-15,nostalgia
U07487,0,,none
U07488,0,,none
U07489,1,2025-08-15,benefit
U07490,1,2025-08-15,nostalgia
U07491,0,,none
U07492,1,2025-08-15,benefit
U07493,0,,none
U07494,0,,none
U07495,1,2025-08-15,benefit
U07496,0,,none
U07497,0,,none
U07498,0,,none
U07499,0,,none
U07500,1,2025-08-15,nostalgia
U07501,1,2025-08-15,benefit
U07502,0,,none
U07503,1,2025-08-15,benefit
U07504,1,2025-08-15,nostalgia
U07505,1,2025-08-15,nostalgia
U07506,0,,none
U07507,1,2025-08-15,nostalgia
U07508,1,2025-08-15,nostalgia
U07509,0,,none
U07510,0,,none
U07511,1,2025-08-15,benefit
U07512,1,2025-08-15,benefit
U07513,0,,none
U07514,0,,none
U07515,1,2025-08-15,nostalgia
U07516,0,,none
U07517,1,2025-08-15,nostalgia
U07518,1,2025-08-15,benefit
U07519,1,2025-08-15,nostalgia
U07520,0,,none
U07521,1,2025-08-15,nostalgia
U07522,1,2025-08-15,nostalgia
U07523,1,2025-08-15,benefit
U07524,0,,none
U07525,0,,none
U07526,0,,none
U07527,1,2025-08-15,nostalgia
U07528,0,,none
U07529,0,,none
U07530,1,2025-08-15,benefit
U07531,1,2025-08-15,nostalgia
U07532,1,2025-08-15,nostalgia
U07533,1,2025-08-15,nostalgia
U07534,1,2025-08-15,benefit
U07535,1,2025-08-15,nostalgia
U07536,1,2025-08-15,benefit
U07537,1,2025-08-15,nostalgia
U07538,1,2025-08-15,nostalgia
U07539,0,,none
U07540,1,2025-08-15,benefit
U07541,0,,none
U07542,1,2025-08-15,benefit
U07543,0,,none
U07544,1,2025-08-15,nostalgia
U07545,0,,none
U07546,1,2025-08-15,nostalgia
U07547,0,,none
U07548,1,2025-08-15,benefit
U07549,0,,none
U07550,1,2025-08-15,benefit
U07551,1,2025-08-15,nostalgia
U07552,1,2025-08-15,benefit
U07553,1,2025-08-15,benefit
U07554,0,,none
U07555,1,2025-08-15,nostalgia
U07556,1,2025-08-15,benefit
U07557,0,,none
U07558,1,2025-08-15,nostalgia
U07559,1,2025-08-15,nostalgia
U07560,0,,none
U07561,0,,none
U07562,0,,none
U07563,1,2025-08-15,benefit
U07564,1,2025-08-15,nostalgia
U07565,0,,none
U07566,1,2025-08-15,benefit
U07567,0,,none
U07568,1,2025-08-15,benefit
U07569,1,2025-08-15,nostalgia
U07570,1,2025-08-15,benefit
U07571,0,,none
U07572,0,,none
U07573,0,,none
U07574,1,2025-08-15,benefit
U07575,0,,none
U07576,1,2025-08-15,nostalgia
U07577,0,,none
U07578,0,,none
U07579,0,,none
U07580,1,2025-08-15,benefit
U07581,1,2025-08-15,benefit
U07582,0,,none
U07583,0,,none
U07584,0,,none
U07585,1,2025-08-15,nostalgia
U07586,1,2025-08-15,nostalgia
U07587,0,,none
U07588,0,,none
U07589,0,,none
U07590,1,2025-08-15,nostalgia
U07591,1,2025-08-15,nostalgia
U07592,0,,none
U07593,1,2025-08-15,benefit
U07594,0,,none
U07595,0,,none
U07596,1,2025-08-15,benefit
U07597,1,2025-08-15,benefit
U07598,0,,none
U07599,1,2025-08-15,benefit
U07600,0,,none
U07601,0,,none
U07602,1,2025-08-15,benefit
U07603,0,,none
U07604,0,,none
U07605,1,2025-08-15,nostalgia
U07606,1,2025-08-15,benefit
U07607,0,,none
U07608,0,,none
U07609,0,,none
U07610,1,2025-08-15,nostalgia
U07611,1,2025-08-15,benefit
U07612,1,2025-08-15,benefit
U07613,0,,none
U07614,0,,none
U07615,0,,none
U07616,1,2025-08-15,benefit
U07617,0,,none
U07618,0,,none
U07619,0,,none
U07620,1,2025-08-15,nostalgia
U07621,0,,none
U07622,0,,none
U07623,0,,none
U07624,1,2025-08-15,benefit
U07625,1,2025-08-15,benefit
U07626,1,2025-08-15,benefit
U07627,1,2025-08-15,nostalgia
U07628,0,,none
U07629,1,2025-08-15,benefit
U07630,0,,none
U07631,0,,none
U07632,0,,none
U07633,1,2025-08-15,nostalgia
U07634,0,,none
U07635,1,2025-08-15,benefit
U07636,0,,none
U07637,0,,none
U07638,1,2025-08-15,benefit
U07639,1,2025-08-15,nostalgia
U07640,1,2025-08-15,benefit
U07641,0,,none
U07642,0,,none
U07643,0,,none
U07644,0,,none
U07645,0,,none
U07646,1,2025-08-15,benefit
U07647,0,,none
U07648,1,2025-08-15,nostalgia
U07649,0,,none
U07650,0,,none
U07651,0,,none
U07652,1,2025-08-15,nostalgia
U07653,0,,none
U07654,1,2025-08-15,benefit
U07655,0,,none
U07656,1,2025-08-15,benefit
U07657,1,2025-08-15,benefit
U07658,0,,none
U07659,1,2025-08-15,nostalgia
U07660,1,2025-08-15,benefit
U07661,1,2025-08-15,nostalgia
U07662,1,2025-08-15,benefit
U07663,1,2025-08-15,benefit
U07664,1,2025-08-15,benefit
U07665,1,2025-08-15,nostalgia
U07666,1,2025-08-15,benefit
U07667,1,2025-08-15,benefit
U07668,0,,none
U07669,1,2025-08-15,nostalgia
U07670,1,2025-08-15,benefit
U07671,1,2025-08-15,benefit
U07672,1,2025-08-15,nostalgia
U07673,1,2025-08-15,benefit
U07674,1,2025-08-15,benefit
U07675,1,2025-08-15,benefit
U07676,0,,none
U07677,1,2025-08-15,benefit
U07678,0,,none
U07679,1,2025-08-15,benefit
U07680,0,,none
U07681,1,2025-08-15,benefit
U07682,1,2025-08-15,nostalgia
U07683,0,,none
U07684,0,,none
U07685,0,,none
U07686,1,2025-08-15,benefit
U07687,1,2025-08-15,nostalgia
U07688,1,2025-08-15,benefit
U07689,0,,none
U07690,1,2025-08-15,nostalgia
U07691,1,2025-08-15,nostalgia
U07692,0,,none
U07693,0,,none
U07694,0,,none
U07695,1,2025-08-15,benefit
U07696,1,2025-08-15,benefit
U07697,1,2025-08-15,benefit
U07698,0,,none
U07699,1,2025-08-15,nostalgia
U07700,0,,none
U07701,1,2025-08-15,nostalgia
U07702,0,,none
U07703,0,,none
U07704,0,,none
U07705,0,,none
U07706,1,2025-08-15,nostalgia
U07707,1,2025-08-15,benefit
U07708,0,,none
U07709,1,2025-08-15,nostalgia
U07710,1,2025-08-15,nostalgia
U07711,0,,none
U07712,1,2025-08-15,nostalgia
U07713,1,2025-08-15,benefit
U07714,0,,none
U07715,1,2025-08-15,benefit
U07716,0,,none
U07717,0,,none
U07718,0,,none
U07719,0,,none
U07720,0,,none
U07721,0,,none
U07722,1,2025-08-15,benefit
U07723,0,,none
U07724,1,2025-08-15,nostalgia
U07725,1,2025-08-15,benefit
U07726,0,,none
U07727,1,2025-08-15,benefit
U07728,1,2025-08-15,benefit
U07729,1,2025-08-15,benefit
U07730,1,2025-08-15,benefit
U07731,1,2025-08-15,nostalgia
U07732,0,,none
U07733,1,2025-08-15,nostalgia
U07734,1,2025-08-15,nostalgia
U07735,1,2025-08-15,nostalgia
U07736,1,2025-08-15,benefit
U07737,0,,none
U07738,1,2025-08-15,nostalgia
U07739,1,2025-08-15,nostalgia
U07740,1,2025-08-15,nostalgia
U07741,1,2025-08-15,benefit
U07742,0,,none
U07743,1,2025-08-15,nostalgia
U07744,0,,none
U07745,1,2025-08-15,nostalgia
U07746,1,2025-08-15,benefit
U07747,0,,none
U07748,1,2025-08-15,nostalgia
U07749,1,2025-08-15,benefit
U07750,1,2025-08-15,benefit
U07751,0,,none
U07752,0,,none
U07753,1,2025-08-15,nostalgia
U07754,0,,none
U07755,1,2025-08-15,benefit
U07756,1,2025-08-15,nostalgia
U07757,1,2025-08-15,nostalgia
U07758,1,2025-08-15,benefit
U07759,1,2025-08-15,benefit
U07760,0,,none
U07761,1,2025-08-15,nostalgia
U07762,1,2025-08-15,nostalgia
U07763,0,,none
U07764,1,2025-08-15,nostalgia
U07765,0,,none
U07766,1,2025-08-15,benefit
U07767,1,2025-08-15,nostalgia
U07768,1,2025-08-15,nostalgia
U07769,1,2025-08-15,nostalgia
U07770,1,2025-08-15,nostalgia
U07771,1,2025-08-15,nostalgia
U07772,0,,none
U07773,1,2025-08-15,benefit
U07774,0,,none
U07775,1,2025-08-15,nostalgia
U07776,1,2025-08-15,nostalgia
U07777,0,,none
U07778,1,2025-08-15,benefit
U07779,1,2025-08-15,benefit
U07780,0,,none
U07781,1,2025-08-15,nostalgia
U07782,1,2025-08-15,benefit
U07783,0,,none
U07784,0,,none
U07785,0,,none
U07786,1,2025-08-15,benefit
U07787,0,,none
U07788,1,2025-08-15,benefit
U07789,0,,none
U07790,1,2025-08-15,benefit
U07791,0,,none
U07792,0,,none
U07793,0,,none
U07794,0,,none
U07795,0,,none
U07796,0,,none
U07797,0,,none
U07798,1,2025-08-15,nostalgia
U07799,1,2025-08-15,nostalgia
U07800,0,,none
U07801,1,2025-08-15,nostalgia
U07802,1,2025-08-15,benefit
U07803,1,2025-08-15,nostalgia
U07804,1,2025-08-15,benefit
U07805,0,,none
U07806,1,2025-08-15,benefit
U07807,0,,none
U07808,1,2025-08-15,nostalgia
U07809,0,,none
U07810,1,2025-08-15,nostalgia
U07811,1,2025-08-15,benefit
U07812,0,,none
U07813,0,,none
U07814,1,2025-08-15,benefit
U07815,1,2025-08-15,nostalgia
U07816,1,2025-08-15,nostalgia
U07817,1,2025-08-15,nostalgia
U07818,1,2025-08-15,benefit
U07819,0,,none
U07820,0,,none
U07821,1,2025-08-15,benefit
U07822,1,2025-08-15,benefit
U07823,0,,none
U07824,1,2025-08-15,benefit
U07825,1,2025-08-15,nostalgia
U07826,1,2025-08-15,nostalgia
U07827,0,,none
U07828,1,2025-08-15,benefit
U07829,1,2025-08-15,benefit
U07830,1,2025-08-15,nostalgia
U07831,1,2025-08-15,benefit
U07832,1,2025-08-15,nostalgia
U07833,1,2025-08-15,benefit
U07834,1,2025-08-15,nostalgia
U07835,0,,none
U07836,0,,none
U07837,1,2025-08-15,nostalgia
U07838,1,2025-08-15,benefit
U07839,0,,none
U07840,1,2025-08-15,benefit
U07841,1,2025-08-15,nostalgia
U07842,0,,none
U07843,0,,none
U07844,0,,none
U07845,1,2025-08-15,nostalgia
U07846,1,2025-08-15,nostalgia
U07847,1,2025-08-15,benefit
U07848,0,,none
U07849,0,,none
U07850,1,2025-08-15,nostalgia
U07851,0,,none
U07852,1,2025-08-15,nostalgia
U07853,0,,none
U07854,1,2025-08-15,benefit
U07855,0,,none
U07856,1,2025-08-15,benefit
U07857,0,,none
U07858,1,2025-08-15,benefit
U07859,1,2025-08-15,benefit
U07860,1,2025-08-15,benefit
U07861,1,2025-08-15,benefit
U07862,1,2025-08-15,benefit
U07863,1,2025-08-15,benefit
U07864,1,2025-08-15,nostalgia
U07865,0,,none
U07866,1,2025-08-15,nostalgia
U07867,1,2025-08-15,nostalgia
U07868,0,,none
U07869,0,,none
U07870,0,,none
U07871,0,,none
U07872,0,,none
U07873,0,,none
U07874,0,,none
U07875,0,,none
U07876,0,,none
U07877,0,,none
U07878,1,2025-08-15,nostalgia
U07879,1,2025-08-15,nostalgia
U07880,1,2025-08-15,nostalgia
U07881,1,2025-08-15,nostalgia
U07882,1,2025-08-15,benefit
U07883,1,2025-08-15,nostalgia
U07884,1,2025-08-15,benefit
U07885,1,2025-08-15,benefit
U07886,0,,none
U07887,1,2025-08-15,nostalgia
U07888,0,,none
U07889,0,,none
U07890,1,2025-08-15,nostalgia
U07891,0,,none
U07892,1,2025-08-15,nostalgia
U07893,1,2025-08-15,benefit
U07894,1,2025-08-15,nostalgia
U07895,1,2025-08-15,nostalgia
U07896,0,,none
U07897,1,2025-08-15,nostalgia
U07898,0,,none
U07899,1,2025-08-15,benefit
U07900,1,2025-08-15,nostalgia
U07901,1,2025-08-15,benefit
U07902,0,,none
U07903,0,,none
U07904,1,2025-08-15,nostalgia
U07905,1,2025-08-15,benefit
U07906,0,,none
U07907,0,,none
U07908,1,2025-08-15,benefit
U07909,0,,none
U07910,0,,none
U07911,0,,none
U07912,0,,none
U07913,0,,none
U07914,0,,none
U07915,0,,none
U07916,1,2025-08-15,benefit
U07917,0,,none
U07918,1,2025-08-15,nostalgia
U07919,0,,none
U07920,0,,none
U07921,0,,none
U07922,1,2025-08-15,nostalgia
U07923,0,,none
U07924,0,,none
U07925,1,2025-08-15,benefit
U07926,0,,none
U07927,1,2025-08-15,nostalgia
U07928,0,,none
U07929,0,,none
U07930,0,,none
U07931,1,2025-08-15,benefit
U07932,0,,none
U07933,1,2025-08-15,benefit
U07934,1,2025-08-15,benefit
U07935,0,,none
U07936,0,,none
U07937,0,,none
U07938,1,2025-08-15,benefit
U07939,0,,none
U07940,0,,none
U07941,1,2025-08-15,nostalgia
U07942,1,2025-08-15,nostalgia
U07943,0,,none
U07944,1,2025-08-15,nostalgia
U07945,0,,none
U07946,1,2025-08-15,nostalgia
U07947,1,2025-08-15,benefit
U07948,0,,none
U07949,1,2025-08-15,benefit
U07950,0,,none
U07951,1,2025-08-15,nostalgia
U07952,1,2025-08-15,benefit
U07953,1,2025-08-15,benefit
U07954,0,,none
U07955,0,,none
U07956,1,2025-08-15,benefit
U07957,1,2025-08-15,nostalgia
U07958,0,,none
U07959,0,,none
U07960,1,2025-08-15,nostalgia
U07961,1,2025-08-15,nostalgia
U07962,0,,none
U07963,1,2025-08-15,nostalgia
U07964,0,,none
U07965,0,,none
U07966,0,,none
U07967,0,,none
U07968,1,2025-08-15,nostalgia
U07969,0,,none
U07970,0,,none
U07971,0,,none
U07972,0,,none
U07973,1,2025-08-15,benefit
U07974,0,,none
U07975,0,,none
U07976,0,,none
U07977,1,2025-08-15,nostalgia
U07978,1,2025-08-15,benefit
U07979,0,,none
U07980,1,2025-08-15,nostalgia
U07981,1,2025-08-15,benefit
U07982,0,,none
U07983,1,2025-08-15,benefit
U07984,1,2025-08-15,benefit
U07985,1,2025-08-15,benefit
U07986,1,2025-08-15,benefit
U07987,0,,none
U07988,0,,none
U07989,1,2025-08-15,nostalgia
U07990,1,2025-08-15,nostalgia
U07991,0,,none
U07992,1,2025-08-15,benefit
U07993,1,2025-08-15,benefit
U07994,0,,none
U07995,1,2025-08-15,nostalgia
U07996,0,,none
U07997,0,,none
U07998,1,2025-08-15,benefit
U07999,0,,none
U08000,0,,none
U08001,0,,none
U08002,0,,none
U08003,1,2025-08-15,benefit
U08004,0,,none
U08005,1,2025-08-15,nostalgia
U08006,1,2025-08-15,nostalgia
U08007,1,2025-08-15,benefit
U08008,1,2025-08-15,nostalgia
U08009,0,,none
U08010,0,,none
U08011,0,,none
U08012,1,2025-08-15,benefit
U08013,1,2025-08-15,benefit
U08014,1,2025-08-15,nostalgia
U08015,1,2025-08-15,benefit
U08016,0,,none
U08017,0,,none
U08018,0,,none
U08019,1,2025-08-15,benefit
U08020,1,2025-08-15,nostalgia
U08021,0,,none
U08022,1,2025-08-15,benefit
U08023,1,2025-08-15,benefit
U08024,1,2025-08-15,benefit
U08025,0,,none
U08026,1,2025-08-15,nostalgia
U08027,0,,none
U08028,1,2025-08-15,benefit
U08029,1,2025-08-15,benefit
U08030,0,,none
U08031,1,2025-08-15,nostalgia
U08032,1,2025-08-15,benefit
U08033,1,2025-08-15,nostalgia
U08034,1,2025-08-15,benefit
U08035,0,,none
U08036,1,2025-08-15,nostalgia
U08037,1,2025-08-15,nostalgia
U08038,0,,none
U08039,1,2025-08-15,benefit
U08040,1,2025-08-15,nostalgia
U08041,1,2025-08-15,nostalgia
U08042,0,,none
U08043,1,2025-08-15,nostalgia
U08044,1,2025-08-15,benefit
U08045,1,2025-08-15,benefit
U08046,1,2025-08-15,benefit
U08047,0,,none
U08048,1,2025-08-15,benefit
U08049,1,2025-08-15,benefit
U08050,1,2025-08-15,nostalgia
U08051,1,2025-08-15,nostalgia
U08052,1,2025-08-15,benefit
U08053,1,2025-08-15,benefit
U08054,0,,none
U08055,0,,none
U08056,0,,none
U08057,0,,none
U08058,1,2025-08-15,benefit
U08059,0,,none
U08060,1,2025-08-15,benefit
U08061,1,2025-08-15,benefit
U08062,0,,none
U08063,1,2025-08-15,benefit
U08064,0,,none
U08065,0,,none
U08066,1,2025-08-15,benefit
U08067,0,,none
U08068,1,2025-08-15,nostalgia
U08069,1,2025-08-15,nostalgia
U08070,1,2025-08-15,nostalgia
U08071,0,,none
U08072,0,,none
U08073,1,2025-08-15,benefit
U08074,0,,none
U08075,1,2025-08-15,nostalgia
U08076,0,,none
U08077,1,2025-08-15,nostalgia
U08078,0,,none
U08079,1,2025-08-15,benefit
U08080,1,2025-08-15,benefit
U08081,0,,none
U08082,1,2025-08-15,benefit
U08083,1,2025-08-15,benefit
U08084,0,,none
U08085,1,2025-08-15,benefit
U08086,0,,none
U08087,1,2025-08-15,benefit
U08088,0,,none
U08089,0,,none
U08090,0,,none
U08091,0,,none
U08092,1,2025-08-15,benefit
U08093,1,2025-08-15,nostalgia
U08094,1,2025-08-15,benefit
U08095,1,2025-08-15,nostalgia
U08096,1,2025-08-15,benefit
U08097,1,2025-08-15,nostalgia
U08098,1,2025-08-15,benefit
U08099,0,,none
U08100,1,2025-08-15,benefit
U08101,1,2025-08-15,benefit
U08102,1,2025-08-15,nostalgia
U08103,0,,none
U08104,0,,none
U08105,0,,none
U08106,0,,none
U08107,0,,none
U08108,1,2025-08-15,nostalgia
U08109,0,,none
U08110,0,,none
U08111,0,,none
U08112,1,2025-08-15,benefit
U08113,1,2025-08-15,nostalgia
U08114,1,2025-08-15,nostalgia
U08115,0,,none
U08116,1,2025-08-15,benefit
U08117,0,,none
U08118,0,,none
U08119,1,2025-08-15,nostalgia
U08120,1,2025-08-15,nostalgia
U08121,0,,none
U08122,1,2025-08-15,benefit
U08123,1,2025-08-15,nostalgia
U08124,1,2025-08-15,benefit
U08125,1,2025-08-15,nostalgia
U08126,1,2025-08-15,benefit
U08127,0,,none
U08128,1,2025-08-15,nostalgia
U08129,1,2025-08-15,benefit
U08130,0,,none
U08131,1,2025-08-15,nostalgia
U08132,1,2025-08-15,nostalgia
U08133,1,2025-08-15,benefit
U08134,1,2025-08-15,nostalgia
U08135,0,,none
U08136,0,,none
U08137,0,,none
U08138,0,,none
U08139,0,,none
U08140,1,2025-08-15,benefit
U08141,1,2025-08-15,nostalgia
U08142,1,2025-08-15,nostalgia
U08143,1,2025-08-15,nostalgia
U08144,1,2025-08-15,benefit
U08145,1,2025-08-15,benefit
U08146,1,2025-08-15,nostalgia
U08147,0,,none
U08148,0,,none
U08149,0,,none
U08150,1,2025-08-15,nostalgia
U08151,1,2025-08-15,benefit
U08152,0,,none
U08153,0,,none
U08154,1,2025-08-15,benefit
U08155,0,,none
U08156,1,2025-08-15,benefit
U08157,0,,none
U08158,1,2025-08-15,nostalgia
U08159,0,,none
U08160,0,,none
U08161,1,2025-08-15,benefit
U08162,1,2025-08-15,nostalgia
U08163,0,,none
U08164,1,2025-08-15,nostalgia
U08165,1,2025-08-15,benefit
U08166,1,2025-08-15,nostalgia
U08167,1,2025-08-15,nostalgia
U08168,0,,none
U08169,0,,none
U08170,0,,none
U08171,1,2025-08-15,benefit
U08172,0,,none
U08173,1,2025-08-15,benefit
U08174,0,,none
U08175,0,,none
U08176,1,2025-08-15,nostalgia
U08177,0,,none
U08178,1,2025-08-15,benefit
U08179,0,,none
U08180,1,2025-08-15,benefit
U08181,1,2025-08-15,nostalgia
U08182,0,,none
U08183,1,2025-08-15,benefit
U08184,1,2025-08-15,nostalgia
U08185,1,2025-08-15,benefit
U08186,0,,none
U08187,0,,none
U08188,1,2025-08-15,nostalgia
U08189,1,2025-08-15,benefit
U08190,0,,none
U08191,0,,none
U08192,0,,none
U08193,1,2025-08-15,nostalgia
U08194,0,,none
U08195,1,2025-08-15,benefit
U08196,0,,none
U08197,0,,none
U08198,1,2025-08-15,nostalgia
U08199,0,,none
U08200,1,2025-08-15,nostalgia
U08201,1,2025-08-15,nostalgia
U08202,1,2025-08-15,nostalgia
U08203,1,2025-08-15,nostalgia
U08204,1,2025-08-15,nostalgia
U08205,0,,none
U08206,0,,none
U08207,1,2025-08-15,benefit
U08208,1,2025-08-15,nostalgia
U08209,0,,none
U08210,1,2025-08-15,benefit
U08211,1,2025-08-15,benefit
U08212,0,,none
U08213,1,2025-08-15,benefit
U08214,0,,none
U08215,0,,none
U08216,0,,none
U08217,1,2025-08-15,benefit
U08218,1,2025-08-15,nostalgia
U08219,1,2025-08-15,nostalgia
U08220,0,,none
U08221,1,2025-08-15,benefit
U08222,1,2025-08-15,nostalgia
U08223,0,,none
U08224,0,,none
U08225,1,2025-08-15,nostalgia
U08226,0,,none
U08227,0,,none
U08228,1,2025-08-15,nostalgia
U08229,0,,none
U08230,0,,none
U08231,0,,none
U08232,0,,none
U08233,1,2025-08-15,benefit
U08234,1,2025-08-15,nostalgia
U08235,0,,none
U08236,0,,none
U08237,1,2025-08-15,nostalgia
U08238,1,2025-08-15,benefit
U08239,1,2025-08-15,nostalgia
U08240,1,2025-08-15,nostalgia
U08241,0,,none
U08242,1,2025-08-15,benefit
U08243,1,2025-08-15,benefit
U08244,1,2025-08-15,benefit
U08245,0,,none
U08246,0,,none
U08247,0,,none
U08248,0,,none
U08249,1,2025-08-15,benefit
U08250,0,,none
U08251,0,,none
U08252,0,,none
U08253,1,2025-08-15,nostalgia
U08254,0,,none
U08255,0,,none
U08256,0,,none
U08257,1,2025-08-15,benefit
U08258,1,2025-08-15,benefit
U08259,0,,none
U08260,1,2025-08-15,benefit
U08261,1,2025-08-15,nostalgia
U08262,0,,none
U08263,0,,none
U08264,0,,none
U08265,1,2025-08-15,benefit
U08266,1,2025-08-15,nostalgia
U08267,0,,none
U08268,0,,none
U08269,0,,none
U08270,0,,none
U08271,0,,none
U08272,1,2025-08-15,nostalgia
U08273,1,2025-08-15,nostalgia
U08274,0,,none
U08275,0,,none
U08276,1,2025-08-15,benefit
U08277,0,,none
U08278,0,,none
U08279,0,,none
U08280,0,,none
U08281,1,2025-08-15,benefit
U08282,1,2025-08-15,benefit
U08283,0,,none
U08284,1,2025-08-15,nostalgia
U08285,0,,none
U08286,0,,none
U08287,1,2025-08-15,nostalgia
U08288,0,,none
U08289,1,2025-08-15,nostalgia
U08290,0,,none
U08291,1,2025-08-15,benefit
U08292,0,,none
U08293,1,2025-08-15,benefit
U08294,0,,none
U08295,0,,none
U08296,1,2025-08-15,benefit
U08297,1,2025-08-15,nostalgia
U08298,1,2025-08-15,benefit
U08299,0,,none
U08300,1,2025-08-15,benefit
U08301,0,,none
U08302,1,2025-08-15,nostalgia
U08303,0,,none
U08304,1,2025-08-15,nostalgia
U08305,1,2025-08-15,nostalgia
U08306,1,2025-08-15,benefit
U08307,1,2025-08-15,nostalgia
U08308,1,2025-08-15,benefit
U08309,1,2025-08-15,nostalgia
U08310,1,2025-08-15,nostalgia
U08311,1,2025-08-15,nostalgia
U08312,1,2025-08-15,benefit
U08313,1,2025-08-15,benefit
U08314,1,2025-08-15,benefit
U08315,1,2025-08-15,benefit
U08316,1,2025-08-15,nostalgia
U08317,0,,none
U08318,1,2025-08-15,benefit
U08319,1,2025-08-15,benefit
U08320,0,,none
U08321,0,,none
U08322,1,2025-08-15,benefit
U08323,0,,none
U08324,1,2025-08-15,nostalgia
U08325,0,,none
U08326,0,,none
U08327,1,2025-08-15,nostalgia
U08328,1,2025-08-15,nostalgia
U08329,0,,none
U08330,0,,none
U08331,1,2025-08-15,nostalgia
U08332,0,,none
U08333,1,2025-08-15,nostalgia
U08334,0,,none
U08335,0,,none
U08336,1,2025-08-15,nostalgia
U08337,0,,none
U08338,0,,none
U08339,0,,none
U08340,1,2025-08-15,nostalgia
U08341,1,2025-08-15,nostalgia
U08342,0,,none
U08343,1,2025-08-15,benefit
U08344,0,,none
U08345,0,,none
U08346,0,,none
U08347,0,,none
U08348,0,,none
U08349,1,2025-08-15,nostalgia
U08350,0,,none
U08351,0,,none
U08352,1,2025-08-15,nostalgia
U08353,0,,none
U08354,1,2025-08-15,nostalgia
U08355,0,,none
U08356,1,2025-08-15,nostalgia
U08357,0,,none
U08358,1,2025-08-15,benefit
U08359,0,,none
U08360,1,2025-08-15,benefit
U08361,1,2025-08-15,nostalgia
U08362,0,,none
U08363,0,,none
U08364,1,2025-08-15,nostalgia
U08365,1,2025-08-15,benefit
U08366,1,2025-08-15,nostalgia
U08367,1,2025-08-15,benefit
U08368,1,2025-08-15,nostalgia
U08369,0,,none
U08370,1,2025-08-15,nostalgia
U08371,0,,none
U08372,1,2025-08-15,nostalgia
U08373,1,2025-08-15,nostalgia
U08374,0,,none
U08375,0,,none
U08376,0,,none
U08377,1,2025-08-15,benefit
U08378,1,2025-08-15,benefit
U08379,0,,none
U08380,0,,none
U08381,0,,none
U08382,0,,none
U08383,1,2025-08-15,nostalgia
U08384,1,2025-08-15,nostalgia
U08385,1,2025-08-15,nostalgia
U08386,1,2025-08-15,nostalgia
U08387,0,,none
U08388,1,2025-08-15,nostalgia
U08389,1,2025-08-15,benefit
U08390,0,,none
U08391,0,,none
U08392,0,,none
U08393,1,2025-08-15,benefit
U08394,0,,none
U08395,1,2025-08-15,nostalgia
U08396,0,,none
U08397,1,2025-08-15,nostalgia
U08398,1,2025-08-15,benefit
U08399,0,,none
U08400,1,2025-08-15,nostalgia
U08401,0,,none
U08402,1,2025-08-15,nostalgia
U08403,0,,none
U08404,0,,none
U08405,0,,none
U08406,0,,none
U08407,0,,none
U08408,0,,none
U08409,1,2025-08-15,nostalgia
U08410,1,2025-08-15,nostalgia
U08411,1,2025-08-15,benefit
U08412,1,2025-08-15,nostalgia
U08413,1,2025-08-15,nostalgia
U08414,1,2025-08-15,nostalgia
U08415,1,2025-08-15,benefit
U08416,0,,none
U08417,0,,none
U08418,1,2025-08-15,benefit
U08419,1,2025-08-15,nostalgia
U08420,1,2025-08-15,nostalgia
U08421,0,,none
U08422,1,2025-08-15,nostalgia
U08423,0,,none
U08424,0,,none
U08425,1,2025-08-15,benefit
U08426,0,,none
U08427,1,2025-08-15,benefit
U08428,1,2025-08-15,benefit
U08429,0,,none
U08430,1,2025-08-15,benefit
U08431,0,,none
U08432,0,,none
U08433,1,2025-08-15,benefit
U08434,1,2025-08-15,benefit
U08435,0,,none
U08436,1,2025-08-15,benefit
U08437,1,2025-08-15,benefit
U08438,1,2025-08-15,nostalgia
U08439,1,2025-08-15,nostalgia
U08440,0,,none
U08441,1,2025-08-15,nostalgia
U08442,1,2025-08-15,benefit
U08443,0,,none
U08444,0,,none
U08445,0,,none
U08446,0,,none
U08447,1,2025-08-15,benefit
U08448,0,,none
U08449,0,,none
U08450,0,,none
U08451,1,2025-08-15,benefit
U08452,0,,none
U08453,0,,none
U08454,1,2025-08-15,nostalgia
U08455,0,,none
U08456,0,,none
U08457,1,2025-08-15,benefit
U08458,0,,none
U08459,1,2025-08-15,benefit
U08460,0,,none
U08461,1,2025-08-15,nostalgia
U08462,0,,none
U08463,1,2025-08-15,benefit
U08464,1,2025-08-15,benefit
U08465,1,2025-08-15,benefit
U08466,0,,none
U08467,0,,none
U08468,0,,none
U08469,1,2025-08-15,nostalgia
U08470,0,,none
U08471,0,,none
U08472,0,,none
U08473,1,2025-08-15,nostalgia
U08474,1,2025-08-15,nostalgia
U08475,1,2025-08-15,benefit
U08476,1,2025-08-15,benefit
U08477,0,,none
U08478,0,,none
U08479,1,2025-08-15,nostalgia
U08480,1,2025-08-15,benefit
U08481,0,,none
U08482,1,2025-08-15,nostalgia
U08483,1,2025-08-15,nostalgia
U08484,1,2025-08-15,nostalgia
U08485,1,2025-08-15,benefit
U08486,1,2025-08-15,nostalgia
U08487,0,,none
U08488,1,2025-08-15,nostalgia
U08489,1,2025-08-15,benefit
U08490,0,,none
U08491,1,2025-08-15,nostalgia
U08492,1,2025-08-15,nostalgia
U08493,0,,none
U08494,1,2025-08-15,benefit
U08495,1,2025-08-15,nostalgia
U08496,0,,none
U08497,1,2025-08-15,nostalgia
U08498,0,,none
U08499,1,2025-08-15,nostalgia
U08500,0,,none
U08501,0,,none
U08502,1,2025-08-15,benefit
U08503,0,,none
U08504,1,2025-08-15,nostalgia
U08505,1,2025-08-15,nostalgia
U08506,1,2025-08-15,benefit
U08507,1,2025-08-15,nostalgia
U08508,0,,none
U08509,1,2025-08-15,nostalgia
U08510,0,,none
U08511,1,2025-08-15,nostalgia
U08512,1,2025-08-15,benefit
U08513,0,,none
U08514,0,,none
U08515,1,2025-08-15,nostalgia
U08516,0,,none
U08517,1,2025-08-15,benefit
U08518,0,,none
U08519,0,,none
U08520,1,2025-08-15,benefit
U08521,0,,none
U08522,0,,none
U08523,1,2025-08-15,nostalgia
U08524,0,,none
U08525,0,,none
U08526,0,,none
U08527,1,2025-08-15,benefit
U08528,1,2025-08-15,benefit
U08529,1,2025-08-15,nostalgia
U08530,0,,none
U08531,0,,none
U08532,1,2025-08-15,benefit
U08533,1,2025-08-15,benefit
U08534,0,,none
U08535,1,2025-08-15,benefit
U08536,0,,none
U08537,0,,none
U08538,1,2025-08-15,nostalgia
U08539,1,2025-08-15,nostalgia
U08540,1,2025-08-15,benefit
U08541,1,2025-08-15,benefit
U08542,1,2025-08-15,benefit
U08543,1,2025-08-15,benefit
U08544,0,,none
U08545,1,2025-08-15,benefit
U08546,1,2025-08-15,benefit
U08547,1,2025-08-15,benefit
U08548,0,,none
U08549,0,,none
U08550,1,2025-08-15,nostalgia
U08551,0,,none
U08552,0,,none
U08553,1,2025-08-15,nostalgia
U08554,0,,none
U08555,1,2025-08-15,benefit
U08556,0,,none
U08557,0,,none
U08558,1,2025-08-15,nostalgia
U08559,1,2025-08-15,nostalgia
U08560,0,,none
U08561,1,2025-08-15,nostalgia
U08562,1,2025-08-15,benefit
U08563,0,,none
U08564,0,,none
U08565,0,,none
U08566,0,,none
U08567,1,2025-08-15,benefit
U08568,0,,none
U08569,0,,none
U08570,1,2025-08-15,benefit
U08571,1,2025-08-15,benefit
U08572,0,,none
U08573,0,,none
U08574,1,2025-08-15,benefit
U08575,1,2025-08-15,nostalgia
U08576,1,2025-08-15,benefit
U08577,0,,none
U08578,1,2025-08-15,benefit
U08579,0,,none
U08580,0,,none
U08581,1,2025-08-15,nostalgia
U08582,1,2025-08-15,nostalgia
U08583,1,2025-08-15,nostalgia
U08584,0,,none
U08585,1,2025-08-15,benefit
U08586,0,,none
U08587,1,2025-08-15,nostalgia
U08588,1,2025-08-15,nostalgia
U08589,1,2025-08-15,nostalgia
U08590,1,2025-08-15,nostalgia
U08591,1,2025-08-15,benefit
U08592,0,,none
U08593,1,2025-08-15,nostalgia
U08594,0,,none
U08595,1,2025-08-15,nostalgia
U08596,0,,none
U08597,1,2025-08-15,benefit
U08598,0,,none
U08599,1,2025-08-15,nostalgia
U08600,0,,none
U08601,0,,none
U08602,1,2025-08-15,nostalgia
U08603,0,,none
U08604,1,2025-08-15,benefit
U08605,0,,none
U08606,1,2025-08-15,nostalgia
U08607,0,,none
U08608,1,2025-08-15,benefit
U08609,1,2025-08-15,nostalgia
U08610,1,2025-08-15,benefit
U08611,1,2025-08-15,nostalgia
U08612,1,2025-08-15,benefit
U08613,0,,none
U08614,0,,none
U08615,1,2025-08-15,benefit
U08616,0,,none
U08617,0,,none
U08618,1,2025-08-15,benefit
U08619,1,2025-08-15,benefit
U08620,1,2025-08-15,nostalgia
U08621,0,,none
U08622,0,,none
U08623,1,2025-08-15,nostalgia
U08624,0,,none
U08625,1,2025-08-15,nostalgia
U08626,1,2025-08-15,nostalgia
U08627,1,2025-08-15,benefit
U08628,1,2025-08-15,benefit
U08629,1,2025-08-15,nostalgia
U08630,1,2025-08-15,nostalgia
U08631,0,,none
U08632,0,,none
U08633,1,2025-08-15,nostalgia
U08634,0,,none
U08635,0,,none
U08636,1,2025-08-15,benefit
U08637,0,,none
U08638,0,,none
U08639,0,,none
U08640,1,2025-08-15,benefit
U08641,0,,none
U08642,0,,none
U08643,1,2025-08-15,benefit
U08644,1,2025-08-15,nostalgia
U08645,0,,none
U08646,0,,none
U08647,0,,none
U08648,1,2025-08-15,benefit
U08649,0,,none
U08650,1,2025-08-15,nostalgia
U08651,1,2025-08-15,benefit
U08652,1,2025-08-15,benefit
U08653,0,,none
U08654,1,2025-08-15,nostalgia
U08655,0,,none
U08656,0,,none
U08657,1,2025-08-15,benefit
U08658,0,,none
U08659,0,,none
U08660,0,,none
U08661,0,,none
U08662,0,,none
U08663,1,2025-08-15,benefit
U08664,1,2025-08-15,benefit
U08665,0,,none
U08666,1,2025-08-15,benefit
U08667,1,2025-08-15,benefit
U08668,0,,none
U08669,1,2025-08-15,benefit
U08670,0,,none
U08671,1,2025-08-15,nostalgia
U08672,0,,none
U08673,0,,none
U08674,0,,none
U08675,1,2025-08-15,benefit
U08676,0,,none
U08677,0,,none
U08678,0,,none
U08679,0,,none
U08680,1,2025-08-15,nostalgia
U08681,1,2025-08-15,benefit
U08682,0,,none
U08683,1,2025-08-15,benefit
U08684,1,2025-08-15,benefit
U08685,0,,none
U08686,1,2025-08-15,benefit
U08687,1,2025-08-15,nostalgia
U08688,1,2025-08-15,nostalgia
U08689,0,,none
U08690,1,2025-08-15,benefit
U08691,1,2025-08-15,nostalgia
U08692,1,2025-08-15,benefit
U08693,1,2025-08-15,nostalgia
U08694,1,2025-08-15,nostalgia
U08695,1,2025-08-15,nostalgia
U08696,1,2025-08-15,benefit
U08697,1,2025-08-15,nostalgia
U08698,1,2025-08-15,benefit
U08699,0,,none
U08700,1,2025-08-15,benefit
U08701,1,2025-08-15,nostalgia
U08702,1,2025-08-15,nostalgia
U08703,1,2025-08-15,nostalgia
U08704,1,2025-08-15,benefit
U08705,1,2025-08-15,benefit
U08706,0,,none
U08707,0,,none
U08708,1,2025-08-15,benefit
U08709,1,2025-08-15,nostalgia
U08710,0,,none
U08711,0,,none
U08712,0,,none
U08713,1,2025-08-15,nostalgia
U08714,0,,none
U08715,1,2025-08-15,nostalgia
U08716,0,,none
U08717,1,2025-08-15,benefit
U08718,0,,none
U08719,1,2025-08-15,benefit
U08720,0,,none
U08721,0,,none
U08722,0,,none
U08723,1,2025-08-15,benefit
U08724,0,,none
U08725,0,,none
U08726,1,2025-08-15,nostalgia
U08727,0,,none
U08728,0,,none
U08729,1,2025-08-15,benefit
U08730,1,2025-08-15,benefit
U08731,1,2025-08-15,nostalgia
U08732,1,2025-08-15,benefit
U08733,1,2025-08-15,nostalgia
U08734,1,2025-08-15,nostalgia
U08735,0,,none
U08736,0,,none
U08737,0,,none
U08738,0,,none
U08739,1,2025-08-15,nostalgia
U08740,1,2025-08-15,benefit
U08741,0,,none
U08742,0,,none
U08743,1,2025-08-15,nostalgia
U08744,1,2025-08-15,nostalgia
U08745,0,,none
U08746,0,,none
U08747,0,,none
U08748,0,,none
U08749,1,2025-08-15,benefit
U08750,1,2025-08-15,benefit
U08751,1,2025-08-15,benefit
U08752,0,,none
U08753,0,,none
U08754,0,,none
U08755,0,,none
U08756,1,2025-08-15,benefit
U08757,1,2025-08-15,benefit
U08758,0,,none
U08759,1,2025-08-15,nostalgia
U08760,1,2025-08-15,nostalgia
U08761,1,2025-08-15,benefit
U08762,0,,none
U08763,0,,none
U08764,1,2025-08-15,nostalgia
U08765,0,,none
U08766,0,,none
U08767,0,,none
U08768,1,2025-08-15,benefit
U08769,0,,none
U08770,0,,none
U08771,0,,none
U08772,1,2025-08-15,nostalgia
U08773,0,,none
U08774,1,2025-08-15,benefit
U08775,1,2025-08-15,benefit
U08776,1,2025-08-15,benefit
U08777,0,,none
U08778,0,,none
U08779,0,,none
U08780,1,2025-08-15,nostalgia
U08781,1,2025-08-15,benefit
U08782,0,,none
U08783,0,,none
U08784,1,2025-08-15,benefit
U08785,1,2025-08-15,benefit
U08786,1,2025-08-15,nostalgia
U08787,1,2025-08-15,nostalgia
U08788,0,,none
U08789,1,2025-08-15,benefit
U08790,0,,none
U08791,1,2025-08-15,benefit
U08792,1,2025-08-15,benefit
U08793,0,,none
U08794,1,2025-08-15,benefit
U08795,0,,none
U08796,0,,none
U08797,0,,none
U08798,1,2025-08-15,nostalgia
U08799,1,2025-08-15,benefit
U08800,1,2025-08-15,benefit
U08801,1,2025-08-15,benefit
U08802,1,2025-08-15,benefit
U08803,1,2025-08-15,benefit
U08804,0,,none
U08805,0,,none
U08806,0,,none
U08807,0,,none
U08808,1,2025-08-15,nostalgia
U08809,0,,none
U08810,0,,none
U08811,1,2025-08-15,benefit
U08812,0,,none
U08813,0,,none
U08814,1,2025-08-15,benefit
U08815,1,2025-08-15,benefit
U08816,1,2025-08-15,nostalgia
U08817,0,,none
U08818,1,2025-08-15,benefit
U08819,0,,none
U08820,0,,none
U08821,1,2025-08-15,nostalgia
U08822,0,,none
U08823,1,2025-08-15,nostalgia
U08824,1,2025-08-15,nostalgia
U08825,1,2025-08-15,benefit
U08826,1,2025-08-15,benefit
U08827,0,,none
U08828,0,,none
U08829,0,,none
U08830,1,2025-08-15,nostalgia
U08831,0,,none
U08832,1,2025-08-15,nostalgia
U08833,1,2025-08-15,benefit
U08834,1,2025-08-15,nostalgia
U08835,0,,none
U08836,1,2025-08-15,nostalgia
U08837,1,2025-08-15,nostalgia
U08838,1,2025-08-15,benefit
U08839,1,2025-08-15,benefit
U08840,1,2025-08-15,nostalgia
U08841,1,2025-08-15,nostalgia
U08842,0,,none
U08843,1,2025-08-15,benefit
U08844,0,,none
U08845,1,2025-08-15,nostalgia
U08846,0,,none
U08847,0,,none
U08848,0,,none
U08849,1,2025-08-15,benefit
U08850,1,2025-08-15,benefit
U08851,0,,none
U08852,1,2025-08-15,nostalgia
U08853,0,,none
U08854,0,,none
U08855,1,2025-08-15,nostalgia
U08856,0,,none
U08857,1,2025-08-15,benefit
U08858,1,2025-08-15,benefit
U08859,1,2025-08-15,nostalgia
U08860,1,2025-08-15,nostalgia
U08861,0,,none
U08862,1,2025-08-15,nostalgia
U08863,0,,none
U08864,1,2025-08-15,benefit
U08865,0,,none
U08866,0,,none
U08867,0,,none
U08868,1,2025-08-15,nostalgia
U08869,1,2025-08-15,benefit
U08870,0,,none
U08871,0,,none
U08872,1,2025-08-15,nostalgia
U08873,0,,none
U08874,0,,none
U08875,1,2025-08-15,nostalgia
U08876,0,,none
U08877,1,2025-08-15,benefit
U08878,1,2025-08-15,nostalgia
U08879,1,2025-08-15,nostalgia
U08880,1,2025-08-15,nostalgia
U08881,0,,none
U08882,1,2025-08-15,benefit
U08883,0,,none
U08884,0,,none
U08885,0,,none
U08886,0,,none
U08887,0,,none
U08888,0,,none
U08889,0,,none
U08890,1,2025-08-15,benefit
U08891,0,,none
U08892,1,2025-08-15,nostalgia
U08893,0,,none
U08894,0,,none
U08895,0,,none
U08896,1,2025-08-15,benefit
U08897,0,,none
U08898,0,,none
U08899,0,,none
U08900,0,,none
U08901,1,2025-08-15,benefit
U08902,1,2025-08-15,benefit
U08903,1,2025-08-15,nostalgia
U08904,1,2025-08-15,nostalgia
U08905,0,,none
U08906,1,2025-08-15,nostalgia
U08907,0,,none
U08908,1,2025-08-15,nostalgia
U08909,0,,none
U08910,1,2025-08-15,benefit
U08911,0,,none
U08912,0,,none
U08913,0,,none
U08914,0,,none
U08915,1,2025-08-15,benefit
U08916,0,,none
U08917,0,,none
U08918,0,,none
U08919,0,,none
U08920,0,,none
U08921,0,,none
U08922,0,,none
U08923,1,2025-08-15,benefit
U08924,0,,none
U08925,1,2025-08-15,benefit
U08926,0,,none
U08927,1,2025-08-15,nostalgia
U08928,0,,none
U08929,1,2025-08-15,nostalgia
U08930,0,,none
U08931,0,,none
U08932,0,,none
U08933,0,,none
U08934,1,2025-08-15,nostalgia
U08935,0,,none
U08936,0,,none
U08937,1,2025-08-15,benefit
U08938,1,2025-08-15,nostalgia
U08939,0,,none
U08940,1,2025-08-15,nostalgia
U08941,1,2025-08-15,benefit
U08942,1,2025-08-15,benefit
U08943,1,2025-08-15,benefit
U08944,1,2025-08-15,benefit
U08945,0,,none
U08946,0,,none
U08947,1,2025-08-15,benefit
U08948,1,2025-08-15,benefit
U08949,0,,none
U08950,1,2025-08-15,benefit
U08951,1,2025-08-15,nostalgia
U08952,0,,none
U08953,1,2025-08-15,nostalgia
U08954,0,,none
U08955,1,2025-08-15,nostalgia
U08956,0,,none
U08957,0,,none
U08958,1,2025-08-15,benefit
U08959,1,2025-08-15,benefit
U08960,1,2025-08-15,nostalgia
U08961,1,2025-08-15,benefit
U08962,1,2025-08-15,benefit
U08963,0,,none
U08964,1,2025-08-15,nostalgia
U08965,1,2025-08-15,nostalgia
U08966,1,2025-08-15,benefit
U08967,0,,none
U08968,0,,none
U08969,1,2025-08-15,nostalgia
U08970,1,2025-08-15,nostalgia
U08971,0,,none
U08972,1,2025-08-15,benefit
U08973,1,2025-08-15,nostalgia
U08974,0,,none
U08975,0,,none
U08976,0,,none
U08977,0,,none
U08978,1,2025-08-15,nostalgia
U08979,0,,none
U08980,0,,none
U08981,0,,none
U08982,0,,none
U08983,1,2025-08-15,nostalgia
U08984,0,,none
U08985,0,,none
U08986,0,,none
U08987,0,,none
U08988,0,,none
U08989,0,,none
U08990,1,2025-08-15,nostalgia
U08991,1,2025-08-15,nostalgia
U08992,1,2025-08-15,benefit
U08993,1,2025-08-15,nostalgia
U08994,1,2025-08-15,benefit
U08995,1,2025-08-15,benefit
U08996,1,2025-08-15,benefit
U08997,1,2025-08-15,nostalgia
U08998,1,2025-08-15,benefit
U08999,0,,none
U09000,0,,none
U09001,0,,none
U09002,1,2025-08-15,benefit
U09003,1,2025-08-15,benefit
U09004,1,2025-08-15,benefit
U09005,0,,none
U09006,1,2025-08-15,benefit
U09007,0,,none
U09008,1,2025-08-15,benefit
U09009,1,2025-08-15,nostalgia
U09010,0,,none
U09011,0,,none
U09012,1,2025-08-15,benefit
U09013,0,,none
U09014,0,,none
U09015,0,,none
U09016,1,2025-08-15,benefit
U09017,1,2025-08-15,nostalgia
U09018,0,,none
U09019,1,2025-08-15,nostalgia
U09020,0,,none
U09021,1,2025-08-15,nostalgia
U09022,1,2025-08-15,nostalgia
U09023,1,2025-08-15,nostalgia
U09024,1,2025-08-15,benefit
U09025,1,2025-08-15,nostalgia
U09026,0,,none
U09027,0,,none
U09028,0,,none
U09029,0,,none
U09030,0,,none
U09031,0,,none
U09032,1,2025-08-15,benefit
U09033,0,,none
U09034,0,,none
U09035,0,,none
U09036,1,2025-08-15,benefit
U09037,0,,none
U09038,1,2025-08-15,nostalgia
U09039,0,,none
U09040,0,,none
U09041,1,2025-08-15,benefit
U09042,1,2025-08-15,benefit
U09043,0,,none
U09044,1,2025-08-15,benefit
U09045,1,2025-08-15,nostalgia
U09046,0,,none
U09047,0,,none
U09048,1,2025-08-15,benefit
U09049,0,,none
U09050,1,2025-08-15,benefit
U09051,0,,none
U09052,0,,none
U09053,0,,none
U09054,0,,none
U09055,1,2025-08-15,nostalgia
U09056,0,,none
U09057,0,,none
U09058,1,2025-08-15,benefit
U09059,1,2025-08-15,benefit
U09060,0,,none
U09061,1,2025-08-15,nostalgia
U09062,1,2025-08-15,benefit
U09063,0,,none
U09064,1,2025-08-15,benefit
U09065,0,,none
U09066,1,2025-08-15,nostalgia
U09067,1,2025-08-15,nostalgia
U09068,0,,none
U09069,0,,none
U09070,1,2025-08-15,nostalgia
U09071,1,2025-08-15,nostalgia
U09072,0,,none
U09073,1,2025-08-15,benefit
U09074,1,2025-08-15,nostalgia
U09075,1,2025-08-15,benefit
U09076,1,2025-08-15,benefit
U09077,0,,none
U09078,1,2025-08-15,nostalgia
U09079,1,2025-08-15,nostalgia
U09080,1,2025-08-15,benefit
U09081,0,,none
U09082,0,,none
U09083,1,2025-08-15,nostalgia
U09084,0,,none
U09085,1,2025-08-15,benefit
U09086,0,,none
U09087,1,2025-08-15,benefit
U09088,0,,none
U09089,1,2025-08-15,nostalgia
U09090,1,2025-08-15,nostalgia
U09091,0,,none
U09092,0,,none
U09093,0,,none
U09094,0,,none
U09095,1,2025-08-15,nostalgia
U09096,0,,none
U09097,0,,none
U09098,1,2025-08-15,benefit
U09099,1,2025-08-15,nostalgia
U09100,1,2025-08-15,benefit
U09101,0,,none
U09102,0,,none
U09103,0,,none
U09104,0,,none
U09105,0,,none
U09106,0,,none
U09107,1,2025-08-15,benefit
U09108,0,,none
U09109,1,2025-08-15,nostalgia
U09110,1,2025-08-15,benefit
U09111,0,,none
U09112,1,2025-08-15,nostalgia
U09113,0,,none
U09114,1,2025-08-15,nostalgia
U09115,0,,none
U09116,0,,none
U09117,0,,none
U09118,1,2025-08-15,benefit
U09119,0,,none
U09120,0,,none
U09121,1,2025-08-15,benefit
U09122,1,2025-08-15,benefit
U09123,0,,none
U09124,0,,none
U09125,1,2025-08-15,nostalgia
U09126,1,2025-08-15,benefit
U09127,1,2025-08-15,nostalgia
U09128,1,2025-08-15,nostalgia
U09129,1,2025-08-15,nostalgia
U09130,0,,none
U09131,1,2025-08-15,nostalgia
U09132,1,2025-08-15,benefit
U09133,0,,none
U09134,1,2025-08-15,nostalgia
U09135,0,,none
U09136,0,,none
U09137,0,,none
U09138,0,,none
U09139,1,2025-08-15,benefit
U09140,1,2025-08-15,nostalgia
U09141,1,2025-08-15,benefit
U09142,0,,none
U09143,0,,none
U09144,0,,none
U09145,0,,none
U09146,0,,none
U09147,1,2025-08-15,nostalgia
U09148,1,2025-08-15,nostalgia
U09149,0,,none
U09150,0,,none
U09151,0,,none
U09152,0,,none
U09153,0,,none
U09154,0,,none
U09155,1,2025-08-15,nostalgia
U09156,0,,none
U09157,0,,none
U09158,0,,none
U09159,0,,none
U09160,0,,none
U09161,1,2025-08-15,benefit
U09162,0,,none
U09163,1,2025-08-15,benefit
U09164,1,2025-08-15,nostalgia
U09165,1,2025-08-15,benefit
U09166,0,,none
U09167,1,2025-08-15,nostalgia
U09168,0,,none
U09169,0,,none
U09170,1,2025-08-15,benefit
U09171,1,2025-08-15,benefit
U09172,1,2025-08-15,nostalgia
U09173,0,,none
U09174,1,2025-08-15,benefit
U09175,1,2025-08-15,benefit
U09176,1,2025-08-15,nostalgia
U09177,1,2025-08-15,nostalgia
U09178,1,2025-08-15,nostalgia
U09179,0,,none
U09180,1,2025-08-15,nostalgia
U09181,0,,none
U09182,0,,none
U09183,0,,none
U09184,1,2025-08-15,nostalgia
U09185,0,,none
U09186,0,,none
U09187,0,,none
U09188,0,,none
U09189,1,2025-08-15,benefit
U09190,1,2025-08-15,benefit
U09191,0,,none
U09192,0,,none
U09193,0,,none
U09194,1,2025-08-15,benefit
U09195,0,,none
U09196,1,2025-08-15,nostalgia
U09197,1,2025-08-15,benefit
U09198,1,2025-08-15,benefit
U09199,0,,none
U09200,1,2025-08-15,benefit
U09201,1,2025-08-15,nostalgia
U09202,1,2025-08-15,nostalgia
U09203,1,2025-08-15,nostalgia
U09204,1,2025-08-15,nostalgia
U09205,1,2025-08-15,benefit
U09206,0,,none
U09207,0,,none
U09208,1,2025-08-15,benefit
U09209,1,2025-08-15,nostalgia
U09210,0,,none
U09211,0,,none
U09212,0,,none
U09213,0,,none
U09214,0,,none
U09215,1,2025-08-15,nostalgia
U09216,0,,none
U09217,1,2025-08-15,nostalgia
U09218,1,2025-08-15,nostalgia
U09219,0,,none
U09220,0,,none
U09221,0,,none
U09222,0,,none
U09223,1,2025-08-15,benefit
U09224,1,2025-08-15,nostalgia
U09225,1,2025-08-15,nostalgia
U09226,0,,none
U09227,0,,none
U09228,0,,none
U09229,0,,none
U09230,1,2025-08-15,nostalgia
U09231,1,2025-08-15,nostalgia
U09232,0,,none
U09233,1,2025-08-15,nostalgia
U09234,0,,none
U09235,0,,none
U09236,1,2025-08-15,benefit
U09237,0,,none
U09238,0,,none
U09239,0,,none
U09240,1,2025-08-15,nostalgia
U09241,1,2025-08-15,nostalgia
U09242,1,2025-08-15,nostalgia
U09243,1,2025-08-15,nostalgia
U09244,1,2025-08-15,nostalgia
U09245,0,,none
U09246,1,2025-08-15,benefit
U09247,0,,none
U09248,0,,none
U09249,1,2025-08-15,benefit
U09250,1,2025-08-15,benefit
U09251,0,,none
U09252,0,,none
U09253,1,2025-08-15,nostalgia
U09254,1,2025-08-15,nostalgia
U09255,0,,none
U09256,0,,none
U09257,1,2025-08-15,nostalgia
U09258,1,2025-08-15,nostalgia
U09259,0,,none
U09260,0,,none
U09261,1,2025-08-15,benefit
U09262,1,2025-08-15,nostalgia
U09263,1,2025-08-15,nostalgia
U09264,0,,none
U09265,0,,none
U09266,0,,none
U09267,0,,none
U09268,1,2025-08-15,benefit
U09269,0,,none
U09270,0,,none
U09271,0,,none
U09272,0,,none
U09273,1,2025-08-15,nostalgia
U09274,0,,none
U09275,1,2025-08-15,benefit
U09276,1,2025-08-15,benefit
U09277,0,,none
U09278,1,2025-08-15,benefit
U09279,1,2025-08-15,nostalgia
U09280,0,,none
U09281,0,,none
U09282,0,,none
U09283,0,,none
U09284,0,,none
U09285,1,2025-08-15,benefit
U09286,0,,none
U09287,1,2025-08-15,nostalgia
U09288,0,,none
U09289,0,,none
U09290,1,2025-08-15,benefit
U09291,1,2025-08-15,nostalgia
U09292,1,2025-08-15,benefit
U09293,1,2025-08-15,nostalgia
U09294,0,,none
U09295,1,2025-08-15,benefit
U09296,0,,none
U09297,0,,none
U09298,0,,none
U09299,1,2025-08-15,nostalgia
U09300,1,2025-08-15,benefit
U09301,1,2025-08-15,benefit
U09302,1,2025-08-15,nostalgia
U09303,1,2025-08-15,nostalgia
U09304,0,,none
U09305,0,,none
U09306,1,2025-08-15,benefit
U09307,1,2025-08-15,benefit
U09308,0,,none
U09309,0,,none
U09310,0,,none
U09311,0,,none
U09312,0,,none
U09313,1,2025-08-15,nostalgia
U09314,0,,none
U09315,1,2025-08-15,benefit
U09316,0,,none
U09317,1,2025-08-15,benefit
U09318,1,2025-08-15,nostalgia
U09319,1,2025-08-15,nostalgia
U09320,1,2025-08-15,nostalgia
U09321,0,,none
U09322,0,,none
U09323,1,2025-08-15,benefit
U09324,0,,none
U09325,0,,none
U09326,0,,none
U09327,1,2025-08-15,nostalgia
U09328,1,2025-08-15,benefit
U09329,0,,none
U09330,1,2025-08-15,nostalgia
U09331,1,2025-08-15,benefit
U09332,1,2025-08-15,benefit
U09333,0,,none
U09334,0,,none
U09335,1,2025-08-15,benefit
U09336,1,2025-08-15,nostalgia
U09337,0,,none
U09338,0,,none
U09339,1,2025-08-15,nostalgia
U09340,1,2025-08-15,nostalgia
U09341,1,2025-08-15,benefit
U09342,0,,none
U09343,0,,none
U09344,1,2025-08-15,nostalgia
U09345,1,2025-08-15,benefit
U09346,1,2025-08-15,nostalgia
U09347,0,,none
U09348,1,2025-08-15,benefit
U09349,1,2025-08-15,benefit
U09350,1,2025-08-15,nostalgia
U09351,1,2025-08-15,benefit
U09352,0,,none
U09353,0,,none
U09354,0,,none
U09355,1,2025-08-15,nostalgia
U09356,0,,none
U09357,1,2025-08-15,nostalgia
U09358,1,2025-08-15,nostalgia
U09359,0,,none
U09360,0,,none
U09361,0,,none
U09362,1,2025-08-15,benefit
U09363,1,2025-08-15,nostalgia
U09364,1,2025-08-15,nostalgia
U09365,1,2025-08-15,benefit
U09366,1,2025-08-15,nostalgia
U09367,1,2025-08-15,benefit
U09368,1,2025-08-15,nostalgia
U09369,1,2025-08-15,benefit
U09370,1,2025-08-15,nostalgia
U09371,0,,none
U09372,0,,none
U09373,0,,none
U09374,1,2025-08-15,nostalgia
U09375,1,2025-08-15,nostalgia
U09376,1,2025-08-15,benefit
U09377,1,2025-08-15,nostalgia
U09378,1,2025-08-15,nostalgia
U09379,0,,none
U09380,0,,none
U09381,1,2025-08-15,benefit
U09382,0,,none
U09383,0,,none
U09384,0,,none
U09385,1,2025-08-15,benefit
U09386,1,2025-08-15,benefit
U09387,1,2025-08-15,benefit
U09388,1,2025-08-15,nostalgia
U09389,0,,none
U09390,0,,none
U09391,1,2025-08-15,benefit
U09392,1,2025-08-15,benefit
U09393,0,,none
U09394,0,,none
U09395,1,2025-08-15,benefit
U09396,1,2025-08-15,benefit
U09397,1,2025-08-15,nostalgia
U09398,0,,none
U09399,1,2025-08-15,nostalgia
U09400,0,,none
U09401,1,2025-08-15,benefit
U09402,1,2025-08-15,nostalgia
U09403,1,2025-08-15,benefit
U09404,0,,none
U09405,0,,none
U09406,1,2025-08-15,nostalgia
U09407,1,2025-08-15,nostalgia
U09408,0,,none
U09409,1,2025-08-15,benefit
U09410,0,,none
U09411,1,2025-08-15,benefit
U09412,0,,none
U09413,0,,none
U09414,1,2025-08-15,benefit
U09415,1,2025-08-15,benefit
U09416,0,,none
U09417,0,,none
U09418,0,,none
U09419,1,2025-08-15,nostalgia
U09420,0,,none
U09421,0,,none
U09422,0,,none
U09423,0,,none
U09424,1,2025-08-15,benefit
U09425,1,2025-08-15,nostalgia
U09426,0,,none
U09427,1,2025-08-15,nostalgia
U09428,0,,none
U09429,1,2025-08-15,benefit
U09430,1,2025-08-15,nostalgia
U09431,1,2025-08-15,benefit
U09432,0,,none
U09433,1,2025-08-15,nostalgia
U09434,1,2025-08-15,nostalgia
U09435,0,,none
U09436,0,,none
U09437,1,2025-08-15,nostalgia
U09438,1,2025-08-15,benefit
U09439,0,,none
U09440,0,,none
U09441,0,,none
U09442,0,,none
U09443,0,,none
U09444,0,,none
U09445,1,2025-08-15,nostalgia
U09446,0,,none
U09447,1,2025-08-15,nostalgia
U09448,1,2025-08-15,benefit
U09449,0,,none
U09450,1,2025-08-15,nostalgia
U09451,1,2025-08-15,benefit
U09452,0,,none
U09453,1,2025-08-15,benefit
U09454,1,2025-08-15,benefit
U09455,0,,none
U09456,0,,none
U09457,0,,none
U09458,0,,none
U09459,1,2025-08-15,nostalgia
U09460,1,2025-08-15,nostalgia
U09461,1,2025-08-15,benefit
U09462,1,2025-08-15,nostalgia
U09463,1,2025-08-15,benefit
U09464,0,,none
U09465,0,,none
U09466,0,,none
U09467,0,,none
U09468,1,2025-08-15,benefit
U09469,0,,none
U09470,1,2025-08-15,benefit
U09471,0,,none
U09472,0,,none
U09473,0,,none
U09474,0,,none
U09475,1,2025-08-15,benefit
U09476,0,,none
U09477,1,2025-08-15,nostalgia
U09478,1,2025-08-15,nostalgia
U09479,0,,none
U09480,0,,none
U09481,1,2025-08-15,benefit
U09482,0,,none
U09483,0,,none
U09484,0,,none
U09485,0,,none
U09486,1,2025-08-15,nostalgia
U09487,1,2025-08-15,nostalgia
U09488,1,2025-08-15,nostalgia
U09489,0,,none
U09490,0,,none
U09491,1,2025-08-15,benefit
U09492,1,2025-08-15,nostalgia
U09493,0,,none
U09494,1,2025-08-15,benefit
U09495,0,,none
U09496,0,,none
U09497,0,,none
U09498,0,,none
U09499,0,,none
U09500,1,2025-08-15,nostalgia
U09501,1,2025-08-15,nostalgia
U09502,0,,none
U09503,1,2025-08-15,benefit
U09504,0,,none
U09505,1,2025-08-15,benefit
U09506,0,,none
U09507,1,2025-08-15,benefit
U09508,1,2025-08-15,nostalgia
U09509,1,2025-08-15,benefit
U09510,1,2025-08-15,nostalgia
U09511,1,2025-08-15,nostalgia
U09512,1,2025-08-15,benefit
U09513,0,,none
U09514,0,,none
U09515,0,,none
U09516,0,,none
U09517,0,,none
U09518,0,,none
U09519,1,2025-08-15,benefit
U09520,0,,none
U09521,1,2025-08-15,nostalgia
U09522,1,2025-08-15,benefit
U09523,1,2025-08-15,nostalgia
U09524,1,2025-08-15,benefit
U09525,1,2025-08-15,benefit
U09526,0,,none
U09527,1,2025-08-15,nostalgia
U09528,0,,none
U09529,0,,none
U09530,0,,none
U09531,1,2025-08-15,benefit
U09532,0,,none
U09533,0,,none
U09534,1,2025-08-15,benefit
U09535,0,,none
U09536,1,2025-08-15,nostalgia
U09537,0,,none
U09538,0,,none
U09539,1,2025-08-15,benefit
U09540,1,2025-08-15,benefit
U09541,0,,none
U09542,1,2025-08-15,benefit
U09543,0,,none
U09544,1,2025-08-15,benefit
U09545,1,2025-08-15,nostalgia
U09546,0,,none
U09547,0,,none
U09548,1,2025-08-15,benefit
U09549,1,2025-08-15,benefit
U09550,1,2025-08-15,benefit
U09551,1,2025-08-15,nostalgia
U09552,0,,none
U09553,1,2025-08-15,nostalgia
U09554,1,2025-08-15,benefit
U09555,0,,none
U09556,1,2025-08-15,benefit
U09557,0,,none
U09558,1,2025-08-15,nostalgia
U09559,0,,none
U09560,1,2025-08-15,benefit
U09561,0,,none
U09562,1,2025-08-15,nostalgia
U09563,1,2025-08-15,benefit
U09564,1,2025-08-15,nostalgia
U09565,1,2025-08-15,nostalgia
U09566,0,,none
U09567,1,2025-08-15,benefit
U09568,1,2025-08-15,nostalgia
U09569,0,,none
U09570,1,2025-08-15,nostalgia
U09571,0,,none
U09572,0,,none
U09573,1,2025-08-15,nostalgia
U09574,1,2025-08-15,benefit
U09575,1,2025-08-15,benefit
U09576,1,2025-08-15,benefit
U09577,1,2025-08-15,nostalgia
U09578,0,,none
U09579,1,2025-08-15,benefit
U09580,0,,none
U09581,1,2025-08-15,benefit
U09582,0,,none
U09583,1,2025-08-15,nostalgia
U09584,1,2025-08-15,benefit
U09585,1,2025-08-15,benefit
U09586,0,,none
U09587,1,2025-08-15,benefit
U09588,1,2025-08-15,benefit
U09589,1,2025-08-15,benefit
U09590,0,,none
U09591,1,2025-08-15,benefit
U09592,0,,none
U09593,1,2025-08-15,benefit
U09594,0,,none
U09595,1,2025-08-15,benefit
U09596,0,,none
U09597,0,,none
U09598,1,2025-08-15,nostalgia
U09599,0,,none
U09600,1,2025-08-15,nostalgia
U09601,0,,none
U09602,0,,none
U09603,0,,none
U09604,0,,none
U09605,1,2025-08-15,nostalgia
U09606,0,,none
U09607,0,,none
U09608,0,,none
U09609,1,2025-08-15,nostalgia
U09610,0,,none
U09611,1,2025-08-15,benefit
U09612,1,2025-08-15,nostalgia
U09613,0,,none
U09614,1,2025-08-15,nostalgia
U09615,0,,none
U09616,0,,none
U09617,0,,none
U09618,0,,none
U09619,1,2025-08-15,benefit
U09620,0,,none
U09621,0,,none
U09622,0,,none
U09623,0,,none
U09624,1,2025-08-15,benefit
U09625,1,2025-08-15,nostalgia
U09626,0,,none
U09627,0,,none
U09628,0,,none
U09629,1,2025-08-15,nostalgia
U09630,1,2025-08-15,nostalgia
U09631,0,,none
U09632,0,,none
U09633,0,,none
U09634,1,2025-08-15,benefit
U09635,0,,none
U09636,1,2025-08-15,benefit
U09637,1,2025-08-15,benefit
U09638,1,2025-08-15,benefit
U09639,0,,none
U09640,0,,none
U09641,1,2025-08-15,benefit
U09642,1,2025-08-15,benefit
U09643,1,2025-08-15,benefit
U09644,1,2025-08-15,benefit
U09645,1,2025-08-15,nostalgia
U09646,1,2025-08-15,nostalgia
U09647,1,2025-08-15,benefit
U09648,1,2025-08-15,benefit
U09649,1,2025-08-15,benefit
U09650,1,2025-08-15,benefit
U09651,1,2025-08-15,benefit
U09652,1,2025-08-15,nostalgia
U09653,1,2025-08-15,nostalgia
U09654,0,,none
U09655,0,,none
U09656,0,,none
U09657,1,2025-08-15,benefit
U09658,0,,none
U09659,0,,none
U09660,1,2025-08-15,nostalgia
U09661,1,2025-08-15,benefit
U09662,0,,none
U09663,0,,none
U09664,0,,none
U09665,1,2025-08-15,benefit
U09666,1,2025-08-15,nostalgia
U09667,1,2025-08-15,nostalgia
U09668,0,,none
U09669,0,,none
U09670,0,,none
U09671,0,,none
U09672,0,,none
U09673,1,2025-08-15,benefit
U09674,0,,none
U09675,1,2025-08-15,benefit
U09676,1,2025-08-15,nostalgia
U09677,1,2025-08-15,benefit
U09678,1,2025-08-15,benefit
U09679,0,,none
U09680,0,,none
U09681,1,2025-08-15,nostalgia
U09682,0,,none
U09683,0,,none
U09684,1,2025-08-15,nostalgia
U09685,0,,none
U09686,0,,none
U09687,1,2025-08-15,nostalgia
U09688,1,2025-08-15,benefit
U09689,0,,none
U09690,0,,none
U09691,1,2025-08-15,nostalgia
U09692,0,,none
U09693,0,,none
U09694,1,2025-08-15,benefit
U09695,1,2025-08-15,nostalgia
U09696,0,,none
U09697,0,,none
U09698,1,2025-08-15,benefit
U09699,1,2025-08-15,benefit
U09700,0,,none
U09701,1,2025-08-15,nostalgia
U09702,1,2025-08-15,benefit
U09703,0,,none
U09704,1,2025-08-15,benefit
U09705,0,,none
U09706,0,,none
U09707,0,,none
U09708,1,2025-08-15,nostalgia
U09709,1,2025-08-15,benefit
U09710,0,,none
U09711,0,,none
U09712,1,2025-08-15,benefit
U09713,1,2025-08-15,nostalgia
U09714,1,2025-08-15,nostalgia
U09715,1,2025-08-15,benefit
U09716,1,2025-08-15,nostalgia
U09717,1,2025-08-15,nostalgia
U09718,1,2025-08-15,benefit
U09719,0,,none
U09720,0,,none
U09721,1,2025-08-15,benefit
U09722,0,,none
U09723,1,2025-08-15,benefit
U09724,1,2025-08-15,benefit
U09725,1,2025-08-15,benefit
U09726,0,,none
U09727,0,,none
U09728,0,,none
U09729,0,,none
U09730,1,2025-08-15,nostalgia
U09731,1,2025-08-15,nostalgia
U09732,1,2025-08-15,benefit
U09733,1,2025-08-15,benefit
U09734,0,,none
U09735,0,,none
U09736,0,,none
U09737,0,,none
U09738,0,,none
U09739,1,2025-08-15,benefit
U09740,1,2025-08-15,nostalgia
U09741,1,2025-08-15,benefit
U09742,1,2025-08-15,benefit
U09743,1,2025-08-15,benefit
U09744,1,2025-08-15,nostalgia
U09745,1,2025-08-15,nostalgia
U09746,0,,none
U09747,1,2025-08-15,benefit
U09748,0,,none
U09749,1,2025-08-15,nostalgia
U09750,0,,none
U09751,0,,none
U09752,0,,none
U09753,0,,none
U09754,0,,none
U09755,0,,none
U09756,1,2025-08-15,nostalgia
U09757,1,2025-08-15,benefit
U09758,1,2025-08-15,benefit
U09759,0,,none
U09760,0,,none
U09761,1,2025-08-15,benefit
U09762,1,2025-08-15,benefit
U09763,0,,none
U09764,0,,none
U09765,0,,none
U09766,1,2025-08-15,benefit
U09767,1,2025-08-15,nostalgia
U09768,0,,none
U09769,0,,none
U09770,1,2025-08-15,nostalgia
U09771,1,2025-08-15,benefit
U09772,0,,none
U09773,1,2025-08-15,nostalgia
U09774,1,2025-08-15,nostalgia
U09775,0,,none
U09776,0,,none
U09777,0,,none
U09778,0,,none
U09779,1,2025-08-15,benefit
U09780,0,,none
U09781,0,,none
U09782,1,2025-08-15,benefit
U09783,1,2025-08-15,nostalgia
U09784,0,,none
U09785,0,,none
U09786,0,,none
U09787,0,,none
U09788,0,,none
U09789,1,2025-08-15,benefit
U09790,1,2025-08-15,nostalgia
U09791,1,2025-08-15,nostalgia
U09792,1,2025-08-15,nostalgia
U09793,0,,none
U09794,0,,none
U09795,0,,none
U09796,0,,none
U09797,0,,none
U09798,0,,none
U09799,1,2025-08-15,nostalgia
U09800,1,2025-08-15,nostalgia
U09801,1,2025-08-15,benefit
U09802,0,,none
U09803,1,2025-08-15,benefit
U09804,1,2025-08-15,nostalgia
U09805,1,2025-08-15,nostalgia
U09806,1,2025-08-15,benefit
U09807,1,2025-08-15,nostalgia
U09808,1,2025-08-15,benefit
U09809,1,2025-08-15,nostalgia
U09810,1,2025-08-15,benefit
U09811,1,2025-08-15,benefit
U09812,1,2025-08-15,nostalgia
U09813,0,,none
U09814,1,2025-08-15,nostalgia
U09815,0,,none
U09816,1,2025-08-15,nostalgia
U09817,0,,none
U09818,0,,none
U09819,1,2025-08-15,nostalgia
U09820,0,,none
U09821,0,,none
U09822,0,,none
U09823,1,2025-08-15,nostalgia
U09824,1,2025-08-15,nostalgia
U09825,1,2025-08-15,nostalgia
U09826,1,2025-08-15,benefit
U09827,0,,none
U09828,0,,none
U09829,0,,none
U09830,0,,none
U09831,0,,none
U09832,1,2025-08-15,nostalgia
U09833,0,,none
U09834,0,,none
U09835,1,2025-08-15,nostalgia
U09836,1,2025-08-15,nostalgia
U09837,0,,none
U09838,0,,none
U09839,0,,none
U09840,0,,none
U09841,0,,none
U09842,1,2025-08-15,benefit
U09843,0,,none
U09844,1,2025-08-15,nostalgia
U09845,0,,none
U09846,1,2025-08-15,benefit
U09847,0,,none
U09848,1,2025-08-15,nostalgia
U09849,0,,none
U09850,0,,none
U09851,0,,none
U09852,1,2025-08-15,benefit
U09853,1,2025-08-15,benefit
U09854,0,,none
U09855,0,,none
U09856,0,,none
U09857,0,,none
U09858,1,2025-08-15,benefit
U09859,1,2025-08-15,benefit
U09860,1,2025-08-15,nostalgia
U09861,0,,none
U09862,1,2025-08-15,benefit
U09863,1,2025-08-15,nostalgia
U09864,1,2025-08-15,benefit
U09865,0,,none
U09866,1,2025-08-15,nostalgia
U09867,0,,none
U09868,1,2025-08-15,benefit
U09869,1,2025-08-15,benefit
U09870,1,2025-08-15,nostalgia
U09871,1,2025-08-15,nostalgia
U09872,1,2025-08-15,nostalgia
U09873,1,2025-08-15,benefit
U09874,1,2025-08-15,nostalgia
U09875,0,,none
U09876,0,,none
U09877,1,2025-08-15,benefit
U09878,1,2025-08-15,benefit
U09879,0,,none
U09880,0,,none
U09881,0,,none
U09882,1,2025-08-15,benefit
U09883,0,,none
U09884,1,2025-08-15,nostalgia
U09885,0,,none
U09886,0,,none
U09887,0,,none
U09888,0,,none
U09889,1,2025-08-15,nostalgia
U09890,1,2025-08-15,nostalgia
U09891,1,2025-08-15,nostalgia
U09892,1,2025-08-15,benefit
U09893,0,,none
U09894,0,,none
U09895,0,,none
U09896,0,,none
U09897,1,2025-08-15,nostalgia
U09898,1,2025-08-15,nostalgia
U09899,1,2025-08-15,benefit
U09900,1,2025-08-15,benefit
U09901,0,,none
U09902,0,,none
U09903,1,2025-08-15,benefit
U09904,0,,none
U09905,1,2025-08-15,benefit
U09906,0,,none
U09907,0,,none
U09908,1,2025-08-15,nostalgia
U09909,0,,none
U09910,1,2025-08-15,nostalgia
U09911,0,,none
U09912,1,2025-08-15,benefit
U09913,0,,none
U09914,1,2025-08-15,benefit
U09915,1,2025-08-15,nostalgia
U09916,0,,none
U09917,1,2025-08-15,nostalgia
U09918,0,,none
U09919,0,,none
U09920,0,,none
U09921,1,2025-08-15,benefit
U09922,0,,none
U09923,0,,none
U09924,0,,none
U09925,1,2025-08-15,benefit
U09926,1,2025-08-15,benefit
U09927,0,,none
U09928,0,,none
U09929,1,2025-08-15,benefit
U09930,1,2025-08-15,nostalgia
U09931,1,2025-08-15,nostalgia
U09932,1,2025-08-15,nostalgia
U09933,0,,none
U09934,0,,none
U09935,1,2025-08-15,benefit
U09936,1,2025-08-15,nostalgia
U09937,1,2025-08-15,benefit
U09938,1,2025-08-15,benefit
U09939,0,,none
U09940,1,2025-08-15,nostalgia
U09941,1,2025-08-15,benefit
U09942,0,,none
U09943,1,2025-08-15,nostalgia
U09944,1,2025-08-15,nostalgia
U09945,1,2025-08-15,nostalgia
U09946,1,2025-08-15,benefit
U09947,0,,none
U09948,0,,none
U09949,1,2025-08-15,benefit
U09950,0,,none
U09951,1,2025-08-15,benefit
U09952,1,2025-08-15,nostalgia
U09953,1,2025-08-15,nostalgia
U09954,1,2025-08-15,nostalgia
U09955,1,2025-08-15,benefit
U09956,0,,none
U09957,0,,none
U09958,0,,none
U09959,1,2025-08-15,benefit
U09960,0,,none
U09961,0,,none
U09962,0,,none
U09963,0,,none
U09964,1,2025-08-15,nostalgia
U09965,0,,none
U09966,0,,none
U09967,0,,none
U09968,0,,none
U09969,0,,none
U09970,0,,none
U09971,0,,none
U09972,1,2025-08-15,nostalgia
U09973,1,2025-08-15,nostalgia
U09974,1,2025-08-15,benefit
U09975,0,,none
U09976,1,2025-08-15,nostalgia
U09977,1,2025-08-15,benefit
U09978,1,2025-08-15,benefit
U09979,1,2025-08-15,nostalgia
U09980,0,,none
U09981,0,,none
U09982,1,2025-08-15,benefit
U09983,0,,none
U09984,1,2025-08-15,nostalgia
U09985,1,2025-08-15,nostalgia
U09986,1,2025-08-15,nostalgia
U09987,1,2025-08-15,benefit
U09988,1,2025-08-15,nostalgia
U09989,0,,none
U09990,0,,none
U09991,1,2025-08-15,nostalgia
U09992,1,2025-08-15,benefit
U09993,0,,none
U09994,1,2025-08-15,benefit
U09995,1,2025-08-15,nostalgia
U09996,1,2025-08-15,benefit
U09997,0,,none
U09998,1,2025-08-15,nostalgia
U09999,0,,none
U10000,0,,none
