user_id,gender,age,pay_level,region
U00001,F,19,0,경기
U00002,F,21,1,서울
U00003,M,31,0,경기
U00004,M,31,0,기타
U00005,M,29,0,경기
U00006,M,32,1,기타
U00007,F,29,0,기타
U00008,F,31,0,경기
U00009,F,29,1,서울
U00010,F,24,2,기타
U00011,M,27,3,기타
U00012,F,28,0,서울
U00013,M,31,0,경기
U00014,M,33,0,경기
U00015,F,32,0,경기
U00016,F,46,0,서울
U00017,M,21,2,경기
U00018,M,39,0,경기
U00019,F,22,0,기타
U00020,M,40,1,서울
U00021,M,32,0,경기
U00022,F,29,2,서울
U00023,M,21,0,기타
U00024,F,30,1,서울
U00025,F,25,0,경기
U00026,F,38,1,서울
U00027,M,28,0,경기
U00028,F,22,1,기타
U00029,M,38,1,기타
U00030,F,28,2,서울
U00031,M,33,1,기타
U00032,F,20,0,기타
U00033,F,34,0,기타
U00034,F,29,0,경기
U00035,F,26,0,경기
U00036,F,30,0,경기
U00037,M,25,0,서울
U00038,F,34,1,기타
U00039,M,36,0,기타
U00040,F,28,2,기타
U00041,M,42,0,경기
U00042,M,35,0,서울
U00043,M,31,0,기타
U00044,M,22,1,서울
U00045,F,19,0,기타
U00046,M,24,2,기타
U00047,M,31,0,경기
U00048,M,25,1,서울
U00049,M,32,0,기타
U00050,M,34,1,기타
U00051,F,31,0,기타
U00052,F,30,1,기타
U00053,F,34,1,서울
U00054,F,32,0,경기
U00055,M,32,1,서울
U00056,F,33,0,경기
U00057,F,31,0,서울
U00058,F,24,1,기타
U00059,F,30,2,서울
U00060,M,32,1,경기
U00061,F,29,2,기타
U00062,M,28,1,서울
U00063,F,25,0,경기
U00064,M,28,1,경기
U00065,F,25,0,기타
U00066,M,34,0,경기
U00067,M,33,1,기타
U00068,M,22,0,서울
U00069,F,18,2,서울
U00070,F,30,0,서울
U00071,F,28,1,경기
U00072,M,27,1,기타
U00073,F,31,1,기타
U00074,M,42,1,경기
U00075,M,31,1,경기
U00076,F,32,0,서울
U00077,M,29,0,기타
U00078,M,36,2,경기
U00079,M,34,0,서울
U00080,F,41,1,경기
U00081,F,24,1,서울
U00082,M,32,0,기타
U00083,M,28,3,기타
U00084,F,28,2,서울
U00085,M,20,1,서울
U00086,M,21,0,경기
U00087,M,34,1,경기
U00088,F,39,1,서울
U00089,M,35,0,경기
U00090,M,33,1,기타
U00091,F,27,0,서울
U00092,F,25,2,기타
U00093,M,35,0,경기
U00094,F,37,1,경기
U00095,M,36,2,기타
U00096,M,21,1,서울
U00097,F,28,0,서울
U00098,F,19,0,기타
U00099,M,40,1,서울
U00100,F,20,0,서울
U00101,F,26,1,경기
U00102,M,37,0,경기
U00103,M,29,0,서울
U00104,F,23,0,서울
U00105,M,32,0,기타
U00106,F,29,3,서울
U00107,F,25,1,경기
U00108,M,30,3,서울
U00109,F,35,0,기타
U00110,F,29,2,경기
U00111,M,34,1,서울
U00112,M,31,0,서울
U00113,M,24,0,경기
U00114,M,25,0,서울
U00115,F,36,0,기타
U00116,F,32,1,서울
U00117,M,39,0,서울
U00118,M,18,0,경기
U00119,M,29,1,기타
U00120,M,30,0,경기
U00121,M,28,0,서울
U00122,M,30,2,기타
U00123,F,24,0,서울
U00124,F,25,0,서울
U00125,M,31,1,기타
U00126,M,19,1,서울
U00127,M,26,0,서울
U00128,F,33,2,서울
U00129,M,28,0,서울
U00130,M,36,2,기타
U00131,M,28,2,서울
U00132,M,26,0,경기
U00133,M,18,0,기타
U00134,M,26,0,경기
U00135,F,27,0,서울
U00136,M,36,0,기타
U00137,M,24,0,기타
U00138,F,24,0,기타
U00139,F,33,2,경기
U00140,M,33,0,경기
U00141,M,45,0,기타
U00142,M,28,0,기타
U00143,F,35,2,기타
U00144,M,34,0,서울
U00145,F,25,2,기타
U00146,M,26,0,경기
U00147,M,23,0,경기
U00148,F,26,0,경기
U00149,M,32,0,기타
U00150,M,38,1,서울
U00151,F,26,2,서울
U00152,M,24,1,서울
U00153,M,28,1,서울
U00154,F,31,0,경기
U00155,M,33,2,서울
U00156,F,22,1,서울
U00157,F,26,1,경기
U00158,F,19,2,경기
U00159,M,26,1,경기
U00160,F,22,2,경기
U00161,F,30,0,경기
U00162,F,27,1,경기
U00163,M,35,1,기타
U00164,F,38,0,서울
U00165,M,31,1,기타
U00166,M,32,1,기타
U00167,M,35,0,서울
U00168,F,38,1,서울
U00169,M,27,1,서울
U00170,M,24,1,경기
U00171,F,25,0,서울
U00172,F,36,0,기타
U00173,M,23,1,서울
U00174,M,35,0,서울
U00175,M,27,0,서울
U00176,M,26,0,기타
U00177,M,23,0,경기
U00178,M,36,3,기타
U00179,F,24,1,기타
U00180,M,39,1,경기
U00181,M,28,0,경기
U00182,M,28,0,기타
U00183,M,33,3,서울
U00184,M,26,0,서울
U00185,M,23,0,경기
U00186,F,27,0,서울
U00187,F,25,0,경기
U00188,F,30,3,기타
U00189,F,35,0,서울
U00190,M,23,0,서울
U00191,M,31,3,경기
U00192,F,41,2,서울
U00193,M,29,2,서울
U00194,F,19,1,서울
U00195,M,32,1,기타
U00196,M,25,0,서울
U00197,F,18,0,기타
U00198,F,26,0,기타
U00199,F,28,2,경기
U00200,M,30,1,기타
U00201,M,19,2,경기
U00202,F,28,0,서울
U00203,F,23,0,서울
U00204,M,22,0,기타
U00205,M,30,0,경기
U00206,F,21,0,경기
U00207,M,33,1,서울
U00208,F,26,2,경기
U00209,F,23,0,서울
U00210,M,33,1,기타
U00211,F,18,0,서울
U00212,F,31,1,서울
U00213,M,37,1,서울
U00214,F,26,0,서울
U00215,M,30,1,서울
U00216,F,31,1,서울
U00217,M,27,0,기타
U00218,M,25,1,기타
U00219,F,30,0,기타
U00220,F,22,0,경기
U00221,M,41,3,경기
U00222,M,33,0,서울
U00223,M,32,1,경기
U00224,M,41,1,경기
U00225,F,36,1,서울
U00226,M,29,0,서울
U00227,M,24,2,경기
U00228,M,33,1,경기
U00229,M,35,0,서울
U00230,M,37,1,기타
U00231,F,38,1,기타
U00232,F,27,3,서울
U00233,M,27,1,서울
U00234,M,23,0,경기
U00235,F,28,1,기타
U00236,M,26,0,서울
U00237,F,34,1,서울
U00238,M,32,0,서울
U00239,M,28,3,기타
U00240,F,30,1,기타
U00241,F,32,2,서울
U00242,M,33,3,기타
U00243,F,31,1,서울
U00244,F,32,1,경기
U00245,M,32,1,경기
U00246,M,30,0,서울
U00247,M,30,0,경기
U00248,M,22,0,경기
U00249,M,20,1,서울
U00250,M,38,0,기타
U00251,F,30,0,기타
U00252,F,34,0,서울
U00253,M,24,0,경기
U00254,F,26,0,기타
U00255,M,41,0,서울
U00256,F,22,1,기타
U00257,F,30,0,서울
U00258,F,28,0,서울
U00259,F,20,0,기타
U00260,F,21,0,서울
U00261,M,30,0,기타
U00262,F,34,1,서울
U00263,M,38,0,서울
U00264,F,31,1,서울
U00265,M,30,0,서울
U00266,M,28,0,경기
U00267,M,30,2,경기
U00268,F,22,0,경기
U00269,F,30,0,서울
U00270,F,26,1,서울
U00271,F,36,3,기타
U00272,M,28,2,경기
U00273,M,33,2,서울
U00274,M,28,0,서울
U00275,M,33,3,서울
U00276,M,36,1,서울
U00277,F,22,1,경기
U00278,F,28,0,경기
U00279,M,45,2,기타
U00280,M,23,0,경기
U00281,F,31,2,서울
U00282,F,29,1,서울
U00283,M,35,0,경기
U00284,F,34,0,서울
U00285,F,32,0,서울
U00286,M,30,1,서울
U00287,F,26,2,서울
U00288,F,36,0,기타
U00289,M,34,2,기타
U00290,F,24,0,기타
U00291,M,37,1,서울
U00292,M,21,2,서울
U00293,F,23,0,기타
U00294,M,34,0,경기
U00295,F,44,0,경기
U00296,M,23,1,기타
U00297,M,26,0,경기
U00298,F,22,0,기타
U00299,M,21,2,서울
U00300,M,23,0,기타
U00301,F,27,1,서울
U00302,M,30,2,기타
U00303,F,34,0,서울
U00304,F,35,1,경기
U00305,F,33,1,경기
U00306,M,24,1,기타
U00307,M,39,1,경기
U00308,M,25,0,서울
U00309,F,25,1,서울
U00310,M,28,2,서울
U00311,M,31,2,서울
U00312,M,27,0,서울
U00313,F,28,0,경기
U00314,M,35,2,서울
U00315,M,36,1,서울
U00316,M,19,0,기타
U00317,F,30,0,기타
U00318,M,23,1,기타
U00319,M,35,0,서울
U00320,F,26,1,서울
U00321,F,18,0,기타
U00322,M,28,3,경기
U00323,F,37,0,기타
U00324,F,29,0,경기
U00325,M,31,1,기타
U00326,F,21,0,서울
U00327,M,25,0,경기
U00328,M,33,2,기타
U00329,F,47,0,기타
U00330,F,34,1,서울
U00331,M,22,0,경기
U00332,F,34,2,경기
U00333,M,25,2,서울
U00334,F,39,0,서울
U00335,M,34,3,서울
U00336,M,20,0,경기
U00337,M,37,0,기타
U00338,F,24,1,서울
U00339,F,31,1,기타
U00340,M,21,0,기타
U00341,F,45,0,서울
U00342,M,26,1,기타
U00343,M,43,0,서울
U00344,M,19,3,서울
U00345,F,27,1,경기
U00346,F,38,1,기타
U00347,F,26,1,서울
U00348,F,26,2,기타
U00349,M,18,0,기타
U00350,F,38,0,기타
U00351,M,35,0,서울
U00352,M,33,0,경기
U00353,F,30,1,경기
U00354,F,30,0,서울
U00355,M,32,0,서울
U00356,M,32,0,경기
U00357,F,28,0,기타
U00358,M,38,0,기타
U00359,M,32,0,서울
U00360,F,37,1,서울
U00361,M,31,0,기타
U00362,M,26,1,서울
U00363,F,20,0,기타
U00364,F,20,3,서울
U00365,F,35,0,기타
U00366,M,28,1,경기
U00367,F,36,0,서울
U00368,M,33,2,기타
U00369,M,36,2,기타
U00370,M,22,0,기타
U00371,M,28,0,경기
U00372,M,36,2,경기
U00373,M,22,1,경기
U00374,M,19,1,기타
U00375,M,36,1,경기
U00376,F,26,0,경기
U00377,M,26,0,기타
U00378,M,39,0,서울
U00379,F,26,2,경기
U00380,M,18,0,서울
U00381,F,19,0,서울
U00382,F,28,1,서울
U00383,M,30,0,서울
U00384,M,24,3,경기
U00385,F,34,1,경기
U00386,M,37,0,서울
U00387,F,20,1,서울
U00388,F,24,1,경기
U00389,M,37,0,서울
U00390,F,30,0,서울
U00391,F,21,2,경기
U00392,M,31,0,경기
U00393,M,34,1,경기
U00394,M,37,0,경기
U00395,M,21,0,기타
U00396,M,45,0,경기
U00397,M,29,1,기타
U00398,M,28,0,기타
U00399,M,36,1,서울
U00400,F,30,3,경기
U00401,M,31,1,기타
U00402,M,31,1,서울
U00403,M,27,1,경기
U00404,M,38,1,경기
U00405,F,34,2,경기
U00406,M,26,0,경기
U00407,F,32,0,서울
U00408,M,28,2,서울
U00409,M,33,0,기타
U00410,M,28,1,기타
U00411,F,34,1,경기
U00412,F,26,0,기타
U00413,F,31,1,서울
U00414,F,46,2,서울
U00415,F,33,1,경기
U00416,F,24,1,경기
U00417,M,33,0,기타
U00418,F,26,2,기타
U00419,F,32,0,경기
U00420,F,28,1,경기
U00421,M,27,1,기타
U00422,F,35,0,기타
U00423,M,28,0,경기
U00424,F,26,0,경기
U00425,M,29,0,기타
U00426,M,35,1,서울
U00427,F,26,2,기타
U00428,F,38,1,서울
U00429,F,27,0,서울
U00430,M,28,0,서울
U00431,F,41,1,서울
U00432,F,26,0,경기
U00433,M,38,1,서울
U00434,M,25,0,서울
U00435,M,28,2,경기
U00436,F,23,0,서울
U00437,F,31,1,기타
U00438,M,24,0,서울
U00439,M,36,0,서울
U00440,F,41,3,기타
U00441,F,20,3,경기
U00442,F,23,1,경기
U00443,M,24,0,서울
U00444,M,32,1,서울
U00445,M,31,0,경기
U00446,M,32,1,기타
U00447,F,31,0,기타
U00448,M,24,1,기타
U00449,F,29,0,서울
U00450,M,22,0,경기
U00451,F,32,0,경기
U00452,F,29,0,서울
U00453,M,33,0,경기
U00454,M,25,0,서울
U00455,M,30,1,기타
U00456,F,18,0,서울
U00457,F,25,1,경기
U00458,M,44,1,기타
U00459,F,24,1,기타
U00460,F,34,1,기타
U00461,M,26,0,경기
U00462,M,26,2,서울
U00463,M,32,0,서울
U00464,M,38,0,서울
U00465,F,20,2,경기
U00466,M,35,2,서울
U00467,F,38,2,기타
U00468,M,27,1,서울
U00469,M,24,1,경기
U00470,F,30,2,기타
U00471,F,29,1,기타
U00472,M,36,1,서울
U00473,M,32,0,기타
U00474,F,33,0,기타
U00475,M,30,1,기타
U00476,F,30,0,서울
U00477,M,40,0,서울
U00478,F,28,0,기타
U00479,F,24,2,경기
U00480,M,33,1,경기
U00481,M,26,0,경기
U00482,M,29,1,경기
U00483,F,31,1,서울
U00484,M,31,0,경기
U00485,M,41,1,서울
U00486,M,30,1,기타
U00487,M,31,2,기타
U00488,M,33,2,기타
U00489,F,25,0,서울
U00490,F,38,0,경기
U00491,F,21,0,기타
U00492,M,30,1,서울
U00493,F,23,3,기타
U00494,M,31,2,기타
U00495,F,30,1,경기
U00496,M,38,0,서울
U00497,F,32,0,경기
U00498,F,20,1,경기
U00499,M,40,0,기타
U00500,F,30,0,기타
U00501,M,37,2,기타
U00502,M,32,1,기타
U00503,M,30,0,기타
U00504,M,24,0,서울
U00505,M,39,1,서울
U00506,F,27,1,서울
U00507,F,29,0,기타
U00508,M,22,0,기타
U00509,M,22,0,기타
U00510,F,21,0,서울
U00511,F,41,1,서울
U00512,F,31,0,서울
U00513,M,25,1,경기
U00514,F,31,0,경기
U00515,F,28,2,경기
U00516,M,25,0,경기
U00517,F,20,3,경기
U00518,M,18,1,기타
U00519,F,23,0,기타
U00520,M,28,1,서울
U00521,F,32,1,기타
U00522,M,26,1,기타
U00523,M,32,1,서울
U00524,F,24,0,기타
U00525,F,25,2,경기
U00526,M,34,1,경기
U00527,F,27,0,서울
U00528,M,31,0,서울
U00529,M,34,2,경기
U00530,M,25,2,기타
U00531,F,26,0,경기
U00532,M,20,0,서울
U00533,F,24,0,기타
U00534,F,26,0,서울
U00535,M,32,1,서울
U00536,M,36,0,경기
U00537,F,27,3,기타
U00538,F,32,0,경기
U00539,F,24,1,경기
U00540,M,32,1,서울
U00541,F,29,0,서울
U00542,M,31,0,기타
U00543,F,24,0,기타
U00544,M,39,1,서울
U00545,M,21,0,경기
U00546,F,27,0,경기
U00547,M,30,0,경기
U00548,F,27,1,경기
U00549,F,36,0,기타
U00550,F,30,0,기타
U00551,F,18,2,기타
U00552,F,23,0,경기
U00553,F,29,0,서울
U00554,M,28,1,경기
U00555,F,31,1,기타
U00556,M,37,2,경기
U00557,M,38,1,경기
U00558,M,43,0,서울
U00559,F,30,1,기타
U00560,M,29,3,기타
U00561,M,33,2,서울
U00562,M,30,1,서울
U00563,M,35,0,서울
U00564,F,37,0,기타
U00565,F,36,1,경기
U00566,F,30,1,기타
U00567,M,23,0,서울
U00568,M,30,0,기타
U00569,F,34,0,기타
U00570,F,27,1,서울
U00571,M,31,0,기타
U00572,F,39,0,서울
U00573,M,35,1,기타
U00574,F,20,1,서울
U00575,M,25,1,서울
U00576,F,27,2,경기
U00577,M,43,0,서울
U00578,F,29,1,서울
U00579,F,21,0,기타
U00580,F,32,3,기타
U00581,M,29,1,서울
U00582,M,34,3,기타
U00583,F,34,0,기타
U00584,F,29,0,서울
U00585,M,31,1,경기
U00586,F,29,0,기타
U00587,M,29,3,기타
U00588,M,25,0,기타
U00589,M,30,0,서울
U00590,M,31,3,서울
U00591,F,28,1,서울
U00592,M,26,1,기타
U00593,M,32,2,서울
U00594,F,35,1,기타
U00595,M,27,0,서울
U00596,M,35,0,경기
U00597,M,37,1,기타
U00598,M,40,1,경기
U00599,M,29,0,기타
U00600,M,30,2,서울
U00601,F,43,0,기타
U00602,F,26,0,기타
U00603,F,30,1,기타
U00604,F,43,1,경기
U00605,M,33,2,경기
U00606,F,27,1,경기
U00607,M,30,3,기타
U00608,M,35,0,기타
U00609,M,33,0,경기
U00610,F,34,2,기타
U00611,M,32,2,경기
U00612,M,31,0,경기
U00613,F,40,2,서울
U00614,M,33,3,서울
U00615,M,26,1,기타
U00616,M,25,0,경기
U00617,F,32,2,경기
U00618,M,30,1,서울
U00619,F,35,2,기타
U00620,M,20,1,기타
U00621,F,21,0,경기
U00622,M,24,3,기타
U00623,M,31,0,경기
U00624,F,35,0,경기
U00625,F,23,0,경기
U00626,F,26,1,기타
U00627,M,32,0,경기
U00628,F,22,0,서울
U00629,M,32,1,경기
U00630,F,21,0,서울
U00631,M,37,0,서울
U00632,M,33,1,서울
U00633,F,28,1,경기
U00634,M,26,0,기타
U00635,F,33,0,서울
U00636,F,26,2,경기
U00637,F,23,2,기타
U00638,M,39,0,서울
U00639,M,31,3,서울
U00640,M,19,1,기타
U00641,M,36,0,경기
U00642,F,32,3,서울
U00643,M,36,1,기타
U00644,M,23,1,경기
U00645,F,30,0,서울
U00646,M,36,0,기타
U00647,M,40,2,서울
U00648,F,29,0,기타
U00649,M,22,0,기타
U00650,F,28,2,기타
U00651,M,28,0,경기
U00652,F,29,1,기타
U00653,F,29,0,서울
U00654,M,32,0,경기
U00655,F,29,1,서울
U00656,F,26,0,경기
U00657,F,29,0,경기
U00658,F,25,2,서울
U00659,F,34,1,경기
U00660,M,34,3,경기
U00661,M,18,0,기타
U00662,M,33,0,서울
U00663,M,32,0,서울
U00664,M,24,0,서울
U00665,F,36,2,경기
U00666,M,22,0,서울
U00667,M,42,0,기타
U00668,M,23,1,서울
U00669,M,20,3,서울
U00670,M,34,1,서울
U00671,F,45,2,서울
U00672,F,29,2,기타
U00673,M,28,0,서울
U00674,M,25,0,기타
U00675,M,29,2,기타
U00676,M,25,1,기타
U00677,M,24,0,서울
U00678,M,36,0,경기
U00679,M,42,0,기타
U00680,M,38,0,서울
U00681,M,18,0,기타
U00682,M,31,1,기타
U00683,M,28,0,경기
U00684,M,28,3,기타
U00685,F,27,0,기타
U00686,M,37,2,기타
U00687,M,31,0,기타
U00688,F,28,0,경기
U00689,F,34,1,기타
U00690,M,39,0,경기
U00691,M,34,3,기타
U00692,M,24,0,경기
U00693,M,27,1,기타
U00694,M,26,1,기타
U00695,F,23,1,서울
U00696,M,32,1,경기
U00697,M,26,0,서울
U00698,F,27,0,기타
U00699,F,28,1,서울
U00700,M,37,0,기타
U00701,F,24,1,기타
U00702,M,24,1,경기
U00703,F,25,0,서울
U00704,F,28,1,서울
U00705,F,25,3,경기
U00706,F,34,0,경기
U00707,F,27,0,서울
U00708,M,39,0,서울
U00709,F,29,0,기타
U00710,M,24,1,서울
U00711,M,23,0,서울
U00712,F,20,1,서울
U00713,F,30,0,서울
U00714,F,25,0,경기
U00715,M,36,0,서울
U00716,F,28,1,경기
U00717,M,37,0,기타
U00718,F,32,1,서울
U00719,M,33,3,경기
U00720,M,27,1,서울
U00721,F,30,2,기타
U00722,M,18,0,경기
U00723,F,26,0,서울
U00724,M,35,3,경기
U00725,M,28,0,기타
U00726,M,29,0,기타
U00727,F,27,0,기타
U00728,F,34,2,서울
U00729,F,24,0,기타
U00730,F,32,2,서울
U00731,F,31,0,경기
U00732,M,32,3,경기
U00733,F,27,1,경기
U00734,F,26,1,경기
U00735,M,21,1,기타
U00736,M,33,3,기타
U00737,F,33,0,경기
U00738,M,21,1,서울
U00739,F,32,2,기타
U00740,F,25,2,기타
U00741,M,32,3,서울
U00742,F,29,0,서울
U00743,M,36,0,서울
U00744,F,29,2,기타
U00745,F,33,0,서울
U00746,F,35,1,기타
U00747,F,18,1,경기
U00748,M,35,0,서울
U00749,M,22,0,기타
U00750,M,34,0,기타
U00751,F,29,0,경기
U00752,F,31,2,서울
U00753,F,37,0,기타
U00754,M,26,0,서울
U00755,M,28,0,경기
U00756,F,27,0,경기
U00757,F,22,1,경기
U00758,F,23,0,기타
U00759,F,18,0,기타
U00760,M,31,0,서울
U00761,M,27,0,기타
U00762,F,34,0,경기
U00763,F,32,0,서울
U00764,F,30,1,서울
U00765,M,34,1,서울
U00766,M,26,0,기타
U00767,F,19,0,서울
U00768,F,28,2,경기
U00769,M,32,0,기타
U00770,M,32,2,기타
U00771,M,28,0,경기
U00772,M,30,2,기타
U00773,M,26,0,경기
U00774,M,33,0,경기
U00775,M,24,0,기타
U00776,F,33,1,서울
U00777,F,24,1,서울
U00778,F,37,2,기타
U00779,M,32,0,서울
U00780,M,25,0,서울
U00781,F,28,0,경기
U00782,F,38,2,서울
U00783,M,32,0,기타
U00784,M,19,0,기타
U00785,M,31,3,경기
U00786,M,27,0,서울
U00787,M,30,1,서울
U00788,F,49,0,기타
U00789,F,33,0,서울
U00790,F,28,1,기타
U00791,M,24,1,서울
U00792,F,31,1,기타
U00793,M,39,0,경기
U00794,F,24,1,서울
U00795,M,27,0,기타
U00796,M,35,2,기타
U00797,F,35,0,서울
U00798,M,40,0,기타
U00799,F,28,1,서울
U00800,F,24,0,서울
U00801,M,38,2,서울
U00802,M,31,0,기타
U00803,F,25,1,서울
U00804,M,42,1,경기
U00805,F,32,2,기타
U00806,M,33,2,서울
U00807,F,39,0,경기
U00808,F,32,1,기타
U00809,M,22,0,기타
U00810,M,35,0,서울
U00811,F,27,0,서울
U00812,F,20,2,서울
U00813,F,36,0,서울
U00814,M,22,0,서울
U00815,M,33,0,서울
U00816,F,30,1,서울
U00817,F,35,0,경기
U00818,F,37,0,경기
U00819,F,32,1,서울
U00820,M,19,1,서울
U00821,F,23,2,서울
U00822,F,40,1,기타
U00823,F,40,0,경기
U00824,F,22,1,기타
U00825,F,39,1,경기
U00826,F,30,0,기타
U00827,F,32,0,경기
U00828,M,30,0,경기
U00829,F,33,0,서울
U00830,M,35,1,기타
U00831,M,24,2,기타
U00832,F,38,2,서울
U00833,F,27,0,서울
U00834,F,26,0,기타
U00835,F,36,0,서울
U00836,M,23,3,서울
U00837,M,36,0,서울
U00838,F,22,1,경기
U00839,M,24,1,경기
U00840,M,28,2,서울
U00841,F,34,3,기타
U00842,M,18,0,서울
U00843,M,30,2,기타
U00844,M,26,2,기타
U00845,F,28,0,서울
U00846,M,24,1,기타
U00847,F,28,0,경기
U00848,F,34,1,서울
U00849,F,36,2,경기
U00850,M,33,0,경기
U00851,F,28,1,서울
U00852,F,26,0,서울
U00853,M,18,0,경기
U00854,M,36,1,경기
U00855,M,26,1,경기
U00856,M,50,0,경기
U00857,F,28,0,경기
U00858,F,26,1,서울
U00859,F,30,1,기타
U00860,M,26,1,경기
U00861,M,40,1,서울
U00862,M,34,1,기타
U00863,M,29,0,서울
U00864,M,23,0,경기
U00865,F,35,1,서울
U00866,F,35,1,기타
U00867,F,33,0,경기
U00868,M,40,3,기타
U00869,F,33,0,서울
U00870,F,24,0,기타
U00871,M,29,0,기타
U00872,M,29,3,기타
U00873,M,33,2,서울
U00874,M,32,0,기타
U00875,M,25,0,기타
U00876,M,39,0,서울
U00877,M,38,1,서울
U00878,M,23,1,경기
U00879,M,44,0,기타
U00880,M,25,0,기타
U00881,M,33,0,서울
U00882,M,38,0,서울
U00883,M,34,2,기타
U00884,M,31,0,경기
U00885,F,27,0,기타
U00886,M,31,0,서울
U00887,M,26,0,경기
U00888,M,22,0,경기
U00889,F,34,1,서울
U00890,M,32,2,서울
U00891,F,36,1,기타
U00892,M,33,2,기타
U00893,F,29,0,서울
U00894,M,40,1,기타
U00895,M,28,1,서울
U00896,F,31,1,경기
U00897,M,22,0,서울
U00898,F,33,0,경기
U00899,F,35,0,서울
U00900,M,31,0,경기
U00901,M,39,1,경기
U00902,F,33,2,경기
U00903,M,33,0,기타
U00904,M,20,1,서울
U00905,F,28,1,경기
U00906,M,32,3,기타
U00907,F,25,1,서울
U00908,F,33,1,서울
U00909,M,26,0,서울
U00910,F,32,0,서울
U00911,F,30,0,기타
U00912,M,43,0,서울
U00913,F,32,0,기타
U00914,M,24,0,서울
U00915,F,29,3,기타
U00916,F,30,0,경기
U00917,M,27,0,기타
U00918,F,35,0,기타
U00919,F,24,1,기타
U00920,F,22,1,기타
U00921,M,25,1,경기
U00922,F,25,1,서울
U00923,F,41,0,기타
U00924,F,32,0,경기
U00925,M,36,1,경기
U00926,M,31,0,경기
U00927,M,39,0,서울
U00928,M,30,1,서울
U00929,M,26,1,서울
U00930,F,38,0,기타
U00931,F,26,0,기타
U00932,F,37,2,기타
U00933,M,35,1,기타
U00934,M,36,1,기타
U00935,F,39,0,기타
U00936,F,29,0,경기
U00937,M,29,0,경기
U00938,M,30,1,기타
U00939,M,21,1,경기
U00940,M,32,1,서울
U00941,F,22,3,기타
U00942,F,34,0,서울
U00943,M,27,3,서울
U00944,F,22,0,경기
U00945,M,32,1,서울
U00946,M,31,0,서울
U00947,F,31,0,서울
U00948,M,22,1,경기
U00949,M,25,0,경기
U00950,M,27,2,기타
U00951,F,29,0,경기
U00952,F,37,0,서울
U00953,M,30,1,기타
U00954,F,26,0,기타
U00955,M,28,0,기타
U00956,M,39,1,서울
U00957,M,25,3,서울
U00958,F,28,2,서울
U00959,M,28,2,서울
U00960,M,35,0,기타
U00961,F,26,0,기타
U00962,F,35,0,서울
U00963,M,32,1,경기
U00964,F,31,0,서울
U00965,M,37,2,기타
U00966,F,40,1,서울
U00967,F,30,2,경기
U00968,M,34,0,경기
U00969,M,34,1,서울
U00970,M,20,0,서울
U00971,M,26,1,경기
U00972,F,23,1,경기
U00973,M,34,0,기타
U00974,M,32,0,기타
U00975,M,28,3,기타
U00976,M,30,1,서울
U00977,M,21,2,서울
U00978,M,23,0,경기
U00979,F,25,0,경기
U00980,F,28,1,기타
U00981,F,31,0,기타
U00982,M,31,0,경기
U00983,F,25,0,서울
U00984,M,34,3,서울
U00985,M,32,0,경기
U00986,F,21,0,서울
U00987,M,35,1,경기
U00988,F,21,0,기타
U00989,F,48,3,기타
U00990,F,26,0,기타
U00991,F,21,0,경기
U00992,F,30,1,기타
U00993,M,31,0,서울
U00994,F,25,1,서울
U00995,F,25,0,경기
U00996,M,36,1,서울
U00997,M,21,1,서울
U00998,F,31,2,기타
U00999,M,30,2,서울
U01000,M,34,2,서울
U01001,M,18,1,경기
U01002,F,22,1,경기
U01003,M,34,0,기타
U01004,F,33,0,서울
U01005,M,30,3,서울
U01006,M,21,0,기타
U01007,M,31,1,경기
U01008,M,38,0,경기
U01009,M,31,0,경기
U01010,F,35,2,경기
U01011,M,31,0,서울
U01012,F,27,0,경기
U01013,M,25,0,기타
U01014,M,34,1,경기
U01015,M,28,1,서울
U01016,M,31,1,기타
U01017,M,29,1,기타
U01018,M,31,0,서울
U01019,M,33,2,서울
U01020,F,32,0,기타
U01021,F,25,0,기타
U01022,F,27,1,서울
U01023,F,24,0,경기
U01024,M,37,0,서울
U01025,M,29,0,서울
U01026,M,33,0,경기
U01027,M,32,0,서울
U01028,M,40,0,기타
U01029,M,23,1,경기
U01030,M,35,1,서울
U01031,M,35,0,경기
U01032,F,25,0,기타
U01033,F,40,2,서울
U01034,F,36,0,서울
U01035,F,39,1,서울
U01036,M,28,1,경기
U01037,M,32,2,경기
U01038,F,28,1,기타
U01039,M,37,2,경기
U01040,M,25,0,경기
U01041,M,26,0,경기
U01042,F,31,0,기타
U01043,M,28,0,서울
U01044,M,25,2,서울
U01045,F,27,1,기타
U01046,F,40,0,경기
U01047,M,36,2,경기
U01048,M,31,2,서울
U01049,M,28,0,서울
U01050,F,26,1,서울
U01051,M,32,1,경기
U01052,F,39,0,기타
U01053,M,24,1,경기
U01054,M,26,1,기타
U01055,M,44,2,서울
U01056,M,19,2,기타
U01057,F,35,2,기타
U01058,F,37,0,경기
U01059,F,30,1,경기
U01060,M,31,0,기타
U01061,F,29,1,경기
U01062,F,28,0,서울
U01063,M,35,0,기타
U01064,F,39,0,경기
U01065,F,22,3,서울
U01066,F,29,0,기타
U01067,M,23,0,서울
U01068,F,31,1,경기
U01069,M,21,1,경기
U01070,F,29,0,기타
U01071,M,30,1,경기
U01072,M,35,3,경기
U01073,F,26,2,경기
U01074,F,30,1,경기
U01075,M,28,2,기타
U01076,F,29,1,경기
U01077,F,25,0,기타
U01078,F,35,0,서울
U01079,M,27,0,경기
U01080,F,23,0,기타
U01081,F,28,1,기타
U01082,M,24,1,서울
U01083,M,34,1,서울
U01084,F,28,0,경기
U01085,M,30,1,서울
U01086,M,22,2,서울
U01087,M,38,0,서울
U01088,M,32,0,경기
U01089,M,40,0,경기
U01090,M,29,0,기타
U01091,F,24,0,경기
U01092,M,22,0,서울
U01093,F,30,0,기타
U01094,M,26,2,서울
U01095,M,29,2,서울
U01096,M,30,0,기타
U01097,M,27,1,기타
U01098,M,24,3,서울
U01099,F,25,0,서울
U01100,M,35,0,경기
U01101,F,36,2,경기
U01102,F,32,0,기타
U01103,F,29,0,서울
U01104,M,28,0,서울
U01105,M,31,0,서울
U01106,M,30,2,서울
U01107,F,26,0,서울
U01108,F,31,0,서울
U01109,M,34,2,서울
U01110,M,25,2,기타
U01111,F,32,1,기타
U01112,M,33,2,경기
U01113,M,28,3,경기
U01114,F,36,1,서울
U01115,M,21,0,경기
U01116,F,25,0,경기
U01117,F,31,0,서울
U01118,F,18,1,서울
U01119,M,24,0,경기
U01120,F,22,1,서울
U01121,M,28,3,서울
U01122,F,22,0,서울
U01123,F,23,2,서울
U01124,F,32,0,경기
U01125,M,35,0,서울
U01126,F,26,0,서울
U01127,F,29,0,기타
U01128,M,21,2,경기
U01129,F,28,1,경기
U01130,M,18,0,기타
U01131,F,29,2,경기
U01132,M,29,1,기타
U01133,F,39,2,기타
U01134,M,21,1,경기
U01135,F,26,2,경기
U01136,M,29,0,서울
U01137,F,33,0,서울
U01138,F,33,2,경기
U01139,M,22,0,서울
U01140,M,18,2,서울
U01141,M,30,0,경기
U01142,M,34,1,기타
U01143,F,19,1,기타
U01144,M,44,1,경기
U01145,M,27,0,경기
U01146,F,30,0,경기
U01147,F,34,0,기타
U01148,F,33,0,기타
U01149,F,30,0,기타
U01150,F,31,1,기타
U01151,F,42,0,서울
U01152,M,33,0,기타
U01153,F,29,0,서울
U01154,F,24,0,기타
U01155,F,45,0,서울
U01156,M,28,2,경기
U01157,M,30,0,경기
U01158,F,37,0,기타
U01159,M,18,0,경기
U01160,F,35,1,기타
U01161,M,25,1,경기
U01162,M,32,0,기타
U01163,F,33,2,서울
U01164,M,31,0,서울
U01165,M,31,0,기타
U01166,F,27,0,기타
U01167,F,27,1,기타
U01168,M,35,2,서울
U01169,M,25,0,서울
U01170,M,30,1,서울
U01171,M,38,0,경기
U01172,M,40,2,서울
U01173,M,29,1,서울
U01174,F,25,0,기타
U01175,M,29,0,기타
U01176,F,25,1,기타
U01177,M,30,3,경기
U01178,F,35,0,서울
U01179,F,41,0,기타
U01180,M,36,1,경기
U01181,M,19,0,경기
U01182,F,33,0,경기
U01183,F,31,0,서울
U01184,F,24,0,서울
U01185,F,35,0,서울
U01186,M,31,0,서울
U01187,M,36,1,서울
U01188,M,29,0,기타
U01189,M,36,1,경기
U01190,F,34,0,서울
U01191,M,28,1,기타
U01192,F,25,0,서울
U01193,M,30,1,서울
U01194,M,29,0,서울
U01195,F,38,2,경기
U01196,M,32,1,서울
U01197,M,35,0,기타
U01198,F,36,0,경기
U01199,M,21,0,기타
U01200,F,20,0,서울
U01201,M,21,1,서울
U01202,F,33,1,서울
U01203,M,30,2,서울
U01204,M,34,0,기타
U01205,M,27,1,경기
U01206,M,23,0,서울
U01207,F,30,1,서울
U01208,M,29,2,기타
U01209,M,30,0,서울
U01210,M,34,0,경기
U01211,F,31,0,기타
U01212,M,34,0,서울
U01213,M,31,0,기타
U01214,F,23,2,서울
U01215,M,35,0,서울
U01216,M,39,1,서울
U01217,F,36,1,서울
U01218,F,32,0,경기
U01219,M,29,3,경기
U01220,M,31,1,서울
U01221,F,26,1,서울
U01222,M,37,1,기타
U01223,M,33,0,경기
U01224,M,34,3,경기
U01225,M,39,0,서울
U01226,M,26,0,기타
U01227,M,31,1,서울
U01228,F,37,0,서울
U01229,M,22,0,경기
U01230,M,34,0,기타
U01231,F,39,0,기타
U01232,M,22,0,기타
U01233,M,28,0,기타
U01234,M,30,0,경기
U01235,M,34,1,경기
U01236,M,27,2,서울
U01237,M,35,2,경기
U01238,M,23,1,서울
U01239,M,39,2,서울
U01240,M,26,0,서울
U01241,F,35,1,서울
U01242,F,27,0,서울
U01243,M,32,0,기타
U01244,F,34,1,서울
U01245,M,28,0,경기
U01246,F,27,0,경기
U01247,F,46,0,경기
U01248,F,30,0,기타
U01249,F,20,1,서울
U01250,F,29,0,기타
U01251,F,41,0,경기
U01252,M,28,0,기타
U01253,M,18,1,경기
U01254,F,36,0,서울
U01255,M,31,0,기타
U01256,F,32,1,경기
U01257,M,33,3,서울
U01258,F,31,0,기타
U01259,F,36,1,경기
U01260,M,35,0,경기
U01261,M,30,0,기타
U01262,F,26,1,경기
U01263,M,29,0,서울
U01264,F,19,1,기타
U01265,F,33,1,경기
U01266,F,29,1,기타
U01267,F,26,1,서울
U01268,M,23,0,서울
U01269,M,36,0,기타
U01270,M,30,0,서울
U01271,M,33,0,경기
U01272,M,22,1,서울
U01273,M,26,0,경기
U01274,M,29,0,경기
U01275,M,41,2,서울
U01276,M,39,1,기타
U01277,F,38,1,기타
U01278,M,25,2,서울
U01279,M,28,0,기타
U01280,M,20,0,기타
U01281,M,29,2,서울
U01282,M,23,1,서울
U01283,M,34,1,서울
U01284,M,24,1,기타
U01285,F,22,1,서울
U01286,M,42,1,서울
U01287,F,35,0,서울
U01288,F,23,3,경기
U01289,M,28,1,경기
U01290,F,25,0,경기
U01291,M,34,0,기타
U01292,M,32,2,기타
U01293,M,31,2,서울
U01294,M,37,2,경기
U01295,M,20,1,서울
U01296,F,30,1,서울
U01297,M,36,1,서울
U01298,M,37,0,서울
U01299,M,30,1,기타
U01300,F,29,0,기타
U01301,F,24,0,경기
U01302,F,25,1,서울
U01303,M,31,1,경기
U01304,F,18,2,기타
U01305,M,41,3,기타
U01306,M,22,0,서울
U01307,M,33,0,경기
U01308,F,30,3,서울
U01309,F,28,0,서울
U01310,M,23,0,경기
U01311,M,22,0,서울
U01312,M,34,0,기타
U01313,M,40,0,기타
U01314,M,29,0,경기
U01315,M,27,3,경기
U01316,M,29,0,경기
U01317,M,42,3,기타
U01318,M,31,0,서울
U01319,M,42,0,서울
U01320,M,27,3,경기
U01321,F,29,1,서울
U01322,M,26,0,경기
U01323,F,48,0,서울
U01324,M,30,0,경기
U01325,F,27,0,서울
U01326,F,24,0,서울
U01327,M,23,1,경기
U01328,M,29,1,경기
U01329,F,30,0,서울
U01330,F,30,0,서울
U01331,M,31,0,기타
U01332,M,33,0,경기
U01333,F,40,1,기타
U01334,M,18,1,서울
U01335,M,29,2,경기
U01336,M,26,1,기타
U01337,M,22,1,서울
U01338,M,33,0,서울
U01339,M,36,0,기타
U01340,F,28,0,경기
U01341,M,37,3,경기
U01342,M,32,0,기타
U01343,F,32,1,기타
U01344,M,24,0,기타
U01345,M,38,0,기타
U01346,F,28,0,경기
U01347,M,33,2,경기
U01348,M,32,0,기타
U01349,F,37,1,서울
U01350,M,28,1,경기
U01351,M,23,1,경기
U01352,M,25,0,경기
U01353,M,40,2,기타
U01354,M,28,0,경기
U01355,F,26,1,서울
U01356,F,37,0,서울
U01357,M,42,0,경기
U01358,M,43,0,서울
U01359,F,28,0,서울
U01360,F,36,0,기타
U01361,M,28,0,기타
U01362,M,32,1,서울
U01363,F,35,2,서울
U01364,M,32,0,경기
U01365,M,32,2,기타
U01366,F,18,2,기타
U01367,M,35,0,경기
U01368,M,23,0,경기
U01369,F,33,0,서울
U01370,M,24,3,서울
U01371,F,35,0,서울
U01372,F,33,2,기타
U01373,M,34,0,경기
U01374,M,32,0,경기
U01375,M,22,0,서울
U01376,M,41,2,서울
U01377,M,31,1,경기
U01378,F,29,0,경기
U01379,M,33,2,서울
U01380,M,25,0,기타
U01381,F,42,2,경기
U01382,M,26,0,서울
U01383,M,30,0,서울
U01384,M,21,3,경기
U01385,M,38,1,기타
U01386,M,27,0,서울
U01387,M,26,0,경기
U01388,M,32,0,기타
U01389,F,23,1,서울
U01390,F,42,0,기타
U01391,M,29,0,기타
U01392,M,33,0,경기
U01393,F,27,0,서울
U01394,M,29,2,경기
U01395,M,35,0,서울
U01396,M,22,1,경기
U01397,M,31,1,경기
U01398,M,35,0,경기
U01399,M,18,0,경기
U01400,M,29,2,서울
U01401,F,35,0,서울
U01402,F,27,1,경기
U01403,F,31,0,서울
U01404,M,33,2,경기
U01405,M,28,0,서울
U01406,F,30,1,기타
U01407,F,31,1,경기
U01408,M,24,0,서울
U01409,M,27,0,기타
U01410,F,33,1,서울
U01411,F,37,0,기타
U01412,F,36,1,서울
U01413,M,35,1,경기
U01414,M,31,1,기타
U01415,M,38,0,기타
U01416,M,28,1,기타
U01417,F,27,3,경기
U01418,M,26,0,기타
U01419,M,38,0,기타
U01420,M,36,0,기타
U01421,F,32,0,경기
U01422,F,32,0,경기
U01423,M,40,2,경기
U01424,M,24,0,서울
U01425,F,31,0,기타
U01426,M,27,1,기타
U01427,F,30,1,서울
U01428,F,26,1,기타
U01429,F,24,0,서울
U01430,M,30,0,서울
U01431,M,39,1,기타
U01432,M,25,0,기타
U01433,F,37,0,경기
U01434,M,24,0,기타
U01435,M,24,1,경기
U01436,M,30,1,경기
U01437,F,34,2,경기
U01438,F,25,0,경기
U01439,M,18,1,경기
U01440,M,23,1,기타
U01441,M,26,1,서울
U01442,M,28,0,경기
U01443,F,31,0,기타
U01444,M,31,1,기타
U01445,M,37,1,서울
U01446,F,28,0,기타
U01447,M,42,0,기타
U01448,F,26,2,기타
U01449,F,31,2,서울
U01450,M,33,0,서울
U01451,F,31,0,경기
U01452,F,29,2,서울
U01453,M,43,0,기타
U01454,M,32,0,서울
U01455,M,19,0,경기
U01456,M,36,0,기타
U01457,F,28,0,서울
U01458,F,31,0,경기
U01459,M,36,3,경기
U01460,M,30,2,경기
U01461,M,31,3,서울
U01462,M,31,1,경기
U01463,F,21,3,서울
U01464,F,29,1,기타
U01465,M,25,0,경기
U01466,M,29,0,기타
U01467,M,33,0,서울
U01468,M,38,1,경기
U01469,M,20,2,서울
U01470,F,28,0,기타
U01471,F,35,0,서울
U01472,F,39,3,기타
U01473,F,18,2,경기
U01474,F,33,0,경기
U01475,M,18,1,서울
U01476,M,33,0,서울
U01477,F,32,0,서울
U01478,M,31,1,경기
U01479,M,40,2,서울
U01480,M,33,0,기타
U01481,M,30,0,서울
U01482,F,34,0,기타
U01483,M,47,1,서울
U01484,M,27,1,경기
U01485,F,24,0,서울
U01486,M,37,2,서울
U01487,F,29,1,경기
U01488,M,28,0,경기
U01489,F,34,1,경기
U01490,F,21,0,기타
U01491,F,23,0,서울
U01492,F,23,3,경기
U01493,M,23,0,서울
U01494,M,35,1,서울
U01495,F,37,0,기타
U01496,M,33,3,경기
U01497,M,40,1,서울
U01498,M,18,0,서울
U01499,M,31,1,서울
U01500,M,23,1,서울
U01501,F,35,1,서울
U01502,F,33,1,서울
U01503,M,32,0,경기
U01504,M,24,2,경기
U01505,M,30,0,경기
U01506,F,33,1,경기
U01507,F,44,0,서울
U01508,F,41,2,기타
U01509,M,18,1,경기
U01510,M,34,1,경기
U01511,F,25,0,서울
U01512,F,39,2,서울
U01513,F,21,0,서울
U01514,M,35,1,서울
U01515,F,30,0,기타
U01516,M,33,2,경기
U01517,F,26,1,기타
U01518,M,37,0,서울
U01519,F,24,1,기타
U01520,F,33,1,서울
U01521,M,30,3,서울
U01522,M,25,0,서울
U01523,F,29,0,서울
U01524,F,40,1,경기
U01525,M,33,0,기타
U01526,M,31,1,경기
U01527,F,38,1,서울
U01528,F,19,0,서울
U01529,M,22,0,경기
U01530,M,36,1,서울
U01531,M,29,0,서울
U01532,F,36,0,서울
U01533,F,26,3,서울
U01534,F,29,1,기타
U01535,M,22,2,기타
U01536,M,29,0,기타
U01537,M,26,1,서울
U01538,M,29,0,서울
U01539,F,44,0,서울
U01540,F,26,3,서울
U01541,F,42,0,기타
U01542,M,31,2,기타
U01543,F,35,0,기타
U01544,F,22,0,기타
U01545,F,28,0,경기
U01546,F,37,0,서울
U01547,F,35,0,기타
U01548,M,22,1,경기
U01549,M,33,0,서울
U01550,F,19,0,기타
U01551,M,26,0,기타
U01552,M,34,2,서울
U01553,M,29,1,기타
U01554,F,44,1,서울
U01555,F,39,2,서울
U01556,M,29,1,기타
U01557,M,26,0,서울
U01558,F,33,0,기타
U01559,F,24,0,경기
U01560,M,38,0,경기
U01561,F,30,0,기타
U01562,F,37,0,기타
U01563,M,29,1,경기
U01564,M,41,0,서울
U01565,M,39,1,기타
U01566,F,28,0,서울
U01567,M,34,1,경기
U01568,M,32,3,서울
U01569,F,29,0,서울
U01570,F,32,0,서울
U01571,F,35,2,경기
U01572,F,37,0,경기
U01573,F,31,1,서울
U01574,F,45,0,서울
U01575,M,24,0,서울
U01576,F,25,1,기타
U01577,F,30,0,경기
U01578,M,24,1,경기
U01579,M,31,1,경기
U01580,F,18,2,기타
U01581,F,25,1,경기
U01582,M,27,0,기타
U01583,M,22,0,경기
U01584,M,30,0,기타
U01585,F,44,1,서울
U01586,M,34,0,서울
U01587,F,27,1,서울
U01588,F,23,1,경기
U01589,F,29,0,서울
U01590,M,32,1,기타
U01591,F,23,2,경기
U01592,F,34,0,서울
U01593,F,30,2,기타
U01594,F,34,0,경기
U01595,F,28,2,경기
U01596,F,30,0,경기
U01597,M,33,0,서울
U01598,F,18,0,경기
U01599,F,28,2,서울
U01600,F,25,1,기타
U01601,F,21,2,경기
U01602,F,34,1,기타
U01603,M,31,2,경기
U01604,M,22,0,경기
U01605,M,33,3,기타
U01606,F,23,2,서울
U01607,F,30,0,경기
U01608,M,27,1,경기
U01609,F,26,0,기타
U01610,M,20,0,경기
U01611,M,20,2,서울
U01612,M,31,0,경기
U01613,F,41,2,서울
U01614,F,31,0,기타
U01615,F,22,0,서울
U01616,F,22,0,경기
U01617,M,37,1,경기
U01618,F,27,0,기타
U01619,M,27,1,서울
U01620,M,35,2,서울
U01621,M,34,0,기타
U01622,F,21,0,기타
U01623,F,28,0,기타
U01624,M,33,2,서울
U01625,F,48,0,기타
U01626,M,37,2,서울
U01627,F,39,1,경기
U01628,M,30,0,서울
U01629,M,30,1,경기
U01630,M,25,0,기타
U01631,M,35,3,경기
U01632,F,28,0,기타
U01633,M,22,0,기타
U01634,F,20,2,경기
U01635,M,36,0,서울
U01636,F,26,0,서울
U01637,F,19,0,서울
U01638,M,30,1,서울
U01639,F,25,0,서울
U01640,F,40,0,서울
U01641,F,30,1,경기
U01642,F,34,2,서울
U01643,M,35,1,기타
U01644,F,30,1,기타
U01645,M,31,1,경기
U01646,F,23,2,기타
U01647,F,32,2,서울
U01648,M,25,1,기타
U01649,F,18,0,경기
U01650,F,39,2,경기
U01651,M,31,0,서울
U01652,F,31,1,서울
U01653,M,40,0,서울
U01654,M,24,0,서울
U01655,M,25,0,기타
U01656,F,35,2,기타
U01657,F,37,1,서울
U01658,M,36,3,서울
U01659,M,41,0,서울
U01660,M,38,2,기타
U01661,M,24,1,기타
U01662,F,24,0,서울
U01663,M,18,2,기타
U01664,F,34,2,기타
U01665,F,33,0,기타
U01666,F,34,0,경기
U01667,F,38,0,경기
U01668,F,30,0,서울
U01669,F,32,0,경기
U01670,F,34,2,서울
U01671,M,27,0,서울
U01672,F,27,1,서울
U01673,F,33,0,기타
U01674,F,30,1,기타
U01675,M,31,1,기타
U01676,F,28,0,기타
U01677,M,22,1,서울
U01678,M,27,0,경기
U01679,M,26,0,경기
U01680,M,18,3,서울
U01681,F,36,0,기타
U01682,M,33,0,기타
U01683,M,29,0,기타
U01684,M,27,0,서울
U01685,F,32,1,경기
U01686,M,29,1,기타
U01687,M,25,1,경기
U01688,M,21,0,경기
U01689,F,29,0,경기
U01690,F,28,0,경기
U01691,F,27,0,경기
U01692,M,38,1,기타
U01693,F,32,1,경기
U01694,M,22,2,서울
U01695,F,41,0,기타
U01696,M,25,2,서울
U01697,F,31,0,기타
U01698,M,24,1,기타
U01699,M,29,2,기타
U01700,M,38,2,서울
U01701,F,34,0,서울
U01702,F,22,0,서울
U01703,M,24,1,기타
U01704,M,39,1,기타
U01705,F,32,2,기타
U01706,F,28,0,경기
U01707,M,37,0,기타
U01708,M,41,3,서울
U01709,M,38,2,기타
U01710,F,29,2,경기
U01711,M,27,1,서울
U01712,M,26,0,서울
U01713,M,34,0,기타
U01714,F,32,1,서울
U01715,M,37,0,기타
U01716,F,27,1,서울
U01717,M,31,1,서울
U01718,M,33,0,서울
U01719,F,39,2,서울
U01720,M,21,1,서울
U01721,M,40,0,기타
U01722,M,32,2,기타
U01723,M,25,0,서울
U01724,F,19,0,경기
U01725,F,21,0,경기
U01726,M,19,1,기타
U01727,F,35,1,서울
U01728,F,30,0,기타
U01729,M,29,1,서울
U01730,M,18,1,기타
U01731,M,36,0,기타
U01732,F,24,0,기타
U01733,M,42,0,경기
U01734,F,32,2,기타
U01735,M,40,0,서울
U01736,F,25,0,서울
U01737,F,20,0,기타
U01738,F,22,1,서울
U01739,M,39,0,서울
U01740,F,33,0,경기
U01741,M,28,0,서울
U01742,F,22,0,경기
U01743,F,34,1,서울
U01744,M,23,0,서울
U01745,M,21,0,서울
U01746,M,18,0,서울
U01747,F,29,3,기타
U01748,F,22,0,기타
U01749,M,34,3,기타
U01750,M,33,1,서울
U01751,M,32,0,경기
U01752,M,38,1,경기
U01753,F,30,1,경기
U01754,F,29,0,기타
U01755,M,26,0,기타
U01756,M,30,0,기타
U01757,F,33,0,서울
U01758,M,30,0,서울
U01759,F,34,1,경기
U01760,F,22,1,경기
U01761,M,29,1,경기
U01762,M,29,3,서울
U01763,M,35,1,기타
U01764,F,35,0,서울
U01765,M,25,3,기타
U01766,M,19,0,경기
U01767,M,25,1,서울
U01768,F,36,1,경기
U01769,M,36,0,서울
U01770,M,34,0,경기
U01771,M,37,1,기타
U01772,M,37,0,서울
U01773,M,22,0,서울
U01774,F,26,2,서울
U01775,M,31,0,서울
U01776,F,27,0,경기
U01777,F,32,1,기타
U01778,M,26,1,기타
U01779,M,23,1,기타
U01780,M,34,1,경기
U01781,F,28,0,경기
U01782,M,36,1,기타
U01783,M,23,2,기타
U01784,M,30,0,서울
U01785,F,27,0,기타
U01786,F,33,1,경기
U01787,M,31,2,서울
U01788,M,34,0,기타
U01789,M,23,2,서울
U01790,M,27,2,경기
U01791,M,29,1,서울
U01792,F,23,3,경기
U01793,M,27,0,기타
U01794,M,28,1,경기
U01795,M,28,0,경기
U01796,M,34,0,서울
U01797,M,27,1,서울
U01798,M,28,1,서울
U01799,M,33,1,경기
U01800,M,33,2,기타
U01801,M,30,1,서울
U01802,F,31,1,서울
U01803,M,25,2,경기
U01804,M,21,1,서울
U01805,F,32,1,서울
U01806,M,28,0,서울
U01807,F,28,0,경기
U01808,M,31,1,경기
U01809,F,18,0,기타
U01810,F,39,0,서울
U01811,F,35,0,서울
U01812,F,30,0,기타
U01813,F,22,0,서울
U01814,F,32,0,기타
U01815,F,19,0,기타
U01816,F,27,1,서울
U01817,F,24,1,서울
U01818,M,31,3,경기
U01819,M,28,0,경기
U01820,F,33,0,서울
U01821,F,38,0,서울
U01822,M,28,1,서울
U01823,M,23,1,기타
U01824,M,33,1,경기
U01825,M,32,0,서울
U01826,M,25,0,서울
U01827,M,33,1,기타
U01828,F,33,1,경기
U01829,F,25,1,경기
U01830,F,40,0,기타
U01831,M,31,0,서울
U01832,F,36,1,서울
U01833,M,31,0,서울
U01834,F,25,1,기타
U01835,M,36,0,기타
U01836,M,33,1,경기
U01837,F,30,0,기타
U01838,F,24,2,서울
U01839,M,24,1,서울
U01840,M,41,2,서울
U01841,F,42,3,서울
U01842,F,30,1,서울
U01843,M,34,2,기타
U01844,F,27,0,경기
U01845,F,36,2,서울
U01846,M,28,0,경기
U01847,M,29,0,서울
U01848,M,34,0,경기
U01849,F,35,0,서울
U01850,F,22,2,서울
U01851,F,42,3,경기
U01852,M,31,1,경기
U01853,F,31,0,경기
U01854,F,36,1,서울
U01855,M,29,0,경기
U01856,M,31,1,서울
U01857,M,36,1,기타
U01858,M,30,2,서울
U01859,M,26,2,경기
U01860,M,43,3,경기
U01861,M,28,0,서울
U01862,M,28,0,기타
U01863,F,37,3,서울
U01864,F,26,2,기타
U01865,M,21,0,기타
U01866,F,33,0,서울
U01867,M,33,0,경기
U01868,M,39,1,서울
U01869,M,27,1,경기
U01870,M,31,1,경기
U01871,M,31,0,경기
U01872,M,37,0,경기
U01873,M,37,2,서울
U01874,F,27,0,기타
U01875,M,28,0,서울
U01876,M,22,0,서울
U01877,M,32,1,서울
U01878,M,36,2,경기
U01879,F,33,3,서울
U01880,F,40,0,경기
U01881,M,22,1,기타
U01882,F,23,2,기타
U01883,F,29,1,경기
U01884,M,31,2,서울
U01885,F,25,2,경기
U01886,F,28,2,경기
U01887,M,33,0,기타
U01888,M,23,1,경기
U01889,F,21,2,서울
U01890,F,34,2,기타
U01891,M,31,3,서울
U01892,M,28,1,경기
U01893,M,26,1,서울
U01894,M,34,0,서울
U01895,M,21,0,기타
U01896,F,47,1,기타
U01897,F,32,3,서울
U01898,M,34,0,서울
U01899,F,25,1,서울
U01900,M,39,0,기타
U01901,M,38,0,기타
U01902,F,36,0,경기
U01903,M,23,1,경기
U01904,M,34,0,서울
U01905,M,38,0,기타
U01906,F,25,0,경기
U01907,F,36,0,기타
U01908,M,37,1,서울
U01909,F,21,0,경기
U01910,F,18,0,서울
U01911,M,32,0,기타
U01912,M,33,0,경기
U01913,F,26,0,경기
U01914,M,21,0,경기
U01915,F,18,1,경기
U01916,M,33,0,경기
U01917,F,30,0,서울
U01918,F,33,0,기타
U01919,F,23,0,경기
U01920,M,32,0,기타
U01921,M,27,3,경기
U01922,M,22,0,기타
U01923,M,28,0,서울
U01924,M,36,2,경기
U01925,M,30,0,기타
U01926,M,36,0,기타
U01927,M,38,0,서울
U01928,F,30,0,경기
U01929,M,39,0,서울
U01930,M,33,2,경기
U01931,F,34,0,서울
U01932,F,30,2,서울
U01933,M,33,0,경기
U01934,M,28,1,기타
U01935,F,32,1,경기
U01936,M,32,0,기타
U01937,M,28,0,기타
U01938,F,36,3,경기
U01939,F,28,0,경기
U01940,M,33,0,서울
U01941,F,33,1,경기
U01942,M,29,2,서울
U01943,F,36,1,서울
U01944,F,22,0,기타
U01945,M,32,1,기타
U01946,F,27,3,서울
U01947,F,18,0,경기
U01948,F,26,0,기타
U01949,M,32,2,서울
U01950,F,27,3,경기
U01951,F,25,1,기타
U01952,M,26,1,경기
U01953,M,26,3,기타
U01954,M,23,0,경기
U01955,F,35,0,기타
U01956,F,18,0,기타
U01957,F,30,0,경기
U01958,F,26,1,서울
U01959,M,31,1,경기
U01960,M,20,1,서울
U01961,F,24,0,경기
U01962,F,27,2,경기
U01963,F,43,0,경기
U01964,F,33,0,서울
U01965,M,26,0,기타
U01966,F,26,0,서울
U01967,F,32,2,기타
U01968,F,35,0,경기
U01969,M,39,0,서울
U01970,M,36,1,기타
U01971,F,22,0,서울
U01972,M,21,0,서울
U01973,F,39,0,기타
U01974,M,24,0,서울
U01975,M,44,0,서울
U01976,F,34,3,경기
U01977,M,36,1,경기
U01978,F,28,1,서울
U01979,F,20,0,서울
U01980,F,32,1,경기
U01981,M,35,0,경기
U01982,M,33,1,기타
U01983,M,25,0,서울
U01984,M,35,0,기타
U01985,F,34,2,기타
U01986,F,26,1,서울
U01987,F,18,2,기타
U01988,M,28,2,기타
U01989,M,41,1,경기
U01990,F,21,0,경기
U01991,M,25,0,서울
U01992,M,36,2,경기
U01993,M,38,0,경기
U01994,M,25,0,경기
U01995,F,26,0,서울
U01996,F,29,0,서울
U01997,M,36,0,서울
U01998,F,33,0,서울
U01999,M,34,2,경기
U02000,F,36,3,서울
U02001,F,32,0,기타
U02002,F,30,0,기타
U02003,M,32,1,서울
U02004,M,28,0,서울
U02005,M,19,0,경기
U02006,F,33,0,서울
U02007,M,30,1,서울
U02008,M,33,0,서울
U02009,F,18,2,경기
U02010,F,22,0,경기
U02011,M,25,0,경기
U02012,M,27,1,서울
U02013,F,23,0,서울
U02014,F,31,0,기타
U02015,M,33,2,서울
U02016,M,23,0,기타
U02017,M,24,0,기타
U02018,F,29,0,기타
U02019,F,20,2,경기
U02020,F,23,0,기타
U02021,M,27,0,서울
U02022,F,26,1,서울
U02023,M,33,0,서울
U02024,M,23,1,경기
U02025,F,23,0,서울
U02026,M,21,0,서울
U02027,M,30,1,경기
U02028,M,20,2,경기
U02029,M,32,3,서울
U02030,M,43,1,서울
U02031,M,29,1,경기
U02032,F,26,0,서울
U02033,F,25,0,경기
U02034,F,28,3,경기
U02035,F,37,1,경기
U02036,M,33,0,서울
U02037,F,32,2,기타
U02038,F,25,0,경기
U02039,M,31,3,기타
U02040,M,31,0,경기
U02041,M,29,1,기타
U02042,F,27,0,서울
U02043,F,21,0,서울
U02044,F,26,0,서울
U02045,M,39,0,기타
U02046,M,26,0,경기
U02047,F,27,0,경기
U02048,F,36,0,서울
U02049,M,36,3,경기
U02050,F,32,0,기타
U02051,M,26,0,경기
U02052,M,30,1,경기
U02053,M,28,0,경기
U02054,M,23,2,기타
U02055,F,32,0,서울
U02056,F,39,2,기타
U02057,M,25,0,서울
U02058,M,29,0,기타
U02059,F,19,0,기타
U02060,M,34,0,기타
U02061,M,41,2,서울
U02062,M,27,3,경기
U02063,F,27,0,기타
U02064,M,18,0,기타
U02065,M,31,3,경기
U02066,M,36,0,기타
U02067,F,27,1,기타
U02068,M,34,0,경기
U02069,M,38,0,경기
U02070,M,26,0,서울
U02071,F,26,0,경기
U02072,M,24,1,서울
U02073,M,24,1,서울
U02074,F,34,0,서울
U02075,M,27,1,기타
U02076,F,35,1,경기
U02077,M,33,0,서울
U02078,F,36,0,경기
U02079,M,25,1,서울
U02080,M,38,3,서울
U02081,M,32,0,서울
U02082,M,29,0,기타
U02083,M,29,0,기타
U02084,F,25,2,서울
U02085,F,43,0,경기
U02086,F,26,1,기타
U02087,M,27,1,서울
U02088,M,29,1,서울
U02089,F,31,1,기타
U02090,M,29,0,기타
U02091,F,30,0,경기
U02092,F,21,0,경기
U02093,M,29,1,서울
U02094,F,27,1,기타
U02095,F,32,0,서울
U02096,F,22,0,서울
U02097,F,38,2,기타
U02098,F,28,0,기타
U02099,F,32,1,기타
U02100,M,29,2,경기
U02101,M,28,0,기타
U02102,M,25,1,기타
U02103,M,23,0,기타
U02104,F,19,0,경기
U02105,M,30,0,기타
U02106,M,40,1,서울
U02107,F,28,1,기타
U02108,F,35,0,서울
U02109,M,34,2,기타
U02110,F,27,1,기타
U02111,M,37,1,기타
U02112,M,29,1,서울
U02113,F,38,3,기타
U02114,F,25,1,기타
U02115,F,37,3,기타
U02116,M,32,1,기타
U02117,M,34,1,서울
U02118,F,22,2,서울
U02119,M,30,2,기타
U02120,M,30,1,경기
U02121,M,31,0,기타
U02122,F,31,0,서울
U02123,M,29,0,서울
U02124,M,20,1,서울
U02125,M,29,0,서울
U02126,M,37,0,경기
U02127,M,37,0,기타
U02128,M,33,1,서울
U02129,M,46,1,경기
U02130,M,31,1,경기
U02131,F,33,1,경기
U02132,F,33,2,서울
U02133,F,32,1,기타
U02134,F,31,1,기타
U02135,M,36,1,기타
U02136,M,36,1,경기
U02137,F,39,0,경기
U02138,M,34,2,기타
U02139,F,23,1,기타
U02140,F,40,0,경기
U02141,M,28,0,서울
U02142,M,35,0,서울
U02143,M,34,0,서울
U02144,F,27,0,서울
U02145,F,31,1,서울
U02146,M,34,1,기타
U02147,M,38,0,서울
U02148,F,32,0,서울
U02149,F,33,0,서울
U02150,F,28,1,서울
U02151,M,37,2,서울
U02152,M,23,1,서울
U02153,F,21,0,기타
U02154,F,28,1,경기
U02155,F,22,0,서울
U02156,F,18,1,기타
U02157,M,26,0,경기
U02158,M,31,1,서울
U02159,M,28,1,경기
U02160,M,42,1,기타
U02161,F,21,0,서울
U02162,F,33,0,경기
U02163,M,24,0,기타
U02164,F,21,0,서울
U02165,F,40,0,경기
U02166,F,26,3,기타
U02167,F,24,0,서울
U02168,M,23,2,서울
U02169,F,30,1,기타
U02170,M,24,3,서울
U02171,M,27,2,기타
U02172,M,36,0,경기
U02173,M,37,0,서울
U02174,F,37,2,서울
U02175,M,21,3,서울
U02176,M,28,2,서울
U02177,M,33,0,서울
U02178,M,33,0,서울
U02179,F,30,0,서울
U02180,F,45,1,서울
U02181,M,40,0,기타
U02182,M,30,1,서울
U02183,M,37,0,기타
U02184,F,32,0,서울
U02185,M,32,1,서울
U02186,F,36,1,서울
U02187,M,23,0,경기
U02188,F,34,3,경기
U02189,M,29,1,경기
U02190,M,35,0,기타
U02191,F,35,0,경기
U02192,M,29,0,서울
U02193,M,24,0,경기
U02194,M,25,1,경기
U02195,F,33,2,경기
U02196,M,40,0,서울
U02197,F,27,1,서울
U02198,M,37,0,기타
U02199,M,39,1,서울
U02200,F,31,2,서울
U02201,M,37,0,서울
U02202,M,34,1,경기
U02203,M,26,0,기타
U02204,F,27,1,서울
U02205,M,35,1,경기
U02206,F,33,0,기타
U02207,F,37,2,기타
U02208,M,27,3,기타
U02209,F,43,0,서울
U02210,F,19,2,기타
U02211,M,37,0,기타
U02212,M,38,0,경기
U02213,M,31,0,경기
U02214,M,43,0,기타
U02215,M,22,0,서울
U02216,F,24,0,경기
U02217,F,44,1,기타
U02218,M,21,0,기타
U02219,M,36,2,기타
U02220,M,27,0,서울
U02221,M,31,3,서울
U02222,F,27,0,경기
U02223,F,25,1,서울
U02224,F,27,0,서울
U02225,M,29,0,서울
U02226,M,34,0,서울
U02227,M,39,1,기타
U02228,F,29,0,서울
U02229,F,34,0,기타
U02230,F,18,1,경기
U02231,F,32,1,서울
U02232,M,37,1,서울
U02233,F,39,0,서울
U02234,M,32,0,기타
U02235,F,26,0,서울
U02236,M,30,1,서울
U02237,F,25,1,서울
U02238,F,30,0,기타
U02239,M,34,0,경기
U02240,F,30,0,기타
U02241,M,36,1,서울
U02242,M,36,0,경기
U02243,F,29,0,서울
U02244,F,40,2,서울
U02245,F,28,0,기타
U02246,F,29,2,경기
U02247,M,36,1,서울
U02248,M,28,2,서울
U02249,F,23,1,경기
U02250,M,37,0,기타
U02251,M,33,0,서울
U02252,M,23,2,경기
U02253,M,22,0,서울
U02254,M,39,0,경기
U02255,M,34,1,서울
U02256,M,37,0,경기
U02257,F,22,0,경기
U02258,F,32,0,기타
U02259,M,27,1,기타
U02260,F,32,1,경기
U02261,F,32,1,기타
U02262,F,28,0,기타
U02263,M,24,0,기타
U02264,M,29,0,서울
U02265,M,47,0,기타
U02266,M,36,0,기타
U02267,F,31,0,서울
U02268,M,40,2,기타
U02269,F,35,0,경기
U02270,F,23,0,서울
U02271,F,36,1,경기
U02272,M,29,0,경기
U02273,F,28,1,기타
U02274,M,31,0,기타
U02275,F,21,3,기타
U02276,F,37,0,서울
U02277,F,23,2,경기
U02278,M,31,0,기타
U02279,M,42,2,서울
U02280,F,34,1,경기
U02281,F,33,0,기타
U02282,M,23,2,기타
U02283,M,30,1,서울
U02284,F,35,1,서울
U02285,M,30,1,서울
U02286,M,33,0,경기
U02287,F,31,3,기타
U02288,F,26,1,기타
U02289,F,21,0,경기
U02290,M,22,1,기타
U02291,F,31,0,서울
U02292,M,32,0,경기
U02293,F,35,0,경기
U02294,M,44,2,서울
U02295,F,35,0,기타
U02296,F,34,3,경기
U02297,M,29,0,서울
U02298,F,30,1,서울
U02299,F,25,0,기타
U02300,F,29,2,서울
U02301,F,29,1,기타
U02302,F,22,1,경기
U02303,M,27,0,경기
U02304,F,28,0,서울
U02305,F,21,0,경기
U02306,M,27,0,서울
U02307,F,25,0,경기
U02308,M,27,0,기타
U02309,F,18,1,서울
U02310,M,39,2,기타
U02311,F,32,1,서울
U02312,M,30,2,경기
U02313,M,30,0,서울
U02314,F,22,1,기타
U02315,M,26,1,서울
U02316,F,31,1,기타
U02317,F,36,0,서울
U02318,M,33,0,기타
U02319,M,28,0,서울
U02320,M,19,0,서울
U02321,F,30,1,경기
U02322,M,19,0,경기
U02323,F,28,3,서울
U02324,M,28,2,경기
U02325,F,27,2,경기
U02326,F,34,0,경기
U02327,F,30,3,기타
U02328,M,41,0,경기
U02329,M,23,0,서울
U02330,M,26,0,기타
U02331,F,38,0,기타
U02332,F,30,0,서울
U02333,M,33,1,경기
U02334,M,34,2,서울
U02335,M,32,0,경기
U02336,F,29,2,서울
U02337,M,18,1,서울
U02338,M,40,2,경기
U02339,M,26,0,경기
U02340,M,36,0,서울
U02341,F,27,0,기타
U02342,M,32,0,서울
U02343,F,31,0,서울
U02344,M,18,2,경기
U02345,M,31,0,서울
U02346,F,18,0,기타
U02347,M,34,0,기타
U02348,F,22,1,서울
U02349,M,33,0,서울
U02350,F,22,0,서울
U02351,F,30,0,기타
U02352,M,30,2,서울
U02353,M,20,0,경기
U02354,F,39,1,서울
U02355,F,29,1,서울
U02356,M,34,0,기타
U02357,M,35,0,서울
U02358,M,24,0,기타
U02359,M,41,0,기타
U02360,F,31,1,서울
U02361,F,26,1,기타
U02362,F,26,0,경기
U02363,M,26,0,기타
U02364,M,29,2,경기
U02365,M,36,2,기타
U02366,M,20,2,경기
U02367,F,34,1,경기
U02368,M,22,0,서울
U02369,M,22,3,서울
U02370,M,35,2,서울
U02371,F,30,0,서울
U02372,F,28,0,서울
U02373,M,30,0,기타
U02374,M,28,0,기타
U02375,M,34,2,서울
U02376,M,29,1,경기
U02377,M,42,0,서울
U02378,M,42,1,경기
U02379,F,30,0,경기
U02380,M,18,0,기타
U02381,F,32,0,서울
U02382,M,19,2,서울
U02383,F,24,0,기타
U02384,M,33,0,서울
U02385,M,34,1,서울
U02386,F,24,0,서울
U02387,M,35,1,경기
U02388,M,29,1,기타
U02389,M,39,1,기타
U02390,M,21,1,서울
U02391,M,28,0,경기
U02392,F,36,1,서울
U02393,M,32,2,경기
U02394,M,28,2,서울
U02395,M,36,2,서울
U02396,M,26,2,경기
U02397,M,25,1,경기
U02398,M,26,0,기타
U02399,F,23,1,경기
U02400,M,33,0,서울
U02401,F,21,0,서울
U02402,M,36,1,기타
U02403,F,26,2,기타
U02404,M,25,1,서울
U02405,M,25,0,경기
U02406,F,35,0,기타
U02407,F,27,1,서울
U02408,M,26,0,경기
U02409,M,28,1,서울
U02410,M,29,0,경기
U02411,M,29,1,서울
U02412,M,26,1,기타
U02413,M,22,1,서울
U02414,F,32,0,기타
U02415,F,30,0,경기
U02416,M,32,0,서울
U02417,F,24,0,서울
U02418,F,25,0,경기
U02419,F,39,0,경기
U02420,M,27,1,경기
U02421,F,21,2,기타
U02422,F,29,2,서울
U02423,M,43,0,경기
U02424,F,30,0,서울
U02425,F,24,2,서울
U02426,M,39,2,경기
U02427,F,31,2,서울
U02428,M,26,2,서울
U02429,F,27,1,기타
U02430,M,36,0,기타
U02431,M,38,1,기타
U02432,M,31,2,기타
U02433,F,28,0,경기
U02434,M,36,1,서울
U02435,F,27,0,경기
U02436,M,24,0,기타
U02437,M,21,0,경기
U02438,M,42,0,경기
U02439,F,19,0,서울
U02440,F,23,1,경기
U02441,F,30,0,기타
U02442,M,31,0,서울
U02443,M,26,0,서울
U02444,M,27,1,경기
U02445,F,27,0,서울
U02446,F,42,0,기타
U02447,M,48,0,경기
U02448,M,31,0,기타
U02449,F,18,1,기타
U02450,M,29,1,기타
U02451,M,27,1,서울
U02452,F,24,1,기타
U02453,F,39,3,기타
U02454,M,32,0,경기
U02455,F,32,2,서울
U02456,M,28,3,서울
U02457,F,27,0,서울
U02458,M,34,1,서울
U02459,M,31,0,기타
U02460,F,36,0,기타
U02461,F,34,1,서울
U02462,M,33,1,서울
U02463,F,24,2,경기
U02464,F,18,1,경기
U02465,F,18,0,서울
U02466,M,27,1,서울
U02467,M,36,1,경기
U02468,M,48,1,경기
U02469,M,26,3,경기
U02470,M,22,1,경기
U02471,F,23,2,서울
U02472,F,29,2,서울
U02473,F,33,0,서울
U02474,M,38,1,기타
U02475,F,29,0,기타
U02476,F,28,1,경기
U02477,M,34,0,기타
U02478,F,25,0,기타
U02479,F,22,1,서울
U02480,F,30,2,경기
U02481,F,25,1,서울
U02482,F,23,2,서울
U02483,M,25,1,경기
U02484,F,31,0,기타
U02485,M,36,2,기타
U02486,M,25,0,기타
U02487,M,26,1,서울
U02488,M,31,0,서울
U02489,M,40,0,기타
U02490,M,27,2,기타
U02491,F,21,1,경기
U02492,F,25,0,기타
U02493,M,37,0,서울
U02494,F,34,0,기타
U02495,F,23,0,서울
U02496,M,26,2,경기
U02497,M,32,0,경기
U02498,M,21,1,경기
U02499,F,37,0,서울
U02500,M,27,1,서울
U02501,M,34,0,경기
U02502,F,38,0,서울
U02503,M,35,2,경기
U02504,F,32,1,서울
U02505,M,39,0,서울
U02506,F,24,0,경기
U02507,F,26,3,경기
U02508,F,31,0,서울
U02509,F,26,1,기타
U02510,M,44,3,경기
U02511,M,20,1,기타
U02512,M,29,0,서울
U02513,M,24,1,서울
U02514,F,29,1,기타
U02515,M,28,3,경기
U02516,F,25,1,기타
U02517,M,31,2,경기
U02518,M,32,1,경기
U02519,M,36,0,서울
U02520,F,26,0,기타
U02521,M,37,0,경기
U02522,M,46,3,경기
U02523,F,19,0,경기
U02524,M,29,0,기타
U02525,M,35,0,기타
U02526,F,32,1,서울
U02527,M,38,2,기타
U02528,F,29,0,서울
U02529,M,27,0,기타
U02530,M,18,1,기타
U02531,M,41,1,기타
U02532,F,29,0,서울
U02533,F,31,0,서울
U02534,M,34,2,경기
U02535,M,28,2,경기
U02536,F,37,2,기타
U02537,F,33,1,서울
U02538,F,27,0,서울
U02539,F,27,0,서울
U02540,M,38,0,기타
U02541,F,26,1,기타
U02542,M,26,0,기타
U02543,M,38,1,서울
U02544,M,28,0,경기
U02545,M,35,0,경기
U02546,M,36,0,서울
U02547,M,33,1,기타
U02548,F,18,2,경기
U02549,F,43,2,기타
U02550,F,18,3,기타
U02551,F,31,0,서울
U02552,F,24,1,경기
U02553,F,18,1,경기
U02554,M,28,1,서울
U02555,F,33,0,서울
U02556,M,33,0,경기
U02557,F,27,0,기타
U02558,M,30,0,경기
U02559,F,44,2,서울
U02560,F,30,1,기타
U02561,M,32,1,서울
U02562,M,27,0,기타
U02563,F,27,0,경기
U02564,M,32,0,기타
U02565,F,18,1,서울
U02566,M,27,1,기타
U02567,F,35,1,서울
U02568,M,31,2,서울
U02569,F,33,0,경기
U02570,M,29,0,서울
U02571,F,33,0,기타
U02572,F,30,1,경기
U02573,F,27,2,서울
U02574,F,27,0,서울
U02575,M,29,0,서울
U02576,F,30,0,서울
U02577,M,27,0,경기
U02578,M,27,2,서울
U02579,F,30,0,서울
U02580,F,25,0,서울
U02581,F,30,0,경기
U02582,M,27,2,서울
U02583,M,37,3,경기
U02584,F,29,3,서울
U02585,F,27,2,경기
U02586,M,33,0,서울
U02587,M,38,1,서울
U02588,M,21,1,기타
U02589,M,28,0,경기
U02590,F,39,2,서울
U02591,F,30,1,서울
U02592,M,33,0,기타
U02593,M,27,0,서울
U02594,F,35,1,경기
U02595,F,22,0,경기
U02596,F,35,0,경기
U02597,F,28,0,기타
U02598,M,43,0,경기
U02599,M,32,2,경기
U02600,M,30,1,서울
U02601,F,23,0,기타
U02602,F,27,0,기타
U02603,F,39,0,서울
U02604,M,33,0,서울
U02605,M,31,2,서울
U02606,F,31,0,기타
U02607,M,36,1,서울
U02608,F,34,0,기타
U02609,M,33,0,기타
U02610,F,37,1,기타
U02611,F,26,0,서울
U02612,M,26,1,기타
U02613,M,24,1,경기
U02614,F,18,1,서울
U02615,M,46,2,서울
U02616,M,25,1,기타
U02617,F,28,1,경기
U02618,M,18,0,기타
U02619,M,22,1,기타
U02620,F,41,2,서울
U02621,M,31,1,서울
U02622,M,27,1,기타
U02623,F,26,2,서울
U02624,F,28,0,경기
U02625,M,26,0,서울
U02626,F,35,0,서울
U02627,F,31,3,경기
U02628,M,22,0,경기
U02629,F,21,2,경기
U02630,F,31,0,서울
U02631,M,21,0,서울
U02632,M,44,2,경기
U02633,M,27,1,경기
U02634,M,24,0,경기
U02635,M,28,0,기타
U02636,M,29,0,서울
U02637,M,19,0,서울
U02638,M,29,0,기타
U02639,M,22,0,서울
U02640,F,18,2,기타
U02641,M,23,2,기타
U02642,F,30,0,기타
U02643,F,19,1,경기
U02644,F,24,0,경기
U02645,M,40,2,경기
U02646,M,27,1,서울
U02647,F,27,2,서울
U02648,M,23,1,경기
U02649,M,34,1,기타
U02650,F,33,1,경기
U02651,F,34,2,경기
U02652,M,30,1,기타
U02653,F,36,1,경기
U02654,F,25,2,서울
U02655,F,41,0,경기
U02656,F,27,0,서울
U02657,F,26,0,경기
U02658,M,32,3,경기
U02659,M,28,1,경기
U02660,F,36,0,경기
U02661,M,26,0,경기
U02662,F,29,0,경기
U02663,M,34,0,서울
U02664,M,26,0,서울
U02665,F,30,1,경기
U02666,M,31,0,서울
U02667,M,34,1,기타
U02668,F,26,1,서울
U02669,M,22,0,기타
U02670,M,31,2,기타
U02671,M,27,1,경기
U02672,M,40,0,서울
U02673,F,38,2,기타
U02674,M,28,1,서울
U02675,M,34,0,기타
U02676,M,32,0,서울
U02677,M,23,1,서울
U02678,M,26,0,서울
U02679,M,29,1,기타
U02680,M,25,2,서울
U02681,F,25,0,서울
U02682,M,34,0,서울
U02683,F,27,0,기타
U02684,M,33,0,기타
U02685,F,26,1,기타
U02686,F,36,0,경기
U02687,M,27,0,서울
U02688,M,35,2,서울
U02689,M,30,0,경기
U02690,M,29,1,경기
U02691,M,28,1,경기
U02692,M,35,1,서울
U02693,M,34,0,서울
U02694,M,33,2,서울
U02695,F,29,0,경기
U02696,F,37,0,서울
U02697,M,41,1,서울
U02698,M,36,0,경기
U02699,M,22,0,기타
U02700,M,24,0,서울
U02701,M,36,0,기타
U02702,F,45,1,경기
U02703,F,27,2,서울
U02704,F,33,1,기타
U02705,M,20,3,서울
U02706,F,21,1,기타
U02707,M,37,3,경기
U02708,M,29,0,기타
U02709,M,31,2,서울
U02710,M,25,0,기타
U02711,M,40,0,경기
U02712,F,28,0,서울
U02713,F,32,0,경기
U02714,M,24,0,경기
U02715,F,26,0,경기
U02716,F,29,2,서울
U02717,F,24,0,경기
U02718,F,37,2,서울
U02719,M,26,3,기타
U02720,M,20,1,경기
U02721,F,29,0,기타
U02722,F,24,1,기타
U02723,F,27,0,기타
U02724,F,35,0,기타
U02725,F,36,0,서울
U02726,F,24,1,경기
U02727,F,27,1,경기
U02728,M,22,0,경기
U02729,F,38,0,기타
U02730,M,22,1,기타
U02731,M,41,1,기타
U02732,F,28,1,서울
U02733,M,24,0,경기
U02734,M,29,0,경기
U02735,M,41,0,경기
U02736,F,24,1,기타
U02737,M,35,1,경기
U02738,M,32,0,경기
U02739,M,38,1,경기
U02740,F,28,0,경기
U02741,M,33,0,서울
U02742,M,21,0,서울
U02743,M,35,1,서울
U02744,F,37,1,서울
U02745,F,34,0,기타
U02746,M,30,0,기타
U02747,F,41,0,기타
U02748,M,23,3,경기
U02749,F,30,0,경기
U02750,M,36,1,기타
U02751,M,30,1,서울
U02752,M,24,0,경기
U02753,F,34,1,기타
U02754,F,29,1,서울
U02755,M,27,0,경기
U02756,F,36,1,경기
U02757,M,36,0,경기
U02758,F,27,1,서울
U02759,M,28,0,경기
U02760,M,24,0,기타
U02761,M,18,1,서울
U02762,F,26,3,서울
U02763,M,33,2,기타
U02764,F,32,1,기타
U02765,F,32,0,서울
U02766,M,36,0,경기
U02767,F,28,3,서울
U02768,M,23,2,경기
U02769,M,43,1,기타
U02770,M,32,0,기타
U02771,F,27,0,서울
U02772,M,19,3,경기
U02773,F,36,1,서울
U02774,F,40,1,기타
U02775,M,29,0,경기
U02776,M,34,2,서울
U02777,F,30,2,기타
U02778,M,31,0,경기
U02779,M,28,0,기타
U02780,M,35,1,기타
U02781,F,33,0,경기
U02782,M,28,0,경기
U02783,M,36,1,서울
U02784,M,28,1,서울
U02785,F,21,2,서울
U02786,F,40,0,서울
U02787,F,36,1,서울
U02788,M,35,0,서울
U02789,M,34,0,기타
U02790,M,34,1,경기
U02791,M,28,2,기타
U02792,M,33,0,기타
U02793,F,25,1,서울
U02794,M,31,1,서울
U02795,F,24,0,기타
U02796,M,34,1,기타
U02797,F,37,0,경기
U02798,M,26,1,기타
U02799,M,35,0,기타
U02800,F,27,1,기타
U02801,F,29,2,경기
U02802,M,40,3,서울
U02803,F,38,1,서울
U02804,M,28,0,서울
U02805,F,31,0,경기
U02806,M,43,0,서울
U02807,M,31,2,서울
U02808,F,33,0,기타
U02809,M,25,0,기타
U02810,M,22,0,서울
U02811,F,43,0,기타
U02812,M,40,0,서울
U02813,M,25,1,서울
U02814,M,27,1,서울
U02815,M,31,1,서울
U02816,F,32,0,서울
U02817,F,34,2,기타
U02818,M,29,0,경기
U02819,F,31,2,서울
U02820,M,30,1,경기
U02821,M,36,0,서울
U02822,M,33,0,기타
U02823,F,27,1,경기
U02824,F,30,0,경기
U02825,F,39,2,서울
U02826,F,27,2,기타
U02827,M,40,0,서울
U02828,F,25,0,서울
U02829,F,37,0,기타
U02830,F,32,0,서울
U02831,F,30,1,서울
U02832,F,34,1,서울
U02833,F,34,2,경기
U02834,M,33,0,기타
U02835,F,38,0,경기
U02836,F,28,2,서울
U02837,F,29,0,경기
U02838,M,20,1,서울
U02839,M,34,0,경기
U02840,M,33,2,서울
U02841,F,32,0,서울
U02842,M,42,0,기타
U02843,M,35,0,경기
U02844,F,18,0,서울
U02845,M,30,0,경기
U02846,F,26,0,서울
U02847,M,25,0,서울
U02848,F,28,2,경기
U02849,F,27,0,기타
U02850,F,28,0,경기
U02851,F,36,1,기타
U02852,M,31,1,경기
U02853,F,34,0,기타
U02854,F,44,0,기타
U02855,F,21,0,기타
U02856,M,35,1,서울
U02857,F,34,3,기타
U02858,F,34,0,기타
U02859,F,28,1,기타
U02860,M,34,1,서울
U02861,F,29,0,경기
U02862,M,35,0,기타
U02863,M,38,0,서울
U02864,M,44,0,기타
U02865,F,25,1,서울
U02866,M,28,0,서울
U02867,M,37,0,서울
U02868,M,34,1,기타
U02869,M,22,1,경기
U02870,M,26,1,기타
U02871,F,25,1,서울
U02872,F,21,0,서울
U02873,M,24,0,서울
U02874,F,37,1,서울
U02875,M,18,1,경기
U02876,F,34,1,서울
U02877,F,34,1,경기
U02878,M,27,0,서울
U02879,F,29,0,서울
U02880,M,29,1,경기
U02881,F,28,1,서울
U02882,F,24,0,서울
U02883,M,30,0,서울
U02884,M,28,0,경기
U02885,F,29,0,서울
U02886,M,36,1,서울
U02887,M,35,0,경기
U02888,F,25,0,서울
U02889,F,39,0,서울
U02890,F,25,1,경기
U02891,M,36,0,경기
U02892,M,32,1,서울
U02893,M,21,2,경기
U02894,M,28,1,기타
U02895,F,31,1,서울
U02896,F,32,0,기타
U02897,F,34,0,서울
U02898,F,28,0,기타
U02899,M,24,0,기타
U02900,M,30,1,서울
U02901,M,21,0,경기
U02902,F,31,0,경기
U02903,F,34,1,기타
U02904,F,32,0,경기
U02905,F,38,0,경기
U02906,M,29,1,기타
U02907,F,27,1,서울
U02908,F,30,0,경기
U02909,M,29,3,서울
U02910,M,35,0,서울
U02911,M,33,0,경기
U02912,F,32,0,경기
U02913,F,33,3,기타
U02914,F,26,0,서울
U02915,M,23,1,기타
U02916,F,31,0,경기
U02917,M,34,0,경기
U02918,M,35,0,서울
U02919,F,24,0,서울
U02920,M,39,0,서울
U02921,M,36,2,서울
U02922,F,34,2,서울
U02923,F,30,2,서울
U02924,M,21,0,서울
U02925,M,36,1,경기
U02926,M,19,0,서울
U02927,M,25,1,기타
U02928,M,25,1,경기
U02929,M,32,0,서울
U02930,M,27,1,서울
U02931,F,26,0,경기
U02932,F,18,1,기타
U02933,F,29,1,기타
U02934,F,29,1,경기
U02935,M,30,1,서울
U02936,M,37,0,서울
U02937,M,28,2,서울
U02938,F,18,1,서울
U02939,M,34,1,서울
U02940,M,33,0,서울
U02941,F,29,1,기타
U02942,M,39,0,서울
U02943,M,29,2,경기
U02944,F,26,0,서울
U02945,F,28,0,기타
U02946,F,27,1,기타
U02947,M,24,1,기타
U02948,M,24,0,서울
U02949,M,30,2,서울
U02950,M,33,0,기타
U02951,M,34,0,서울
U02952,F,28,0,기타
U02953,F,31,0,경기
U02954,F,20,1,서울
U02955,M,27,0,서울
U02956,F,31,1,서울
U02957,M,30,1,경기
U02958,F,28,0,경기
U02959,M,30,3,경기
U02960,F,35,1,경기
U02961,F,24,0,경기
U02962,F,25,0,경기
U02963,M,34,0,기타
U02964,F,39,0,서울
U02965,F,37,0,경기
U02966,F,36,0,서울
U02967,F,38,1,기타
U02968,M,38,0,기타
U02969,M,34,2,기타
U02970,M,45,0,서울
U02971,F,34,1,경기
U02972,M,26,0,기타
U02973,F,37,0,서울
U02974,M,40,1,서울
U02975,M,20,1,서울
U02976,M,25,2,경기
U02977,M,19,0,경기
U02978,F,44,1,서울
U02979,M,34,2,경기
U02980,F,38,0,기타
U02981,M,29,1,경기
U02982,F,42,0,기타
U02983,M,35,3,서울
U02984,M,31,0,서울
U02985,M,33,0,경기
U02986,F,27,0,기타
U02987,M,18,1,서울
U02988,M,30,1,서울
U02989,F,32,2,서울
U02990,F,36,0,경기
U02991,M,28,0,서울
U02992,F,40,0,경기
U02993,M,33,0,기타
U02994,M,29,0,서울
U02995,F,37,0,서울
U02996,M,42,0,경기
U02997,M,24,2,서울
U02998,M,33,0,기타
U02999,M,39,2,서울
U03000,M,25,2,경기
U03001,M,34,0,서울
U03002,M,31,0,경기
U03003,M,24,0,기타
U03004,M,34,2,기타
U03005,F,35,0,경기
U03006,F,18,1,경기
U03007,F,30,0,경기
U03008,F,40,1,서울
U03009,F,31,1,서울
U03010,F,34,3,경기
U03011,M,23,0,서울
U03012,F,29,0,기타
U03013,F,19,1,기타
U03014,M,40,0,기타
U03015,F,34,0,경기
U03016,F,33,2,경기
U03017,F,28,1,기타
U03018,F,35,1,경기
U03019,F,22,0,서울
U03020,F,28,1,기타
U03021,F,32,0,기타
U03022,M,28,0,서울
U03023,F,35,1,서울
U03024,M,37,0,서울
U03025,F,32,1,서울
U03026,F,36,1,서울
U03027,M,27,1,경기
U03028,F,31,1,서울
U03029,F,35,2,서울
U03030,F,29,0,경기
U03031,M,35,1,기타
U03032,F,26,0,경기
U03033,F,32,3,서울
U03034,M,32,2,경기
U03035,F,38,1,기타
U03036,M,37,1,기타
U03037,F,40,1,서울
U03038,M,25,1,서울
U03039,M,26,0,서울
U03040,M,22,1,기타
U03041,F,25,1,서울
U03042,M,25,0,서울
U03043,F,42,0,경기
U03044,F,29,0,경기
U03045,M,44,2,기타
U03046,F,27,3,기타
U03047,M,27,2,경기
U03048,M,27,0,서울
U03049,F,35,1,기타
U03050,F,29,0,기타
U03051,M,30,0,경기
U03052,F,29,2,경기
U03053,M,23,0,경기
U03054,F,19,1,서울
U03055,F,28,0,서울
U03056,F,36,0,경기
U03057,F,26,0,서울
U03058,F,27,3,서울
U03059,F,31,1,기타
U03060,F,29,0,경기
U03061,F,31,0,서울
U03062,F,26,0,기타
U03063,M,39,1,기타
U03064,M,31,0,기타
U03065,M,46,2,서울
U03066,F,36,0,서울
U03067,M,30,0,서울
U03068,M,28,1,경기
U03069,F,40,0,기타
U03070,F,22,2,기타
U03071,F,24,3,서울
U03072,F,36,1,경기
U03073,F,26,1,서울
U03074,M,22,0,서울
U03075,M,33,0,경기
U03076,M,35,0,서울
U03077,M,34,0,서울
U03078,M,23,0,서울
U03079,F,33,1,경기
U03080,F,25,2,경기
U03081,F,24,0,서울
U03082,F,33,0,서울
U03083,M,26,2,서울
U03084,F,48,0,경기
U03085,M,22,0,서울
U03086,M,31,0,경기
U03087,M,30,3,기타
U03088,M,32,0,기타
U03089,M,19,1,서울
U03090,F,30,0,경기
U03091,F,29,2,경기
U03092,M,40,1,서울
U03093,F,24,0,경기
U03094,F,24,1,기타
U03095,M,36,3,경기
U03096,F,28,0,기타
U03097,F,32,1,서울
U03098,F,32,2,서울
U03099,F,24,2,기타
U03100,M,37,0,기타
U03101,M,39,2,경기
U03102,F,30,0,서울
U03103,F,27,0,기타
U03104,M,30,0,서울
U03105,M,23,1,기타
U03106,F,22,0,서울
U03107,F,32,0,서울
U03108,F,28,1,경기
U03109,F,31,0,서울
U03110,F,32,2,서울
U03111,M,19,1,경기
U03112,F,22,1,경기
U03113,F,27,2,기타
U03114,M,39,1,서울
U03115,F,36,0,서울
U03116,F,27,0,경기
U03117,F,27,1,경기
U03118,M,36,0,서울
U03119,F,39,0,경기
U03120,F,25,0,경기
U03121,M,40,0,서울
U03122,M,22,0,기타
U03123,M,25,0,경기
U03124,F,35,0,서울
U03125,M,18,0,경기
U03126,M,24,2,경기
U03127,F,25,1,기타
U03128,M,24,0,서울
U03129,F,20,0,서울
U03130,M,27,1,경기
U03131,F,28,1,경기
U03132,F,32,0,서울
U03133,F,40,0,서울
U03134,F,25,2,경기
U03135,F,31,0,기타
U03136,M,33,2,서울
U03137,F,40,0,경기
U03138,M,29,1,서울
U03139,M,24,1,기타
U03140,M,22,1,서울
U03141,M,29,1,서울
U03142,F,26,0,서울
U03143,M,32,2,경기
U03144,M,23,3,기타
U03145,M,24,0,기타
U03146,M,28,0,기타
U03147,F,18,0,서울
U03148,F,27,1,기타
U03149,M,37,1,서울
U03150,M,30,1,기타
U03151,M,35,1,서울
U03152,F,34,0,서울
U03153,M,23,2,기타
U03154,F,32,1,기타
U03155,M,28,2,기타
U03156,M,27,0,기타
U03157,M,28,0,서울
U03158,M,41,1,경기
U03159,F,31,0,경기
U03160,M,41,1,서울
U03161,F,43,1,경기
U03162,M,31,0,경기
U03163,M,20,0,서울
U03164,M,31,0,경기
U03165,F,33,0,기타
U03166,M,26,1,경기
U03167,F,25,1,기타
U03168,M,27,1,기타
U03169,M,38,1,기타
U03170,M,25,0,서울
U03171,M,35,2,경기
U03172,M,34,0,경기
U03173,M,36,0,서울
U03174,M,28,1,기타
U03175,F,39,1,경기
U03176,F,35,1,경기
U03177,M,34,1,경기
U03178,M,20,1,서울
U03179,M,26,0,경기
U03180,M,28,2,서울
U03181,M,24,0,경기
U03182,F,31,2,경기
U03183,M,25,1,기타
U03184,M,22,0,서울
U03185,M,41,2,경기
U03186,M,36,0,경기
U03187,M,30,3,기타
U03188,M,30,1,경기
U03189,F,30,0,서울
U03190,F,32,0,기타
U03191,F,18,0,경기
U03192,M,33,1,기타
U03193,F,30,3,서울
U03194,F,28,2,경기
U03195,F,28,2,기타
U03196,F,34,0,경기
U03197,M,25,0,서울
U03198,M,19,0,서울
U03199,M,23,1,서울
U03200,M,30,1,경기
U03201,M,45,0,기타
U03202,M,37,1,기타
U03203,F,32,2,기타
U03204,M,21,0,경기
U03205,F,34,0,서울
U03206,F,24,1,서울
U03207,F,34,1,기타
U03208,M,23,0,서울
U03209,F,20,1,서울
U03210,F,40,2,서울
U03211,M,22,0,경기
U03212,F,19,0,경기
U03213,F,30,0,서울
U03214,M,39,0,기타
U03215,M,31,0,서울
U03216,M,30,1,기타
U03217,M,28,0,기타
U03218,M,44,0,서울
U03219,F,45,1,서울
U03220,F,26,3,기타
U03221,M,31,0,경기
U03222,F,38,0,서울
U03223,F,30,1,서울
U03224,M,31,0,서울
U03225,F,38,1,서울
U03226,F,37,0,서울
U03227,F,20,0,서울
U03228,M,41,2,기타
U03229,F,28,0,경기
U03230,M,35,0,기타
U03231,M,35,0,경기
U03232,M,20,0,경기
U03233,M,37,2,경기
U03234,M,32,0,서울
U03235,F,29,1,기타
U03236,F,36,0,기타
U03237,F,38,3,경기
U03238,M,25,0,기타
U03239,F,18,0,서울
U03240,M,30,2,서울
U03241,F,35,3,기타
U03242,F,30,1,서울
U03243,M,28,1,서울
U03244,M,31,3,서울
U03245,F,31,2,기타
U03246,M,37,2,경기
U03247,M,29,0,서울
U03248,F,36,1,서울
U03249,M,35,0,경기
U03250,M,28,0,기타
U03251,F,39,0,서울
U03252,M,39,2,서울
U03253,M,25,3,기타
U03254,M,35,0,서울
U03255,F,29,0,경기
U03256,F,26,1,경기
U03257,M,34,2,서울
U03258,M,24,1,서울
U03259,F,34,3,서울
U03260,F,37,0,서울
U03261,M,34,1,기타
U03262,F,25,0,경기
U03263,F,25,0,서울
U03264,F,22,1,서울
U03265,M,23,3,서울
U03266,M,27,1,기타
U03267,M,33,1,기타
U03268,M,34,0,서울
U03269,F,31,0,경기
U03270,F,33,2,서울
U03271,F,18,1,서울
U03272,F,25,0,서울
U03273,M,36,0,서울
U03274,M,18,1,서울
U03275,F,18,2,기타
U03276,M,24,0,기타
U03277,M,30,1,경기
U03278,F,34,2,경기
U03279,F,27,1,기타
U03280,M,28,1,경기
U03281,F,32,2,서울
U03282,M,20,1,서울
U03283,M,44,0,서울
U03284,M,41,2,기타
U03285,F,26,0,경기
U03286,M,24,1,기타
U03287,M,35,1,경기
U03288,F,25,2,서울
U03289,F,43,1,기타
U03290,F,25,0,기타
U03291,M,38,0,기타
U03292,F,26,2,기타
U03293,M,33,1,경기
U03294,F,36,1,서울
U03295,M,33,0,서울
U03296,F,31,1,서울
U03297,F,27,0,경기
U03298,F,33,0,기타
U03299,F,28,1,기타
U03300,M,37,0,서울
U03301,M,33,0,경기
U03302,M,30,1,기타
U03303,F,33,2,서울
U03304,M,29,0,경기
U03305,F,32,2,기타
U03306,M,32,1,경기
U03307,M,18,1,서울
U03308,M,28,0,기타
U03309,M,23,2,경기
U03310,F,26,1,경기
U03311,F,27,0,서울
U03312,M,21,0,기타
U03313,F,42,3,경기
U03314,M,31,1,경기
U03315,M,39,0,경기
U03316,F,27,1,경기
U03317,M,37,2,경기
U03318,M,18,0,서울
U03319,M,29,0,경기
U03320,F,23,1,기타
U03321,F,20,0,기타
U03322,M,33,0,서울
U03323,F,33,3,기타
U03324,M,33,0,경기
U03325,F,32,0,서울
U03326,M,35,0,서울
U03327,M,32,1,서울
U03328,M,27,1,서울
U03329,F,21,0,서울
U03330,F,26,0,서울
U03331,F,26,2,경기
U03332,F,29,0,서울
U03333,M,20,0,경기
U03334,F,23,1,기타
U03335,F,29,0,기타
U03336,M,39,0,서울
U03337,F,29,0,기타
U03338,M,29,1,경기
U03339,F,22,0,경기
U03340,F,30,1,서울
U03341,M,29,0,경기
U03342,M,26,3,기타
U03343,M,29,1,서울
U03344,M,36,2,서울
U03345,M,25,1,기타
U03346,F,38,2,경기
U03347,F,31,0,경기
U03348,M,34,0,서울
U03349,M,30,1,기타
U03350,M,30,1,기타
U03351,F,22,1,기타
U03352,M,34,1,서울
U03353,M,29,1,경기
U03354,F,21,1,서울
U03355,F,34,0,경기
U03356,M,40,0,기타
U03357,F,24,2,서울
U03358,F,34,1,서울
U03359,F,23,1,서울
U03360,M,31,3,서울
U03361,F,33,0,경기
U03362,M,28,0,경기
U03363,M,30,0,경기
U03364,M,25,0,서울
U03365,M,29,0,경기
U03366,F,30,0,기타
U03367,M,33,0,기타
U03368,M,28,2,서울
U03369,M,27,1,기타
U03370,F,30,1,서울
U03371,F,35,0,경기
U03372,F,35,2,서울
U03373,M,44,2,경기
U03374,F,29,0,기타
U03375,F,31,0,서울
U03376,F,32,1,기타
U03377,M,23,1,기타
U03378,F,19,0,기타
U03379,M,25,1,서울
U03380,M,29,3,경기
U03381,M,38,2,기타
U03382,F,19,1,기타
U03383,M,32,2,기타
U03384,M,32,1,기타
U03385,F,29,1,기타
U03386,F,39,1,경기
U03387,F,25,1,경기
U03388,M,26,0,기타
U03389,M,31,0,경기
U03390,F,37,2,기타
U03391,M,26,1,서울
U03392,F,36,0,서울
U03393,F,35,2,서울
U03394,F,25,0,기타
U03395,F,33,0,서울
U03396,M,30,0,기타
U03397,F,31,1,경기
U03398,M,25,1,서울
U03399,F,33,1,서울
U03400,F,18,0,기타
U03401,F,34,0,경기
U03402,F,35,2,경기
U03403,M,28,0,서울
U03404,M,37,2,기타
U03405,M,28,1,서울
U03406,M,34,0,서울
U03407,F,23,3,서울
U03408,M,46,0,서울
U03409,M,28,0,기타
U03410,F,25,0,경기
U03411,F,39,1,기타
U03412,M,40,0,기타
U03413,M,26,0,경기
U03414,M,18,0,경기
U03415,M,28,2,서울
U03416,F,28,0,기타
U03417,F,34,0,경기
U03418,M,27,2,서울
U03419,F,32,0,서울
U03420,M,38,0,기타
U03421,M,20,1,경기
U03422,F,25,0,경기
U03423,F,31,0,서울
U03424,F,26,1,경기
U03425,F,36,0,서울
U03426,F,37,0,경기
U03427,M,45,1,서울
U03428,M,30,3,서울
U03429,M,37,1,경기
U03430,M,30,0,서울
U03431,F,26,0,기타
U03432,M,32,0,서울
U03433,F,42,2,서울
U03434,M,31,0,서울
U03435,M,27,0,경기
U03436,F,34,2,기타
U03437,M,28,0,경기
U03438,M,25,1,경기
U03439,F,33,0,서울
U03440,M,30,1,서울
U03441,M,31,1,서울
U03442,F,24,2,경기
U03443,M,28,2,서울
U03444,F,18,0,기타
U03445,F,25,0,경기
U03446,M,33,1,서울
U03447,F,21,2,서울
U03448,F,32,1,기타
U03449,F,34,1,서울
U03450,M,26,2,경기
U03451,F,30,0,기타
U03452,M,18,1,서울
U03453,M,32,1,서울
U03454,M,31,0,서울
U03455,F,31,2,서울
U03456,M,28,1,서울
U03457,M,31,0,서울
U03458,F,26,1,경기
U03459,F,18,0,서울
U03460,M,29,0,기타
U03461,M,33,0,경기
U03462,M,35,1,서울
U03463,M,24,0,경기
U03464,M,32,0,기타
U03465,F,21,1,경기
U03466,M,25,0,기타
U03467,F,40,0,서울
U03468,F,29,0,기타
U03469,M,34,0,경기
U03470,M,27,2,기타
U03471,F,22,0,서울
U03472,F,32,1,서울
U03473,F,31,0,경기
U03474,F,38,0,서울
U03475,F,30,2,기타
U03476,F,29,1,기타
U03477,F,28,1,서울
U03478,M,25,3,서울
U03479,M,30,0,서울
U03480,F,23,0,서울
U03481,M,27,1,서울
U03482,F,26,2,기타
U03483,M,32,0,서울
U03484,M,28,1,기타
U03485,F,27,0,서울
U03486,M,24,0,경기
U03487,F,28,1,서울
U03488,M,37,0,서울
U03489,F,29,0,기타
U03490,F,20,0,서울
U03491,M,27,1,기타
U03492,M,27,1,서울
U03493,M,34,2,기타
U03494,M,36,3,서울
U03495,F,34,3,서울
U03496,F,35,3,경기
U03497,M,25,2,경기
U03498,F,31,0,기타
U03499,M,30,0,서울
U03500,M,25,0,경기
U03501,F,38,0,경기
U03502,M,35,2,서울
U03503,M,18,2,서울
U03504,M,29,0,서울
U03505,F,28,0,기타
U03506,M,25,3,서울
U03507,F,32,0,서울
U03508,M,30,0,서울
U03509,M,26,0,경기
U03510,M,26,3,서울
U03511,F,26,3,경기
U03512,M,35,0,경기
U03513,F,29,3,서울
U03514,F,29,0,기타
U03515,F,27,1,서울
U03516,M,36,0,기타
U03517,M,31,2,경기
U03518,M,34,2,서울
U03519,F,25,2,서울
U03520,F,31,0,기타
U03521,M,29,0,서울
U03522,F,29,0,서울
U03523,F,34,1,서울
U03524,F,42,1,서울
U03525,M,33,1,서울
U03526,M,24,0,서울
U03527,M,41,0,기타
U03528,F,29,0,기타
U03529,F,22,0,서울
U03530,F,33,1,경기
U03531,M,33,0,서울
U03532,M,32,1,서울
U03533,F,36,2,서울
U03534,M,33,0,서울
U03535,M,23,1,기타
U03536,F,27,1,서울
U03537,F,30,1,서울
U03538,M,18,0,서울
U03539,M,36,1,경기
U03540,M,23,0,서울
U03541,M,36,0,기타
U03542,M,24,1,서울
U03543,F,33,1,서울
U03544,M,33,0,경기
U03545,F,26,1,서울
U03546,M,33,2,기타
U03547,F,35,0,서울
U03548,M,41,0,기타
U03549,F,18,0,기타
U03550,F,26,2,서울
U03551,M,39,2,기타
U03552,M,35,0,서울
U03553,M,36,1,경기
U03554,M,21,0,서울
U03555,F,23,0,경기
U03556,F,25,0,경기
U03557,M,25,1,기타
U03558,M,21,0,경기
U03559,F,30,1,경기
U03560,M,38,0,기타
U03561,M,38,0,기타
U03562,F,30,1,기타
U03563,M,22,1,서울
U03564,M,37,0,서울
U03565,M,30,0,기타
U03566,M,26,0,기타
U03567,F,38,2,서울
U03568,M,45,0,경기
U03569,F,37,0,기타
U03570,F,31,0,기타
U03571,F,35,1,경기
U03572,F,35,0,기타
U03573,M,32,0,경기
U03574,F,29,0,서울
U03575,M,32,2,경기
U03576,F,25,0,서울
U03577,F,30,0,경기
U03578,M,25,0,경기
U03579,M,36,1,경기
U03580,F,35,2,기타
U03581,M,34,0,서울
U03582,M,28,1,경기
U03583,M,27,2,경기
U03584,F,20,2,기타
U03585,M,27,1,서울
U03586,M,24,1,기타
U03587,M,28,1,서울
U03588,F,33,0,경기
U03589,M,35,0,기타
U03590,F,34,0,기타
U03591,F,34,2,경기
U03592,M,32,1,경기
U03593,F,32,1,기타
U03594,M,35,0,서울
U03595,M,37,1,서울
U03596,F,29,1,기타
U03597,F,32,1,서울
U03598,F,25,1,기타
U03599,M,36,0,경기
U03600,F,24,0,서울
U03601,F,20,1,경기
U03602,F,27,1,기타
U03603,M,25,0,서울
U03604,M,32,2,기타
U03605,F,35,0,서울
U03606,M,26,1,경기
U03607,M,30,0,기타
U03608,F,22,1,기타
U03609,M,18,1,기타
U03610,F,31,0,서울
U03611,M,28,1,서울
U03612,M,38,1,경기
U03613,M,42,0,서울
U03614,M,34,0,기타
U03615,M,18,0,서울
U03616,F,25,1,서울
U03617,F,31,1,기타
U03618,F,19,0,서울
U03619,F,37,0,경기
U03620,F,39,0,서울
U03621,F,30,0,서울
U03622,M,29,2,경기
U03623,F,22,0,경기
U03624,M,30,1,서울
U03625,F,27,1,서울
U03626,M,40,1,서울
U03627,F,39,2,경기
U03628,M,32,0,서울
U03629,M,29,1,서울
U03630,M,32,1,경기
U03631,M,22,1,기타
U03632,F,32,1,경기
U03633,M,29,0,기타
U03634,F,37,1,경기
U03635,F,38,0,서울
U03636,M,33,2,기타
U03637,M,25,2,서울
U03638,M,26,1,서울
U03639,M,46,0,경기
U03640,M,20,1,기타
U03641,F,24,1,경기
U03642,F,34,0,기타
U03643,M,31,2,서울
U03644,F,27,0,기타
U03645,F,34,0,경기
U03646,M,18,0,서울
U03647,F,30,0,경기
U03648,F,25,0,경기
U03649,M,28,0,기타
U03650,M,29,0,서울
U03651,M,30,2,기타
U03652,M,34,3,서울
U03653,M,26,2,경기
U03654,F,24,0,경기
U03655,F,21,3,서울
U03656,F,24,1,경기
U03657,M,28,0,기타
U03658,F,30,2,서울
U03659,F,24,1,기타
U03660,M,38,0,기타
U03661,M,25,0,기타
U03662,M,40,0,서울
U03663,M,39,1,기타
U03664,F,28,2,경기
U03665,M,25,1,서울
U03666,F,30,0,기타
U03667,F,25,0,기타
U03668,F,38,0,경기
U03669,F,19,0,기타
U03670,F,35,0,서울
U03671,M,36,3,경기
U03672,M,40,0,경기
U03673,F,41,0,서울
U03674,F,27,0,경기
U03675,F,31,3,경기
U03676,F,32,0,기타
U03677,F,26,1,경기
U03678,F,31,1,서울
U03679,M,33,0,경기
U03680,M,31,0,서울
U03681,F,18,0,경기
U03682,M,23,0,서울
U03683,M,18,1,경기
U03684,M,31,1,경기
U03685,M,36,1,기타
U03686,M,33,0,경기
U03687,M,31,0,서울
U03688,M,36,1,기타
U03689,F,35,0,경기
U03690,F,35,2,기타
U03691,M,26,1,경기
U03692,F,26,2,서울
U03693,F,27,1,기타
U03694,M,22,0,서울
U03695,M,27,0,서울
U03696,F,36,1,기타
U03697,M,36,0,서울
U03698,M,28,0,서울
U03699,M,33,1,서울
U03700,M,31,0,경기
U03701,F,27,1,기타
U03702,M,40,0,서울
U03703,M,28,0,기타
U03704,F,22,2,기타
U03705,F,31,0,기타
U03706,M,19,1,경기
U03707,F,28,1,경기
U03708,F,22,1,서울
U03709,M,32,1,기타
U03710,M,37,0,기타
U03711,F,29,0,서울
U03712,F,32,0,서울
U03713,F,34,0,기타
U03714,F,22,1,경기
U03715,M,29,0,기타
U03716,F,27,0,경기
U03717,F,26,1,서울
U03718,M,38,3,경기
U03719,M,26,0,경기
U03720,F,23,2,서울
U03721,F,36,1,기타
U03722,F,29,1,경기
U03723,M,32,0,기타
U03724,F,32,2,경기
U03725,F,30,0,경기
U03726,M,37,0,경기
U03727,M,27,2,기타
U03728,F,30,0,서울
U03729,M,21,0,서울
U03730,F,28,0,경기
U03731,F,26,2,기타
U03732,F,31,0,기타
U03733,F,43,0,경기
U03734,F,38,2,서울
U03735,F,34,0,서울
U03736,M,27,0,경기
U03737,F,37,0,기타
U03738,F,23,1,기타
U03739,M,25,2,경기
U03740,M,39,0,경기
U03741,M,26,0,기타
U03742,F,43,0,경기
U03743,M,40,0,서울
U03744,M,25,0,기타
U03745,F,28,0,경기
U03746,F,28,1,서울
U03747,F,31,1,경기
U03748,F,26,2,서울
U03749,F,30,1,서울
U03750,F,32,1,기타
U03751,M,35,2,서울
U03752,M,18,3,경기
U03753,F,46,0,경기
U03754,F,23,0,서울
U03755,M,32,1,경기
U03756,M,23,1,서울
U03757,F,22,1,경기
U03758,M,21,1,경기
U03759,F,34,1,경기
U03760,M,22,1,경기
U03761,M,38,1,서울
U03762,M,20,1,서울
U03763,M,39,1,서울
U03764,F,24,1,기타
U03765,F,35,0,서울
U03766,M,30,0,경기
U03767,M,29,0,경기
U03768,M,28,2,경기
U03769,M,25,1,경기
U03770,F,24,0,서울
U03771,M,42,0,기타
U03772,F,32,2,기타
U03773,M,40,1,경기
U03774,M,33,1,기타
U03775,M,31,3,서울
U03776,M,31,1,기타
U03777,M,29,0,경기
U03778,M,36,2,서울
U03779,M,28,0,경기
U03780,F,24,1,기타
U03781,F,24,2,서울
U03782,F,31,1,기타
U03783,M,28,1,경기
U03784,F,32,0,기타
U03785,F,41,0,서울
U03786,F,28,1,기타
U03787,M,32,1,서울
U03788,M,29,0,경기
U03789,M,22,2,서울
U03790,M,37,0,서울
U03791,F,26,0,기타
U03792,M,29,3,기타
U03793,F,32,1,서울
U03794,F,40,1,서울
U03795,F,26,0,기타
U03796,F,32,0,서울
U03797,F,21,0,기타
U03798,F,33,2,서울
U03799,F,40,0,기타
U03800,F,24,0,기타
U03801,F,39,2,경기
U03802,M,34,0,서울
U03803,F,27,1,서울
U03804,F,38,2,기타
U03805,M,33,2,기타
U03806,M,29,0,서울
U03807,M,31,1,서울
U03808,F,29,0,기타
U03809,M,32,3,경기
U03810,F,35,1,서울
U03811,M,25,0,기타
U03812,M,37,3,서울
U03813,F,33,2,기타
U03814,M,29,1,경기
U03815,M,33,1,서울
U03816,F,27,1,서울
U03817,F,37,0,기타
U03818,M,22,1,기타
U03819,M,29,1,경기
U03820,F,33,3,경기
U03821,M,18,1,서울
U03822,F,30,0,서울
U03823,M,32,1,경기
U03824,M,24,0,서울
U03825,F,45,1,서울
U03826,M,21,0,서울
U03827,F,31,0,서울
U03828,M,37,0,서울
U03829,F,24,0,기타
U03830,F,35,0,경기
U03831,M,33,0,기타
U03832,F,34,1,서울
U03833,M,19,1,서울
U03834,F,25,0,경기
U03835,M,34,1,서울
U03836,M,22,0,기타
U03837,M,36,0,서울
U03838,F,32,0,기타
U03839,M,21,1,경기
U03840,F,26,1,기타
U03841,M,31,2,경기
U03842,M,30,3,경기
U03843,F,39,0,기타
U03844,M,23,1,기타
U03845,F,29,0,서울
U03846,M,30,1,서울
U03847,F,33,1,경기
U03848,M,36,1,경기
U03849,F,30,1,서울
U03850,M,36,2,서울
U03851,M,34,0,기타
U03852,F,24,0,기타
U03853,F,24,0,기타
U03854,F,30,0,서울
U03855,M,31,0,서울
U03856,F,28,0,서울
U03857,M,29,0,서울
U03858,M,28,0,서울
U03859,M,20,0,기타
U03860,M,35,1,서울
U03861,M,23,2,서울
U03862,F,25,1,기타
U03863,F,31,1,경기
U03864,F,33,1,경기
U03865,F,30,1,서울
U03866,F,26,1,서울
U03867,M,24,0,기타
U03868,M,32,1,서울
U03869,F,36,0,기타
U03870,M,26,1,경기
U03871,M,27,3,기타
U03872,M,33,2,기타
U03873,F,24,1,서울
U03874,M,32,2,서울
U03875,F,29,0,서울
U03876,F,28,0,기타
U03877,F,26,1,경기
U03878,F,36,3,경기
U03879,M,25,0,기타
U03880,F,37,2,서울
U03881,M,42,1,기타
U03882,F,21,2,서울
U03883,M,27,3,경기
U03884,M,18,3,기타
U03885,M,23,3,경기
U03886,M,40,3,기타
U03887,M,28,0,기타
U03888,M,32,1,서울
U03889,F,33,1,기타
U03890,M,31,3,기타
U03891,M,39,2,기타
U03892,F,28,0,경기
U03893,M,32,0,기타
U03894,M,23,2,서울
U03895,M,25,2,서울
U03896,F,28,1,경기
U03897,M,30,0,서울
U03898,M,44,0,서울
U03899,M,30,1,경기
U03900,F,21,2,서울
U03901,F,24,0,경기
U03902,M,42,0,서울
U03903,F,29,0,기타
U03904,F,33,2,서울
U03905,F,31,1,기타
U03906,M,30,2,서울
U03907,F,34,2,서울
U03908,F,31,1,경기
U03909,F,24,0,기타
U03910,F,19,0,경기
U03911,M,34,1,경기
U03912,F,28,0,서울
U03913,F,33,0,경기
U03914,F,45,0,기타
U03915,M,23,1,기타
U03916,M,26,0,서울
U03917,M,42,2,기타
U03918,F,31,0,서울
U03919,M,33,1,서울
U03920,M,27,1,기타
U03921,F,36,2,기타
U03922,M,34,2,기타
U03923,M,36,3,서울
U03924,F,22,1,서울
U03925,M,31,0,경기
U03926,M,20,0,경기
U03927,F,25,2,기타
U03928,F,26,0,경기
U03929,F,32,0,경기
U03930,F,34,0,기타
U03931,M,32,1,서울
U03932,F,29,0,서울
U03933,F,25,0,기타
U03934,M,21,3,기타
U03935,M,30,0,서울
U03936,F,31,2,서울
U03937,M,50,0,서울
U03938,F,30,0,기타
U03939,M,19,1,기타
U03940,M,25,0,기타
U03941,M,19,3,기타
U03942,F,25,0,경기
U03943,F,28,0,경기
U03944,F,31,0,경기
U03945,F,26,0,경기
U03946,M,32,1,경기
U03947,M,27,0,서울
U03948,F,42,1,경기
U03949,M,27,1,기타
U03950,M,26,0,경기
U03951,M,26,3,기타
U03952,M,24,2,경기
U03953,M,25,1,경기
U03954,M,30,0,경기
U03955,F,33,3,서울
U03956,M,19,0,경기
U03957,F,18,1,기타
U03958,M,21,0,서울
U03959,M,33,2,서울
U03960,F,32,2,서울
U03961,M,31,2,기타
U03962,M,19,1,경기
U03963,M,22,0,기타
U03964,F,30,2,서울
U03965,F,32,0,기타
U03966,M,27,1,기타
U03967,F,24,0,경기
U03968,M,28,1,서울
U03969,M,37,3,경기
U03970,F,40,0,서울
U03971,M,28,0,경기
U03972,M,38,0,기타
U03973,F,18,2,서울
U03974,M,26,0,서울
U03975,M,26,0,서울
U03976,M,34,0,서울
U03977,M,31,0,서울
U03978,F,34,1,서울
U03979,M,31,1,경기
U03980,F,26,0,경기
U03981,M,26,1,서울
U03982,F,23,0,서울
U03983,M,24,0,경기
U03984,F,48,0,경기
U03985,M,40,1,경기
U03986,M,37,0,서울
U03987,M,30,0,경기
U03988,F,22,0,기타
U03989,M,37,0,서울
U03990,M,39,0,경기
U03991,M,27,0,기타
U03992,M,31,1,기타
U03993,F,21,0,기타
U03994,F,32,1,기타
U03995,M,32,2,서울
U03996,M,21,0,서울
U03997,M,24,0,서울
U03998,M,22,1,경기
U03999,M,34,2,경기
U04000,M,38,2,서울
U04001,F,30,1,경기
U04002,M,44,2,기타
U04003,F,29,1,경기
U04004,M,32,1,기타
U04005,M,26,2,기타
U04006,M,24,0,기타
U04007,M,39,2,경기
U04008,F,31,0,경기
U04009,M,26,0,서울
U04010,F,28,2,경기
U04011,F,31,1,경기
U04012,F,24,0,경기
U04013,F,27,0,경기
U04014,M,31,0,기타
U04015,F,30,0,경기
U04016,M,29,0,서울
U04017,F,43,0,기타
U04018,F,25,0,서울
U04019,F,36,1,기타
U04020,F,38,1,경기
U04021,F,27,0,경기
U04022,M,28,3,기타
U04023,M,42,0,기타
U04024,F,31,0,서울
U04025,F,46,1,기타
U04026,M,24,0,서울
U04027,M,34,1,서울
U04028,F,31,2,서울
U04029,M,31,0,경기
U04030,M,31,1,서울
U04031,M,18,0,경기
U04032,M,26,2,경기
U04033,F,35,1,서울
U04034,F,28,0,경기
U04035,M,33,2,서울
U04036,F,38,0,서울
U04037,F,28,2,서울
U04038,M,18,0,서울
U04039,F,30,0,서울
U04040,F,32,2,기타
U04041,F,30,0,기타
U04042,M,36,1,기타
U04043,M,27,0,서울
U04044,M,23,2,서울
U04045,F,38,1,기타
U04046,M,26,0,경기
U04047,M,26,1,경기
U04048,M,25,0,경기
U04049,F,22,0,기타
U04050,M,43,3,경기
U04051,M,31,1,서울
U04052,M,40,1,서울
U04053,M,50,0,기타
U04054,M,31,3,서울
U04055,F,28,1,경기
U04056,F,26,0,경기
U04057,F,24,0,기타
U04058,F,24,0,서울
U04059,F,18,2,서울
U04060,M,31,0,서울
U04061,M,30,0,경기
U04062,M,33,1,서울
U04063,F,30,0,경기
U04064,M,27,0,서울
U04065,M,21,2,서울
U04066,M,33,3,기타
U04067,F,23,0,서울
U04068,M,29,0,서울
U04069,F,28,2,경기
U04070,F,29,0,서울
U04071,F,21,0,기타
U04072,M,26,2,서울
U04073,F,25,0,경기
U04074,F,30,1,기타
U04075,M,25,0,경기
U04076,M,33,1,서울
U04077,F,43,1,기타
U04078,M,35,2,기타
U04079,M,26,0,기타
U04080,M,28,3,경기
U04081,F,31,1,경기
U04082,F,22,0,경기
U04083,M,26,0,경기
U04084,F,25,2,경기
U04085,M,26,1,서울
U04086,M,42,0,경기
U04087,M,22,0,서울
U04088,F,43,0,경기
U04089,F,24,0,기타
U04090,M,19,2,서울
U04091,M,36,1,서울
U04092,M,32,0,경기
U04093,M,32,0,서울
U04094,M,19,1,서울
U04095,F,30,0,경기
U04096,M,31,0,경기
U04097,F,36,3,경기
U04098,M,31,0,기타
U04099,F,18,3,경기
U04100,F,30,2,서울
U04101,F,36,0,경기
U04102,M,26,0,서울
U04103,F,31,0,경기
U04104,M,33,2,기타
U04105,M,31,1,경기
U04106,M,18,2,기타
U04107,M,29,0,기타
U04108,F,21,0,경기
U04109,M,29,2,서울
U04110,M,30,1,기타
U04111,F,31,0,경기
U04112,F,31,0,경기
U04113,M,23,2,경기
U04114,M,30,1,서울
U04115,M,37,0,서울
U04116,M,25,0,서울
U04117,F,32,0,경기
U04118,F,28,2,기타
U04119,M,39,1,서울
U04120,F,21,0,서울
U04121,M,30,0,기타
U04122,M,37,2,경기
U04123,F,24,1,서울
U04124,M,37,2,경기
U04125,M,27,1,경기
U04126,M,31,0,서울
U04127,F,25,0,서울
U04128,M,28,0,기타
U04129,M,22,1,서울
U04130,F,35,0,기타
U04131,M,34,0,서울
U04132,M,24,2,서울
U04133,F,33,1,경기
U04134,F,33,0,경기
U04135,M,31,1,서울
U04136,M,43,0,서울
U04137,M,28,3,경기
U04138,F,26,2,서울
U04139,F,33,0,기타
U04140,M,29,1,기타
U04141,M,38,0,기타
U04142,M,28,0,서울
U04143,F,29,0,기타
U04144,M,34,0,서울
U04145,F,34,1,서울
U04146,F,48,0,서울
U04147,M,34,2,기타
U04148,M,22,0,경기
U04149,F,41,0,기타
U04150,M,27,1,경기
U04151,M,22,1,서울
U04152,F,24,0,기타
U04153,F,29,0,경기
U04154,F,29,1,경기
U04155,M,47,1,서울
U04156,F,24,1,기타
U04157,F,36,0,경기
U04158,M,38,3,서울
U04159,F,24,0,서울
U04160,M,34,0,경기
U04161,F,24,0,서울
U04162,F,28,2,기타
U04163,F,25,0,경기
U04164,M,22,2,기타
U04165,M,41,1,경기
U04166,M,37,0,서울
U04167,F,29,1,기타
U04168,M,32,0,기타
U04169,F,29,0,기타
U04170,F,25,0,서울
U04171,F,35,0,기타
U04172,F,31,0,서울
U04173,M,30,1,서울
U04174,M,35,1,기타
U04175,F,25,1,서울
U04176,M,39,0,경기
U04177,F,29,0,경기
U04178,M,30,2,기타
U04179,F,40,0,기타
U04180,F,26,2,기타
U04181,M,30,0,서울
U04182,M,24,0,기타
U04183,F,25,0,경기
U04184,M,25,2,기타
U04185,M,37,2,경기
U04186,F,35,1,경기
U04187,F,34,0,경기
U04188,F,21,1,서울
U04189,F,33,0,서울
U04190,M,33,0,기타
U04191,M,34,2,서울
U04192,M,34,1,서울
U04193,M,38,0,경기
U04194,F,21,1,경기
U04195,F,24,3,경기
U04196,M,33,0,서울
U04197,F,30,0,경기
U04198,F,33,0,기타
U04199,M,25,0,서울
U04200,M,26,1,경기
U04201,M,28,0,서울
U04202,M,31,0,경기
U04203,F,34,1,경기
U04204,M,31,0,서울
U04205,F,30,2,서울
U04206,M,31,0,경기
U04207,M,29,0,서울
U04208,F,18,1,경기
U04209,F,26,0,기타
U04210,M,30,3,서울
U04211,M,37,0,경기
U04212,F,32,0,기타
U04213,M,18,2,경기
U04214,F,32,0,경기
U04215,M,26,1,기타
U04216,F,24,3,기타
U04217,M,31,1,경기
U04218,F,31,0,경기
U04219,F,27,0,경기
U04220,M,29,1,경기
U04221,F,33,3,서울
U04222,M,26,2,서울
U04223,F,37,2,서울
U04224,F,30,1,서울
U04225,F,32,0,경기
U04226,F,29,1,기타
U04227,M,25,1,경기
U04228,F,30,0,기타
U04229,F,18,0,서울
U04230,M,29,2,기타
U04231,F,39,1,경기
U04232,M,34,1,경기
U04233,M,30,1,기타
U04234,M,37,0,경기
U04235,F,32,1,경기
U04236,F,33,1,기타
U04237,M,28,1,경기
U04238,M,28,1,서울
U04239,F,30,1,경기
U04240,M,28,1,기타
U04241,M,20,0,기타
U04242,M,25,1,기타
U04243,F,34,2,서울
U04244,F,29,2,경기
U04245,F,33,0,경기
U04246,M,25,3,서울
U04247,F,26,1,서울
U04248,M,36,0,경기
U04249,F,35,0,서울
U04250,F,30,0,서울
U04251,M,28,2,서울
U04252,M,36,1,기타
U04253,F,35,2,기타
U04254,M,30,0,경기
U04255,F,31,0,기타
U04256,M,32,0,서울
U04257,M,32,0,서울
U04258,M,30,0,경기
U04259,M,28,0,경기
U04260,M,35,0,경기
U04261,M,29,0,기타
U04262,M,35,3,경기
U04263,F,23,0,서울
U04264,F,27,0,경기
U04265,M,25,0,경기
U04266,M,22,1,서울
U04267,M,33,0,기타
U04268,F,30,1,기타
U04269,M,31,0,경기
U04270,M,31,0,서울
U04271,F,29,0,기타
U04272,F,28,0,경기
U04273,M,33,0,기타
U04274,M,34,0,경기
U04275,F,30,3,경기
U04276,M,40,0,서울
U04277,F,32,0,기타
U04278,F,35,0,경기
U04279,F,34,1,기타
U04280,M,28,1,서울
U04281,F,33,0,기타
U04282,M,29,0,서울
U04283,F,25,1,서울
U04284,F,35,0,경기
U04285,M,32,1,경기
U04286,M,29,0,경기
U04287,F,31,1,서울
U04288,F,29,2,경기
U04289,F,27,1,기타
U04290,M,28,1,기타
U04291,M,30,1,서울
U04292,M,25,2,서울
U04293,F,33,3,서울
U04294,M,24,0,서울
U04295,F,23,1,기타
U04296,M,29,0,서울
U04297,M,36,2,서울
U04298,F,34,0,기타
U04299,M,32,0,경기
U04300,F,25,0,경기
U04301,F,32,0,서울
U04302,M,37,0,기타
U04303,M,27,2,서울
U04304,M,35,0,기타
U04305,F,28,0,기타
U04306,M,31,0,기타
U04307,M,30,1,기타
U04308,M,31,0,기타
U04309,F,29,0,서울
U04310,M,31,2,기타
U04311,F,42,0,서울
U04312,M,25,0,기타
U04313,M,27,2,서울
U04314,M,28,0,서울
U04315,M,40,0,서울
U04316,M,32,1,기타
U04317,M,28,0,경기
U04318,M,33,0,서울
U04319,M,30,0,서울
U04320,M,27,0,경기
U04321,F,36,0,서울
U04322,M,35,1,서울
U04323,F,25,1,경기
U04324,M,29,0,경기
U04325,F,22,0,서울
U04326,M,29,0,서울
U04327,M,22,1,서울
U04328,M,23,2,기타
U04329,M,25,0,기타
U04330,F,30,0,서울
U04331,M,23,1,경기
U04332,F,28,0,기타
U04333,M,30,1,기타
U04334,M,31,0,기타
U04335,F,19,1,경기
U04336,M,24,0,기타
U04337,M,38,3,경기
U04338,F,31,0,서울
U04339,M,35,0,기타
U04340,F,28,0,기타
U04341,F,26,2,기타
U04342,M,19,0,기타
U04343,M,18,1,기타
U04344,M,26,1,서울
U04345,F,37,1,기타
U04346,F,42,0,서울
U04347,F,24,0,서울
U04348,F,27,0,경기
U04349,M,40,1,경기
U04350,F,18,0,서울
U04351,M,23,1,경기
U04352,F,27,2,경기
U04353,M,18,0,서울
U04354,M,39,0,서울
U04355,M,31,1,서울
U04356,F,30,0,기타
U04357,F,21,2,경기
U04358,M,35,1,기타
U04359,M,28,0,서울
U04360,F,24,0,서울
U04361,M,37,0,서울
U04362,F,21,1,서울
U04363,F,20,3,기타
U04364,M,26,0,경기
U04365,M,31,1,서울
U04366,F,19,1,경기
U04367,M,31,0,서울
U04368,M,33,0,경기
U04369,M,35,0,서울
U04370,M,27,2,서울
U04371,F,25,1,기타
U04372,M,30,0,기타
U04373,M,34,1,기타
U04374,F,39,0,서울
U04375,F,33,0,기타
U04376,M,35,0,서울
U04377,M,40,1,서울
U04378,M,26,3,기타
U04379,F,25,2,경기
U04380,M,38,0,경기
U04381,M,20,2,서울
U04382,F,32,3,경기
U04383,F,31,0,기타
U04384,M,38,2,서울
U04385,M,31,3,경기
U04386,M,39,1,서울
U04387,M,30,1,서울
U04388,F,27,2,서울
U04389,F,34,0,서울
U04390,F,21,2,경기
U04391,M,23,0,서울
U04392,M,18,2,기타
U04393,F,40,0,경기
U04394,M,27,0,서울
U04395,F,34,0,경기
U04396,M,25,2,서울
U04397,F,22,0,서울
U04398,M,26,1,기타
U04399,M,40,1,서울
U04400,M,41,0,기타
U04401,M,30,0,기타
U04402,M,22,0,서울
U04403,M,30,1,기타
U04404,F,32,0,경기
U04405,F,29,0,기타
U04406,F,25,1,서울
U04407,F,24,0,경기
U04408,M,32,3,기타
U04409,M,27,0,기타
U04410,F,30,0,서울
U04411,F,32,2,서울
U04412,F,21,1,기타
U04413,M,33,1,기타
U04414,F,27,1,기타
U04415,F,33,0,서울
U04416,M,21,2,서울
U04417,M,33,0,서울
U04418,M,24,1,기타
U04419,F,38,1,기타
U04420,F,27,3,경기
U04421,F,27,2,경기
U04422,F,38,0,기타
U04423,F,40,0,기타
U04424,M,30,1,서울
U04425,F,31,0,경기
U04426,M,21,1,경기
U04427,M,32,2,서울
U04428,M,26,1,경기
U04429,M,25,0,경기
U04430,F,29,0,기타
U04431,M,25,2,경기
U04432,F,33,2,경기
U04433,F,18,0,서울
U04434,F,23,0,기타
U04435,M,37,1,경기
U04436,F,38,1,서울
U04437,M,31,2,경기
U04438,M,37,1,서울
U04439,F,38,3,경기
U04440,M,28,2,경기
U04441,M,32,0,서울
U04442,M,26,0,기타
U04443,F,32,0,서울
U04444,M,40,1,경기
U04445,F,24,0,경기
U04446,F,25,0,경기
U04447,F,21,1,서울
U04448,M,29,2,기타
U04449,F,26,1,기타
U04450,F,27,0,기타
U04451,F,37,1,기타
U04452,M,26,1,서울
U04453,F,39,3,기타
U04454,M,20,2,기타
U04455,M,30,0,기타
U04456,M,33,1,서울
U04457,M,30,0,기타
U04458,M,31,0,기타
U04459,F,27,0,경기
U04460,F,31,1,서울
U04461,M,34,1,기타
U04462,M,24,2,경기
U04463,M,32,0,경기
U04464,F,25,0,기타
U04465,F,34,0,기타
U04466,M,21,2,서울
U04467,M,30,1,서울
U04468,M,32,0,기타
U04469,F,37,1,경기
U04470,M,23,0,경기
U04471,M,21,1,기타
U04472,F,38,1,경기
U04473,F,28,3,기타
U04474,F,37,0,기타
U04475,M,18,0,서울
U04476,M,42,1,서울
U04477,F,24,0,경기
U04478,M,30,0,경기
U04479,F,36,0,서울
U04480,M,27,0,서울
U04481,F,32,0,서울
U04482,M,23,3,경기
U04483,F,22,0,서울
U04484,F,24,3,기타
U04485,M,35,0,기타
U04486,M,21,2,서울
U04487,F,27,0,서울
U04488,M,27,0,서울
U04489,M,21,3,경기
U04490,F,29,2,서울
U04491,F,29,2,서울
U04492,F,40,0,경기
U04493,M,26,2,기타
U04494,M,34,0,서울
U04495,M,25,2,경기
U04496,M,25,1,서울
U04497,M,30,1,서울
U04498,M,28,1,서울
U04499,M,33,2,기타
U04500,F,38,2,경기
U04501,F,38,2,서울
U04502,M,29,2,경기
U04503,F,23,1,서울
U04504,F,22,1,기타
U04505,M,40,0,기타
U04506,F,33,0,서울
U04507,M,34,0,기타
U04508,M,35,3,기타
U04509,M,26,0,경기
U04510,M,26,0,서울
U04511,M,18,0,서울
U04512,F,35,0,경기
U04513,F,28,0,기타
U04514,M,29,1,서울
U04515,M,31,0,서울
U04516,M,36,0,경기
U04517,F,31,0,기타
U04518,M,34,0,서울
U04519,F,26,1,기타
U04520,F,30,0,기타
U04521,M,32,2,서울
U04522,F,21,1,기타
U04523,F,35,0,경기
U04524,F,29,2,경기
U04525,F,32,1,기타
U04526,F,30,1,기타
U04527,M,32,0,서울
U04528,M,30,0,기타
U04529,F,29,0,서울
U04530,M,31,0,기타
U04531,F,23,1,경기
U04532,M,34,3,서울
U04533,F,26,0,서울
U04534,M,38,0,서울
U04535,M,26,0,경기
U04536,F,28,1,기타
U04537,F,28,1,서울
U04538,F,33,1,경기
U04539,M,45,3,서울
U04540,M,32,0,서울
U04541,F,23,0,서울
U04542,M,38,0,서울
U04543,F,33,1,경기
U04544,M,29,1,기타
U04545,M,31,0,서울
U04546,M,18,1,서울
U04547,F,40,1,기타
U04548,F,25,0,기타
U04549,M,18,1,경기
U04550,M,29,1,기타
U04551,F,29,0,서울
U04552,F,24,3,서울
U04553,M,27,3,기타
U04554,M,36,1,기타
U04555,M,31,0,경기
U04556,M,40,3,경기
U04557,F,32,1,서울
U04558,M,20,0,서울
U04559,M,23,2,경기
U04560,M,35,1,서울
U04561,M,39,1,기타
U04562,M,34,1,서울
U04563,M,31,0,기타
U04564,M,37,0,경기
U04565,F,32,0,서울
U04566,M,39,1,서울
U04567,M,27,0,서울
U04568,F,28,1,서울
U04569,M,35,0,경기
U04570,M,26,2,서울
U04571,F,29,1,서울
U04572,F,24,1,기타
U04573,F,28,2,경기
U04574,F,30,2,기타
U04575,F,23,2,경기
U04576,F,32,0,경기
U04577,F,34,0,기타
U04578,M,32,0,경기
U04579,F,30,2,기타
U04580,F,26,1,경기
U04581,M,20,0,경기
U04582,M,31,0,서울
U04583,F,30,0,경기
U04584,F,22,1,서울
U04585,F,30,0,기타
U04586,M,26,0,기타
U04587,M,18,0,서울
U04588,M,35,2,기타
U04589,M,31,0,서울
U04590,M,18,1,서울
U04591,F,30,0,기타
U04592,F,34,0,기타
U04593,M,35,2,기타
U04594,M,39,2,기타
U04595,F,26,2,경기
U04596,M,33,2,경기
U04597,F,33,0,기타
U04598,F,42,2,서울
U04599,F,33,3,경기
U04600,M,31,0,경기
U04601,M,23,1,경기
U04602,M,29,0,서울
U04603,F,27,1,서울
U04604,F,36,1,기타
U04605,F,32,1,기타
U04606,F,22,0,경기
U04607,F,29,0,서울
U04608,F,26,0,기타
U04609,F,30,0,경기
U04610,F,35,2,서울
U04611,M,26,0,서울
U04612,M,39,1,기타
U04613,F,22,0,서울
U04614,F,23,0,서울
U04615,M,32,0,기타
U04616,F,22,3,기타
U04617,F,32,0,서울
U04618,M,29,0,경기
U04619,M,38,0,기타
U04620,M,25,0,경기
U04621,M,25,0,경기
U04622,F,35,0,서울
U04623,M,32,0,서울
U04624,F,22,1,기타
U04625,F,22,2,서울
U04626,M,26,1,기타
U04627,F,37,1,서울
U04628,F,31,1,서울
U04629,M,20,0,서울
U04630,F,18,0,서울
U04631,F,38,1,경기
U04632,F,28,0,서울
U04633,F,22,2,경기
U04634,M,28,0,서울
U04635,M,24,0,기타
U04636,M,21,0,경기
U04637,M,29,0,기타
U04638,F,18,1,서울
U04639,F,22,1,서울
U04640,M,31,1,서울
U04641,M,35,1,기타
U04642,F,30,0,서울
U04643,M,24,0,서울
U04644,M,31,0,기타
U04645,M,19,2,경기
U04646,M,27,0,기타
U04647,F,23,0,서울
U04648,F,33,1,기타
U04649,M,25,0,서울
U04650,F,33,0,기타
U04651,F,26,2,기타
U04652,F,24,1,서울
U04653,M,36,1,기타
U04654,F,37,1,경기
U04655,M,35,0,서울
U04656,M,30,0,서울
U04657,M,29,3,서울
U04658,F,30,0,경기
U04659,M,31,1,기타
U04660,M,18,1,경기
U04661,M,27,3,서울
U04662,M,34,0,경기
U04663,F,36,0,경기
U04664,F,29,1,서울
U04665,F,42,0,경기
U04666,M,36,1,기타
U04667,F,30,2,기타
U04668,F,21,0,서울
U04669,M,35,0,서울
U04670,M,24,1,기타
U04671,M,37,2,서울
U04672,F,32,0,기타
U04673,M,47,0,서울
U04674,M,29,0,기타
U04675,M,30,0,기타
U04676,F,36,0,경기
U04677,M,38,0,경기
U04678,M,36,0,경기
U04679,F,24,0,경기
U04680,M,30,0,기타
U04681,M,33,2,경기
U04682,F,33,0,서울
U04683,M,21,0,서울
U04684,M,24,1,서울
U04685,M,19,0,서울
U04686,M,23,0,기타
U04687,F,23,1,기타
U04688,M,32,0,기타
U04689,M,31,3,서울
U04690,F,28,1,서울
U04691,F,26,0,서울
U04692,F,24,1,기타
U04693,F,18,1,서울
U04694,M,29,1,기타
U04695,M,28,0,기타
U04696,M,31,0,경기
U04697,M,30,0,기타
U04698,M,29,0,경기
U04699,F,32,1,서울
U04700,M,29,1,기타
U04701,F,37,2,서울
U04702,M,26,1,기타
U04703,F,39,0,경기
U04704,M,33,1,경기
U04705,F,34,3,기타
U04706,M,26,2,서울
U04707,M,36,0,서울
U04708,F,27,0,경기
U04709,M,26,1,경기
U04710,M,26,1,서울
U04711,M,34,2,기타
U04712,M,36,0,기타
U04713,F,23,3,서울
U04714,M,24,0,서울
U04715,M,32,0,경기
U04716,F,37,0,경기
U04717,M,24,1,경기
U04718,M,28,2,서울
U04719,F,26,0,경기
U04720,F,27,3,서울
U04721,M,31,0,경기
U04722,M,26,0,경기
U04723,M,29,0,서울
U04724,M,26,1,서울
U04725,F,26,1,서울
U04726,M,27,1,경기
U04727,F,25,1,기타
U04728,F,37,3,서울
U04729,F,34,1,서울
U04730,F,27,0,서울
U04731,F,29,2,서울
U04732,M,22,0,서울
U04733,F,38,0,경기
U04734,M,24,1,경기
U04735,M,18,0,기타
U04736,F,35,0,기타
U04737,F,36,1,기타
U04738,M,23,0,경기
U04739,F,27,0,서울
U04740,F,37,1,서울
U04741,F,25,0,기타
U04742,F,32,1,서울
U04743,M,33,3,서울
U04744,M,39,2,기타
U04745,M,22,2,경기
U04746,F,35,3,기타
U04747,F,34,0,기타
U04748,M,32,0,서울
U04749,F,29,0,경기
U04750,F,27,0,서울
U04751,M,40,0,서울
U04752,F,30,0,서울
U04753,F,22,0,경기
U04754,M,24,0,서울
U04755,F,38,0,경기
U04756,F,29,0,서울
U04757,M,24,0,서울
U04758,F,29,1,경기
U04759,M,30,0,서울
U04760,M,37,1,경기
U04761,M,25,3,서울
U04762,M,26,2,경기
U04763,M,42,0,경기
U04764,F,23,0,경기
U04765,F,35,0,경기
U04766,F,37,0,서울
U04767,F,30,1,서울
U04768,M,26,0,서울
U04769,M,32,0,서울
U04770,M,25,1,서울
U04771,M,36,0,기타
U04772,F,40,2,서울
U04773,F,41,0,경기
U04774,M,37,1,기타
U04775,M,26,0,서울
U04776,M,33,1,기타
U04777,F,37,1,기타
U04778,F,50,1,서울
U04779,F,34,1,서울
U04780,M,29,2,경기
U04781,M,32,1,경기
U04782,F,36,1,경기
U04783,F,32,2,경기
U04784,M,31,0,기타
U04785,M,33,1,서울
U04786,M,24,3,기타
U04787,F,25,2,기타
U04788,F,35,0,서울
U04789,F,29,0,서울
U04790,M,28,2,서울
U04791,M,34,1,기타
U04792,F,37,2,경기
U04793,F,26,1,서울
U04794,M,27,0,경기
U04795,F,26,0,기타
U04796,F,21,0,기타
U04797,M,28,0,서울
U04798,M,37,2,기타
U04799,M,33,0,기타
U04800,M,31,0,기타
U04801,M,28,0,기타
U04802,M,20,2,기타
U04803,M,34,0,기타
U04804,M,30,0,경기
U04805,M,24,0,기타
U04806,M,21,1,서울
U04807,M,29,0,기타
U04808,M,40,2,기타
U04809,M,27,2,서울
U04810,F,37,0,서울
U04811,M,18,0,경기
U04812,M,28,0,서울
U04813,M,24,0,서울
U04814,F,29,1,경기
U04815,M,30,3,서울
U04816,M,22,1,서울
U04817,F,29,0,서울
U04818,M,27,0,경기
U04819,F,34,1,서울
U04820,F,33,0,기타
U04821,M,32,0,서울
U04822,M,41,0,서울
U04823,M,31,0,경기
U04824,F,26,1,경기
U04825,F,38,1,서울
U04826,M,37,0,경기
U04827,F,31,0,기타
U04828,M,36,0,서울
U04829,M,36,0,경기
U04830,M,38,0,서울
U04831,M,30,0,서울
U04832,M,31,0,경기
U04833,F,33,0,기타
U04834,F,38,2,기타
U04835,M,32,0,서울
U04836,M,27,0,기타
U04837,M,29,2,서울
U04838,F,27,0,기타
U04839,F,28,2,기타
U04840,F,33,2,기타
U04841,F,26,0,서울
U04842,M,32,1,서울
U04843,M,36,2,경기
U04844,M,18,1,경기
U04845,M,30,0,서울
U04846,M,36,1,기타
U04847,M,41,0,경기
U04848,F,25,0,기타
U04849,M,20,2,경기
U04850,M,32,1,경기
U04851,M,27,1,기타
U04852,M,32,1,서울
U04853,F,33,3,서울
U04854,M,31,0,기타
U04855,M,31,2,경기
U04856,F,30,2,경기
U04857,F,18,0,경기
U04858,M,35,0,기타
U04859,M,32,0,서울
U04860,M,31,1,기타
U04861,F,38,0,기타
U04862,M,28,1,기타
U04863,F,21,1,경기
U04864,F,25,3,서울
U04865,M,33,0,경기
U04866,F,47,3,기타
U04867,F,22,0,기타
U04868,F,20,0,서울
U04869,F,20,2,기타
U04870,F,21,3,서울
U04871,F,18,1,기타
U04872,M,37,2,기타
U04873,F,28,1,서울
U04874,M,31,0,경기
U04875,M,29,2,기타
U04876,M,27,3,기타
U04877,F,33,1,서울
U04878,F,33,1,경기
U04879,M,29,0,서울
U04880,M,28,2,서울
U04881,M,18,0,기타
U04882,F,27,1,경기
U04883,M,43,3,서울
U04884,M,27,0,기타
U04885,M,34,0,기타
U04886,F,29,3,서울
U04887,M,19,1,기타
U04888,F,30,2,경기
U04889,F,38,0,서울
U04890,M,18,1,경기
U04891,F,32,1,기타
U04892,M,32,2,서울
U04893,M,36,0,기타
U04894,F,33,0,서울
U04895,F,28,2,서울
U04896,M,35,0,서울
U04897,F,30,1,서울
U04898,F,25,0,경기
U04899,M,35,1,경기
U04900,M,35,1,서울
U04901,M,29,2,서울
U04902,F,34,0,기타
U04903,F,46,0,경기
U04904,F,36,2,기타
U04905,M,26,0,기타
U04906,M,23,1,기타
U04907,F,29,2,경기
U04908,M,30,0,서울
U04909,M,28,1,경기
U04910,F,24,1,기타
U04911,F,27,1,서울
U04912,F,22,0,서울
U04913,M,39,3,기타
U04914,F,34,0,서울
U04915,F,32,0,서울
U04916,M,20,1,서울
U04917,M,44,3,기타
U04918,F,33,1,경기
U04919,M,30,2,서울
U04920,M,31,0,서울
U04921,F,35,2,경기
U04922,F,28,0,서울
U04923,F,38,1,경기
U04924,F,35,1,기타
U04925,M,34,0,경기
U04926,F,30,2,경기
U04927,M,29,0,기타
U04928,F,31,1,경기
U04929,M,30,2,기타
U04930,F,26,0,경기
U04931,M,35,1,경기
U04932,M,24,1,서울
U04933,M,21,1,서울
U04934,M,30,2,경기
U04935,F,34,1,기타
U04936,M,38,0,서울
U04937,M,25,0,기타
U04938,M,32,0,경기
U04939,M,31,0,경기
U04940,F,39,0,서울
U04941,F,26,3,경기
U04942,M,35,1,서울
U04943,F,34,0,경기
U04944,M,34,1,경기
U04945,F,29,0,서울
U04946,M,27,1,서울
U04947,F,39,1,경기
U04948,M,37,0,경기
U04949,F,32,1,서울
U04950,M,22,1,서울
U04951,M,37,0,서울
U04952,F,30,0,기타
U04953,M,27,1,기타
U04954,M,28,1,경기
U04955,F,35,1,서울
U04956,M,30,1,서울
U04957,F,37,0,경기
U04958,M,32,0,경기
U04959,F,22,0,서울
U04960,F,42,0,기타
U04961,F,25,1,서울
U04962,M,25,1,경기
U04963,F,43,0,기타
U04964,F,35,1,기타
U04965,M,43,0,경기
U04966,F,32,0,경기
U04967,M,36,0,기타
U04968,F,37,0,서울
U04969,M,36,0,경기
U04970,M,28,1,서울
U04971,F,22,0,서울
U04972,F,33,0,서울
U04973,M,39,1,서울
U04974,M,22,1,서울
U04975,M,23,0,경기
U04976,M,34,2,기타
U04977,M,25,0,기타
U04978,F,39,0,서울
U04979,M,32,0,기타
U04980,F,27,1,서울
U04981,F,34,0,기타
U04982,M,30,0,서울
U04983,F,25,2,서울
U04984,M,29,0,경기
U04985,M,34,0,경기
U04986,M,25,1,기타
U04987,M,35,1,서울
U04988,M,26,0,서울
U04989,M,18,0,경기
U04990,M,41,0,서울
U04991,M,30,3,경기
U04992,M,23,0,기타
U04993,M,18,1,서울
U04994,M,29,3,서울
U04995,F,34,2,기타
U04996,M,37,0,경기
U04997,F,25,1,경기
U04998,F,32,0,경기
U04999,F,29,1,경기
U05000,F,34,0,경기
U05001,F,22,0,기타
U05002,M,35,1,경기
U05003,M,39,1,서울
U05004,F,39,0,서울
U05005,F,25,0,기타
U05006,F,28,0,경기
U05007,F,40,0,서울
U05008,M,22,1,서울
U05009,M,29,1,경기
U05010,F,26,1,기타
U05011,F,38,1,서울
U05012,F,39,0,경기
U05013,M,24,3,경기
U05014,F,33,0,기타
U05015,F,36,0,기타
U05016,M,35,0,경기
U05017,M,35,3,서울
U05018,F,30,0,경기
U05019,F,18,0,서울
U05020,F,23,0,서울
U05021,F,39,0,서울
U05022,M,31,0,서울
U05023,F,31,2,경기
U05024,M,33,1,기타
U05025,F,36,0,경기
U05026,F,25,0,기타
U05027,F,32,1,서울
U05028,M,21,0,서울
U05029,M,37,1,경기
U05030,M,22,0,기타
U05031,F,19,2,기타
U05032,M,37,1,경기
U05033,M,24,1,서울
U05034,M,30,1,서울
U05035,M,38,3,서울
U05036,M,32,2,경기
U05037,M,37,2,서울
U05038,F,26,0,기타
U05039,F,38,1,서울
U05040,M,18,3,기타
U05041,M,26,1,서울
U05042,F,24,1,서울
U05043,F,27,0,경기
U05044,F,20,1,서울
U05045,M,23,0,서울
U05046,F,20,0,경기
U05047,M,33,1,서울
U05048,M,27,1,기타
U05049,F,32,0,경기
U05050,M,33,0,경기
U05051,F,20,1,서울
U05052,F,24,1,서울
U05053,F,30,1,기타
U05054,F,28,1,경기
U05055,F,41,3,서울
U05056,F,41,2,기타
U05057,M,34,0,경기
U05058,F,31,1,경기
U05059,F,27,0,서울
U05060,M,35,0,경기
U05061,M,27,0,기타
U05062,F,34,2,기타
U05063,F,41,0,기타
U05064,M,29,2,기타
U05065,F,34,0,기타
U05066,F,25,0,경기
U05067,M,29,0,서울
U05068,M,29,0,경기
U05069,F,38,0,경기
U05070,F,38,0,서울
U05071,M,39,1,경기
U05072,M,37,3,기타
U05073,M,31,0,기타
U05074,F,37,1,기타
U05075,M,29,0,경기
U05076,F,19,2,기타
U05077,F,38,2,기타
U05078,F,35,0,경기
U05079,M,34,0,서울
U05080,M,39,0,경기
U05081,M,35,3,기타
U05082,F,25,0,경기
U05083,M,27,2,서울
U05084,F,19,1,기타
U05085,M,25,2,기타
U05086,M,40,0,서울
U05087,M,32,2,서울
U05088,F,30,0,서울
U05089,M,26,1,기타
U05090,F,33,0,서울
U05091,F,23,1,기타
U05092,F,30,0,서울
U05093,F,31,1,기타
U05094,F,31,3,기타
U05095,M,28,1,서울
U05096,F,39,0,기타
U05097,M,28,2,서울
U05098,F,25,1,기타
U05099,F,34,2,서울
U05100,M,36,1,서울
U05101,F,22,1,경기
U05102,M,30,1,서울
U05103,M,42,0,서울
U05104,M,30,2,경기
U05105,M,30,0,경기
U05106,M,43,0,기타
U05107,F,28,0,서울
U05108,F,42,1,기타
U05109,F,22,0,서울
U05110,M,34,2,기타
U05111,M,27,3,기타
U05112,M,34,2,서울
U05113,M,23,0,서울
U05114,M,18,0,서울
U05115,M,30,1,기타
U05116,M,21,1,서울
U05117,M,30,0,기타
U05118,F,20,0,서울
U05119,M,24,0,경기
U05120,M,27,2,경기
U05121,M,33,0,기타
U05122,M,22,1,서울
U05123,M,22,0,기타
U05124,M,36,2,서울
U05125,M,19,0,서울
U05126,M,30,0,서울
U05127,M,32,0,서울
U05128,F,30,0,서울
U05129,M,37,0,기타
U05130,M,32,0,서울
U05131,F,21,1,서울
U05132,F,31,0,서울
U05133,M,25,2,서울
U05134,M,33,1,서울
U05135,F,22,0,서울
U05136,M,28,0,서울
U05137,F,28,0,서울
U05138,F,34,0,서울
U05139,M,30,0,서울
U05140,M,26,2,기타
U05141,F,29,0,경기
U05142,M,31,0,서울
U05143,M,30,1,서울
U05144,F,29,0,기타
U05145,M,39,1,서울
U05146,F,18,0,서울
U05147,F,31,0,서울
U05148,F,30,0,서울
U05149,F,23,0,기타
U05150,M,35,1,경기
U05151,M,30,1,서울
U05152,M,18,2,기타
U05153,F,28,1,경기
U05154,M,28,1,경기
U05155,M,43,1,서울
U05156,F,28,1,기타
U05157,F,29,0,경기
U05158,M,36,0,서울
U05159,M,23,3,경기
U05160,M,34,0,서울
U05161,M,33,2,기타
U05162,F,26,2,서울
U05163,M,29,1,서울
U05164,M,30,0,서울
U05165,M,37,1,기타
U05166,F,35,1,기타
U05167,F,22,1,서울
U05168,F,28,1,경기
U05169,M,18,0,서울
U05170,M,18,0,기타
U05171,F,21,0,기타
U05172,M,26,1,서울
U05173,F,33,0,서울
U05174,M,33,0,경기
U05175,M,32,1,경기
U05176,M,29,0,기타
U05177,F,30,0,기타
U05178,F,18,2,서울
U05179,M,29,0,서울
U05180,M,26,0,기타
U05181,M,32,2,서울
U05182,M,29,0,경기
U05183,F,30,0,경기
U05184,F,20,0,기타
U05185,M,34,0,기타
U05186,F,27,2,기타
U05187,M,26,0,기타
U05188,F,30,1,기타
U05189,M,24,0,기타
U05190,M,27,1,기타
U05191,F,23,1,기타
U05192,M,24,1,경기
U05193,F,26,2,서울
U05194,F,36,0,경기
U05195,M,18,0,기타
U05196,F,32,1,기타
U05197,M,32,0,서울
U05198,F,26,0,경기
U05199,M,34,1,서울
U05200,F,38,1,서울
U05201,F,32,1,서울
U05202,F,38,0,서울
U05203,M,28,3,경기
U05204,F,22,0,경기
U05205,M,28,1,경기
U05206,M,31,2,서울
U05207,F,40,0,기타
U05208,M,19,1,기타
U05209,M,30,0,경기
U05210,F,28,2,서울
U05211,M,31,0,서울
U05212,F,27,0,서울
U05213,F,48,0,서울
U05214,M,33,1,경기
U05215,F,34,0,서울
U05216,F,34,1,서울
U05217,M,24,1,경기
U05218,M,38,0,경기
U05219,M,29,1,기타
U05220,M,31,1,경기
U05221,M,41,0,경기
U05222,F,30,1,경기
U05223,M,37,0,경기
U05224,M,40,2,경기
U05225,F,26,2,서울
U05226,F,40,0,경기
U05227,M,37,0,경기
U05228,M,30,0,서울
U05229,M,28,0,경기
U05230,M,50,1,기타
U05231,M,36,2,기타
U05232,M,27,0,경기
U05233,F,34,1,서울
U05234,F,33,0,경기
U05235,F,21,1,경기
U05236,F,27,1,서울
U05237,F,34,0,서울
U05238,F,31,3,경기
U05239,F,28,0,서울
U05240,M,21,1,경기
U05241,M,23,2,서울
U05242,M,22,0,기타
U05243,M,28,3,경기
U05244,F,22,2,서울
U05245,M,37,1,경기
U05246,M,29,0,경기
U05247,M,24,2,기타
U05248,F,26,0,기타
U05249,M,35,0,경기
U05250,F,26,3,경기
U05251,M,22,0,경기
U05252,F,21,0,기타
U05253,F,33,1,서울
U05254,M,31,0,기타
U05255,F,44,0,서울
U05256,M,30,0,기타
U05257,F,27,0,서울
U05258,M,23,1,경기
U05259,M,34,3,서울
U05260,F,33,0,기타
U05261,F,40,0,기타
U05262,F,18,0,경기
U05263,F,18,0,기타
U05264,F,39,0,서울
U05265,F,35,0,서울
U05266,M,31,1,기타
U05267,F,31,1,경기
U05268,M,31,0,기타
U05269,M,29,0,서울
U05270,F,36,1,기타
U05271,F,32,2,경기
U05272,M,26,0,기타
U05273,M,29,0,경기
U05274,F,35,2,경기
U05275,M,22,2,경기
U05276,M,36,1,기타
U05277,M,32,0,서울
U05278,F,44,0,서울
U05279,M,29,0,서울
U05280,M,29,2,기타
U05281,F,42,1,경기
U05282,F,35,3,경기
U05283,F,43,0,서울
U05284,F,23,3,기타
U05285,F,36,1,경기
U05286,M,23,2,서울
U05287,M,32,3,기타
U05288,F,25,0,서울
U05289,M,31,0,경기
U05290,M,27,0,서울
U05291,M,35,1,서울
U05292,M,37,0,서울
U05293,M,20,1,서울
U05294,M,30,2,기타
U05295,M,31,0,서울
U05296,M,32,1,경기
U05297,M,34,2,서울
U05298,M,29,0,경기
U05299,M,32,2,서울
U05300,F,34,1,서울
U05301,F,36,0,기타
U05302,M,31,0,경기
U05303,M,29,1,서울
U05304,M,34,3,기타
U05305,M,20,1,서울
U05306,F,36,0,기타
U05307,M,33,1,경기
U05308,M,24,0,경기
U05309,M,31,0,서울
U05310,F,29,0,서울
U05311,M,30,0,서울
U05312,M,44,0,기타
U05313,M,26,0,경기
U05314,M,38,0,서울
U05315,F,28,0,기타
U05316,F,33,2,서울
U05317,F,36,1,서울
U05318,M,36,3,서울
U05319,F,31,1,기타
U05320,M,26,2,경기
U05321,F,18,2,경기
U05322,F,19,1,서울
U05323,M,36,2,경기
U05324,M,20,1,경기
U05325,F,35,0,서울
U05326,M,37,1,기타
U05327,M,31,0,서울
U05328,M,31,2,경기
U05329,M,24,3,경기
U05330,F,31,0,경기
U05331,M,37,0,경기
U05332,F,32,0,경기
U05333,F,28,1,서울
U05334,M,30,3,기타
U05335,F,36,0,서울
U05336,F,30,1,기타
U05337,M,33,0,서울
U05338,F,37,1,서울
U05339,F,39,1,서울
U05340,F,32,2,기타
U05341,M,32,0,경기
U05342,F,28,0,경기
U05343,F,25,1,경기
U05344,M,34,0,기타
U05345,F,34,1,서울
U05346,F,29,0,경기
U05347,F,18,0,경기
U05348,F,37,1,서울
U05349,F,24,1,기타
U05350,F,34,2,서울
U05351,F,25,0,기타
U05352,F,28,2,기타
U05353,M,37,2,경기
U05354,M,23,0,서울
U05355,M,25,0,기타
U05356,F,29,0,서울
U05357,M,40,2,경기
U05358,M,35,1,서울
U05359,M,32,0,서울
U05360,M,27,1,서울
U05361,M,46,0,서울
U05362,F,34,1,서울
U05363,F,34,0,서울
U05364,M,30,2,경기
U05365,M,37,0,서울
U05366,M,33,0,서울
U05367,F,46,1,서울
U05368,F,38,0,기타
U05369,M,34,1,서울
U05370,M,37,0,기타
U05371,F,26,1,서울
U05372,M,33,0,서울
U05373,F,18,1,서울
U05374,F,27,1,경기
U05375,M,32,0,서울
U05376,M,30,2,기타
U05377,M,25,0,서울
U05378,F,30,0,서울
U05379,F,25,1,경기
U05380,F,39,1,경기
U05381,M,30,0,기타
U05382,M,32,0,서울
U05383,F,26,1,기타
U05384,M,26,2,서울
U05385,F,30,1,기타
U05386,F,35,1,서울
U05387,M,41,1,기타
U05388,F,27,2,서울
U05389,M,31,3,경기
U05390,F,35,2,서울
U05391,F,23,0,기타
U05392,F,26,0,서울
U05393,F,29,0,경기
U05394,F,34,0,경기
U05395,F,38,0,경기
U05396,M,29,3,기타
U05397,F,24,0,기타
U05398,F,40,0,경기
U05399,M,22,0,서울
U05400,F,43,1,경기
U05401,M,27,1,경기
U05402,F,18,1,서울
U05403,F,27,0,서울
U05404,M,28,1,서울
U05405,M,28,0,경기
U05406,M,33,2,기타
U05407,M,30,0,기타
U05408,F,41,1,경기
U05409,F,32,0,기타
U05410,F,37,2,서울
U05411,M,37,0,기타
U05412,F,30,0,기타
U05413,M,33,0,서울
U05414,M,18,1,서울
U05415,F,26,1,경기
U05416,M,24,0,경기
U05417,M,41,1,경기
U05418,F,28,2,서울
U05419,F,37,0,기타
U05420,F,32,2,서울
U05421,F,28,2,경기
U05422,M,28,0,경기
U05423,M,28,1,경기
U05424,F,29,0,경기
U05425,F,36,2,경기
U05426,F,23,1,경기
U05427,M,27,1,서울
U05428,M,23,2,기타
U05429,F,29,1,서울
U05430,F,32,1,기타
U05431,M,43,0,경기
U05432,F,37,2,서울
U05433,M,37,0,기타
U05434,M,38,1,기타
U05435,F,39,1,서울
U05436,M,26,1,기타
U05437,M,24,0,기타
U05438,M,24,0,서울
U05439,F,27,1,서울
U05440,M,28,0,경기
U05441,F,36,0,기타
U05442,F,29,1,서울
U05443,M,31,2,경기
U05444,F,37,1,서울
U05445,F,29,0,경기
U05446,M,25,1,기타
U05447,M,29,1,기타
U05448,F,26,0,기타
U05449,F,31,0,기타
U05450,M,34,1,기타
U05451,F,28,0,경기
U05452,M,30,0,서울
U05453,F,37,0,경기
U05454,M,21,0,서울
U05455,M,21,0,기타
U05456,F,27,0,경기
U05457,M,25,0,서울
U05458,F,30,3,서울
U05459,F,33,0,경기
U05460,M,27,0,기타
U05461,M,18,0,서울
U05462,F,33,0,기타
U05463,F,22,0,경기
U05464,F,36,0,서울
U05465,F,28,0,서울
U05466,M,30,0,서울
U05467,F,25,3,경기
U05468,F,18,0,서울
U05469,F,30,0,기타
U05470,F,23,0,서울
U05471,F,32,1,서울
U05472,F,34,0,경기
U05473,M,31,0,서울
U05474,F,24,0,기타
U05475,F,32,1,경기
U05476,M,25,0,경기
U05477,M,30,1,경기
U05478,F,38,0,서울
U05479,F,28,0,경기
U05480,F,20,0,서울
U05481,M,26,0,경기
U05482,M,25,0,기타
U05483,F,23,2,기타
U05484,F,33,0,기타
U05485,M,39,0,기타
U05486,M,34,0,서울
U05487,F,32,1,경기
U05488,M,28,2,서울
U05489,F,40,0,서울
U05490,M,24,0,서울
U05491,M,37,2,경기
U05492,F,35,3,서울
U05493,M,36,0,서울
U05494,F,35,3,기타
U05495,M,40,0,기타
U05496,M,25,0,경기
U05497,M,27,1,경기
U05498,F,32,1,기타
U05499,F,28,0,기타
U05500,M,26,0,경기
U05501,F,37,0,기타
U05502,F,26,1,서울
U05503,M,25,2,기타
U05504,F,30,2,서울
U05505,M,31,1,경기
U05506,F,23,0,기타
U05507,M,28,0,서울
U05508,M,28,1,기타
U05509,M,28,1,기타
U05510,M,26,0,경기
U05511,F,37,1,기타
U05512,M,34,3,서울
U05513,F,25,0,기타
U05514,F,18,1,경기
U05515,F,30,0,서울
U05516,F,37,0,경기
U05517,M,31,1,기타
U05518,F,30,0,서울
U05519,F,31,0,서울
U05520,M,30,1,서울
U05521,M,28,1,기타
U05522,F,35,0,서울
U05523,F,34,0,기타
U05524,M,28,1,경기
U05525,F,37,0,기타
U05526,M,35,1,기타
U05527,F,37,0,서울
U05528,F,31,3,경기
U05529,F,23,1,서울
U05530,M,24,1,서울
U05531,M,23,1,경기
U05532,F,20,0,서울
U05533,F,22,2,서울
U05534,F,18,0,서울
U05535,M,25,3,경기
U05536,F,35,2,기타
U05537,M,40,2,경기
U05538,F,41,0,서울
U05539,M,22,1,경기
U05540,F,37,2,서울
U05541,M,19,2,기타
U05542,M,28,1,서울
U05543,F,26,0,기타
U05544,M,25,0,서울
U05545,M,26,1,경기
U05546,M,24,1,기타
U05547,F,40,1,경기
U05548,M,29,1,기타
U05549,M,31,0,기타
U05550,M,27,1,경기
U05551,F,32,1,서울
U05552,F,29,1,경기
U05553,F,39,2,경기
U05554,M,36,1,기타
U05555,M,37,0,서울
U05556,M,43,2,경기
U05557,M,23,0,서울
U05558,M,28,0,경기
U05559,F,34,2,서울
U05560,F,32,0,서울
U05561,M,34,0,서울
U05562,M,31,0,기타
U05563,F,42,1,경기
U05564,M,34,2,기타
U05565,M,27,1,경기
U05566,F,35,1,서울
U05567,M,26,0,서울
U05568,M,29,0,서울
U05569,F,26,0,서울
U05570,M,27,3,서울
U05571,F,24,0,경기
U05572,F,36,1,서울
U05573,F,27,0,서울
U05574,M,28,0,경기
U05575,F,35,0,서울
U05576,M,33,0,기타
U05577,M,30,0,경기
U05578,M,24,1,기타
U05579,M,26,3,경기
U05580,M,30,1,경기
U05581,M,31,0,서울
U05582,M,25,1,기타
U05583,M,34,0,경기
U05584,M,25,1,기타
U05585,M,32,0,서울
U05586,F,37,0,서울
U05587,M,23,1,기타
U05588,M,25,0,서울
U05589,F,34,0,기타
U05590,F,29,0,서울
U05591,M,40,1,서울
U05592,M,23,0,서울
U05593,F,34,0,경기
U05594,M,20,1,서울
U05595,F,25,1,경기
U05596,M,25,0,서울
U05597,M,36,0,경기
U05598,M,26,1,기타
U05599,M,35,2,기타
U05600,M,39,0,서울
U05601,M,24,1,기타
U05602,M,39,1,경기
U05603,M,30,1,서울
U05604,M,28,0,서울
U05605,F,23,1,서울
U05606,M,34,2,경기
U05607,F,22,2,경기
U05608,F,36,2,서울
U05609,F,32,1,경기
U05610,M,30,0,기타
U05611,F,35,1,경기
U05612,F,25,0,경기
U05613,M,33,0,서울
U05614,F,39,0,서울
U05615,M,30,0,경기
U05616,M,26,1,서울
U05617,M,27,0,경기
U05618,F,31,1,서울
U05619,M,31,1,경기
U05620,M,36,2,서울
U05621,F,25,1,경기
U05622,M,25,0,서울
U05623,F,22,1,경기
U05624,F,25,1,경기
U05625,M,31,2,경기
U05626,F,35,2,경기
U05627,M,30,1,서울
U05628,F,22,1,서울
U05629,F,30,0,기타
U05630,M,34,0,기타
U05631,F,23,1,서울
U05632,M,33,0,기타
U05633,F,42,1,기타
U05634,F,39,0,서울
U05635,M,32,0,서울
U05636,F,37,0,기타
U05637,F,28,0,기타
U05638,M,40,0,경기
U05639,M,23,1,서울
U05640,F,30,3,경기
U05641,M,39,0,서울
U05642,M,28,0,기타
U05643,M,27,3,경기
U05644,M,33,0,경기
U05645,M,26,0,경기
U05646,M,42,0,경기
U05647,M,36,3,기타
U05648,F,28,1,기타
U05649,F,23,0,경기
U05650,M,28,2,서울
U05651,M,33,0,서울
U05652,F,31,2,기타
U05653,F,28,1,서울
U05654,F,38,2,기타
U05655,F,28,1,서울
U05656,M,37,2,서울
U05657,F,28,1,경기
U05658,F,40,0,기타
U05659,F,26,0,서울
U05660,F,26,0,경기
U05661,M,37,0,기타
U05662,M,27,0,경기
U05663,M,38,3,경기
U05664,F,35,2,서울
U05665,F,33,1,기타
U05666,F,27,2,서울
U05667,M,19,1,서울
U05668,M,26,2,기타
U05669,F,28,0,기타
U05670,F,26,0,서울
U05671,M,27,0,경기
U05672,M,35,1,서울
U05673,F,28,1,경기
U05674,M,27,0,서울
U05675,M,26,0,기타
U05676,M,32,0,서울
U05677,F,34,0,경기
U05678,M,28,0,경기
U05679,M,20,0,서울
U05680,F,37,0,서울
U05681,M,28,0,경기
U05682,M,34,0,서울
U05683,F,27,0,서울
U05684,F,39,0,서울
U05685,M,38,0,서울
U05686,M,35,0,경기
U05687,F,34,1,기타
U05688,M,42,0,서울
U05689,M,21,1,기타
U05690,M,27,0,기타
U05691,M,37,0,기타
U05692,F,35,2,기타
U05693,M,35,2,기타
U05694,F,39,0,서울
U05695,F,32,0,기타
U05696,F,40,0,기타
U05697,F,28,1,서울
U05698,M,35,0,기타
U05699,F,38,0,기타
U05700,M,38,0,서울
U05701,F,24,0,기타
U05702,M,21,0,기타
U05703,M,32,2,기타
U05704,F,30,0,경기
U05705,F,25,3,서울
U05706,F,37,2,서울
U05707,M,29,2,서울
U05708,M,38,1,서울
U05709,M,21,0,기타
U05710,M,42,2,경기
U05711,M,32,3,경기
U05712,F,24,0,서울
U05713,F,31,0,서울
U05714,M,28,0,서울
U05715,F,31,1,경기
U05716,F,29,3,서울
U05717,F,36,1,서울
U05718,M,33,0,기타
U05719,M,37,1,경기
U05720,M,28,1,서울
U05721,F,23,0,서울
U05722,F,28,0,서울
U05723,F,28,1,서울
U05724,M,30,1,경기
U05725,M,32,0,경기
U05726,F,19,1,기타
U05727,M,32,0,경기
U05728,M,31,1,경기
U05729,M,37,1,경기
U05730,M,23,0,기타
U05731,M,36,0,경기
U05732,M,18,1,기타
U05733,M,41,2,경기
U05734,F,24,1,기타
U05735,F,27,2,서울
U05736,M,26,2,경기
U05737,F,24,0,서울
U05738,M,29,1,서울
U05739,M,35,3,기타
U05740,M,35,1,경기
U05741,M,25,0,경기
U05742,M,34,2,서울
U05743,M,21,0,기타
U05744,F,37,0,기타
U05745,M,32,0,경기
U05746,F,30,1,기타
U05747,M,26,1,서울
U05748,M,31,1,서울
U05749,F,36,0,서울
U05750,M,22,1,기타
U05751,M,28,1,경기
U05752,F,18,3,경기
U05753,M,38,0,경기
U05754,F,36,0,경기
U05755,M,22,0,서울
U05756,F,24,0,경기
U05757,F,31,1,서울
U05758,M,28,1,경기
U05759,M,31,0,서울
U05760,M,32,1,서울
U05761,M,38,1,기타
U05762,F,28,0,기타
U05763,F,31,1,경기
U05764,M,18,1,경기
U05765,M,27,0,기타
U05766,F,27,0,서울
U05767,F,34,0,서울
U05768,M,33,1,서울
U05769,M,32,0,기타
U05770,M,33,1,경기
U05771,F,21,1,기타
U05772,F,41,1,기타
U05773,M,31,0,기타
U05774,M,30,0,서울
U05775,M,38,1,기타
U05776,F,25,1,경기
U05777,F,18,0,서울
U05778,M,23,2,경기
U05779,M,31,1,경기
U05780,F,30,0,서울
U05781,F,18,0,서울
U05782,M,29,0,기타
U05783,M,27,1,서울
U05784,F,27,0,서울
U05785,M,38,0,서울
U05786,F,33,1,경기
U05787,M,31,0,경기
U05788,M,32,1,경기
U05789,F,20,2,기타
U05790,F,34,0,기타
U05791,F,31,1,경기
U05792,M,37,0,서울
U05793,M,34,0,경기
U05794,M,22,0,서울
U05795,F,35,0,기타
U05796,M,33,2,기타
U05797,F,30,1,기타
U05798,F,35,0,서울
U05799,M,29,1,서울
U05800,M,39,1,서울
U05801,F,36,2,서울
U05802,F,22,2,기타
U05803,F,21,3,경기
U05804,F,36,0,서울
U05805,M,30,2,경기
U05806,F,24,1,기타
U05807,M,36,2,기타
U05808,M,39,3,서울
U05809,M,25,0,서울
U05810,F,29,2,기타
U05811,M,27,0,서울
U05812,F,31,3,경기
U05813,M,39,1,서울
U05814,F,32,0,서울
U05815,M,28,1,기타
U05816,F,29,0,기타
U05817,M,33,0,서울
U05818,F,30,3,기타
U05819,F,28,1,서울
U05820,M,22,0,경기
U05821,M,37,0,서울
U05822,M,32,0,기타
U05823,F,31,0,경기
U05824,F,33,0,경기
U05825,F,24,0,서울
U05826,M,35,0,서울
U05827,F,37,1,서울
U05828,F,39,0,경기
U05829,F,29,0,서울
U05830,F,36,2,경기
U05831,F,18,1,서울
U05832,M,37,0,서울
U05833,M,30,0,서울
U05834,M,43,0,경기
U05835,F,21,0,서울
U05836,F,25,0,기타
U05837,F,32,0,경기
U05838,F,35,0,서울
U05839,M,30,0,경기
U05840,M,40,0,경기
U05841,F,30,1,기타
U05842,M,24,2,기타
U05843,F,28,1,경기
U05844,F,28,2,경기
U05845,F,18,2,경기
U05846,F,36,0,경기
U05847,M,35,1,기타
U05848,F,35,0,서울
U05849,F,31,2,경기
U05850,M,34,0,경기
U05851,M,29,0,경기
U05852,M,23,1,기타
U05853,M,29,1,서울
U05854,F,39,1,경기
U05855,M,34,0,서울
U05856,F,32,1,기타
U05857,M,25,0,경기
U05858,M,32,2,기타
U05859,F,30,1,경기
U05860,M,26,0,기타
U05861,M,24,2,기타
U05862,F,21,1,서울
U05863,F,30,0,경기
U05864,M,32,0,기타
U05865,M,28,0,기타
U05866,M,24,2,서울
U05867,M,27,1,서울
U05868,F,26,1,서울
U05869,M,28,0,기타
U05870,M,18,0,기타
U05871,F,41,0,기타
U05872,F,23,0,경기
U05873,F,20,1,경기
U05874,F,44,1,기타
U05875,M,26,1,서울
U05876,F,22,1,서울
U05877,F,26,0,서울
U05878,F,44,0,기타
U05879,M,18,2,경기
U05880,M,34,0,기타
U05881,M,37,1,서울
U05882,F,37,0,서울
U05883,F,26,0,경기
U05884,M,29,3,경기
U05885,M,29,0,경기
U05886,M,30,2,경기
U05887,F,34,0,서울
U05888,M,29,2,경기
U05889,F,28,1,서울
U05890,F,37,0,기타
U05891,F,27,0,기타
U05892,M,34,0,기타
U05893,F,30,0,서울
U05894,M,32,1,기타
U05895,M,28,2,서울
U05896,F,30,0,서울
U05897,F,25,0,경기
U05898,M,40,1,기타
U05899,M,35,3,서울
U05900,F,27,3,서울
U05901,M,30,2,기타
U05902,M,25,0,경기
U05903,M,35,0,기타
U05904,F,35,0,기타
U05905,F,31,0,서울
U05906,F,24,1,서울
U05907,M,30,0,기타
U05908,M,22,1,서울
U05909,F,30,0,기타
U05910,F,27,1,서울
U05911,F,34,2,기타
U05912,M,20,1,기타
U05913,M,36,0,서울
U05914,M,33,0,기타
U05915,M,18,0,기타
U05916,M,30,1,경기
U05917,M,36,2,서울
U05918,F,37,0,서울
U05919,F,36,0,기타
U05920,M,32,0,경기
U05921,F,24,0,서울
U05922,F,35,0,기타
U05923,M,31,0,기타
U05924,M,30,1,서울
U05925,M,27,2,기타
U05926,M,27,0,서울
U05927,M,29,0,경기
U05928,F,21,2,경기
U05929,F,18,0,서울
U05930,M,31,1,서울
U05931,F,31,0,경기
U05932,M,18,1,경기
U05933,M,28,0,경기
U05934,F,29,2,기타
U05935,F,34,1,서울
U05936,F,42,1,경기
U05937,M,32,0,기타
U05938,M,31,1,경기
U05939,M,30,1,경기
U05940,F,21,1,기타
U05941,F,24,1,서울
U05942,M,28,1,서울
U05943,M,36,0,서울
U05944,M,32,1,경기
U05945,F,38,0,경기
U05946,F,31,1,경기
U05947,F,25,0,경기
U05948,M,30,0,경기
U05949,F,23,0,경기
U05950,M,26,2,경기
U05951,M,33,0,서울
U05952,M,31,1,경기
U05953,M,34,0,서울
U05954,M,31,0,서울
U05955,F,29,0,서울
U05956,F,36,1,기타
U05957,M,38,2,서울
U05958,F,28,1,서울
U05959,M,38,0,기타
U05960,M,34,0,경기
U05961,F,34,0,기타
U05962,M,30,0,기타
U05963,M,25,0,경기
U05964,F,41,1,기타
U05965,F,29,1,서울
U05966,M,22,1,경기
U05967,F,27,0,경기
U05968,F,30,0,기타
U05969,M,18,0,기타
U05970,M,31,1,경기
U05971,M,23,0,경기
U05972,F,18,1,서울
U05973,F,40,0,서울
U05974,F,29,1,서울
U05975,F,29,0,서울
U05976,M,32,0,서울
U05977,F,32,0,서울
U05978,F,28,2,경기
U05979,M,40,0,서울
U05980,M,38,1,기타
U05981,M,28,2,서울
U05982,M,23,1,경기
U05983,F,43,1,서울
U05984,F,32,1,경기
U05985,F,25,0,서울
U05986,F,27,1,서울
U05987,M,25,0,서울
U05988,F,28,0,기타
U05989,M,40,0,서울
U05990,F,36,2,서울
U05991,M,26,1,서울
U05992,M,28,1,서울
U05993,F,29,2,경기
U05994,M,35,1,서울
U05995,M,32,1,기타
U05996,M,30,0,경기
U05997,F,21,3,경기
U05998,F,30,0,경기
U05999,M,28,2,기타
U06000,F,33,0,서울
U06001,M,33,0,서울
U06002,F,27,0,서울
U06003,F,36,1,경기
U06004,F,29,0,경기
U06005,F,33,0,경기
U06006,F,34,0,서울
U06007,F,34,1,기타
U06008,M,25,1,경기
U06009,M,36,0,경기
U06010,M,28,1,기타
U06011,F,35,0,기타
U06012,F,42,0,경기
U06013,M,24,0,기타
U06014,F,20,0,서울
U06015,M,20,1,경기
U06016,F,36,1,경기
U06017,M,20,0,서울
U06018,M,27,1,경기
U06019,M,36,0,기타
U06020,M,43,1,서울
U06021,F,28,3,경기
U06022,F,35,1,서울
U06023,M,32,1,경기
U06024,M,30,0,기타
U06025,F,36,0,서울
U06026,M,42,0,서울
U06027,M,29,1,기타
U06028,M,30,0,기타
U06029,F,37,1,서울
U06030,F,25,0,경기
U06031,M,26,2,서울
U06032,M,29,1,서울
U06033,M,39,0,경기
U06034,F,29,3,서울
U06035,M,41,2,서울
U06036,M,29,2,기타
U06037,F,29,2,서울
U06038,M,25,0,경기
U06039,F,25,2,서울
U06040,F,26,2,기타
U06041,M,27,0,경기
U06042,M,33,1,경기
U06043,M,34,1,기타
U06044,M,32,0,경기
U06045,F,40,1,서울
U06046,M,35,3,서울
U06047,F,30,1,서울
U06048,F,35,2,서울
U06049,M,29,0,기타
U06050,F,25,1,서울
U06051,M,32,0,서울
U06052,F,21,1,서울
U06053,F,27,1,서울
U06054,M,34,0,기타
U06055,F,18,1,서울
U06056,M,34,2,서울
U06057,M,37,1,기타
U06058,M,18,0,경기
U06059,M,27,1,기타
U06060,M,30,0,서울
U06061,M,31,0,경기
U06062,M,42,3,서울
U06063,F,30,0,기타
U06064,F,24,0,서울
U06065,M,37,0,서울
U06066,F,23,0,경기
U06067,F,29,0,기타
U06068,F,28,0,기타
U06069,F,28,2,기타
U06070,F,39,0,서울
U06071,M,33,2,기타
U06072,F,34,0,기타
U06073,F,25,1,경기
U06074,M,23,2,기타
U06075,F,37,1,경기
U06076,M,30,0,서울
U06077,M,33,1,기타
U06078,F,36,2,서울
U06079,M,25,0,서울
U06080,F,44,2,서울
U06081,M,31,0,서울
U06082,M,29,0,서울
U06083,M,27,0,기타
U06084,F,34,1,기타
U06085,M,32,0,기타
U06086,M,24,3,서울
U06087,F,24,0,경기
U06088,M,18,1,서울
U06089,M,22,1,서울
U06090,M,30,1,경기
U06091,M,30,0,서울
U06092,M,36,2,경기
U06093,M,31,0,경기
U06094,F,29,0,경기
U06095,M,33,0,서울
U06096,M,35,0,기타
U06097,M,34,0,서울
U06098,F,36,0,기타
U06099,F,38,0,서울
U06100,F,24,1,서울
U06101,M,18,1,기타
U06102,M,32,1,서울
U06103,M,20,2,경기
U06104,M,31,0,기타
U06105,M,32,0,경기
U06106,M,26,2,기타
U06107,M,35,0,경기
U06108,M,31,2,서울
U06109,F,32,0,서울
U06110,F,28,1,기타
U06111,M,29,2,경기
U06112,M,23,0,기타
U06113,M,28,1,서울
U06114,F,40,0,서울
U06115,F,29,0,경기
U06116,M,32,0,기타
U06117,M,33,1,경기
U06118,F,35,1,서울
U06119,F,29,0,서울
U06120,M,39,0,서울
U06121,F,28,1,경기
U06122,F,24,0,서울
U06123,M,32,0,기타
U06124,F,29,0,서울
U06125,M,28,2,기타
U06126,M,39,0,경기
U06127,M,30,0,기타
U06128,M,27,0,서울
U06129,F,35,0,경기
U06130,M,29,1,기타
U06131,F,27,0,서울
U06132,F,32,1,기타
U06133,F,35,1,기타
U06134,M,31,0,경기
U06135,F,36,0,서울
U06136,F,36,3,경기
U06137,M,25,0,경기
U06138,M,29,0,서울
U06139,F,18,3,서울
U06140,M,36,1,서울
U06141,M,26,0,서울
U06142,M,25,2,기타
U06143,M,29,1,서울
U06144,F,23,2,경기
U06145,M,29,1,기타
U06146,F,33,0,서울
U06147,M,38,2,경기
U06148,F,29,2,서울
U06149,F,24,0,서울
U06150,F,32,0,기타
U06151,F,38,0,기타
U06152,F,35,0,기타
U06153,M,20,0,경기
U06154,M,40,1,경기
U06155,M,28,0,서울
U06156,M,25,0,서울
U06157,F,32,1,기타
U06158,F,19,3,서울
U06159,M,29,0,경기
U06160,M,26,0,경기
U06161,M,29,0,경기
U06162,M,27,1,서울
U06163,F,36,0,기타
U06164,F,24,2,서울
U06165,F,29,2,경기
U06166,M,18,0,서울
U06167,F,31,0,경기
U06168,F,29,0,경기
U06169,F,38,0,서울
U06170,M,28,0,기타
U06171,M,22,0,기타
U06172,F,34,2,기타
U06173,F,39,0,기타
U06174,M,35,1,경기
U06175,M,40,1,기타
U06176,F,33,0,기타
U06177,F,26,1,경기
U06178,F,31,0,서울
U06179,M,31,0,기타
U06180,F,26,2,기타
U06181,M,31,1,기타
U06182,F,32,1,서울
U06183,M,36,0,경기
U06184,F,31,0,기타
U06185,M,34,0,서울
U06186,M,18,1,서울
U06187,F,31,0,서울
U06188,M,28,1,경기
U06189,M,28,1,경기
U06190,F,32,0,기타
U06191,F,45,1,서울
U06192,F,19,0,기타
U06193,M,28,0,경기
U06194,F,29,0,서울
U06195,M,42,0,기타
U06196,M,32,0,기타
U06197,F,25,0,기타
U06198,M,33,2,경기
U06199,M,36,0,서울
U06200,F,27,0,기타
U06201,M,29,1,경기
U06202,F,34,1,기타
U06203,M,25,1,경기
U06204,F,28,1,서울
U06205,M,43,2,기타
U06206,M,36,2,기타
U06207,F,40,1,서울
U06208,F,33,0,경기
U06209,F,39,2,기타
U06210,F,25,0,기타
U06211,F,32,2,기타
U06212,F,30,0,경기
U06213,F,30,0,경기
U06214,F,22,0,경기
U06215,M,39,1,경기
U06216,F,27,2,경기
U06217,F,25,0,경기
U06218,F,21,0,경기
U06219,M,24,0,서울
U06220,F,40,0,기타
U06221,M,36,0,기타
U06222,F,29,0,기타
U06223,F,41,2,경기
U06224,F,31,3,기타
U06225,M,21,1,기타
U06226,F,43,0,서울
U06227,F,30,1,기타
U06228,F,27,2,서울
U06229,M,37,2,경기
U06230,M,35,0,경기
U06231,M,31,0,기타
U06232,M,27,1,기타
U06233,F,20,1,기타
U06234,F,32,0,경기
U06235,F,30,2,서울
U06236,M,25,0,기타
U06237,M,28,1,경기
U06238,M,20,0,서울
U06239,F,25,0,기타
U06240,F,29,1,서울
U06241,M,18,0,서울
U06242,F,40,3,경기
U06243,F,31,0,서울
U06244,M,40,0,서울
U06245,F,34,0,경기
U06246,F,43,1,경기
U06247,M,36,0,서울
U06248,F,38,0,기타
U06249,F,27,0,경기
U06250,M,25,1,서울
U06251,F,33,1,경기
U06252,M,29,0,서울
U06253,M,27,1,경기
U06254,F,27,0,경기
U06255,M,31,0,서울
U06256,F,26,0,경기
U06257,M,33,2,경기
U06258,F,30,1,경기
U06259,F,38,1,기타
U06260,M,24,3,서울
U06261,M,33,0,경기
U06262,F,32,0,경기
U06263,F,37,2,서울
U06264,M,18,1,기타
U06265,M,38,2,서울
U06266,F,31,0,기타
U06267,F,28,0,경기
U06268,F,27,1,경기
U06269,F,36,1,서울
U06270,F,28,0,서울
U06271,M,21,3,기타
U06272,F,21,0,경기
U06273,M,32,1,서울
U06274,M,24,1,서울
U06275,F,32,0,서울
U06276,F,38,1,경기
U06277,F,33,0,기타
U06278,F,18,0,경기
U06279,M,32,2,경기
U06280,F,32,2,기타
U06281,F,27,0,기타
U06282,M,27,0,서울
U06283,M,29,0,서울
U06284,F,29,2,경기
U06285,M,25,0,경기
U06286,M,25,0,서울
U06287,F,28,0,서울
U06288,M,33,0,경기
U06289,F,34,1,기타
U06290,M,30,0,경기
U06291,M,33,0,서울
U06292,M,31,0,경기
U06293,F,26,1,기타
U06294,M,33,0,서울
U06295,M,29,2,서울
U06296,M,18,1,경기
U06297,M,38,0,경기
U06298,M,31,1,경기
U06299,M,31,0,서울
U06300,F,35,0,서울
U06301,F,39,1,기타
U06302,M,32,2,서울
U06303,M,23,0,기타
U06304,F,30,0,경기
U06305,M,29,0,기타
U06306,M,30,2,경기
U06307,M,32,0,경기
U06308,M,27,1,경기
U06309,M,22,0,서울
U06310,M,33,1,서울
U06311,F,24,0,서울
U06312,F,23,0,기타
U06313,M,29,0,기타
U06314,F,20,1,서울
U06315,M,23,0,기타
U06316,M,27,0,경기
U06317,F,27,0,경기
U06318,M,40,0,기타
U06319,F,40,0,기타
U06320,M,33,0,서울
U06321,F,32,0,경기
U06322,M,36,1,기타
U06323,F,32,0,기타
U06324,M,31,0,기타
U06325,M,39,0,경기
U06326,F,37,1,기타
U06327,F,38,1,서울
U06328,F,35,1,기타
U06329,M,27,2,기타
U06330,F,31,2,서울
U06331,M,22,1,기타
U06332,F,28,1,서울
U06333,M,25,0,기타
U06334,M,28,0,서울
U06335,F,27,0,서울
U06336,F,24,0,경기
U06337,F,23,0,서울
U06338,M,33,1,서울
U06339,F,29,0,경기
U06340,M,33,1,서울
U06341,M,37,1,경기
U06342,F,35,1,경기
U06343,F,25,0,경기
U06344,F,31,1,경기
U06345,F,33,0,경기
U06346,M,29,0,서울
U06347,F,31,0,서울
U06348,M,24,1,서울
U06349,M,32,1,서울
U06350,M,37,0,서울
U06351,M,40,1,기타
U06352,M,42,0,서울
U06353,F,31,1,경기
U06354,F,30,0,경기
U06355,M,33,2,기타
U06356,F,22,1,경기
U06357,M,33,1,경기
U06358,F,29,1,기타
U06359,F,28,1,서울
U06360,F,29,0,서울
U06361,M,28,0,경기
U06362,F,32,2,경기
U06363,M,27,0,서울
U06364,F,28,1,기타
U06365,F,28,0,경기
U06366,F,26,3,기타
U06367,F,27,1,서울
U06368,M,35,0,기타
U06369,F,25,2,경기
U06370,M,31,1,서울
U06371,M,22,0,경기
U06372,M,27,1,기타
U06373,M,35,3,서울
U06374,M,26,0,기타
U06375,F,31,1,기타
U06376,M,29,2,서울
U06377,M,27,1,서울
U06378,M,28,2,기타
U06379,M,30,0,서울
U06380,F,33,0,기타
U06381,F,32,0,기타
U06382,M,36,2,서울
U06383,F,18,1,서울
U06384,M,18,0,경기
U06385,M,27,0,서울
U06386,M,31,1,경기
U06387,F,41,2,기타
U06388,M,31,0,경기
U06389,M,36,2,기타
U06390,F,24,0,서울
U06391,F,24,0,경기
U06392,M,31,1,서울
U06393,M,28,2,기타
U06394,M,33,1,경기
U06395,M,31,1,서울
U06396,M,31,0,기타
U06397,F,27,2,기타
U06398,M,27,0,서울
U06399,F,31,0,서울
U06400,M,37,1,서울
U06401,M,45,2,경기
U06402,M,36,1,서울
U06403,F,44,0,서울
U06404,M,29,1,기타
U06405,M,30,0,경기
U06406,F,30,0,서울
U06407,F,31,0,서울
U06408,M,38,0,서울
U06409,M,42,0,기타
U06410,M,33,1,경기
U06411,F,29,0,서울
U06412,M,31,1,경기
U06413,F,34,1,경기
U06414,M,23,1,서울
U06415,F,33,1,서울
U06416,M,35,1,기타
U06417,M,34,1,경기
U06418,M,19,1,서울
U06419,F,34,1,서울
U06420,M,19,0,기타
U06421,F,27,0,서울
U06422,M,28,1,서울
U06423,M,33,2,서울
U06424,F,26,1,서울
U06425,M,33,0,경기
U06426,M,38,2,서울
U06427,M,35,1,기타
U06428,M,29,0,경기
U06429,M,28,1,경기
U06430,F,25,0,경기
U06431,M,28,1,기타
U06432,F,29,2,경기
U06433,F,21,1,기타
U06434,F,24,1,기타
U06435,F,31,0,경기
U06436,F,33,0,서울
U06437,M,24,0,경기
U06438,M,19,1,서울
U06439,F,28,3,경기
U06440,F,30,0,기타
U06441,F,29,0,기타
U06442,M,26,0,서울
U06443,M,36,0,서울
U06444,M,32,0,기타
U06445,M,32,0,경기
U06446,F,23,1,서울
U06447,M,26,2,서울
U06448,F,31,2,경기
U06449,F,29,1,기타
U06450,F,31,0,서울
U06451,M,38,0,기타
U06452,M,24,0,기타
U06453,M,31,1,경기
U06454,M,30,2,기타
U06455,M,21,0,서울
U06456,F,26,0,서울
U06457,M,27,0,서울
U06458,M,20,1,서울
U06459,F,26,0,서울
U06460,F,29,0,기타
U06461,M,30,1,서울
U06462,M,30,0,기타
U06463,F,32,0,경기
U06464,M,30,1,기타
U06465,F,24,2,기타
U06466,F,28,2,서울
U06467,M,30,1,기타
U06468,F,32,2,기타
U06469,F,29,0,서울
U06470,F,34,2,기타
U06471,M,27,0,경기
U06472,M,33,0,서울
U06473,F,35,2,기타
U06474,F,18,1,서울
U06475,M,25,2,경기
U06476,M,37,1,서울
U06477,F,41,1,경기
U06478,M,18,0,서울
U06479,M,29,0,경기
U06480,F,45,1,기타
U06481,F,31,3,기타
U06482,F,32,0,경기
U06483,M,31,1,서울
U06484,F,33,1,경기
U06485,M,31,0,서울
U06486,F,30,0,경기
U06487,M,41,2,경기
U06488,M,28,2,경기
U06489,M,18,0,서울
U06490,F,33,0,경기
U06491,F,31,1,경기
U06492,M,26,1,기타
U06493,F,35,0,서울
U06494,M,18,1,서울
U06495,M,32,3,기타
U06496,M,35,1,경기
U06497,M,28,1,서울
U06498,F,29,2,서울
U06499,M,19,1,서울
U06500,F,39,2,기타
U06501,M,31,1,경기
U06502,F,28,1,경기
U06503,M,33,0,서울
U06504,M,29,1,서울
U06505,F,36,0,경기
U06506,M,36,0,경기
U06507,F,29,0,서울
U06508,F,38,1,서울
U06509,F,31,2,서울
U06510,F,22,2,경기
U06511,F,21,0,서울
U06512,M,42,2,경기
U06513,F,26,1,기타
U06514,M,28,2,경기
U06515,F,34,1,기타
U06516,M,29,2,서울
U06517,F,25,1,서울
U06518,F,33,0,경기
U06519,M,29,0,기타
U06520,M,27,1,경기
U06521,M,35,0,경기
U06522,M,31,0,경기
U06523,M,30,0,기타
U06524,F,38,1,기타
U06525,M,42,0,서울
U06526,F,31,0,서울
U06527,M,26,0,기타
U06528,M,35,0,경기
U06529,F,25,2,서울
U06530,M,33,0,서울
U06531,F,31,0,서울
U06532,M,26,1,기타
U06533,M,30,0,경기
U06534,M,23,1,경기
U06535,M,25,0,서울
U06536,F,33,0,서울
U06537,F,36,0,경기
U06538,F,33,1,기타
U06539,M,23,3,경기
U06540,M,30,0,기타
U06541,M,33,1,서울
U06542,M,29,1,기타
U06543,M,27,1,기타
U06544,M,25,0,서울
U06545,M,32,1,경기
U06546,M,37,0,기타
U06547,M,31,0,기타
U06548,M,22,0,서울
U06549,M,24,0,기타
U06550,F,28,1,경기
U06551,M,32,2,경기
U06552,M,30,1,기타
U06553,M,25,2,경기
U06554,F,29,0,서울
U06555,M,23,0,기타
U06556,M,35,0,기타
U06557,F,28,0,서울
U06558,M,35,0,경기
U06559,M,32,1,서울
U06560,M,31,0,기타
U06561,M,22,1,서울
U06562,F,27,0,서울
U06563,M,23,1,기타
U06564,M,28,2,경기
U06565,M,33,0,경기
U06566,M,30,0,서울
U06567,F,26,0,서울
U06568,F,30,0,서울
U06569,M,28,1,서울
U06570,M,34,0,경기
U06571,M,22,0,서울
U06572,M,30,0,기타
U06573,M,31,3,경기
U06574,M,23,2,기타
U06575,F,37,0,서울
U06576,M,33,2,경기
U06577,F,22,0,기타
U06578,M,23,1,기타
U06579,M,27,0,기타
U06580,M,27,2,서울
U06581,F,38,1,경기
U06582,M,32,0,기타
U06583,M,30,1,기타
U06584,M,38,1,서울
U06585,M,18,0,기타
U06586,M,26,1,서울
U06587,F,27,0,기타
U06588,M,30,0,서울
U06589,F,32,0,서울
U06590,M,29,1,기타
U06591,M,30,0,기타
U06592,M,35,1,경기
U06593,M,26,0,기타
U06594,F,33,0,경기
U06595,M,24,2,서울
U06596,M,25,0,경기
U06597,M,26,1,서울
U06598,F,35,1,기타
U06599,F,21,1,서울
U06600,M,24,1,서울
U06601,F,27,0,경기
U06602,M,27,0,서울
U06603,F,35,1,서울
U06604,F,22,0,경기
U06605,M,35,0,경기
U06606,M,33,0,경기
U06607,F,31,0,경기
U06608,F,32,0,경기
U06609,M,28,0,서울
U06610,M,27,0,서울
U06611,M,29,0,기타
U06612,M,39,0,경기
U06613,F,30,1,기타
U06614,M,22,0,서울
U06615,F,25,0,서울
U06616,F,31,2,경기
U06617,F,33,1,경기
U06618,F,28,3,서울
U06619,M,31,3,기타
U06620,F,34,0,서울
U06621,M,29,0,경기
U06622,M,26,1,경기
U06623,F,18,0,서울
U06624,M,43,0,경기
U06625,M,34,0,서울
U06626,F,27,0,경기
U06627,F,23,0,서울
U06628,M,30,0,경기
U06629,M,35,1,경기
U06630,M,28,2,기타
U06631,F,31,0,기타
U06632,M,28,0,서울
U06633,M,35,0,경기
U06634,M,39,2,서울
U06635,F,29,0,경기
U06636,M,29,0,기타
U06637,M,48,1,서울
U06638,F,33,0,기타
U06639,M,32,0,기타
U06640,M,28,1,경기
U06641,F,24,0,경기
U06642,M,36,0,서울
U06643,F,32,2,서울
U06644,M,22,1,기타
U06645,M,27,1,기타
U06646,M,35,0,경기
U06647,F,36,1,서울
U06648,F,28,0,기타
U06649,M,29,2,경기
U06650,F,32,0,경기
U06651,F,33,0,서울
U06652,F,28,0,서울
U06653,F,31,1,기타
U06654,M,29,1,기타
U06655,F,23,0,경기
U06656,F,18,0,서울
U06657,M,25,1,경기
U06658,M,34,1,기타
U06659,M,21,0,경기
U06660,F,33,0,서울
U06661,M,32,2,서울
U06662,M,22,0,기타
U06663,F,22,2,경기
U06664,M,37,0,경기
U06665,F,32,0,경기
U06666,M,20,0,기타
U06667,F,35,1,기타
U06668,F,31,2,서울
U06669,M,39,3,서울
U06670,M,33,3,기타
U06671,M,32,0,경기
U06672,F,38,2,기타
U06673,M,38,0,경기
U06674,M,34,1,경기
U06675,F,33,0,서울
U06676,M,25,1,서울
U06677,M,27,0,경기
U06678,F,31,1,서울
U06679,M,32,1,서울
U06680,F,26,1,기타
U06681,M,24,2,경기
U06682,F,35,0,기타
U06683,F,19,0,경기
U06684,M,26,0,경기
U06685,F,25,1,경기
U06686,F,18,1,기타
U06687,M,28,1,경기
U06688,F,32,0,서울
U06689,F,31,0,서울
U06690,F,30,3,기타
U06691,M,25,2,서울
U06692,M,18,3,서울
U06693,M,35,2,경기
U06694,F,36,1,기타
U06695,F,34,1,서울
U06696,M,30,0,기타
U06697,F,29,0,경기
U06698,F,30,1,기타
U06699,M,36,2,경기
U06700,F,36,0,서울
U06701,M,36,0,서울
U06702,F,23,1,기타
U06703,F,35,1,기타
U06704,F,39,1,서울
U06705,M,29,0,경기
U06706,M,35,1,기타
U06707,M,29,2,서울
U06708,M,26,1,서울
U06709,F,43,0,경기
U06710,M,32,1,경기
U06711,F,23,3,기타
U06712,M,28,0,서울
U06713,F,30,1,경기
U06714,M,32,1,기타
U06715,F,28,0,경기
U06716,F,28,0,기타
U06717,M,29,0,기타
U06718,F,28,0,기타
U06719,M,34,0,서울
U06720,M,42,2,서울
U06721,M,26,1,기타
U06722,F,40,1,기타
U06723,M,24,0,경기
U06724,F,40,1,서울
U06725,F,31,2,기타
U06726,F,28,0,기타
U06727,M,38,0,기타
U06728,F,32,0,경기
U06729,F,24,0,서울
U06730,M,19,1,서울
U06731,F,35,0,경기
U06732,F,35,2,경기
U06733,M,26,0,경기
U06734,M,37,1,기타
U06735,M,31,0,경기
U06736,F,35,0,경기
U06737,F,30,0,서울
U06738,F,25,0,서울
U06739,F,40,0,경기
U06740,F,40,3,경기
U06741,F,27,0,경기
U06742,F,32,3,서울
U06743,M,36,1,기타
U06744,M,22,1,서울
U06745,F,28,0,경기
U06746,M,27,3,경기
U06747,F,28,1,서울
U06748,F,29,2,경기
U06749,M,27,0,경기
U06750,F,34,1,경기
U06751,F,38,1,서울
U06752,M,28,0,경기
U06753,M,19,0,서울
U06754,F,33,1,기타
U06755,M,29,1,서울
U06756,F,25,1,기타
U06757,F,34,1,서울
U06758,F,41,1,경기
U06759,F,35,0,기타
U06760,F,26,1,경기
U06761,F,28,0,경기
U06762,M,23,0,기타
U06763,M,36,2,기타
U06764,F,34,0,경기
U06765,F,33,0,기타
U06766,M,32,2,기타
U06767,M,40,3,기타
U06768,M,25,0,기타
U06769,F,29,0,경기
U06770,F,29,2,기타
U06771,M,34,1,경기
U06772,M,35,2,서울
U06773,M,29,1,서울
U06774,F,20,2,경기
U06775,M,34,3,서울
U06776,F,40,1,경기
U06777,M,24,1,서울
U06778,F,23,1,경기
U06779,F,34,0,기타
U06780,M,23,0,서울
U06781,M,28,1,경기
U06782,F,31,1,서울
U06783,M,18,0,서울
U06784,M,28,1,서울
U06785,F,32,1,기타
U06786,M,19,1,경기
U06787,F,20,0,기타
U06788,F,27,0,기타
U06789,M,34,0,기타
U06790,F,33,1,서울
U06791,F,26,0,기타
U06792,M,25,0,기타
U06793,F,32,1,경기
U06794,M,23,2,기타
U06795,M,36,1,경기
U06796,F,28,1,서울
U06797,F,44,0,서울
U06798,M,25,3,기타
U06799,F,30,3,서울
U06800,M,36,1,기타
U06801,F,35,3,기타
U06802,M,32,2,서울
U06803,M,18,0,경기
U06804,F,32,1,경기
U06805,F,20,1,경기
U06806,F,31,0,서울
U06807,M,29,0,경기
U06808,F,39,2,서울
U06809,M,35,0,기타
U06810,F,21,0,경기
U06811,F,19,0,기타
U06812,F,27,0,경기
U06813,F,40,2,경기
U06814,M,22,1,기타
U06815,F,34,2,경기
U06816,M,41,1,기타
U06817,F,31,1,기타
U06818,F,33,0,서울
U06819,M,31,0,서울
U06820,M,26,0,경기
U06821,M,27,2,서울
U06822,M,29,0,경기
U06823,M,34,2,서울
U06824,M,34,0,서울
U06825,F,18,0,서울
U06826,F,25,2,경기
U06827,F,32,1,기타
U06828,M,23,0,기타
U06829,M,27,1,기타
U06830,M,34,0,경기
U06831,M,44,1,경기
U06832,F,23,0,기타
U06833,M,32,0,경기
U06834,M,37,0,서울
U06835,M,35,0,기타
U06836,F,31,0,기타
U06837,F,31,0,서울
U06838,F,20,0,서울
U06839,M,34,1,경기
U06840,M,28,2,기타
U06841,F,41,0,경기
U06842,F,32,0,서울
U06843,M,23,1,서울
U06844,F,23,0,서울
U06845,F,37,0,서울
U06846,M,29,0,서울
U06847,F,23,2,서울
U06848,M,27,2,기타
U06849,M,34,0,경기
U06850,M,25,1,기타
U06851,M,34,1,서울
U06852,M,20,1,기타
U06853,F,32,0,서울
U06854,M,28,1,경기
U06855,M,27,0,서울
U06856,F,29,0,서울
U06857,M,33,1,서울
U06858,M,30,0,서울
U06859,F,24,0,서울
U06860,F,24,2,서울
U06861,M,22,0,경기
U06862,F,28,1,경기
U06863,M,25,1,기타
U06864,M,32,2,기타
U06865,F,35,2,서울
U06866,M,23,3,서울
U06867,M,28,0,경기
U06868,F,32,1,서울
U06869,M,26,0,경기
U06870,F,28,1,서울
U06871,F,26,0,서울
U06872,F,25,1,서울
U06873,M,26,0,서울
U06874,F,27,1,서울
U06875,F,34,1,경기
U06876,M,39,0,서울
U06877,M,37,1,서울
U06878,M,32,0,서울
U06879,F,32,2,서울
U06880,M,29,3,서울
U06881,M,33,0,서울
U06882,M,24,3,경기
U06883,M,38,3,경기
U06884,M,39,0,기타
U06885,F,41,2,서울
U06886,M,24,0,기타
U06887,M,29,0,서울
U06888,M,24,0,기타
U06889,F,28,0,서울
U06890,M,22,0,서울
U06891,F,32,0,서울
U06892,M,29,0,경기
U06893,M,35,2,서울
U06894,F,22,0,서울
U06895,F,33,1,경기
U06896,F,28,1,기타
U06897,M,39,0,서울
U06898,F,33,2,서울
U06899,F,27,3,서울
U06900,F,28,0,경기
U06901,F,30,1,기타
U06902,F,26,0,경기
U06903,M,26,3,서울
U06904,F,27,1,서울
U06905,F,37,2,기타
U06906,F,35,0,기타
U06907,F,37,0,서울
U06908,M,25,1,경기
U06909,M,32,0,서울
U06910,F,31,1,서울
U06911,M,26,1,기타
U06912,M,34,2,기타
U06913,F,34,3,기타
U06914,F,39,2,서울
U06915,F,31,0,경기
U06916,F,18,3,기타
U06917,F,31,1,경기
U06918,F,31,3,서울
U06919,M,35,0,기타
U06920,M,20,2,경기
U06921,M,32,1,경기
U06922,F,27,1,기타
U06923,M,31,0,기타
U06924,F,34,0,경기
U06925,F,33,1,경기
U06926,F,36,1,경기
U06927,F,31,0,경기
U06928,F,37,1,기타
U06929,F,27,0,경기
U06930,M,41,2,서울
U06931,M,28,1,서울
U06932,M,37,0,경기
U06933,F,24,1,서울
U06934,M,29,0,서울
U06935,F,41,3,기타
U06936,M,40,0,서울
U06937,F,31,0,경기
U06938,M,34,0,경기
U06939,M,34,0,경기
U06940,M,34,0,기타
U06941,F,25,0,기타
U06942,M,28,0,경기
U06943,M,21,1,경기
U06944,F,32,3,기타
U06945,M,31,0,경기
U06946,M,18,2,기타
U06947,F,29,2,기타
U06948,M,33,0,서울
U06949,M,27,0,기타
U06950,F,21,0,서울
U06951,M,29,1,기타
U06952,F,35,1,서울
U06953,F,29,0,기타
U06954,M,20,0,서울
U06955,M,33,1,경기
U06956,M,30,0,서울
U06957,F,23,1,기타
U06958,M,29,0,서울
U06959,F,36,2,서울
U06960,F,32,2,경기
U06961,F,27,1,기타
U06962,M,30,1,기타
U06963,F,39,0,경기
U06964,F,32,0,경기
U06965,M,21,0,서울
U06966,F,32,0,서울
U06967,M,25,0,경기
U06968,F,29,0,서울
U06969,M,29,1,서울
U06970,F,23,0,서울
U06971,M,35,0,기타
U06972,F,35,1,서울
U06973,F,24,0,서울
U06974,M,29,2,서울
U06975,M,22,1,서울
U06976,M,27,1,기타
U06977,M,37,1,경기
U06978,M,33,1,서울
U06979,M,20,1,서울
U06980,F,27,1,서울
U06981,M,25,0,경기
U06982,F,29,0,서울
U06983,M,24,0,기타
U06984,M,38,1,기타
U06985,M,42,1,경기
U06986,F,31,0,기타
U06987,F,34,0,기타
U06988,F,24,1,기타
U06989,F,32,0,경기
U06990,F,28,2,경기
U06991,M,28,1,기타
U06992,M,26,0,기타
U06993,M,31,0,서울
U06994,F,30,1,경기
U06995,F,29,0,기타
U06996,F,33,0,경기
U06997,F,30,2,서울
U06998,M,28,1,기타
U06999,M,18,2,서울
U07000,M,27,3,서울
U07001,F,22,0,서울
U07002,M,37,1,기타
U07003,F,33,0,서울
U07004,F,28,3,경기
U07005,F,21,2,서울
U07006,M,34,0,경기
U07007,M,27,0,기타
U07008,F,30,2,서울
U07009,M,24,0,서울
U07010,M,32,2,기타
U07011,M,46,1,경기
U07012,M,29,1,기타
U07013,M,25,1,경기
U07014,M,27,1,서울
U07015,F,30,2,서울
U07016,F,31,0,경기
U07017,F,28,1,경기
U07018,F,20,1,기타
U07019,M,25,0,경기
U07020,M,20,1,서울
U07021,M,32,1,서울
U07022,M,24,0,서울
U07023,M,40,1,서울
U07024,M,30,1,서울
U07025,F,28,1,서울
U07026,M,30,0,서울
U07027,F,33,0,서울
U07028,F,27,3,기타
U07029,M,47,2,서울
U07030,F,38,1,경기
U07031,F,37,0,기타
U07032,F,18,0,서울
U07033,F,34,2,서울
U07034,M,39,0,기타
U07035,M,30,0,경기
U07036,F,30,0,서울
U07037,M,38,0,경기
U07038,M,35,1,경기
U07039,F,35,0,기타
U07040,F,35,3,서울
U07041,M,25,0,경기
U07042,F,29,0,경기
U07043,M,26,0,서울
U07044,M,21,0,서울
U07045,F,30,0,서울
U07046,M,25,1,기타
U07047,F,22,0,경기
U07048,F,32,0,경기
U07049,F,33,1,경기
U07050,F,30,1,서울
U07051,M,29,1,서울
U07052,F,33,2,기타
U07053,M,24,0,서울
U07054,F,31,1,기타
U07055,M,21,3,서울
U07056,M,18,0,기타
U07057,F,30,1,서울
U07058,M,33,0,서울
U07059,F,27,2,서울
U07060,M,31,2,서울
U07061,F,32,3,기타
U07062,F,36,0,서울
U07063,F,27,3,기타
U07064,M,28,0,기타
U07065,M,34,1,기타
U07066,M,39,0,서울
U07067,F,18,0,경기
U07068,F,22,3,서울
U07069,F,21,2,경기
U07070,M,27,1,서울
U07071,F,29,1,경기
U07072,F,29,1,경기
U07073,F,28,0,서울
U07074,M,28,2,기타
U07075,M,32,0,경기
U07076,M,23,3,기타
U07077,F,28,1,기타
U07078,F,35,0,서울
U07079,F,27,0,경기
U07080,F,38,0,경기
U07081,F,32,1,기타
U07082,M,38,0,경기
U07083,M,27,2,서울
U07084,F,26,2,기타
U07085,F,30,0,서울
U07086,F,32,1,기타
U07087,F,35,0,경기
U07088,M,33,1,기타
U07089,F,21,0,경기
U07090,F,31,1,기타
U07091,M,27,0,기타
U07092,M,39,2,기타
U07093,M,27,0,서울
U07094,F,35,0,서울
U07095,M,23,1,경기
U07096,M,31,3,서울
U07097,M,30,1,기타
U07098,M,23,3,기타
U07099,F,26,1,경기
U07100,M,40,1,기타
U07101,M,23,1,기타
U07102,M,31,0,경기
U07103,F,33,0,서울
U07104,M,32,0,경기
U07105,M,24,1,경기
U07106,F,36,0,서울
U07107,M,35,0,기타
U07108,F,29,1,기타
U07109,F,37,0,기타
U07110,F,28,1,경기
U07111,M,23,1,서울
U07112,M,24,0,경기
U07113,M,35,0,서울
U07114,M,28,0,서울
U07115,M,31,0,기타
U07116,F,40,0,서울
U07117,M,29,0,서울
U07118,F,37,0,기타
U07119,F,25,0,경기
U07120,F,27,0,기타
U07121,F,27,1,서울
U07122,F,29,0,서울
U07123,M,34,1,기타
U07124,M,35,0,경기
U07125,M,28,0,서울
U07126,M,32,0,서울
U07127,M,41,1,경기
U07128,F,33,0,서울
U07129,M,29,0,서울
U07130,F,35,0,경기
U07131,F,33,0,경기
U07132,M,29,1,경기
U07133,M,36,2,경기
U07134,F,32,0,기타
U07135,M,31,0,서울
U07136,M,27,0,서울
U07137,F,24,2,경기
U07138,M,33,2,경기
U07139,M,34,3,기타
U07140,M,23,2,경기
U07141,F,36,0,서울
U07142,M,41,3,경기
U07143,F,37,0,경기
U07144,M,26,1,서울
U07145,M,34,0,서울
U07146,F,37,0,기타
U07147,M,44,3,경기
U07148,M,28,0,기타
U07149,F,29,1,서울
U07150,F,50,0,서울
U07151,M,40,0,기타
U07152,M,28,0,경기
U07153,M,29,1,서울
U07154,F,25,0,서울
U07155,M,35,0,경기
U07156,M,38,2,서울
U07157,F,33,1,경기
U07158,M,29,1,경기
U07159,F,36,0,경기
U07160,M,40,1,서울
U07161,M,34,0,경기
U07162,M,29,0,기타
U07163,M,28,1,서울
U07164,F,36,2,경기
U07165,F,34,0,서울
U07166,M,35,0,서울
U07167,F,30,1,기타
U07168,F,34,0,경기
U07169,F,33,1,서울
U07170,F,26,1,기타
U07171,M,31,0,서울
U07172,M,35,0,서울
U07173,F,30,2,서울
U07174,F,31,0,경기
U07175,M,21,0,경기
U07176,F,39,0,기타
U07177,F,37,2,경기
U07178,M,37,3,기타
U07179,F,32,0,경기
U07180,M,31,3,서울
U07181,M,28,0,서울
U07182,F,31,1,서울
U07183,M,27,1,경기
U07184,M,28,1,서울
U07185,F,29,0,경기
U07186,M,37,0,경기
U07187,M,43,1,기타
U07188,F,38,0,경기
U07189,F,37,0,서울
U07190,M,36,0,경기
U07191,M,40,0,서울
U07192,M,25,3,기타
U07193,F,28,1,기타
U07194,F,28,3,서울
U07195,M,27,0,기타
U07196,F,24,2,서울
U07197,F,39,0,서울
U07198,M,27,0,서울
U07199,M,33,1,경기
U07200,F,31,0,서울
U07201,F,33,0,서울
U07202,M,36,0,경기
U07203,M,27,0,서울
U07204,F,34,0,서울
U07205,F,33,0,기타
U07206,M,23,0,서울
U07207,M,29,3,서울
U07208,F,28,0,서울
U07209,F,31,0,기타
U07210,M,33,0,서울
U07211,F,32,1,경기
U07212,M,45,0,기타
U07213,M,29,1,경기
U07214,F,26,0,경기
U07215,M,42,0,서울
U07216,M,26,1,서울
U07217,F,34,0,서울
U07218,F,31,0,서울
U07219,F,29,1,경기
U07220,M,32,0,경기
U07221,M,32,3,서울
U07222,F,33,1,서울
U07223,F,35,0,기타
U07224,M,32,0,서울
U07225,M,31,0,경기
U07226,F,37,2,기타
U07227,M,28,1,서울
U07228,F,29,1,서울
U07229,M,18,0,기타
U07230,M,28,1,경기
U07231,M,30,0,기타
U07232,M,41,0,기타
U07233,M,31,2,기타
U07234,M,25,0,기타
U07235,M,31,0,경기
U07236,F,39,0,경기
U07237,F,24,1,서울
U07238,F,29,0,서울
U07239,M,35,0,기타
U07240,M,31,1,기타
U07241,M,29,0,경기
U07242,F,38,3,경기
U07243,M,34,0,서울
U07244,F,25,1,서울
U07245,F,32,1,서울
U07246,M,28,0,경기
U07247,M,27,2,기타
U07248,F,24,0,서울
U07249,F,29,0,기타
U07250,M,34,0,서울
U07251,F,24,1,경기
U07252,M,24,0,기타
U07253,M,18,0,서울
U07254,M,30,3,서울
U07255,M,33,0,경기
U07256,M,42,1,서울
U07257,M,29,2,서울
U07258,M,26,0,기타
U07259,M,38,3,서울
U07260,M,24,0,경기
U07261,F,18,1,서울
U07262,F,21,2,경기
U07263,M,31,0,경기
U07264,F,29,1,서울
U07265,M,30,0,경기
U07266,M,37,0,경기
U07267,M,31,0,기타
U07268,F,22,0,경기
U07269,F,38,2,서울
U07270,M,30,2,경기
U07271,M,32,0,기타
U07272,F,28,0,경기
U07273,M,32,0,서울
U07274,M,27,0,경기
U07275,M,26,0,서울
U07276,M,29,1,서울
U07277,M,18,1,서울
U07278,F,20,0,서울
U07279,F,24,0,서울
U07280,M,27,1,서울
U07281,F,29,0,기타
U07282,M,29,0,서울
U07283,M,25,1,경기
U07284,M,24,0,경기
U07285,M,26,1,경기
U07286,M,32,2,서울
U07287,M,30,0,서울
U07288,M,24,1,서울
U07289,M,18,0,기타
U07290,F,31,0,서울
U07291,F,35,0,서울
U07292,M,36,0,경기
U07293,M,29,1,서울
U07294,F,26,0,경기
U07295,F,38,0,경기
U07296,M,34,0,경기
U07297,F,26,0,경기
U07298,M,33,0,서울
U07299,F,32,0,서울
U07300,F,28,3,서울
U07301,M,31,1,서울
U07302,F,29,0,서울
U07303,M,32,0,기타
U07304,F,31,0,기타
U07305,M,35,0,서울
U07306,F,27,1,서울
U07307,F,24,1,서울
U07308,M,31,1,서울
U07309,M,27,1,서울
U07310,M,23,0,기타
U07311,F,38,0,서울
U07312,F,28,0,기타
U07313,M,32,0,경기
U07314,M,37,1,서울
U07315,F,29,1,기타
U07316,M,27,0,기타
U07317,F,26,0,서울
U07318,M,33,3,서울
U07319,F,30,1,경기
U07320,F,34,0,기타
U07321,F,25,0,서울
U07322,M,44,0,경기
U07323,M,32,2,기타
U07324,M,28,1,기타
U07325,M,40,1,기타
U07326,M,34,1,서울
U07327,M,38,0,서울
U07328,M,26,0,경기
U07329,M,19,0,기타
U07330,F,36,1,서울
U07331,F,39,2,서울
U07332,F,34,2,기타
U07333,F,38,0,기타
U07334,M,31,0,경기
U07335,M,25,0,경기
U07336,F,19,1,서울
U07337,F,40,0,서울
U07338,M,23,2,서울
U07339,M,30,0,기타
U07340,F,30,2,서울
U07341,M,35,0,경기
U07342,F,29,1,기타
U07343,F,25,3,기타
U07344,M,36,0,기타
U07345,F,23,2,기타
U07346,M,34,0,서울
U07347,M,27,0,서울
U07348,M,35,0,경기
U07349,F,26,2,경기
U07350,M,33,1,서울
U07351,F,35,0,기타
U07352,M,19,3,서울
U07353,M,36,1,경기
U07354,M,40,2,서울
U07355,M,32,1,경기
U07356,F,40,1,기타
U07357,F,25,0,서울
U07358,F,30,1,경기
U07359,M,27,0,서울
U07360,M,30,2,서울
U07361,F,22,0,경기
U07362,M,30,0,경기
U07363,F,30,2,서울
U07364,M,30,2,서울
U07365,M,30,0,기타
U07366,M,29,0,기타
U07367,M,31,1,서울
U07368,F,24,2,기타
U07369,F,32,1,경기
U07370,F,25,0,서울
U07371,M,38,2,경기
U07372,M,26,1,경기
U07373,F,21,0,서울
U07374,M,18,0,서울
U07375,M,36,0,서울
U07376,M,24,0,경기
U07377,F,21,3,서울
U07378,M,28,1,경기
U07379,M,32,0,경기
U07380,M,18,0,서울
U07381,F,29,0,기타
U07382,M,34,3,기타
U07383,F,26,1,기타
U07384,F,28,1,서울
U07385,M,29,1,기타
U07386,M,25,0,서울
U07387,M,34,0,서울
U07388,M,31,1,기타
U07389,M,38,0,서울
U07390,M,33,0,서울
U07391,F,37,0,서울
U07392,F,27,0,서울
U07393,M,31,1,기타
U07394,F,24,0,서울
U07395,F,31,0,기타
U07396,M,18,1,기타
U07397,M,36,3,경기
U07398,M,34,3,서울
U07399,F,34,0,경기
U07400,M,24,2,서울
U07401,M,31,1,서울
U07402,F,32,1,서울
U07403,M,35,2,서울
U07404,M,39,1,경기
U07405,F,37,0,서울
U07406,M,38,0,경기
U07407,M,26,2,기타
U07408,F,35,2,기타
U07409,M,37,1,기타
U07410,M,38,0,경기
U07411,F,26,0,서울
U07412,M,33,1,경기
U07413,M,37,0,경기
U07414,F,19,0,경기
U07415,M,22,1,서울
U07416,F,26,2,기타
U07417,M,27,0,경기
U07418,F,22,0,기타
U07419,F,29,2,기타
U07420,F,23,1,서울
U07421,M,39,0,경기
U07422,M,38,0,서울
U07423,M,21,0,경기
U07424,M,28,1,서울
U07425,F,31,0,기타
U07426,F,24,2,기타
U07427,M,37,1,기타
U07428,M,20,1,경기
U07429,M,38,1,경기
U07430,M,32,0,경기
U07431,F,29,0,경기
U07432,M,28,0,서울
U07433,M,40,1,경기
U07434,M,29,1,경기
U07435,M,18,0,기타
U07436,M,18,3,경기
U07437,F,22,3,경기
U07438,M,29,1,기타
U07439,M,30,0,기타
U07440,M,23,0,서울
U07441,F,25,1,기타
U07442,M,37,0,기타
U07443,M,37,2,경기
U07444,F,33,2,서울
U07445,F,34,3,경기
U07446,M,26,0,서울
U07447,M,35,3,기타
U07448,F,36,0,서울
U07449,F,29,2,서울
U07450,M,32,3,기타
U07451,F,28,1,기타
U07452,F,19,0,서울
U07453,M,23,0,서울
U07454,F,24,2,서울
U07455,M,27,0,서울
U07456,M,30,1,경기
U07457,M,32,1,서울
U07458,F,32,0,서울
U07459,M,30,0,경기
U07460,M,35,0,서울
U07461,F,33,1,기타
U07462,M,32,1,경기
U07463,F,33,0,기타
U07464,M,29,0,서울
U07465,F,19,0,경기
U07466,M,43,0,기타
U07467,F,29,2,서울
U07468,M,32,1,경기
U07469,F,30,2,기타
U07470,F,27,1,경기
U07471,M,30,0,기타
U07472,M,25,3,서울
U07473,F,32,0,서울
U07474,F,21,0,경기
U07475,F,30,0,서울
U07476,M,31,0,서울
U07477,M,38,2,경기
U07478,F,23,1,기타
U07479,F,39,0,기타
U07480,M,33,1,서울
U07481,M,35,3,기타
U07482,M,25,2,경기
U07483,F,29,0,경기
U07484,M,29,2,경기
U07485,F,34,0,경기
U07486,F,33,0,기타
U07487,M,24,2,기타
U07488,M,24,0,경기
U07489,M,30,0,경기
U07490,F,34,2,기타
U07491,M,41,1,기타
U07492,F,26,1,기타
U07493,M,35,0,서울
U07494,M,32,2,기타
U07495,F,18,0,기타
U07496,M,37,0,서울
U07497,F,27,2,경기
U07498,M,32,0,서울
U07499,F,25,0,기타
U07500,M,27,0,기타
U07501,M,40,1,기타
U07502,F,25,2,경기
U07503,F,33,1,기타
U07504,F,29,2,경기
U07505,M,30,1,기타
U07506,F,38,1,경기
U07507,M,37,1,서울
U07508,F,27,1,기타
U07509,F,33,1,경기
U07510,F,18,2,기타
U07511,F,37,0,기타
U07512,M,32,0,서울
U07513,F,36,0,기타
U07514,M,33,0,기타
U07515,M,28,1,서울
U07516,F,32,0,기타
U07517,M,31,2,서울
U07518,F,27,0,기타
U07519,M,24,0,서울
U07520,M,35,1,기타
U07521,F,28,1,서울
U07522,F,31,0,기타
U07523,M,33,1,경기
U07524,F,40,3,경기
U07525,M,22,1,서울
U07526,F,22,0,서울
U07527,F,30,1,기타
U07528,F,34,0,경기
U07529,M,37,1,서울
U07530,F,29,0,기타
U07531,F,33,1,경기
U07532,M,38,0,서울
U07533,M,29,0,기타
U07534,M,28,2,기타
U07535,M,23,2,경기
U07536,M,28,0,기타
U07537,F,29,3,기타
U07538,F,34,1,기타
U07539,M,32,1,서울
U07540,M,33,1,경기
U07541,M,23,1,서울
U07542,F,42,0,기타
U07543,M,40,1,경기
U07544,F,31,0,경기
U07545,M,31,1,경기
U07546,F,24,0,경기
U07547,F,26,1,경기
U07548,M,38,1,기타
U07549,F,37,2,서울
U07550,M,33,0,기타
U07551,M,38,1,서울
U07552,F,37,0,서울
U07553,M,32,0,경기
U07554,F,31,1,경기
U07555,F,32,0,기타
U07556,M,28,1,기타
U07557,M,21,0,기타
U07558,F,38,1,기타
U07559,F,24,1,서울
U07560,F,29,0,서울
U07561,M,28,0,경기
U07562,F,28,0,서울
U07563,F,30,0,기타
U07564,F,30,1,기타
U07565,M,21,2,경기
U07566,F,33,2,서울
U07567,M,23,0,서울
U07568,M,31,0,서울
U07569,M,28,0,경기
U07570,F,18,0,서울
U07571,M,22,1,경기
U07572,M,27,1,기타
U07573,M,18,1,경기
U07574,M,24,0,경기
U07575,M,30,1,경기
U07576,M,32,1,서울
U07577,M,29,1,기타
U07578,F,28,0,서울
U07579,M,30,0,경기
U07580,F,42,1,기타
U07581,F,36,2,경기
U07582,M,38,0,경기
U07583,M,30,1,서울
U07584,M,42,3,기타
U07585,M,28,0,서울
U07586,M,34,0,서울
U07587,F,33,1,서울
U07588,F,32,0,기타
U07589,F,42,1,기타
U07590,M,38,2,서울
U07591,M,39,0,기타
U07592,M,31,1,경기
U07593,M,36,2,기타
U07594,M,29,2,서울
U07595,F,38,1,기타
U07596,M,18,2,서울
U07597,M,32,2,기타
U07598,F,21,0,기타
U07599,M,38,0,서울
U07600,F,34,1,기타
U07601,F,18,0,기타
U07602,M,30,3,서울
U07603,M,18,0,기타
U07604,F,32,0,기타
U07605,M,40,2,경기
U07606,F,29,0,기타
U07607,M,24,0,서울
U07608,F,26,0,기타
U07609,F,34,0,기타
U07610,F,38,0,경기
U07611,M,40,2,경기
U07612,M,35,1,서울
U07613,F,26,0,기타
U07614,F,27,2,경기
U07615,F,30,0,서울
U07616,F,22,1,기타
U07617,M,32,1,기타
U07618,M,23,3,경기
U07619,M,31,3,경기
U07620,M,29,1,기타
U07621,M,30,0,경기
U07622,M,30,0,기타
U07623,M,39,3,서울
U07624,M,28,0,서울
U07625,M,35,0,경기
U07626,M,33,0,경기
U07627,F,22,0,기타
U07628,F,31,0,기타
U07629,M,34,1,경기
U07630,M,37,2,경기
U07631,F,28,0,서울
U07632,F,37,0,경기
U07633,M,33,1,서울
U07634,F,36,0,서울
U07635,F,33,0,경기
U07636,F,30,1,기타
U07637,F,32,0,서울
U07638,F,35,0,기타
U07639,M,20,1,기타
U07640,F,35,3,서울
U07641,F,27,1,기타
U07642,M,37,2,경기
U07643,M,42,0,경기
U07644,M,28,2,기타
U07645,F,28,1,서울
U07646,F,29,0,서울
U07647,F,30,1,서울
U07648,M,34,0,경기
U07649,F,28,1,서울
U07650,F,29,1,기타
U07651,M,29,3,서울
U07652,F,29,0,경기
U07653,M,21,0,경기
U07654,M,24,0,경기
U07655,F,33,1,기타
U07656,M,33,1,경기
U07657,F,34,1,서울
U07658,F,20,1,서울
U07659,F,27,2,서울
U07660,M,22,1,서울
U07661,F,23,0,서울
U07662,M,31,1,서울
U07663,F,27,3,서울
U07664,F,26,1,경기
U07665,F,28,2,기타
U07666,F,42,0,기타
U07667,F,32,0,기타
U07668,F,34,0,기타
U07669,F,31,1,서울
U07670,M,27,1,기타
U07671,F,23,1,서울
U07672,F,35,0,경기
U07673,M,34,0,기타
U07674,M,32,1,경기
U07675,M,30,0,기타
U07676,M,36,0,서울
U07677,F,42,0,경기
U07678,M,20,1,기타
U07679,M,41,0,경기
U07680,F,35,1,경기
U07681,F,34,0,경기
U07682,F,31,2,서울
U07683,M,32,0,경기
U07684,F,32,2,서울
U07685,M,20,3,서울
U07686,M,37,0,서울
U07687,M,27,0,서울
U07688,F,31,0,기타
U07689,M,30,0,기타
U07690,M,34,0,경기
U07691,F,22,0,기타
U07692,M,38,3,기타
U07693,M,24,1,기타
U07694,M,30,0,경기
U07695,F,18,1,경기
U07696,M,36,1,경기
U07697,M,33,0,기타
U07698,M,31,0,기타
U07699,M,25,0,서울
U07700,M,22,1,기타
U07701,M,31,3,서울
U07702,M,35,1,서울
U07703,M,33,1,기타
U07704,M,31,0,서울
U07705,M,25,2,경기
U07706,F,33,0,서울
U07707,F,27,1,서울
U07708,F,33,1,서울
U07709,F,28,1,기타
U07710,F,27,0,기타
U07711,M,25,0,기타
U07712,M,37,0,서울
U07713,M,36,0,경기
U07714,M,32,2,기타
U07715,F,27,0,기타
U07716,M,23,1,서울
U07717,F,33,2,서울
U07718,F,28,1,기타
U07719,M,22,1,서울
U07720,F,29,0,서울
U07721,F,37,1,경기
U07722,M,28,0,경기
U07723,M,32,0,경기
U07724,F,24,2,기타
U07725,F,32,1,경기
U07726,M,27,0,경기
U07727,M,36,0,서울
U07728,M,30,0,경기
U07729,M,24,2,기타
U07730,F,29,1,서울
U07731,M,32,0,기타
U07732,F,20,1,서울
U07733,F,18,0,경기
U07734,F,41,1,기타
U07735,F,25,3,경기
U07736,F,32,1,서울
U07737,F,37,0,서울
U07738,M,28,2,기타
U07739,M,34,2,경기
U07740,M,18,0,서울
U07741,M,28,2,서울
U07742,F,29,3,기타
U07743,M,31,2,서울
U07744,M,37,0,서울
U07745,F,32,1,서울
U07746,M,35,1,경기
U07747,M,49,0,서울
U07748,F,25,2,기타
U07749,M,31,0,서울
U07750,F,20,1,서울
U07751,F,29,0,기타
U07752,F,22,0,서울
U07753,M,27,1,기타
U07754,F,28,0,기타
U07755,M,33,0,서울
U07756,M,35,1,서울
U07757,F,34,1,기타
U07758,F,28,0,서울
U07759,M,25,0,서울
U07760,M,32,1,경기
U07761,M,31,0,경기
U07762,M,23,1,서울
U07763,M,28,0,서울
U07764,F,26,0,경기
U07765,M,32,0,서울
U07766,M,25,0,경기
U07767,M,29,3,기타
U07768,F,33,2,서울
U07769,F,26,1,서울
U07770,M,33,0,경기
U07771,M,32,3,기타
U07772,M,22,0,기타
U07773,M,32,1,경기
U07774,F,25,1,경기
U07775,M,33,1,경기
U07776,F,48,0,기타
U07777,F,33,0,서울
U07778,M,30,0,경기
U07779,M,32,0,기타
U07780,M,34,3,기타
U07781,M,43,0,경기
U07782,M,30,3,기타
U07783,F,24,0,경기
U07784,M,25,0,경기
U07785,F,32,3,기타
U07786,F,26,2,기타
U07787,F,30,3,서울
U07788,M,35,0,서울
U07789,F,26,0,기타
U07790,F,36,0,기타
U07791,F,24,1,기타
U07792,M,30,2,서울
U07793,M,38,1,서울
U07794,F,32,2,서울
U07795,F,33,0,기타
U07796,M,29,3,기타
U07797,M,32,1,서울
U07798,F,23,2,기타
U07799,F,33,1,기타
U07800,F,30,1,경기
U07801,M,35,0,기타
U07802,F,26,2,경기
U07803,F,30,0,기타
U07804,F,38,0,기타
U07805,M,35,2,경기
U07806,M,38,2,서울
U07807,F,26,0,서울
U07808,M,43,0,서울
U07809,M,29,1,경기
U07810,M,30,0,서울
U07811,F,36,2,경기
U07812,M,29,1,경기
U07813,F,27,1,경기
U07814,M,36,1,기타
U07815,M,35,3,기타
U07816,F,35,0,서울
U07817,M,38,3,기타
U07818,M,39,0,서울
U07819,M,40,0,서울
U07820,F,30,1,기타
U07821,F,31,1,기타
U07822,M,34,1,기타
U07823,M,32,0,기타
U07824,M,30,1,서울
U07825,M,25,0,서울
U07826,M,46,0,기타
U07827,M,26,0,기타
U07828,F,25,2,경기
U07829,M,22,2,서울
U07830,M,35,0,경기
U07831,M,24,0,경기
U07832,M,31,1,경기
U07833,M,31,2,기타
U07834,M,27,0,서울
U07835,M,33,0,서울
U07836,F,31,0,서울
U07837,M,33,0,경기
U07838,M,40,1,기타
U07839,M,18,0,경기
U07840,F,32,2,경기
U07841,M,29,0,서울
U07842,F,28,0,기타
U07843,M,27,1,서울
U07844,F,28,1,기타
U07845,F,32,0,경기
U07846,M,42,0,경기
U07847,M,25,0,서울
U07848,M,27,0,서울
U07849,M,25,1,기타
U07850,M,26,2,경기
U07851,M,36,1,서울
U07852,M,35,0,경기
U07853,F,31,1,서울
U07854,F,36,1,서울
U07855,F,33,0,경기
U07856,F,22,0,서울
U07857,F,27,0,서울
U07858,F,27,1,서울
U07859,F,29,0,서울
U07860,M,26,0,기타
U07861,F,18,0,서울
U07862,M,31,0,경기
U07863,F,30,0,기타
U07864,M,32,2,서울
U07865,M,29,2,서울
U07866,M,29,1,경기
U07867,F,32,0,경기
U07868,F,40,0,서울
U07869,F,18,0,서울
U07870,M,38,0,서울
U07871,M,30,0,서울
U07872,F,22,2,경기
U07873,M,34,1,기타
U07874,M,42,2,기타
U07875,F,29,2,경기
U07876,M,24,0,기타
U07877,M,30,2,서울
U07878,M,27,2,경기
U07879,M,21,0,경기
U07880,F,30,0,기타
U07881,F,30,2,서울
U07882,M,22,1,기타
U07883,F,23,1,기타
U07884,F,34,1,기타
U07885,F,21,1,기타
U07886,F,26,1,기타
U07887,M,27,2,서울
U07888,F,36,3,경기
U07889,M,31,1,경기
U07890,M,28,2,경기
U07891,M,27,2,경기
U07892,M,26,0,서울
U07893,F,35,1,기타
U07894,F,22,0,서울
U07895,F,34,1,서울
U07896,M,36,0,기타
U07897,F,28,0,경기
U07898,M,36,1,서울
U07899,M,31,0,서울
U07900,F,26,0,서울
U07901,M,23,1,서울
U07902,M,34,3,서울
U07903,M,29,0,기타
U07904,M,27,1,기타
U07905,F,37,0,기타
U07906,M,28,1,경기
U07907,F,24,1,경기
U07908,M,34,0,경기
U07909,M,30,1,서울
U07910,M,39,0,서울
U07911,M,22,0,서울
U07912,M,33,0,기타
U07913,F,47,0,기타
U07914,F,30,0,기타
U07915,F,38,0,서울
U07916,M,33,0,기타
U07917,M,25,0,기타
U07918,M,27,0,서울
U07919,M,29,2,경기
U07920,M,32,2,기타
U07921,F,32,2,서울
U07922,M,29,0,서울
U07923,F,45,3,서울
U07924,M,29,0,서울
U07925,F,27,1,서울
U07926,M,26,0,서울
U07927,F,27,1,서울
U07928,F,33,0,서울
U07929,M,20,0,기타
U07930,M,23,2,경기
U07931,F,29,1,기타
U07932,M,29,1,기타
U07933,F,28,0,경기
U07934,F,30,2,서울
U07935,M,31,0,서울
U07936,M,30,0,기타
U07937,F,45,1,경기
U07938,F,23,0,서울
U07939,M,34,0,경기
U07940,M,30,1,경기
U07941,M,28,0,경기
U07942,M,29,0,기타
U07943,M,40,3,경기
U07944,F,30,1,서울
U07945,F,31,0,서울
U07946,F,33,3,서울
U07947,F,28,2,기타
U07948,F,29,0,서울
U07949,M,34,0,서울
U07950,M,29,0,서울
U07951,M,33,2,경기
U07952,M,39,1,서울
U07953,F,37,0,서울
U07954,F,32,0,서울
U07955,M,33,0,기타
U07956,M,38,1,서울
U07957,M,28,1,경기
U07958,M,43,1,기타
U07959,F,22,0,경기
U07960,F,33,0,서울
U07961,F,37,2,경기
U07962,F,29,0,경기
U07963,F,38,1,경기
U07964,F,26,0,서울
U07965,F,27,1,기타
U07966,F,33,2,기타
U07967,F,32,0,기타
U07968,M,18,0,기타
U07969,M,22,2,서울
U07970,F,34,1,서울
U07971,M,18,0,서울
U07972,F,27,0,서울
U07973,M,32,0,서울
U07974,F,40,1,기타
U07975,M,18,1,경기
U07976,M,23,1,경기
U07977,F,31,3,경기
U07978,M,20,2,서울
U07979,F,29,1,기타
U07980,M,28,2,기타
U07981,M,27,3,서울
U07982,M,28,2,서울
U07983,F,35,2,서울
U07984,M,27,1,경기
U07985,M,32,0,기타
U07986,F,33,0,기타
U07987,F,31,1,기타
U07988,M,26,1,서울
U07989,F,27,0,기타
U07990,F,26,0,기타
U07991,F,28,1,기타
U07992,M,27,0,기타
U07993,M,21,2,서울
U07994,M,31,0,기타
U07995,F,24,0,서울
U07996,M,28,1,서울
U07997,M,31,0,기타
U07998,M,18,2,경기
U07999,M,37,0,기타
U08000,M,30,0,서울
U08001,M,30,2,서울
U08002,M,33,0,기타
U08003,F,34,0,기타
U08004,F,43,2,기타
U08005,F,34,2,경기
U08006,F,24,3,서울
U08007,F,32,1,서울
U08008,M,26,0,경기
U08009,F,36,1,서울
U08010,M,29,1,기타
U08011,F,31,0,경기
U08012,M,26,0,기타
U08013,M,32,0,기타
U08014,M,35,0,기타
U08015,F,31,0,서울
U08016,M,24,0,서울
U08017,F,32,0,서울
U08018,M,36,1,서울
U08019,F,20,0,경기
U08020,F,38,1,경기
U08021,M,34,0,기타
U08022,F,20,0,경기
U08023,M,19,0,서울
U08024,M,29,0,기타
U08025,F,35,1,기타
U08026,M,33,1,기타
U08027,F,39,1,서울
U08028,M,28,1,경기
U08029,F,34,0,기타
U08030,M,33,0,기타
U08031,M,31,2,기타
U08032,M,29,1,서울
U08033,F,23,0,서울
U08034,F,30,2,서울
U08035,F,29,0,기타
U08036,M,43,1,기타
U08037,M,32,0,경기
U08038,M,31,0,기타
U08039,F,30,0,기타
U08040,M,30,0,경기
U08041,M,29,3,서울
U08042,M,27,1,경기
U08043,M,26,0,경기
U08044,M,26,1,기타
U08045,F,32,3,경기
U08046,M,29,0,경기
U08047,M,31,2,서울
U08048,F,23,0,경기
U08049,M,29,0,기타
U08050,M,26,2,서울
U08051,F,34,0,경기
U08052,M,32,0,기타
U08053,F,29,3,기타
U08054,M,30,2,기타
U08055,F,30,2,경기
U08056,M,33,0,경기
U08057,M,28,0,경기
U08058,M,27,1,서울
U08059,M,24,0,기타
U08060,M,33,0,기타
U08061,M,41,0,기타
U08062,F,35,0,서울
U08063,F,25,0,기타
U08064,M,43,1,기타
U08065,F,29,1,서울
U08066,F,29,0,경기
U08067,F,35,1,서울
U08068,M,35,1,서울
U08069,M,35,0,기타
U08070,M,29,2,기타
U08071,F,35,0,서울
U08072,F,31,0,경기
U08073,F,25,0,서울
U08074,M,33,1,경기
U08075,M,27,2,기타
U08076,M,31,0,경기
U08077,M,37,3,경기
U08078,M,29,2,서울
U08079,M,29,0,기타
U08080,F,35,1,기타
U08081,F,38,2,기타
U08082,M,34,1,서울
U08083,F,25,1,경기
U08084,F,28,1,경기
U08085,F,28,0,기타
U08086,F,40,1,기타
U08087,F,23,0,경기
U08088,F,31,0,기타
U08089,M,40,2,경기
U08090,M,30,0,서울
U08091,F,39,3,경기
U08092,M,36,2,경기
U08093,M,32,1,기타
U08094,F,23,2,기타
U08095,M,36,1,경기
U08096,F,36,0,서울
U08097,M,23,3,서울
U08098,M,30,0,경기
U08099,F,28,0,경기
U08100,M,39,0,경기
U08101,F,25,1,경기
U08102,M,21,1,서울
U08103,M,29,0,서울
U08104,M,29,2,경기
U08105,F,25,0,경기
U08106,F,28,0,서울
U08107,F,28,2,경기
U08108,F,32,0,경기
U08109,F,20,2,서울
U08110,F,30,0,경기
U08111,F,18,2,서울
U08112,M,26,0,기타
U08113,M,22,2,경기
U08114,M,39,1,기타
U08115,M,41,2,서울
U08116,M,31,2,기타
U08117,F,23,0,경기
U08118,F,30,0,서울
U08119,M,20,0,경기
U08120,M,27,0,기타
U08121,M,19,1,경기
U08122,F,32,2,경기
U08123,F,31,0,경기
U08124,M,29,0,서울
U08125,M,40,2,경기
U08126,M,27,0,경기
U08127,M,23,0,기타
U08128,M,21,0,경기
U08129,M,28,1,기타
U08130,F,29,1,경기
U08131,M,30,0,경기
U08132,M,18,1,기타
U08133,F,37,0,서울
U08134,M,36,2,기타
U08135,M,28,0,경기
U08136,M,18,2,서울
U08137,M,29,0,기타
U08138,M,25,1,기타
U08139,M,30,0,기타
U08140,M,19,0,서울
U08141,F,23,3,서울
U08142,M,21,2,서울
U08143,F,26,1,경기
U08144,F,24,1,경기
U08145,F,31,0,서울
U08146,M,27,0,서울
U08147,F,19,0,서울
U08148,F,24,1,서울
U08149,M,34,0,서울
U08150,F,38,1,서울
U08151,F,33,0,서울
U08152,F,32,1,서울
U08153,M,21,3,경기
U08154,F,31,2,경기
U08155,M,41,1,서울
U08156,M,31,2,기타
U08157,F,25,0,기타
U08158,M,28,0,서울
U08159,M,21,0,기타
U08160,F,32,0,경기
U08161,M,34,0,기타
U08162,F,19,1,서울
U08163,F,46,0,서울
U08164,F,28,1,기타
U08165,F,23,0,기타
U08166,M,38,1,서울
U08167,F,50,0,서울
U08168,M,28,1,경기
U08169,F,34,1,기타
U08170,F,32,0,서울
U08171,M,38,1,서울
U08172,M,31,0,경기
U08173,M,21,0,기타
U08174,F,33,1,서울
U08175,F,41,0,경기
U08176,F,32,0,기타
U08177,M,29,1,기타
U08178,M,23,1,서울
U08179,M,24,0,서울
U08180,M,22,0,서울
U08181,M,39,0,기타
U08182,M,24,0,기타
U08183,F,30,1,기타
U08184,M,39,0,기타
U08185,F,24,0,경기
U08186,F,21,0,경기
U08187,M,35,1,기타
U08188,M,30,0,기타
U08189,M,39,0,기타
U08190,F,34,0,경기
U08191,F,34,0,서울
U08192,F,31,3,서울
U08193,M,40,0,경기
U08194,M,24,0,서울
U08195,M,36,1,서울
U08196,M,34,0,서울
U08197,M,33,1,기타
U08198,M,31,0,서울
U08199,M,29,0,경기
U08200,M,27,3,기타
U08201,M,37,2,기타
U08202,M,39,0,기타
U08203,F,37,2,경기
U08204,M,39,1,기타
U08205,F,34,1,경기
U08206,F,34,1,경기
U08207,M,29,0,경기
U08208,F,37,0,서울
U08209,M,34,2,경기
U08210,F,34,2,기타
U08211,M,24,0,경기
U08212,F,35,0,경기
U08213,M,29,0,서울
U08214,M,23,0,경기
U08215,F,36,0,서울
U08216,M,32,0,서울
U08217,M,25,0,서울
U08218,M,27,0,서울
U08219,F,37,0,서울
U08220,M,30,0,서울
U08221,M,39,2,경기
U08222,F,32,1,경기
U08223,M,36,0,기타
U08224,F,33,0,서울
U08225,M,38,0,경기
U08226,M,27,0,경기
U08227,M,32,0,기타
U08228,F,31,0,서울
U08229,M,32,1,기타
U08230,M,19,0,경기
U08231,F,25,0,기타
U08232,F,33,0,서울
U08233,F,26,1,경기
U08234,F,39,2,서울
U08235,F,29,1,서울
U08236,F,44,0,경기
U08237,F,27,2,서울
U08238,F,21,1,기타
U08239,M,23,0,서울
U08240,M,30,2,경기
U08241,F,30,0,서울
U08242,M,37,1,서울
U08243,F,29,0,기타
U08244,M,30,0,서울
U08245,M,32,3,경기
U08246,M,37,0,기타
U08247,M,32,1,기타
U08248,M,32,0,기타
U08249,F,32,2,경기
U08250,F,23,0,기타
U08251,M,30,3,기타
U08252,F,34,1,서울
U08253,M,42,3,서울
U08254,F,23,0,기타
U08255,F,30,2,경기
U08256,M,22,1,기타
U08257,F,35,0,서울
U08258,F,26,0,서울
U08259,M,24,3,서울
U08260,M,35,1,기타
U08261,F,31,2,서울
U08262,M,31,1,경기
U08263,M,18,0,기타
U08264,M,21,0,기타
U08265,F,29,0,서울
U08266,M,27,0,기타
U08267,M,36,3,경기
U08268,M,30,1,기타
U08269,F,35,0,서울
U08270,F,32,0,기타
U08271,F,33,0,경기
U08272,M,31,0,경기
U08273,M,20,1,서울
U08274,M,38,0,경기
U08275,F,30,0,서울
U08276,F,29,1,서울
U08277,M,29,0,경기
U08278,F,25,2,서울
U08279,F,23,0,경기
U08280,F,35,0,서울
U08281,M,23,0,경기
U08282,M,35,0,기타
U08283,F,38,1,경기
U08284,M,37,1,경기
U08285,F,35,0,기타
U08286,M,23,2,기타
U08287,F,29,0,경기
U08288,M,37,1,기타
U08289,F,29,0,서울
U08290,M,33,3,서울
U08291,F,44,0,서울
U08292,F,38,0,경기
U08293,M,30,3,기타
U08294,M,27,1,서울
U08295,M,24,1,기타
U08296,F,39,1,경기
U08297,F,33,3,기타
U08298,M,19,1,기타
U08299,F,25,0,경기
U08300,F,37,1,서울
U08301,M,27,1,기타
U08302,F,31,0,서울
U08303,M,25,1,경기
U08304,F,21,1,기타
U08305,F,25,0,서울
U08306,F,26,2,경기
U08307,M,34,0,기타
U08308,M,28,0,서울
U08309,F,25,0,서울
U08310,F,30,1,기타
U08311,F,28,2,경기
U08312,M,27,0,서울
U08313,F,29,2,서울
U08314,F,33,0,서울
U08315,F,36,0,기타
U08316,M,19,0,기타
U08317,F,21,0,서울
U08318,F,39,2,기타
U08319,M,31,2,서울
U08320,M,34,1,경기
U08321,M,30,2,경기
U08322,M,44,3,기타
U08323,M,30,0,서울
U08324,M,29,0,기타
U08325,M,31,1,서울
U08326,F,20,1,경기
U08327,M,26,0,경기
U08328,M,25,0,경기
U08329,M,22,2,서울
U08330,M,26,1,경기
U08331,F,31,0,기타
U08332,F,39,2,기타
U08333,M,34,0,경기
U08334,M,40,0,서울
U08335,M,18,1,경기
U08336,M,29,0,서울
U08337,M,26,0,경기
U08338,M,26,1,기타
U08339,F,24,0,서울
U08340,M,23,0,서울
U08341,M,36,1,기타
U08342,F,39,0,서울
U08343,F,28,1,서울
U08344,M,36,1,경기
U08345,M,29,0,서울
U08346,F,21,3,서울
U08347,M,30,0,기타
U08348,F,24,0,서울
U08349,F,28,0,기타
U08350,F,33,2,서울
U08351,M,28,0,서울
U08352,M,28,0,서울
U08353,F,37,0,경기
U08354,F,39,2,서울
U08355,F,29,3,기타
U08356,M,24,3,서울
U08357,F,30,0,서울
U08358,F,30,0,기타
U08359,M,19,1,경기
U08360,M,38,2,경기
U08361,F,32,1,서울
U08362,F,22,1,서울
U08363,F,26,1,경기
U08364,F,27,2,서울
U08365,M,39,1,서울
U08366,M,27,0,경기
U08367,F,24,0,서울
U08368,F,20,0,서울
U08369,F,38,0,기타
U08370,F,36,0,서울
U08371,F,26,0,경기
U08372,M,26,1,경기
U08373,M,26,2,서울
U08374,F,26,1,서울
U08375,M,29,0,경기
U08376,F,34,2,서울
U08377,M,22,1,경기
U08378,F,29,0,서울
U08379,M,27,0,기타
U08380,M,31,1,기타
U08381,M,33,0,기타
U08382,F,45,0,기타
U08383,F,35,2,서울
U08384,M,30,1,서울
U08385,F,31,1,기타
U08386,M,35,0,기타
U08387,F,34,1,기타
U08388,M,33,1,기타
U08389,F,32,0,경기
U08390,F,29,0,서울
U08391,F,34,2,서울
U08392,M,32,1,기타
U08393,M,18,0,기타
U08394,F,28,2,기타
U08395,M,42,0,기타
U08396,F,36,0,기타
U08397,M,20,0,서울
U08398,M,40,3,서울
U08399,F,25,1,기타
U08400,M,41,0,경기
U08401,F,30,1,경기
U08402,F,27,0,경기
U08403,F,26,1,서울
U08404,M,38,0,경기
U08405,M,31,1,기타
U08406,M,33,3,경기
U08407,F,19,2,기타
U08408,M,27,1,기타
U08409,F,24,0,서울
U08410,M,33,3,서울
U08411,M,25,2,기타
U08412,M,27,1,경기
U08413,F,35,2,서울
U08414,M,22,0,경기
U08415,M,27,1,서울
U08416,F,28,1,기타
U08417,F,35,1,서울
U08418,F,25,3,서울
U08419,M,25,1,경기
U08420,F,25,0,서울
U08421,M,31,2,서울
U08422,M,33,1,경기
U08423,M,27,1,서울
U08424,F,26,0,서울
U08425,M,32,0,기타
U08426,F,37,1,서울
U08427,M,37,0,서울
U08428,F,26,0,서울
U08429,M,29,1,서울
U08430,F,23,0,기타
U08431,F,40,0,기타
U08432,M,25,0,경기
U08433,M,23,0,경기
U08434,F,33,1,서울
U08435,M,32,0,서울
U08436,M,34,0,경기
U08437,M,26,0,경기
U08438,F,36,1,기타
U08439,F,28,1,서울
U08440,F,31,0,경기
U08441,M,32,1,서울
U08442,M,24,1,서울
U08443,F,30,2,서울
U08444,F,39,2,경기
U08445,F,32,1,기타
U08446,F,25,0,서울
U08447,M,30,1,서울
U08448,M,32,0,경기
U08449,M,21,1,경기
U08450,F,26,0,서울
U08451,F,32,0,서울
U08452,F,33,0,경기
U08453,F,34,2,서울
U08454,F,32,1,서울
U08455,M,30,0,경기
U08456,F,34,1,서울
U08457,F,33,2,경기
U08458,F,24,0,서울
U08459,F,27,1,경기
U08460,F,32,1,서울
U08461,F,18,1,기타
U08462,M,18,0,기타
U08463,F,31,0,기타
U08464,M,27,1,서울
U08465,M,38,0,경기
U08466,F,37,1,기타
U08467,M,27,1,기타
U08468,F,29,2,서울
U08469,F,44,1,서울
U08470,M,26,0,경기
U08471,M,37,0,서울
U08472,M,43,0,서울
U08473,M,25,1,경기
U08474,M,19,2,경기
U08475,F,27,2,기타
U08476,M,22,1,기타
U08477,F,31,0,서울
U08478,M,35,0,서울
U08479,M,37,0,서울
U08480,M,23,1,서울
U08481,M,27,0,서울
U08482,M,27,1,기타
U08483,M,26,0,서울
U08484,F,29,1,경기
U08485,M,25,3,경기
U08486,F,25,3,서울
U08487,M,28,0,경기
U08488,M,31,1,기타
U08489,M,37,1,경기
U08490,F,31,1,서울
U08491,F,21,0,경기
U08492,M,36,0,경기
U08493,M,24,3,기타
U08494,M,37,0,경기
U08495,M,26,0,서울
U08496,M,25,0,기타
U08497,M,28,0,기타
U08498,F,35,2,경기
U08499,F,40,1,경기
U08500,M,35,0,경기
U08501,F,40,3,기타
U08502,M,31,0,기타
U08503,F,30,1,서울
U08504,F,36,0,서울
U08505,F,36,1,기타
U08506,M,42,2,서울
U08507,M,36,0,기타
U08508,F,27,0,서울
U08509,M,45,0,기타
U08510,M,29,2,서울
U08511,F,38,1,서울
U08512,F,35,0,서울
U08513,M,30,0,기타
U08514,F,28,0,서울
U08515,M,40,1,경기
U08516,F,21,2,경기
U08517,F,27,0,경기
U08518,F,36,0,기타
U08519,M,21,0,기타
U08520,F,28,0,서울
U08521,F,37,0,경기
U08522,M,25,0,서울
U08523,M,37,0,서울
U08524,M,41,0,기타
U08525,F,26,1,기타
U08526,M,27,1,경기
U08527,M,31,1,서울
U08528,F,29,0,경기
U08529,M,30,0,서울
U08530,M,34,1,경기
U08531,F,28,0,서울
U08532,M,24,0,서울
U08533,F,37,1,기타
U08534,F,30,1,서울
U08535,M,35,0,경기
U08536,M,31,0,경기
U08537,F,32,1,서울
U08538,M,32,0,기타
U08539,M,33,0,경기
U08540,F,28,2,서울
U08541,F,18,1,경기
U08542,F,26,3,경기
U08543,M,33,2,기타
U08544,M,35,0,기타
U08545,F,32,0,서울
U08546,F,40,1,기타
U08547,M,24,0,기타
U08548,M,33,0,경기
U08549,M,25,1,기타
U08550,F,30,2,서울
U08551,F,32,1,경기
U08552,M,27,1,기타
U08553,M,26,1,기타
U08554,F,27,3,기타
U08555,M,33,1,경기
U08556,M,35,0,서울
U08557,M,26,2,서울
U08558,M,41,0,경기
U08559,F,23,0,경기
U08560,M,32,1,서울
U08561,M,26,0,기타
U08562,F,30,1,서울
U08563,F,40,2,서울
U08564,F,36,0,경기
U08565,F,31,1,기타
U08566,F,21,1,기타
U08567,M,33,1,서울
U08568,M,30,1,서울
U08569,M,29,1,기타
U08570,F,35,0,기타
U08571,M,28,2,서울
U08572,M,27,2,경기
U08573,M,35,0,경기
U08574,M,26,1,기타
U08575,M,38,0,서울
U08576,F,19,0,서울
U08577,M,40,1,기타
U08578,F,30,1,기타
U08579,M,32,0,기타
U08580,M,31,0,서울
U08581,M,23,0,기타
U08582,M,39,1,서울
U08583,M,28,0,기타
U08584,F,27,0,경기
U08585,M,28,0,서울
U08586,M,20,1,기타
U08587,M,30,0,경기
U08588,F,24,1,경기
U08589,F,30,1,서울
U08590,M,35,1,기타
U08591,M,23,1,경기
U08592,M,25,3,기타
U08593,F,22,1,경기
U08594,M,23,0,서울
U08595,M,23,1,경기
U08596,F,28,1,기타
U08597,M,23,1,기타
U08598,F,19,0,기타
U08599,F,33,0,서울
U08600,F,32,0,서울
U08601,M,33,1,서울
U08602,F,40,3,서울
U08603,M,26,0,기타
U08604,M,37,1,경기
U08605,M,28,3,경기
U08606,M,37,0,경기
U08607,M,34,1,서울
U08608,M,23,2,기타
U08609,M,19,1,서울
U08610,F,24,0,기타
U08611,M,29,0,경기
U08612,F,30,0,서울
U08613,M,18,0,서울
U08614,M,32,3,경기
U08615,F,33,0,기타
U08616,M,38,0,서울
U08617,M,25,0,기타
U08618,F,39,2,경기
U08619,F,32,1,서울
U08620,M,30,1,서울
U08621,M,34,0,기타
U08622,M,27,0,기타
U08623,M,27,0,서울
U08624,F,22,1,기타
U08625,F,30,1,서울
U08626,F,29,1,경기
U08627,F,18,2,서울
U08628,M,38,1,기타
U08629,M,24,1,경기
U08630,M,27,1,서울
U08631,F,27,2,경기
U08632,F,25,1,기타
U08633,F,38,0,경기
U08634,F,24,1,서울
U08635,F,24,1,서울
U08636,M,29,2,경기
U08637,M,40,0,경기
U08638,M,26,0,기타
U08639,M,20,0,서울
U08640,F,37,1,서울
U08641,M,35,1,기타
U08642,F,32,0,경기
U08643,M,41,1,서울
U08644,M,37,2,경기
U08645,M,27,0,경기
U08646,F,26,0,기타
U08647,M,22,2,서울
U08648,M,22,2,경기
U08649,F,35,3,경기
U08650,M,23,1,경기
U08651,M,39,1,경기
U08652,M,29,1,서울
U08653,M,27,2,서울
U08654,M,29,1,서울
U08655,M,27,0,서울
U08656,F,40,2,기타
U08657,M,22,1,경기
U08658,M,28,1,서울
U08659,M,18,2,경기
U08660,M,37,0,기타
U08661,M,34,0,기타
U08662,M,27,0,서울
U08663,F,42,0,경기
U08664,F,35,1,서울
U08665,F,34,0,서울
U08666,M,37,1,기타
U08667,F,24,2,경기
U08668,F,41,1,서울
U08669,F,32,0,기타
U08670,F,31,0,경기
U08671,F,34,1,서울
U08672,F,27,2,경기
U08673,F,32,2,기타
U08674,M,29,0,서울
U08675,M,35,1,경기
U08676,F,38,3,서울
U08677,M,36,2,서울
U08678,M,21,0,서울
U08679,M,32,0,기타
U08680,F,31,0,기타
U08681,F,24,2,경기
U08682,M,38,0,기타
U08683,M,24,0,서울
U08684,M,39,1,경기
U08685,M,27,1,기타
U08686,F,27,0,서울
U08687,F,33,0,경기
U08688,M,32,1,서울
U08689,M,36,2,경기
U08690,F,40,0,서울
U08691,M,25,0,기타
U08692,F,34,0,서울
U08693,M,39,0,경기
U08694,M,32,0,서울
U08695,M,27,0,서울
U08696,F,24,0,경기
U08697,F,26,0,기타
U08698,F,25,0,경기
U08699,M,31,2,경기
U08700,M,37,1,기타
U08701,F,36,0,경기
U08702,F,29,1,서울
U08703,M,39,0,서울
U08704,M,35,2,기타
U08705,M,29,0,경기
U08706,F,33,0,경기
U08707,F,31,1,서울
U08708,M,36,1,서울
U08709,M,32,0,기타
U08710,F,23,1,경기
U08711,M,29,2,경기
U08712,F,30,0,기타
U08713,F,34,0,기타
U08714,M,36,0,기타
U08715,M,32,0,기타
U08716,M,38,0,경기
U08717,M,31,0,기타
U08718,F,25,0,서울
U08719,M,41,2,경기
U08720,M,20,1,경기
U08721,M,35,0,경기
U08722,F,32,2,기타
U08723,F,23,0,경기
U08724,M,22,1,서울
U08725,M,25,0,서울
U08726,M,27,1,경기
U08727,M,33,1,경기
U08728,F,35,0,경기
U08729,F,40,0,경기
U08730,F,30,2,서울
U08731,F,32,0,기타
U08732,F,26,0,기타
U08733,M,23,0,기타
U08734,M,28,0,기타
U08735,M,22,2,경기
U08736,M,33,1,경기
U08737,M,40,1,기타
U08738,M,31,0,기타
U08739,M,34,0,경기
U08740,M,32,1,경기
U08741,F,35,0,기타
U08742,M,26,1,기타
U08743,F,23,1,경기
U08744,M,33,0,기타
U08745,F,27,2,기타
U08746,F,32,1,경기
U08747,M,34,0,서울
U08748,M,25,0,기타
U08749,M,26,0,기타
U08750,F,38,0,경기
U08751,M,35,0,서울
U08752,M,38,0,기타
U08753,F,31,1,기타
U08754,M,38,0,경기
U08755,F,29,1,경기
U08756,M,38,0,경기
U08757,M,32,1,서울
U08758,M,45,0,서울
U08759,F,44,2,기타
U08760,F,22,0,기타
U08761,M,37,2,서울
U08762,M,23,2,경기
U08763,F,27,2,경기
U08764,M,22,1,서울
U08765,F,28,2,경기
U08766,M,25,3,기타
U08767,M,33,1,서울
U08768,M,31,1,기타
U08769,M,24,1,경기
U08770,F,33,1,기타
U08771,M,25,0,기타
U08772,F,23,0,서울
U08773,M,33,0,경기
U08774,F,25,1,서울
U08775,M,29,0,기타
U08776,F,26,1,경기
U08777,F,27,0,서울
U08778,M,35,0,서울
U08779,M,33,1,기타
U08780,M,35,1,서울
U08781,M,37,2,경기
U08782,F,35,0,기타
U08783,F,33,0,경기
U08784,M,18,0,기타
U08785,F,38,1,경기
U08786,F,34,0,서울
U08787,F,32,1,기타
U08788,F,36,0,기타
U08789,M,29,2,경기
U08790,M,23,2,서울
U08791,F,37,1,경기
U08792,F,24,0,경기
U08793,M,32,0,기타
U08794,F,30,2,경기
U08795,M,30,1,기타
U08796,F,26,0,기타
U08797,M,40,2,경기
U08798,F,23,3,기타
U08799,M,35,0,기타
U08800,F,28,1,경기
U08801,M,41,1,서울
U08802,M,28,1,경기
U08803,F,33,0,경기
U08804,F,40,0,기타
U08805,M,25,2,기타
U08806,M,25,2,서울
U08807,F,38,0,기타
U08808,M,27,1,서울
U08809,F,33,0,기타
U08810,M,21,1,서울
U08811,F,29,0,경기
U08812,M,36,1,경기
U08813,M,28,2,기타
U08814,F,36,0,서울
U08815,M,26,1,서울
U08816,M,29,1,서울
U08817,M,21,0,서울
U08818,F,41,0,경기
U08819,M,27,1,서울
U08820,M,34,0,기타
U08821,M,31,2,서울
U08822,M,24,0,기타
U08823,M,36,2,기타
U08824,M,37,0,기타
U08825,M,32,0,기타
U08826,F,36,2,기타
U08827,F,27,0,기타
U08828,M,33,0,기타
U08829,F,30,0,서울
U08830,F,37,1,경기
U08831,M,30,3,서울
U08832,M,47,1,서울
U08833,M,18,0,기타
U08834,F,30,1,경기
U08835,F,22,0,서울
U08836,F,32,1,기타
U08837,F,31,0,기타
U08838,M,23,3,경기
U08839,F,32,1,서울
U08840,M,23,1,기타
U08841,F,32,1,기타
U08842,F,32,0,서울
U08843,M,31,1,서울
U08844,M,31,0,경기
U08845,M,33,0,경기
U08846,M,18,0,경기
U08847,M,33,3,기타
U08848,M,31,0,서울
U08849,F,36,1,기타
U08850,M,38,0,경기
U08851,M,29,0,기타
U08852,M,32,0,기타
U08853,F,27,0,경기
U08854,M,40,0,기타
U08855,M,24,1,서울
U08856,M,30,2,기타
U08857,F,40,2,서울
U08858,F,27,1,서울
U08859,M,27,0,경기
U08860,M,30,0,서울
U08861,F,18,1,경기
U08862,F,24,1,서울
U08863,M,23,1,기타
U08864,M,30,1,서울
U08865,M,32,0,서울
U08866,M,37,2,서울
U08867,F,36,0,서울
U08868,M,23,0,경기
U08869,M,24,3,서울
U08870,M,32,0,서울
U08871,M,23,0,경기
U08872,M,44,0,서울
U08873,M,34,0,기타
U08874,F,33,1,기타
U08875,F,24,0,기타
U08876,F,26,0,기타
U08877,M,21,0,기타
U08878,M,37,2,서울
U08879,M,31,1,서울
U08880,M,22,3,서울
U08881,F,28,2,서울
U08882,M,44,0,기타
U08883,M,29,3,기타
U08884,M,34,2,서울
U08885,F,21,1,경기
U08886,F,27,0,서울
U08887,M,26,0,서울
U08888,M,29,0,서울
U08889,F,34,1,기타
U08890,M,27,1,서울
U08891,F,27,1,기타
U08892,M,34,1,서울
U08893,F,32,1,서울
U08894,F,27,1,경기
U08895,M,27,2,기타
U08896,M,28,2,기타
U08897,M,32,0,서울
U08898,M,38,0,기타
U08899,M,27,0,서울
U08900,M,46,1,서울
U08901,M,30,1,기타
U08902,M,35,1,경기
U08903,M,28,2,서울
U08904,F,36,0,경기
U08905,M,34,1,서울
U08906,F,30,0,서울
U08907,F,24,0,경기
U08908,M,30,2,기타
U08909,M,31,1,기타
U08910,F,34,1,경기
U08911,M,39,0,기타
U08912,M,33,1,경기
U08913,F,34,1,경기
U08914,F,26,0,서울
U08915,F,34,2,서울
U08916,M,36,1,서울
U08917,M,25,1,기타
U08918,M,25,1,서울
U08919,F,23,0,서울
U08920,M,31,2,경기
U08921,F,32,0,서울
U08922,M,33,1,경기
U08923,M,23,0,기타
U08924,M,25,1,서울
U08925,F,30,1,서울
U08926,M,33,2,기타
U08927,F,26,0,기타
U08928,M,32,2,기타
U08929,M,26,0,경기
U08930,F,34,0,서울
U08931,M,32,1,서울
U08932,F,31,0,서울
U08933,M,30,1,기타
U08934,M,29,1,서울
U08935,M,36,1,기타
U08936,F,33,0,기타
U08937,F,30,0,경기
U08938,F,33,1,경기
U08939,F,19,2,서울
U08940,F,28,1,경기
U08941,F,30,0,기타
U08942,F,38,0,기타
U08943,M,24,3,서울
U08944,M,34,2,서울
U08945,M,33,0,서울
U08946,F,41,1,기타
U08947,F,23,2,서울
U08948,M,33,1,기타
U08949,M,35,0,서울
U08950,M,28,0,경기
U08951,M,29,0,경기
U08952,M,35,0,기타
U08953,M,35,0,경기
U08954,M,26,3,기타
U08955,M,22,3,서울
U08956,M,27,1,경기
U08957,M,34,0,기타
U08958,M,29,0,기타
U08959,M,19,1,경기
U08960,M,30,1,기타
U08961,M,38,2,서울
U08962,F,34,0,기타
U08963,M,32,1,서울
U08964,F,34,0,경기
U08965,F,30,0,경기
U08966,M,36,0,경기
U08967,F,27,0,기타
U08968,F,28,1,경기
U08969,M,26,1,경기
U08970,M,31,0,기타
U08971,F,31,0,경기
U08972,M,29,1,기타
U08973,F,28,0,서울
U08974,F,27,3,서울
U08975,M,27,3,기타
U08976,M,22,0,경기
U08977,F,27,1,서울
U08978,F,20,0,서울
U08979,M,33,2,경기
U08980,F,23,1,기타
U08981,F,32,1,서울
U08982,M,33,1,경기
U08983,M,43,3,서울
U08984,M,37,0,서울
U08985,M,26,1,서울
U08986,F,31,2,경기
U08987,M,28,0,서울
U08988,M,33,0,서울
U08989,M,28,2,서울
U08990,M,31,0,서울
U08991,M,39,0,기타
U08992,M,39,2,기타
U08993,F,24,0,서울
U08994,F,36,1,경기
U08995,M,32,2,기타
U08996,F,25,2,경기
U08997,F,27,1,기타
U08998,M,22,2,기타
U08999,M,34,1,경기
U09000,M,28,1,기타
U09001,M,38,0,서울
U09002,F,28,2,경기
U09003,F,33,0,서울
U09004,M,34,3,경기
U09005,M,32,0,기타
U09006,M,28,1,서울
U09007,F,33,1,서울
U09008,M,28,0,기타
U09009,F,39,0,서울
U09010,M,29,0,경기
U09011,M,32,1,서울
U09012,M,32,0,서울
U09013,M,30,1,서울
U09014,F,37,1,서울
U09015,M,22,0,경기
U09016,F,30,0,서울
U09017,F,48,0,서울
U09018,M,41,1,경기
U09019,M,22,1,기타
U09020,F,27,3,서울
U09021,M,32,0,경기
U09022,F,29,0,서울
U09023,M,38,1,서울
U09024,F,19,0,경기
U09025,F,36,0,서울
U09026,M,26,1,서울
U09027,F,20,0,경기
U09028,M,33,0,경기
U09029,M,38,2,서울
U09030,M,19,0,경기
U09031,F,31,2,기타
U09032,M,32,1,서울
U09033,F,27,0,서울
U09034,M,24,1,경기
U09035,M,21,2,서울
U09036,F,28,0,기타
U09037,M,35,1,기타
U09038,F,31,1,기타
U09039,F,21,1,서울
U09040,F,35,3,경기
U09041,F,18,0,기타
U09042,F,25,1,서울
U09043,F,37,0,경기
U09044,F,35,0,서울
U09045,M,18,0,경기
U09046,M,24,2,서울
U09047,F,31,1,경기
U09048,M,32,0,서울
U09049,M,29,2,경기
U09050,M,18,0,경기
U09051,M,36,0,서울
U09052,M,19,0,기타
U09053,M,22,0,서울
U09054,F,28,1,서울
U09055,F,30,1,기타
U09056,M,22,0,서울
U09057,F,22,2,경기
U09058,M,29,0,기타
U09059,F,36,0,경기
U09060,F,31,0,기타
U09061,M,43,0,서울
U09062,M,31,1,서울
U09063,F,36,1,경기
U09064,M,25,0,경기
U09065,M,18,1,경기
U09066,M,22,0,기타
U09067,M,27,0,기타
U09068,M,43,2,경기
U09069,F,36,2,경기
U09070,F,21,1,서울
U09071,F,38,0,서울
U09072,F,36,0,기타
U09073,M,22,2,서울
U09074,M,28,1,기타
U09075,M,23,2,경기
U09076,M,27,0,기타
U09077,M,37,2,서울
U09078,M,31,0,서울
U09079,M,29,2,경기
U09080,F,22,1,서울
U09081,M,37,0,경기
U09082,M,39,0,기타
U09083,M,29,0,경기
U09084,M,32,1,경기
U09085,M,24,1,경기
U09086,F,29,1,경기
U09087,F,27,2,기타
U09088,F,32,1,서울
U09089,M,28,0,기타
U09090,F,35,2,기타
U09091,F,32,1,서울
U09092,F,30,2,기타
U09093,M,31,0,기타
U09094,F,23,0,경기
U09095,F,28,2,경기
U09096,M,28,0,서울
U09097,M,23,1,기타
U09098,M,34,0,경기
U09099,F,40,2,서울
U09100,M,33,0,서울
U09101,M,27,0,기타
U09102,M,24,1,서울
U09103,F,33,1,서울
U09104,M,37,2,서울
U09105,M,28,1,서울
U09106,M,31,0,기타
U09107,M,25,0,서울
U09108,M,18,1,경기
U09109,M,36,0,서울
U09110,M,29,0,기타
U09111,M,26,1,기타
U09112,F,36,0,기타
U09113,M,34,2,기타
U09114,F,43,0,서울
U09115,M,26,0,서울
U09116,F,25,3,서울
U09117,M,27,2,서울
U09118,M,18,1,서울
U09119,M,18,0,경기
U09120,F,25,1,경기
U09121,F,33,1,경기
U09122,F,28,1,경기
U09123,F,22,0,기타
U09124,M,34,3,기타
U09125,M,30,0,기타
U09126,F,37,0,경기
U09127,M,25,1,서울
U09128,F,33,1,경기
U09129,F,27,1,경기
U09130,F,31,1,서울
U09131,F,28,2,기타
U09132,M,32,0,서울
U09133,M,33,0,경기
U09134,F,33,1,서울
U09135,F,34,0,경기
U09136,M,34,1,기타
U09137,M,34,0,기타
U09138,F,34,0,서울
U09139,F,28,2,서울
U09140,M,31,0,기타
U09141,M,32,3,서울
U09142,F,30,1,기타
U09143,F,44,0,기타
U09144,M,18,2,서울
U09145,F,29,0,기타
U09146,M,25,2,기타
U09147,M,29,2,경기
U09148,F,26,0,경기
U09149,F,26,0,서울
U09150,F,35,1,서울
U09151,F,22,0,경기
U09152,F,38,0,경기
U09153,F,28,0,서울
U09154,M,26,3,경기
U09155,F,31,2,기타
U09156,F,29,0,기타
U09157,F,28,0,기타
U09158,M,32,1,경기
U09159,F,29,0,기타
U09160,F,28,0,서울
U09161,F,26,0,서울
U09162,M,32,0,기타
U09163,M,19,1,경기
U09164,F,31,1,서울
U09165,M,37,1,서울
U09166,F,25,2,경기
U09167,M,36,0,기타
U09168,F,42,0,기타
U09169,F,35,2,경기
U09170,F,31,3,경기
U09171,F,31,3,서울
U09172,F,33,3,기타
U09173,F,26,0,서울
U09174,F,27,3,서울
U09175,M,38,0,기타
U09176,M,25,1,서울
U09177,F,39,0,경기
U09178,F,33,2,기타
U09179,F,33,3,서울
U09180,M,31,2,서울
U09181,F,28,0,기타
U09182,M,20,0,경기
U09183,M,33,1,서울
U09184,F,26,0,경기
U09185,M,29,2,서울
U09186,F,25,2,경기
U09187,M,43,1,기타
U09188,M,27,0,서울
U09189,F,32,0,경기
U09190,F,30,1,경기
U09191,F,18,3,서울
U09192,M,22,1,서울
U09193,M,34,1,서울
U09194,F,22,1,경기
U09195,M,33,0,기타
U09196,M,33,1,경기
U09197,M,29,0,경기
U09198,F,33,0,기타
U09199,M,24,0,기타
U09200,F,26,0,서울
U09201,M,42,1,서울
U09202,F,35,1,경기
U09203,M,32,0,기타
U09204,M,28,1,기타
U09205,M,29,0,서울
U09206,F,25,0,경기
U09207,M,35,0,기타
U09208,M,34,0,서울
U09209,M,18,0,기타
U09210,M,27,1,서울
U09211,M,32,0,경기
U09212,M,21,2,서울
U09213,M,23,0,서울
U09214,F,28,0,기타
U09215,F,27,3,경기
U09216,M,27,2,기타
U09217,F,25,1,서울
U09218,M,21,2,서울
U09219,M,23,1,경기
U09220,F,22,0,경기
U09221,M,34,0,서울
U09222,F,26,1,기타
U09223,M,27,1,경기
U09224,M,30,0,서울
U09225,M,31,1,기타
U09226,M,18,0,기타
U09227,M,44,0,경기
U09228,F,27,1,경기
U09229,F,27,1,경기
U09230,F,38,0,서울
U09231,M,34,0,서울
U09232,M,25,1,경기
U09233,M,27,1,경기
U09234,M,43,1,기타
U09235,M,21,2,서울
U09236,M,32,1,경기
U09237,M,21,1,경기
U09238,F,33,2,서울
U09239,M,18,3,기타
U09240,M,33,0,기타
U09241,F,33,2,서울
U09242,M,35,0,기타
U09243,M,30,0,기타
U09244,F,24,1,서울
U09245,F,33,2,서울
U09246,F,34,1,서울
U09247,F,46,3,기타
U09248,F,42,2,경기
U09249,M,31,1,서울
U09250,F,21,1,서울
U09251,F,30,2,서울
U09252,F,33,0,경기
U09253,M,18,1,경기
U09254,M,28,0,기타
U09255,M,26,1,서울
U09256,F,31,2,기타
U09257,F,32,3,서울
U09258,M,26,2,서울
U09259,M,34,0,경기
U09260,F,24,0,서울
U09261,M,27,1,기타
U09262,M,20,3,경기
U09263,F,34,0,기타
U09264,F,18,2,경기
U09265,M,26,1,서울
U09266,M,38,1,서울
U09267,M,28,1,서울
U09268,F,27,0,경기
U09269,F,35,0,경기
U09270,M,21,0,기타
U09271,M,34,2,기타
U09272,F,33,0,기타
U09273,M,30,0,경기
U09274,M,39,1,경기
U09275,M,31,0,기타
U09276,M,31,0,경기
U09277,F,36,0,서울
U09278,F,33,0,기타
U09279,M,31,0,경기
U09280,F,36,0,서울
U09281,M,29,1,기타
U09282,F,34,0,경기
U09283,M,40,1,기타
U09284,F,31,0,경기
U09285,M,26,0,경기
U09286,F,23,0,경기
U09287,M,29,2,서울
U09288,F,29,0,서울
U09289,M,30,0,경기
U09290,M,35,0,서울
U09291,F,28,2,기타
U09292,M,31,1,서울
U09293,F,28,0,서울
U09294,F,40,1,기타
U09295,M,41,0,기타
U09296,F,31,0,기타
U09297,M,35,1,경기
U09298,M,18,0,기타
U09299,F,28,0,경기
U09300,M,33,1,서울
U09301,F,31,0,서울
U09302,F,28,2,서울
U09303,M,26,1,기타
U09304,M,28,2,기타
U09305,F,31,3,기타
U09306,F,30,0,경기
U09307,F,31,0,경기
U09308,M,35,2,경기
U09309,F,37,1,서울
U09310,F,24,1,경기
U09311,M,21,1,서울
U09312,F,23,0,서울
U09313,M,36,0,경기
U09314,F,25,0,경기
U09315,M,21,0,서울
U09316,F,18,0,경기
U09317,M,45,0,기타
U09318,F,31,0,기타
U09319,F,28,0,기타
U09320,F,37,1,경기
U09321,M,34,0,경기
U09322,M,26,1,경기
U09323,M,25,3,경기
U09324,F,40,2,서울
U09325,F,31,1,경기
U09326,F,34,1,경기
U09327,M,31,1,서울
U09328,M,34,1,경기
U09329,M,39,1,경기
U09330,M,26,1,경기
U09331,F,30,0,기타
U09332,M,18,0,서울
U09333,M,31,0,기타
U09334,M,35,1,경기
U09335,M,30,0,기타
U09336,F,33,0,경기
U09337,F,33,1,서울
U09338,F,21,1,서울
U09339,F,31,2,서울
U09340,M,33,1,서울
U09341,M,31,0,서울
U09342,F,30,0,기타
U09343,M,41,2,경기
U09344,F,29,3,서울
U09345,F,29,2,서울
U09346,F,19,2,기타
U09347,F,30,0,기타
U09348,M,33,0,기타
U09349,F,28,0,서울
U09350,F,19,2,경기
U09351,M,20,1,경기
U09352,M,37,1,기타
U09353,F,24,1,서울
U09354,F,27,0,경기
U09355,M,26,1,서울
U09356,M,31,0,서울
U09357,M,34,1,기타
U09358,M,21,1,경기
U09359,M,33,0,기타
U09360,F,35,1,기타
U09361,M,43,1,서울
U09362,M,18,0,서울
U09363,M,35,0,서울
U09364,F,32,0,기타
U09365,M,22,1,경기
U09366,F,35,2,서울
U09367,M,40,0,기타
U09368,F,33,0,서울
U09369,M,29,2,기타
U09370,F,34,0,경기
U09371,M,35,1,경기
U09372,F,31,0,서울
U09373,M,24,0,기타
U09374,M,33,0,경기
U09375,M,32,0,경기
U09376,F,39,1,서울
U09377,M,28,0,서울
U09378,M,40,0,경기
U09379,F,30,0,경기
U09380,M,38,0,경기
U09381,F,23,1,서울
U09382,F,32,0,서울
U09383,F,27,0,서울
U09384,F,33,0,기타
U09385,M,29,2,경기
U09386,M,25,2,서울
U09387,M,18,0,기타
U09388,F,30,0,서울
U09389,M,21,0,서울
U09390,M,46,0,서울
U09391,M,27,0,기타
U09392,M,29,0,경기
U09393,M,38,0,경기
U09394,F,43,2,서울
U09395,M,38,1,경기
U09396,F,32,1,서울
U09397,M,32,2,서울
U09398,F,36,1,서울
U09399,M,31,0,기타
U09400,M,31,0,기타
U09401,M,29,1,기타
U09402,M,32,1,서울
U09403,M,26,2,경기
U09404,F,31,0,기타
U09405,F,25,0,기타
U09406,M,29,1,경기
U09407,F,29,1,서울
U09408,F,30,0,서울
U09409,F,31,1,서울
U09410,F,28,1,서울
U09411,F,26,1,서울
U09412,M,29,0,경기
U09413,M,41,3,기타
U09414,F,21,2,기타
U09415,F,29,1,서울
U09416,M,49,0,서울
U09417,M,35,3,기타
U09418,M,26,0,기타
U09419,F,37,0,서울
U09420,F,41,0,서울
U09421,F,26,0,서울
U09422,F,31,1,기타
U09423,F,22,1,경기
U09424,M,20,0,기타
U09425,F,40,0,경기
U09426,M,38,0,서울
U09427,F,18,1,기타
U09428,M,25,1,서울
U09429,M,34,1,경기
U09430,M,32,1,서울
U09431,M,28,0,기타
U09432,M,36,2,서울
U09433,M,34,0,기타
U09434,F,35,2,서울
U09435,M,33,1,경기
U09436,M,37,0,기타
U09437,M,29,1,서울
U09438,F,28,1,서울
U09439,F,32,0,서울
U09440,F,33,1,서울
U09441,M,26,0,서울
U09442,F,26,0,서울
U09443,M,30,0,경기
U09444,F,30,0,서울
U09445,M,32,0,기타
U09446,F,33,0,기타
U09447,M,34,0,기타
U09448,M,18,0,경기
U09449,F,34,0,서울
U09450,F,42,2,서울
U09451,F,34,0,서울
U09452,F,36,0,경기
U09453,M,27,0,경기
U09454,M,38,0,기타
U09455,M,33,1,기타
U09456,M,26,0,서울
U09457,F,24,0,기타
U09458,F,33,1,서울
U09459,M,28,1,경기
U09460,M,26,1,서울
U09461,M,28,0,기타
U09462,F,39,3,기타
U09463,F,28,2,서울
U09464,M,29,0,서울
U09465,F,27,3,서울
U09466,M,22,0,서울
U09467,M,38,1,기타
U09468,M,28,2,기타
U09469,M,35,0,경기
U09470,M,50,1,서울
U09471,F,36,1,경기
U09472,F,27,0,경기
U09473,M,18,2,서울
U09474,F,30,0,경기
U09475,M,25,1,기타
U09476,M,36,0,경기
U09477,M,29,2,기타
U09478,M,39,3,경기
U09479,F,30,0,서울
U09480,M,29,1,서울
U09481,M,38,0,기타
U09482,M,20,2,기타
U09483,F,27,1,서울
U09484,F,29,1,경기
U09485,M,21,0,서울
U09486,F,18,0,서울
U09487,M,20,0,서울
U09488,M,21,2,경기
U09489,F,31,1,기타
U09490,M,29,0,경기
U09491,M,26,2,서울
U09492,M,29,3,경기
U09493,M,24,0,서울
U09494,F,36,3,기타
U09495,F,22,1,기타
U09496,F,33,0,경기
U09497,F,26,0,기타
U09498,M,41,2,서울
U09499,F,33,0,서울
U09500,M,29,1,서울
U09501,F,31,1,서울
U09502,M,37,2,기타
U09503,F,33,1,경기
U09504,F,24,0,서울
U09505,M,26,1,경기
U09506,F,34,2,기타
U09507,F,30,1,기타
U09508,F,35,0,경기
U09509,M,28,0,서울
U09510,M,24,1,경기
U09511,F,33,0,경기
U09512,F,46,0,기타
U09513,F,34,0,기타
U09514,F,26,0,경기
U09515,M,34,1,서울
U09516,F,36,1,경기
U09517,M,35,1,서울
U09518,M,28,1,경기
U09519,M,29,1,서울
U09520,F,28,0,기타
U09521,M,32,2,경기
U09522,M,30,0,기타
U09523,M,26,2,기타
U09524,M,32,1,서울
U09525,F,26,1,경기
U09526,M,27,0,서울
U09527,F,23,0,기타
U09528,M,31,0,기타
U09529,M,28,0,서울
U09530,M,26,0,서울
U09531,M,29,1,기타
U09532,F,37,0,경기
U09533,F,31,0,서울
U09534,F,28,0,서울
U09535,F,21,3,경기
U09536,F,37,1,서울
U09537,F,24,1,경기
U09538,M,30,0,경기
U09539,M,34,0,기타
U09540,M,30,0,서울
U09541,F,30,0,경기
U09542,F,35,0,경기
U09543,F,36,1,서울
U09544,F,33,2,경기
U09545,F,37,1,기타
U09546,M,29,0,기타
U09547,M,33,0,서울
U09548,F,34,0,경기
U09549,M,27,0,기타
U09550,M,35,2,서울
U09551,F,35,1,기타
U09552,M,20,1,경기
U09553,F,27,0,경기
U09554,F,38,1,기타
U09555,M,33,1,기타
U09556,F,22,0,경기
U09557,F,27,1,기타
U09558,M,31,0,경기
U09559,M,25,1,경기
U09560,F,30,2,경기
U09561,M,26,3,서울
U09562,M,32,0,서울
U09563,F,49,0,서울
U09564,M,28,1,서울
U09565,F,24,0,기타
U09566,F,27,0,서울
U09567,M,37,1,서울
U09568,M,27,2,경기
U09569,F,18,0,기타
U09570,M,26,1,경기
U09571,M,27,0,기타
U09572,M,28,2,서울
U09573,F,37,3,서울
U09574,M,23,0,기타
U09575,F,18,0,기타
U09576,M,33,1,서울
U09577,F,30,1,경기
U09578,F,29,0,서울
U09579,F,28,2,기타
U09580,F,30,1,서울
U09581,M,19,0,서울
U09582,M,31,0,경기
U09583,M,24,0,서울
U09584,F,36,2,서울
U09585,M,35,1,서울
U09586,F,29,3,기타
U09587,F,41,0,서울
U09588,F,30,0,서울
U09589,F,21,0,서울
U09590,F,32,0,기타
U09591,F,32,1,서울
U09592,M,34,0,서울
U09593,M,30,0,서울
U09594,M,30,1,서울
U09595,M,20,0,서울
U09596,F,40,1,서울
U09597,M,23,2,경기
U09598,M,32,1,서울
U09599,F,23,0,서울
U09600,M,26,0,경기
U09601,F,46,1,서울
U09602,F,27,0,경기
U09603,F,30,1,서울
U09604,M,39,1,서울
U09605,F,29,0,서울
U09606,M,26,0,경기
U09607,F,33,1,기타
U09608,M,28,1,서울
U09609,M,37,1,경기
U09610,F,31,0,기타
U09611,M,23,2,서울
U09612,F,34,0,서울
U09613,F,32,1,경기
U09614,F,32,0,서울
U09615,F,32,0,경기
U09616,F,22,1,서울
U09617,M,26,1,기타
U09618,F,36,2,경기
U09619,M,31,0,서울
U09620,M,28,0,서울
U09621,M,31,1,경기
U09622,M,35,0,경기
U09623,M,25,2,서울
U09624,F,47,2,기타
U09625,M,40,1,서울
U09626,M,30,1,서울
U09627,M,27,1,기타
U09628,M,29,1,서울
U09629,M,33,0,서울
U09630,F,25,1,경기
U09631,F,21,1,기타
U09632,F,34,0,서울
U09633,M,36,1,경기
U09634,F,26,0,서울
U09635,F,37,1,서울
U09636,M,27,0,서울
U09637,F,45,0,서울
U09638,M,35,0,서울
U09639,F,29,1,기타
U09640,M,26,0,경기
U09641,F,36,0,경기
U09642,M,21,2,경기
U09643,M,25,0,경기
U09644,M,35,0,기타
U09645,M,34,2,서울
U09646,F,29,2,기타
U09647,M,28,0,기타
U09648,F,28,0,경기
U09649,F,32,2,서울
U09650,F,37,2,기타
U09651,M,29,1,경기
U09652,F,27,0,서울
U09653,F,32,1,서울
U09654,F,31,3,경기
U09655,F,32,0,기타
U09656,F,29,0,경기
U09657,F,41,0,서울
U09658,F,32,0,서울
U09659,F,31,1,경기
U09660,M,24,0,기타
U09661,M,38,1,서울
U09662,F,34,0,기타
U09663,F,29,0,서울
U09664,F,21,0,경기
U09665,M,20,1,기타
U09666,M,41,1,서울
U09667,F,24,0,경기
U09668,M,26,1,기타
U09669,F,22,1,서울
U09670,M,25,0,경기
U09671,F,24,0,경기
U09672,M,27,1,기타
U09673,M,26,0,기타
U09674,M,37,2,서울
U09675,M,31,1,기타
U09676,M,33,0,서울
U09677,M,30,2,기타
U09678,M,49,0,서울
U09679,M,37,0,기타
U09680,F,33,0,경기
U09681,M,41,0,경기
U09682,F,31,0,기타
U09683,F,40,0,서울
U09684,F,31,0,서울
U09685,M,40,0,경기
U09686,F,32,2,기타
U09687,F,29,0,기타
U09688,F,22,0,경기
U09689,M,24,2,경기
U09690,M,28,2,서울
U09691,F,28,0,경기
U09692,M,28,1,경기
U09693,M,27,1,서울
U09694,F,18,0,경기
U09695,M,36,0,서울
U09696,F,28,0,경기
U09697,F,34,0,기타
U09698,M,32,0,기타
U09699,F,29,0,서울
U09700,M,38,1,기타
U09701,M,34,2,서울
U09702,M,29,1,경기
U09703,F,25,0,경기
U09704,M,24,0,경기
U09705,M,27,0,서울
U09706,M,33,0,기타
U09707,F,25,2,기타
U09708,M,32,1,기타
U09709,F,31,3,경기
U09710,M,20,0,기타
U09711,M,24,0,기타
U09712,M,23,0,경기
U09713,M,31,0,기타
U09714,F,26,0,서울
U09715,M,26,0,기타
U09716,M,35,0,서울
U09717,F,38,0,기타
U09718,M,23,1,기타
U09719,F,30,0,경기
U09720,M,31,1,서울
U09721,M,45,0,서울
U09722,M,28,2,경기
U09723,M,18,0,서울
U09724,F,27,0,기타
U09725,M,30,0,기타
U09726,F,27,2,서울
U09727,M,19,0,서울
U09728,F,42,2,기타
U09729,M,32,0,서울
U09730,F,34,2,서울
U09731,M,29,0,경기
U09732,F,34,2,기타
U09733,F,40,0,서울
U09734,M,39,0,기타
U09735,M,25,0,경기
U09736,F,26,2,서울
U09737,M,27,1,기타
U09738,M,26,0,기타
U09739,F,35,1,서울
U09740,F,18,0,경기
U09741,F,25,0,서울
U09742,M,36,0,서울
U09743,F,40,0,서울
U09744,M,32,1,기타
U09745,M,26,0,경기
U09746,M,27,1,서울
U09747,M,19,0,경기
U09748,M,33,2,서울
U09749,F,31,0,서울
U09750,F,32,1,서울
U09751,M,30,3,서울
U09752,F,30,1,경기
U09753,F,28,1,경기
U09754,F,32,0,경기
U09755,F,27,2,경기
U09756,F,30,2,서울
U09757,M,33,1,기타
U09758,M,30,0,서울
U09759,F,25,3,서울
U09760,M,24,1,경기
U09761,M,33,0,경기
U09762,M,26,2,경기
U09763,M,21,1,경기
U09764,F,18,2,서울
U09765,F,34,2,기타
U09766,M,36,1,경기
U09767,F,25,3,기타
U09768,M,27,0,기타
U09769,F,30,0,경기
U09770,M,31,0,서울
U09771,M,30,2,기타
U09772,M,34,2,서울
U09773,M,19,1,경기
U09774,M,44,0,서울
U09775,M,30,1,기타
U09776,M,27,3,경기
U09777,F,29,1,서울
U09778,F,26,2,경기
U09779,F,33,0,서울
U09780,M,28,2,서울
U09781,M,29,0,서울
U09782,F,22,0,경기
U09783,M,32,0,서울
U09784,F,29,3,경기
U09785,F,34,1,기타
U09786,M,31,1,기타
U09787,M,26,1,경기
U09788,M,31,1,서울
U09789,M,21,2,서울
U09790,F,36,1,경기
U09791,F,24,3,기타
U09792,M,32,1,경기
U09793,F,22,0,기타
U09794,M,37,0,서울
U09795,M,36,0,서울
U09796,F,36,0,경기
U09797,F,24,0,서울
U09798,M,19,0,서울
U09799,F,31,0,기타
U09800,F,31,1,서울
U09801,M,28,2,서울
U09802,M,36,3,기타
U09803,M,44,0,기타
U09804,M,31,1,서울
U09805,M,44,0,기타
U09806,F,34,1,서울
U09807,M,33,0,경기
U09808,M,30,0,서울
U09809,F,28,0,서울
U09810,M,20,2,경기
U09811,F,33,0,서울
U09812,M,21,1,경기
U09813,F,28,1,기타
U09814,F,30,1,경기
U09815,F,21,3,경기
U09816,M,43,0,경기
U09817,F,30,1,경기
U09818,F,18,1,경기
U09819,M,27,1,기타
U09820,M,36,1,서울
U09821,M,33,0,경기
U09822,F,22,0,서울
U09823,F,29,0,기타
U09824,F,34,0,경기
U09825,F,33,1,서울
U09826,M,30,0,서울
U09827,M,43,0,서울
U09828,F,26,0,기타
U09829,F,44,1,기타
U09830,M,25,1,경기
U09831,F,38,2,경기
U09832,F,31,1,경기
U09833,F,38,0,경기
U09834,M,33,2,서울
U09835,M,31,2,경기
U09836,F,22,0,기타
U09837,F,42,0,서울
U09838,M,34,0,서울
U09839,M,37,0,경기
U09840,F,29,1,서울
U09841,M,38,2,서울
U09842,M,41,0,서울
U09843,M,32,1,기타
U09844,M,40,1,서울
U09845,F,18,0,서울
U09846,M,18,0,경기
U09847,F,29,0,기타
U09848,M,36,0,경기
U09849,M,28,1,경기
U09850,M,23,1,서울
U09851,F,25,1,서울
U09852,M,24,1,경기
U09853,M,32,3,서울
U09854,F,24,1,서울
U09855,F,18,1,서울
U09856,M,36,2,서울
U09857,F,24,2,서울
U09858,F,34,0,서울
U09859,M,34,3,경기
U09860,F,36,2,경기
U09861,F,26,1,서울
U09862,F,30,1,서울
U09863,M,27,1,서울
U09864,M,23,1,경기
U09865,M,32,1,경기
U09866,M,38,1,경기
U09867,F,32,0,경기
U09868,F,26,1,서울
U09869,F,39,0,경기
U09870,M,35,2,기타
U09871,M,30,1,서울
U09872,F,24,1,기타
U09873,M,28,1,기타
U09874,F,29,0,경기
U09875,M,24,1,경기
U09876,F,18,1,서울
U09877,M,32,2,서울
U09878,M,36,0,서울
U09879,F,38,2,서울
U09880,F,32,0,기타
U09881,F,33,0,경기
U09882,F,19,0,경기
U09883,F,30,2,서울
U09884,M,25,1,경기
U09885,M,23,0,서울
U09886,F,33,0,서울
U09887,F,32,1,기타
U09888,F,30,0,경기
U09889,M,26,2,경기
U09890,M,32,0,기타
U09891,M,28,2,서울
U09892,M,25,0,기타
U09893,F,28,0,기타
U09894,F,18,0,서울
U09895,F,26,0,서울
U09896,F,35,1,기타
U09897,M,44,2,서울
U09898,M,37,0,경기
U09899,M,30,0,서울
U09900,F,27,0,서울
U09901,M,30,0,서울
U09902,M,25,0,서울
U09903,F,25,2,경기
U09904,F,36,2,기타
U09905,M,28,3,기타
U09906,M,27,0,경기
U09907,M,29,0,서울
U09908,M,31,2,서울
U09909,F,23,0,기타
U09910,F,22,0,서울
U09911,F,28,0,기타
U09912,F,30,0,경기
U09913,F,28,0,경기
U09914,F,32,0,서울
U09915,F,26,1,서울
U09916,M,31,1,기타
U09917,F,37,0,기타
U09918,M,34,1,경기
U09919,M,38,0,서울
U09920,F,18,2,서울
U09921,F,35,1,경기
U09922,M,25,0,경기
U09923,M,28,0,경기
U09924,M,26,2,서울
U09925,M,35,2,경기
U09926,M,33,1,서울
U09927,F,38,1,경기
U09928,F,35,3,서울
U09929,M,24,2,기타
U09930,F,29,1,기타
U09931,M,30,0,기타
U09932,F,32,0,기타
U09933,M,18,1,기타
U09934,F,42,0,기타
U09935,F,38,2,서울
U09936,F,31,0,기타
U09937,M,27,3,서울
U09938,M,29,0,서울
U09939,F,35,0,서울
U09940,M,32,3,서울
U09941,F,35,1,경기
U09942,F,31,0,경기
U09943,F,29,0,기타
U09944,M,32,0,경기
U09945,M,29,0,경기
U09946,M,18,0,경기
U09947,M,29,0,경기
U09948,M,30,2,기타
U09949,F,35,0,기타
U09950,F,27,0,서울
U09951,M,33,0,서울
U09952,M,18,0,기타
U09953,F,29,0,기타
U09954,F,32,1,경기
U09955,M,23,0,서울
U09956,F,35,0,서울
U09957,M,44,1,기타
U09958,F,31,0,경기
U09959,F,29,0,기타
U09960,M,36,0,기타
U09961,F,25,0,경기
U09962,F,29,2,서울
U09963,F,34,1,경기
U09964,M,22,2,서울
U09965,M,24,1,경기
U09966,F,24,1,서울
U09967,M,32,0,기타
U09968,M,35,0,서울
U09969,F,42,0,서울
U09970,M,38,0,기타
U09971,F,22,1,서울
U09972,F,29,0,기타
U09973,M,34,0,경기
U09974,F,29,1,서울
U09975,M,30,0,서울
U09976,M,24,0,서울
U09977,F,30,2,경기
U09978,M,21,1,서울
U09979,M,34,0,경기
U09980,M,39,0,서울
U09981,F,20,0,서울
U09982,F,36,1,기타
U09983,M,41,1,경기
U09984,M,28,1,경기
U09985,M,41,3,경기
U09986,M,32,1,서울
U09987,M,21,1,서울
U09988,F,36,1,서울
U09989,M,38,0,서울
U09990,M,24,3,기타
U09991,F,42,1,서울
U09992,M,25,2,서울
U09993,M,38,0,경기
U09994,M,24,0,서울
U09995,F,29,0,서울
U09996,M,40,0,경기
U09997,F,30,0,경기
U09998,M,33,0,경기
U09999,M,40,0,서울
U10000,M,37,3,서울
